DATA;ID CONTRATO;CONTRATO;ID EQUIPAMENTO;EQUIPAMENTO;ID OPERADORA;OPERADORA;ID SERVICO EXECUTADO;SERVICO EXECUTADO;QTD SERVICO
01/10/2023;COT1;Transfacil;EQ28;ATM;OP27;TRANSFÁCIL;DF19;ATM - defeito não confirmado;3
01/10/2023;COT1;Transfacil;EQ28;ATM;OP27;TRANSFÁCIL;DF237;Subst. Do Validador de Notas;2
01/10/2023;COT1;Transfacil;EQ28;ATM;OP27;TRANSFÁCIL;DF284;Manutenção PC ATM;1
01/10/2023;COT1;Transfacil;EQ28;ATM;OP27;TRANSFÁCIL;DF143;Subst. da Impressora;1
01/10/2023;COT2;Transcard;EQ28;ATM;OP61;Setps (Transcard);DF237;Subst. Do Validador de Notas;10
01/10/2023;COT2;Transcard;EQ28;ATM;OP61;Setps (Transcard);DF284;Manutenção PC ATM;3
01/10/2023;COT2;Transcard;EQ28;ATM;OP61;Setps (Transcard);DF143;Subst. da Impressora;3
01/10/2023;COT6;Metro-Bahia;EQ28;ATM;OP63;METRO-BAHIA;DF237;Subst. Do Validador de Notas;16
01/10/2023;COT6;Metro-Bahia;EQ28;ATM;OP63;METRO-BAHIA;DF142;Subst. Da Fonte Lambda ATM;1
01/10/2023;COT6;Metro-Bahia;EQ28;ATM;OP63;METRO-BAHIA;DF179;Subst. Do Cabo de Comunicação da Impressora;3
01/10/2023;COT6;Metro-Bahia;EQ28;ATM;OP63;METRO-BAHIA;DF218;Subst. Do Monitor;2
01/10/2023;COT2;Transcard;EQ28;ATM;OP61;Setps (Transcard);DF231;Subst. Do PINpad;1
01/10/2023;COT1;Transfacil;EQ28;ATM;OP27;TRANSFÁCIL;DF67;Manutenção na Impressora;3
01/10/2023;COT1;Transfacil;EQ28;ATM;OP27;TRANSFÁCIL;DF208;Subst. Do Dispenser do cartão;1
01/10/2023;COT1;Transfacil;EQ28;ATM;OP27;TRANSFÁCIL;DF258;Subst. Da Cabeça de Impressão;1
01/10/2023;COT2;Transcard;EQ28;ATM;OP61;Setps (Transcard);DF179;Subst. Do Cabo de Comunicação da Impressora;1
01/10/2023;COT24;GVBUS;EQ28;ATM;OP108;GVBUS - SIND. DAS EMP. DE TRANP. METROP. DA GRANDE VITÓRIA;DF262;Retirada de nota ATM e testes;3
01/10/2023;COT24;GVBUS;EQ28;ATM;OP108;GVBUS - SIND. DAS EMP. DE TRANP. METROP. DA GRANDE VITÓRIA;DF218;Subst. Do Monitor;1
01/10/2023;COT24;GVBUS;EQ28;ATM;OP108;GVBUS - SIND. DAS EMP. DE TRANP. METROP. DA GRANDE VITÓRIA;DF78;PC Reiniciado;3
01/10/2023;COT24;GVBUS;EQ28;ATM;OP108;GVBUS - SIND. DAS EMP. DE TRANP. METROP. DA GRANDE VITÓRIA;DF143;Subst. da Impressora;1
01/10/2023;COT6;Metro-Bahia;EQ28;ATM;OP63;METRO-BAHIA;DF143;Subst. da Impressora;5
01/10/2023;COT6;Metro-Bahia;EQ28;ATM;OP63;METRO-BAHIA;DF141;Subst. Da Fonte do PDV ATM;4
01/10/2023;COT1;Transfacil;EQ28;ATM;OP27;TRANSFÁCIL;DF128;Subst. Da antena Cless;1
01/10/2023;COT24;GVBUS;EQ28;ATM;OP108;GVBUS - SIND. DAS EMP. DE TRANP. METROP. DA GRANDE VITÓRIA;DF208;Subst. Do Dispenser do cartão;1
01/10/2023;COT8;CBTU;EQ1;CCIT 3.0;OP47;CBTU - COMPANHIA BRASILEIRA DE TRENS URBANOS;DF88;Reparo com formatação e reinst. FW/SW;4
01/10/2023;COT8;CBTU;EQ1;CCIT 3.0;OP47;CBTU - COMPANHIA BRASILEIRA DE TRENS URBANOS;DF136;Subst. Da Carcaça inferior;1
01/10/2023;COT8;CBTU;EQ1;CCIT 3.0;OP47;CBTU - COMPANHIA BRASILEIRA DE TRENS URBANOS;DF128;Subst. Da antena Cless;1
01/10/2023;COT1;Transfacil;EQ6;CCIT 4.0 FRONTAL H2.1;;;DF88;Reparo com formatação e reinst. FW/SW;208
01/10/2023;COT1;Transfacil;EQ6;CCIT 4.0 FRONTAL H2.1;;;DF238;Subst. Do Vidro CCIT V4.0;6
01/10/2023;COT1;Transfacil;EQ6;CCIT 4.0 FRONTAL H2.1;;;DF216;Subst. Do Módulo H2;2
01/10/2023;COT1;Transfacil;EQ6;CCIT 4.0 FRONTAL H2.1;OP13;Estações BRT Move;DF88;Reparo com formatação e reinst. FW/SW;66
01/10/2023;COT1;Transfacil;EQ6;CCIT 4.0 FRONTAL H2.1;OP13;Estações BRT Move;DF136;Subst. Da Carcaça inferior;2
01/10/2023;COT1;Transfacil;EQ6;CCIT 4.0 FRONTAL H2.1;;;DF37;Defeito não encontrado e subst. FW/SW;15
01/10/2023;COT1;Transfacil;EQ6;CCIT 4.0 FRONTAL H2.1;;;DF133;Subst. Da Campainha CCIT;1
01/10/2023;COT1;Transfacil;EQ6;CCIT 4.0 FRONTAL H2.1;;;DF136;Subst. Da Carcaça inferior;13
01/10/2023;COT18;Sindpautras;EQ6;CCIT 4.0 FRONTAL H2.1;OP48;SINDPAUTRAS-SIND. PERM. AUT. TRANSP. SU;DF88;Reparo com formatação e reinst. FW/SW;110
01/10/2023;COT13;Mariana;EQ5;CCIT 4.0 FRONTAL;OP54;TRANSCOTTA MARIANA MG;DF90;Reparo com formatação e subst. FW/SW;22
01/10/2023;COT3;TEU;EQ36;CCIT 4.0 FRONTAL H1 COM BATERIA;;;DF115;Restauração da ROM via PC;234
01/10/2023;COT3;TEU;EQ36;CCIT 4.0 FRONTAL H1 COM BATERIA;;;DF41;Envio para manutenção central-CTG;5
01/10/2023;COT3;TEU;EQ36;CCIT 4.0 FRONTAL H1 COM BATERIA;;;DF136;Subst. Da Carcaça inferior;6
01/10/2023;COT24;GVBUS;EQ6;CCIT 4.0 FRONTAL H2.1;;;DF91;Reparo com Gravação de PIC e reinst. Do FW;185
01/10/2023;COT24;GVBUS;EQ6;CCIT 4.0 FRONTAL H2.1;;;DF41;Envio para manutenção central-CTG;39
01/10/2023;COT2;Transcard;EQ6;CCIT 4.0 FRONTAL H2.1;;;DF113;Restaura RAM via PC;172
01/10/2023;COT2;Transcard;EQ6;CCIT 4.0 FRONTAL H2.1;;;DF114;Restaura RAM via pendrive;58
01/10/2023;COT2;Transcard;EQ6;CCIT 4.0 FRONTAL H2.1;;;DF41;Enviados para manutenção central CTG;23
01/10/2023;COT10;Metropolitano-Bahia;EQ6;CCIT 4.0 FRONTAL H2.1;OP64;METROPOLITANO SSA;DF41;Envio para manutenção central-CTG;1
01/10/2023;COT10;Metropolitano-Bahia;EQ6;CCIT 4.0 FRONTAL H2.1;OP64;METROPOLITANO SSA;DF113;Restaura RAM via PC;53
01/10/2023;COT19;SÃO JOÃO;EQ36;CCIT 4.0 FRONTAL H1 COM BATERIA;OP67;SÃO JOÃO;DF113;Restaura RAM via PC;6
01/10/2023;COT20;ROSA TURISMO;EQ36;CCIT 4.0 FRONTAL H1 COM BATERIA;OP66;ROSA TURISMO;DF41;Envio para manutenção central-CTG;2
01/10/2023;COT20;ROSA TURISMO;EQ36;CCIT 4.0 FRONTAL H1 COM BATERIA;OP66;ROSA TURISMO;DF113;Restaura RAM via PC;6
01/10/2023;COT4;Setut;EQ6;CCIT 4.0 FRONTAL H2.1;;;DF41;Envio para manutenção central-CTG;16
01/10/2023;COT5;METROFOR/ VLT FORTALEZA;EQ38;CCIT 4.0 METROFOR;OP105;METROFOR LINHA SUL;DF113;Restaura RAM via PC;8
01/10/2023;COT5;METROFOR/ VLT FORTALEZA;EQ38;CCIT 4.0 METROFOR;OP105;METROFOR LINHA SUL;DF88;Reparo com formatação e reinst. FW/SW;2
01/10/2023;COT33;FLORIANÓPOLIS;EQ8;CCIT 4.0 FRONTAL JI21 SEM BATERIA;;;DF115;Restauração da ROM via PC;21
01/10/2023;COT33;FLORIANÓPOLIS;EQ8;CCIT 4.0 FRONTAL JI21 SEM BATERIA;;;DF41;Envio para manutenção central-CTG;6
01/10/2023;COT1;Transfacil;EQ6;CCIT 4.0 FRONTAL H2.1;;;DF169;Subst. De Componente eletrônico;8
01/10/2023;COT1;Transfacil;EQ6;CCIT 4.0 FRONTAL H2.1;;;DF130;Subst. Da Antena WLAN;2
01/10/2023;COT1;Transfacil;EQ6;CCIT 4.0 FRONTAL H2.1;OP13;Estações BRT Move;DF21;Atualização de FW ;59
01/10/2023;COT1;Transfacil;EQ6;CCIT 4.0 FRONTAL H2.1;OP13;Estações BRT Move;DF93;Reparo no módulo;35
01/10/2023;COT18;Sindpautras;EQ6;CCIT 4.0 FRONTAL H2.1;OP48;SINDPAUTRAS-SIND. PERM. AUT. TRANSP. SU;DF93;Reparo no módulo;38
01/10/2023;COT11;Gov. Valadares;EQ6;CCIT 4.0 FRONTAL H2.1;OP53;VIAÇÃO MOBI;DF88;Reparo com formatação e reinst. FW/SW;42
01/10/2023;COT12;DIVPASS;EQ6;CCIT 4.0 FRONTAL H2.1;OP124;DIVPASS;DF88;Reparo com formatação e reinst. FW/SW;29
01/10/2023;COT12;DIVPASS;EQ6;CCIT 4.0 FRONTAL H2.1;OP124;DIVPASS;DF272;Subst. Do Touchscreen do módulo;2
01/10/2023;COT12;DIVPASS;EQ6;CCIT 4.0 FRONTAL H2.1;OP124;DIVPASS;DF209;Subst. Do Display;2
01/10/2023;COT12;DIVPASS;EQ6;CCIT 4.0 FRONTAL H2.1;OP124;DIVPASS;DF93;Reparo no módulo;9
01/10/2023;COT1;Transfacil;EQ6;CCIT 4.0 FRONTAL H2.1;;;DF129;Subst. Da Antena Cless e adesivo frontal;1
01/10/2023;COT1;Transfacil;EQ6;CCIT 4.0 FRONTAL H2.1;OP13;Estações BRT Move;DF209;Subst. Do Display;6
01/10/2023;COT1;Transfacil;EQ6;CCIT 4.0 FRONTAL H2.1;OP13;Estações BRT Move;DF272;Subst. Do Touchscreen do módulo;2
01/10/2023;COT13;Mariana;EQ5;CCIT 4.0 FRONTAL;OP54;TRANSCOTTA MARIANA MG;DF93;Reparo no módulo;7
01/10/2023;COT11;Gov. Valadares;EQ6;CCIT 4.0 FRONTAL H2.1;OP53;VIAÇÃO MOBI;DF210;Subst. Do Display CCIT;1
01/10/2023;COT11;Gov. Valadares;EQ6;CCIT 4.0 FRONTAL H2.1;OP53;VIAÇÃO MOBI;DF93;Reparo no módulo;14
01/10/2023;COT12;DIVPASS;EQ6;CCIT 4.0 FRONTAL H2.1;OP124;DIVPASS;DF238;Subst. Do Vidro CCIT V4.0;2
01/10/2023;COT12;DIVPASS;EQ6;CCIT 4.0 FRONTAL H2.1;OP124;DIVPASS;DF272;Subst. Do Touchscreen do módulo;2
01/10/2023;COT14;TURIN OURO PRETO;EQ6;CCIT 4.0 FRONTAL H2.1;OP52;VIAÇÃO TURIN OURO PRETO;DF88;Reparo com formatação e reinst. FW/SW;25
01/10/2023;COT14;TURIN OURO PRETO;EQ6;CCIT 4.0 FRONTAL H2.1;OP52;VIAÇÃO TURIN OURO PRETO;DF93;Reparo no módulo;8
01/10/2023;COT5;METROFOR/ VLT FORTALEZA;EQ38;CCIT 4.0 METROFOR;OP105;METROFOR LINHA SUL;DF41;Envio para manutenção central-CTG;6
01/10/2023;COT24;GVBUS;EQ6;CCIT 4.0 FRONTAL H2.1;;;DF21;Atualização de FW ;198
01/10/2023;COT22;Taguatur;EQ35;CCIT 4.0 FRONTAL H2 COM BATERIA;OP82;TAGUATUR;DF41;Envio para manutenção central-CTG;14
01/10/2023;COT23;UTB;EQ6;CCIT 4.0 FRONTAL H2.1;OP83;UTB;DF41;Envio para manutenção central-CTG;12
01/10/2023;COT6;METRO-BAHIA;EQ6;CCIT 4.0 FRONTAL H2.1;OP63;METRO-BAHIA;DF113;Restaura RAM via PC;14
01/10/2023;COT33;FLORIANÓPOLIS;EQ8;CCIT 4.0 FRONTAL JI21 SEM BATERIA;;;DF60;Limpeza de cache;2
01/10/2023;COT1;Transfacil;EQ6;CCIT 4.0 FRONTAL H2.1;;;DF162;Subst. Da Placa Mbccit;1
01/10/2023;COT18;Sindpautras;EQ6;CCIT 4.0 FRONTAL H2.1;OP48;SINDPAUTRAS-SIND. PERM. AUT. TRANSP. SU;DF136;Subst. Da Carcaça inferior;4
01/10/2023;COT18;Sindpautras;EQ6;CCIT 4.0 FRONTAL H2.1;OP48;SINDPAUTRAS-SIND. PERM. AUT. TRANSP. SU;DF209;Subst. Do Display;1
01/10/2023;COT18;Sindpautras;EQ6;CCIT 4.0 FRONTAL H2.1;OP48;SINDPAUTRAS-SIND. PERM. AUT. TRANSP. SU;DF272;Subst. Do Touchscreen do módulo;2
01/10/2023;COT14;TURIN OURO PRETO;EQ6;CCIT 4.0 FRONTAL H2.1;OP52;VIAÇÃO TURIN OURO PRETO;DF272;Subst. Do Touchscreen do módulo;1
01/10/2023;COT14;TURIN OURO PRETO;EQ6;CCIT 4.0 FRONTAL H2.1;OP52;VIAÇÃO TURIN OURO PRETO;DF209;Subst. Do Display;3
01/10/2023;COT14;TURIN OURO PRETO;EQ6;CCIT 4.0 FRONTAL H2.1;OP52;VIAÇÃO TURIN OURO PRETO;DF238;Subst. Do Vidro CCIT V4.0;1
01/10/2023;COT14;TURIN OURO PRETO;EQ6;CCIT 4.0 FRONTAL H2.1;OP52;VIAÇÃO TURIN OURO PRETO;DF136;Subst. Da Carcaça inferior;1
01/10/2023;COT13;Mariana;EQ5;CCIT 4.0 FRONTAL;OP54;TRANSCOTTA MARIANA MG;DF136;Subst. Da Carcaça inferior;1
01/10/2023;COT13;Mariana;EQ5;CCIT 4.0 FRONTAL;OP54;TRANSCOTTA MARIANA MG;DF238;Subst. Do Vidro CCIT V4.0;1
01/10/2023;COT13;Mariana;EQ5;CCIT 4.0 FRONTAL;OP54;TRANSCOTTA MARIANA MG;DF209;Subst. Do Display;3
01/10/2023;COT13;Mariana;EQ5;CCIT 4.0 FRONTAL;OP54;TRANSCOTTA MARIANA MG;DF272;Subst. Do Touchscreen do módulo;1
01/10/2023;COT11;Gov. Valadares;EQ6;CCIT 4.0 FRONTAL H2.1;OP53;VIAÇÃO MOBI;DF136;Subst. Da Carcaça inferior;2
01/10/2023;COT11;Gov. Valadares;EQ6;CCIT 4.0 FRONTAL H2.1;OP53;VIAÇÃO MOBI;DF238;Subst. Do Vidro CCIT V4.0;1
01/10/2023;COT11;Gov. Valadares;EQ6;CCIT 4.0 FRONTAL H2.1;OP53;VIAÇÃO MOBI;DF272;Subst. Do Touchscreen do módulo;1
01/10/2023;COT35;TURIN CONGONHAS;EQ5;CCIT 4.0 FRONTAL;OP138;VIAÇÃO TURIN CONGONHAS;DF88;Reparo com formatação e reinst. FW/SW;6
01/10/2023;COT35;TURIN CONGONHAS;EQ5;CCIT 4.0 FRONTAL;OP138;VIAÇÃO TURIN CONGONHAS;DF93;Reparo no módulo;2
01/10/2023;COT35;TURIN CONGONHAS;EQ5;CCIT 4.0 FRONTAL;OP138;VIAÇÃO TURIN CONGONHAS;DF238;Subst. Do Vidro CCIT V4.0;1
01/10/2023;COT35;TURIN CONGONHAS;EQ5;CCIT 4.0 FRONTAL;OP138;VIAÇÃO TURIN CONGONHAS;DF272;Subst. Do Touchscreen do módulo;1
01/10/2023;COT1;Transfacil;EQ10;CONNECTION CCIT 4.0;;;DF88;Reparo com formatação e reinst. FW/SW;36
01/10/2023;COT1;Transfacil;EQ10;CONNECTION CCIT 4.0;;;DF37;Defeito não encontrado e subst. FW/SW;5
01/10/2023;COT1;Transfacil;EQ10;CONNECTION CCIT 4.0;;;DF136;Subst. Da Carcaça inferior;1
01/10/2023;COT2;Transcard;EQ10;CONNECTION CCIT 4.0;;;DF46;Formatação da memória e subst. FW;59
01/10/2023;COT2;Transcard;EQ10;CONNECTION CCIT 4.0;;;DF41;Envio para manutenção central-CTG;10
01/10/2023;COT2;Transcard;EQ10;CONNECTION CCIT 4.0;;;DF127;Subst. Conector USB;2
01/10/2023;COT2;Transcard;EQ10;CONNECTION CCIT 4.0;;;DF256;Substituição de fusível;3
01/10/2023;COT10;Metropolitano-Bahia;EQ10;CONNECTION CCIT 4.0;OP64;METROPOLITANO SSA;DF21;Atualização de FW ;7
01/10/2023;COT19;SÃO JOÃO;EQ10;CONNECTION CCIT 4.0;OP67;SÃO JOÃO;DF21;Atualização de FW ;1
01/10/2023;COT20;ROSA TURISMO;EQ10;CONNECTION CCIT 4.0;OP66;ROSA TURISMO;DF21;Atualização de FW ;4
01/10/2023;COT4;Setut;EQ10;CONNECTION CCIT 4.0;;;DF41;Envio para manutenção central-CTG;3
01/10/2023;COT1;Transfacil;EQ10;CONNECTION CCIT 4.0;;;DF169;Subst. De Componente eletrônico;6
01/10/2023;COT1;Transfacil;EQ10;CONNECTION CCIT 4.0;;;DF107;Ressolda no circuito connections;3
01/10/2023;COT24;GVBUS;EQ10;CONNECTION CCIT 4.0;;;DF21;Atualização de FW ;4
01/10/2023;COT1;Transfacil;EQ14;DMX200 MOD H3.1;;;DF169;Subst. De Componente eletrônico;14
01/10/2023;COT1;Transfacil;EQ14;DMX200 MOD H3.1;;;DF88;Reparo com formatação e reinst. FW/SW;51
01/10/2023;COT12;DIVPASS;EQ13;DMX200L;OP124;DIVPASS;DF90;Reparo com formatação e subst. FW/SW;4
01/10/2023;COT24;GVBUS;EQ14;DMX200 MOD H3.1;;;DF41;Envio para manutenção central-CTG;26
01/10/2023;COT19;SÃO JOÃO;EQ39;DMX200L JI21 SEM BATERIA;OP67;SÃO JOÃO;DF115;Restauração da ROM via PC;9
01/10/2023;COT20;ROSA TURISMO;EQ39;DMX200L JI21 SEM BATERIA;OP66;ROSA TURISMO;DF115;Restauração da ROM via PC;4
01/10/2023;COT4;Setut;EQ14;DMX200 MOD H3.1;;;DF41;Envio para manutenção central-CTG;20
01/10/2023;COT25;COOTRAPS - CE;EQ14;DMX200 MOD H3.1;OP129;COOTRAPS;DF39;Enviados para manutenção central CTG;22
01/10/2023;COT25;COOTRAPS - CE;EQ14;DMX200 MOD H3.1;OP129;COOTRAPS;DF90;Reparo com formatação e subst. FW/SW;10
01/10/2023;COT3;TEU;EQ14;DMX200 MOD H3.1;;;DF21;Atualização de FW ;17
01/10/2023;COT3;TEU;EQ14;DMX200 MOD H3.1;;;DF115;Restauração da ROM via PC;3
01/10/2023;COT3;TEU;EQ14;DMX200 MOD H3.1;;;DF41;Envio para manutenção central-CTG;4
01/10/2023;COT33;FLORIANÓPOLIS;EQ15;DMX200L SEM BATERIA;;;DF115;Restauração da ROM via PC;11
01/10/2023;COT33;FLORIANÓPOLIS;EQ15;DMX200L SEM BATERIA;;;DF41;Envio para manutenção central-CTG;3
01/10/2023;COT33;FLORIANÓPOLIS;EQ15;DMX200L SEM BATERIA;;;DF21;Atualização de FW ;11
01/10/2023;COT16;Via Ouro;EQ39;DMX200L JI21 SEM BATERIA;;;DF21;Atualização de FW ;4
01/10/2023;COT12;DIVPASS;EQ13;DMX200L;OP124;DIVPASS;DF169;Subst. De Componente eletrônico;1
01/10/2023;COT2;Transcard;EQ16;PDM03;;;DF300;Ressolda antena GPRS e slot de chip;5
01/10/2023;COT24;GVBUS;EQ14;DMX200 MOD H3.1;;;DF21;Atualização de FW ;120
01/10/2023;COT22;Taguatur PM NOVO;EQ39;DMX200L JI21 SEM BATERIA;OP82;TAGUATUR;DF41;Envio para manutenção central-CTG;19
01/10/2023;COT23;UTB;EQ40;DMX200L JI21 COM BATERIA;OP83;UTB;DF41;Envio para manutenção central-CTG;24
01/10/2023;COT2;Transcard;EQ16;PDM03;;;DF300;Ressolda antena GPRS e slot de chip;5
01/10/2023;COT2;Transcard;EQ16;PDM03;;;DF41;Enviados para manutenção central CTG;1
01/10/2023;COT35;TURIN CONGONHAS;EQ5;CCIT 4.0 FRONTAL;OP138;VIAÇÃO TURIN CONGONHAS;DF90;Reparo com formatação e subst. FW/SW;1
01/10/2023;COT24;GVBUS;EQ14;DMX200 MOD H3.1;;;DF292;Ressolda conector USB;37
01/10/2023;COT1;Transfacil;EQ18;VH-200;;;DF88;Reparo com formatação e reinst. FW/SW;301
01/10/2023;COT1;Transfacil;EQ18;VH-200;;;DF108;Ressolda no circuito da placa-mãe;111
01/10/2023;COT1;Transfacil;EQ18;VH-200;;;DF37;Defeito não encontrado e subst. FW/SW;18
01/10/2023;COT1;Transfacil;EQ18;VH-200;;;DF245;Subst. Terminal Block;15
01/10/2023;COT16;Via Ouro;EQ26;V3000M DVR;OP49;VIA OURO COLETIVOS LTDA;DF21;Atualização de FW ;3
01/10/2023;COT3;TEU;EQ22;V3000M;;;DF21;Atualização de FW ;56
01/10/2023;COT3;TEU;EQ22;V3000M;;;DF115;Restauração da ROM via PC;56
01/10/2023;COT3;TEU;EQ26;V3000M DVR;;;DF21;Atualização de FW ;8
01/10/2023;COT3;TEU;EQ26;V3000M DVR;;;DF115;Restauração da ROM via PC;8
01/10/2023;COT24;GVBUS;EQ26;V3000M DVR;;;DF46;Formatação da memória e subst. FW;112
01/10/2023;COT24;GVBUS;EQ26;V3000M DVR;;;DF295;Jump no SD;114
01/10/2023;COT24;GVBUS;EQ26;V3000M DVR;;;DF232;Subst. Do SDCard;66
01/10/2023;COT24;GVBUS;EQ26;V3000M DVR;;;DF151;Subst. Da placa DVR;15
01/10/2023;COT24;GVBUS;EQ26;V3000M DVR;;;DF41;Envio para manutenção central-CTG;12
01/10/2023;COT2;Transcard;EQ26;V3000M DVR;;;DF186;Subst. Do cartão SD 32 GB;7
01/10/2023;COT2;Transcard;EQ26;V3000M DVR;;;DF47;Formatação de SDCARD;15
01/10/2023;COT2;Transcard;EQ26;V3000M DVR;;;DF151;Subst. Da placa DVR;5
01/10/2023;COT2;Transcard;EQ26;V3000M DVR;;;DF41;Envio para manutenção central-CTG;6
01/10/2023;COT5;METROFOR;EQ19;V2000;OP105;METROFOR LINHA SUL;DF41;Envio para manutenção central-CTG;1
01/10/2023;COT33;FLORIANÓPOLIS;EQ26;V3000M DVR;;;DF21;Atualização de FW ;2
01/10/2023;COT33;FLORIANÓPOLIS;EQ26;V3000M DVR;;;DF113;Restaura RAM via PC;2
01/10/2023;COT33;FLORIANÓPOLIS;EQ26;V3000M DVR;;;DF41;Envio para manutenção central-CTG;1
01/10/2023;COT1;Transfacil;EQ19;V2000;;;DF88;Reparo com formatação e reinst. FW/SW;30
01/10/2023;COT1;Transfacil;EQ19;V2000;;;DF266;Subst. Do cooler;5
01/10/2023;COT1;Transfacil;EQ19;V2000;;;DF187;Subst. Do cartão SD/HD;9
01/10/2023;COT1;Transfacil;EQ19;V2000;;;DF61;Limpeza e testes;2
01/10/2023;COT3;TEU;EQ26;V3000M DVR;;;DF41;Envio para manutenção central-CTG;6
01/10/2023;COT3;TEU;EQ26;V3000M DVR;;;DF26;Atualização do PIC;2
01/10/2023;COT1;Transfacil;EQ18;VH-200;;;DF169;Subst. De Componente eletrônico;5
01/10/2023;COT1;Transfacil;EQ18;VH-200;;;DF234;Subst. Do SIMCARD (chip GPRS);2
01/10/2023;COT1;Transfacil;EQ18;VH-200;;;DF214;Subst. Do Módulo do GPRS;4
01/10/2023;COT1;Transfacil;EQ18;VH-200;;;DF86;Reparo com configuração do setup;1
01/10/2023;COT1;Transfacil;EQ18;VH-200;;;DF211;Subst. Do Equipamento completo;1
01/10/2023;COT1;Transfacil;EQ18;VH-200;;;DF127;Subst. Conector USB;1
01/10/2023;COT1;Transfacil;EQ19;V2000;;;DF61;Limpeza e testes;27
01/10/2023;COT1;Transfacil;EQ19;V2000;;;DF37;Defeito não encontrado e subst. FW/SW;1
01/10/2023;COT18;Sindpautras;EQ21;V3000L;OP48;SINDPAUTRAS-SIND. PERM. AUT. TRANSP. SU;DF88;Reparo com formatação e reinst. FW/SW;20
01/10/2023;COT18;Sindpautras;EQ21;V3000L;OP48;SINDPAUTRAS-SIND. PERM. AUT. TRANSP. SU;DF186;Subst. Do cartão SD 32 GB;1
01/10/2023;COT24;GVBUS;EQ33;POS MOVE 2500;;;DF41;Envio para manutenção central-CTG;9
01/10/2023;COT2;Transcard;EQ31;POS 250;;;DF46;Formatação da memória e subst. FW;4
01/10/2023;COT2;Transcard;EQ31;POS 250;;;DF132;Subst. Da Bateria de Lithium;4
01/10/2023;COT2;Transcard;EQ31;POS 250;;;DF41;Envio para manutenção central-CTG;15
01/10/2023;COT10;Metropolitano-Bahia;EQ31;POS 250;OP64;METROPOLITANO SSA;DF41;Envio para manutenção central-CTG;3
01/11/2023;COT1;Transfacil;EQ28;ATM;OP27;TRANSFÁCIL;DF19;ATM - defeito não confirmado;7
01/11/2023;COT1;Transfacil;EQ28;ATM;OP27;TRANSFÁCIL;DF237;Subst. Do Validador de Notas;8
01/11/2023;COT1;Transfacil;EQ28;ATM;OP27;TRANSFÁCIL;DF69;Manutenção no Sensor de Porta;1
01/11/2023;COT1;Transfacil;EQ28;ATM;OP27;TRANSFÁCIL;DF143;Subst. da Impressora;3
01/11/2023;COT2;Transcard;EQ28;ATM;OP61;Setps (Transcard);DF237;Subst. Do Validador de Notas;6
01/11/2023;COT2;Transcard;EQ28;ATM;OP61;Setps (Transcard);DF284;Manutenção PC ATM;1
01/11/2023;COT2;Transcard;EQ28;ATM;OP61;Setps (Transcard);DF143;Subst. da Impressora;1
01/11/2023;COT6;Metro-Bahia;EQ28;ATM;OP63;METRO-BAHIA;DF237;Subst. Do Validador de Notas;12
01/11/2023;COT6;Metro-Bahia;EQ28;ATM;OP63;METRO-BAHIA;DF284;Manutenção PC ATM;2
01/11/2023;COT6;Metro-Bahia;EQ28;ATM;OP63;METRO-BAHIA;DF218;Subst. Do Monitor;2
01/11/2023;COT2;Transcard;EQ28;ATM;OP61;Setps (Transcard);DF231;Subst. Do PINpad;1
01/11/2023;COT1;Transfacil;EQ28;ATM;OP27;TRANSFÁCIL;DF67;Manutenção na Impressora;1
01/11/2023;COT1;Transfacil;EQ28;ATM;OP27;TRANSFÁCIL;DF208;Subst. Do Dispenser do cartão;1
01/11/2023;COT1;Transfacil;EQ28;ATM;OP27;TRANSFÁCIL;DF258;Subst. Da Cabeça de Impressão;3
01/11/2023;COT24;GVBUS;EQ28;ATM;OP108;GVBUS - SIND. DAS EMP. DE TRANP. METROP. DA GRANDE VITÓRIA;DF262;Retirada de nota ATM e testes;3
01/11/2023;COT24;GVBUS;EQ28;ATM;OP108;GVBUS - SIND. DAS EMP. DE TRANP. METROP. DA GRANDE VITÓRIA;DF218;Subst. Do Monitor;1
01/11/2023;COT24;GVBUS;EQ28;ATM;OP108;GVBUS - SIND. DAS EMP. DE TRANP. METROP. DA GRANDE VITÓRIA;DF78;PC Reiniciado;1
01/11/2023;COT6;Metro-Bahia;EQ28;ATM;OP63;METRO-BAHIA;DF143;Subst. da Impressora;4
01/11/2023;COT1;Transfacil;EQ28;ATM;OP27;TRANSFÁCIL;DF281;Subst. Fechadura Digital;1
01/11/2023;COT24;GVBUS;EQ28;ATM;OP108;GVBUS - SIND. DAS EMP. DE TRANP. METROP. DA GRANDE VITÓRIA;DF208;Subst. Do Dispenser do cartão;2
01/11/2023;COT1;Transfacil;EQ28;ATM;OP27;TRANSFÁCIL;DF65;Manutenção Cofre;1
01/11/2023;COT24;GVBUS;EQ28;ATM;OP108;GVBUS - SIND. DAS EMP. DE TRANP. METROP. DA GRANDE VITÓRIA;DF65;Manutenção Cofre;1
01/11/2023;COT24;GVBUS;EQ28;ATM;OP108;GVBUS - SIND. DAS EMP. DE TRANP. METROP. DA GRANDE VITÓRIA;DF231;Subst. Do PINpad;1
01/11/2023;COT8;CBTU;EQ1;CCIT 3.0;OP47;CBTU - COMPANHIA BRASILEIRA DE TRENS URBANOS;DF88;Reparo com formatação e reinst. FW/SW;3
01/11/2023;COT3;TEU;EQ3;CCIT 3.5;;;DF157;Subst. Da Placa FTCLess;3
01/11/2023;COT3;TEU;EQ3;CCIT 3.5;;;DF242;Subst. Placa Mbccit;2
01/11/2023;COT1;Transfacil;EQ6;CCIT 4.0 FRONTAL H2.1;;;DF88;Reparo com formatação e reinst. FW/SW;179
01/11/2023;COT1;Transfacil;EQ6;CCIT 4.0 FRONTAL H2.1;;;DF238;Subst. Do Vidro CCIT V4.0;6
01/11/2023;COT1;Transfacil;EQ6;CCIT 4.0 FRONTAL H2.1;;;DF216;Subst. Do Módulo H2;1
01/11/2023;COT1;Transfacil;EQ6;CCIT 4.0 FRONTAL H2.1;OP13;Estações BRT Move;DF88;Reparo com formatação e reinst. FW/SW;26
01/11/2023;COT1;Transfacil;EQ6;CCIT 4.0 FRONTAL H2.1;OP13;Estações BRT Move;DF136;Subst. Da Carcaça inferior;1
01/11/2023;COT1;Transfacil;EQ6;CCIT 4.0 FRONTAL H2.1;;;DF37;Defeito não encontrado e subst. FW/SW;5
01/11/2023;COT1;Transfacil;EQ6;CCIT 4.0 FRONTAL H2.1;;;DF133;Subst. Da Campainha CCIT;1
01/11/2023;COT1;Transfacil;EQ6;CCIT 4.0 FRONTAL H2.1;;;DF136;Subst. Da Carcaça inferior;10
01/11/2023;COT18;Sindpautras;EQ6;CCIT 4.0 FRONTAL H2.1;OP48;SINDPAUTRAS-SIND. PERM. AUT. TRANSP. SU;DF88;Reparo com formatação e reinst. FW/SW;20
01/11/2023;COT13;Mariana;EQ5;CCIT 4.0 FRONTAL;OP54;TRANSCOTTA MARIANA MG;DF90;Reparo com formatação e subst. FW/SW;6
01/11/2023;COT3;TEU;EQ36;CCIT 4.0 FRONTAL H1 COM BATERIA;;;DF115;Restauração da ROM via PC;154
01/11/2023;COT3;TEU;EQ36;CCIT 4.0 FRONTAL H1 COM BATERIA;;;DF41;Envio para manutenção central-CTG;12
01/11/2023;COT3;TEU;EQ36;CCIT 4.0 FRONTAL H1 COM BATERIA;;;DF136;Subst. Da Carcaça inferior;1
01/11/2023;COT24;GVBUS;EQ6;CCIT 4.0 FRONTAL H2.1;;;DF91;Reparo com Gravação de PIC e reinst. Do FW;176
01/11/2023;COT24;GVBUS;EQ6;CCIT 4.0 FRONTAL H2.1;;;DF41;Envio para manutenção central-CTG;38
01/11/2023;COT2;Transcard;EQ6;CCIT 4.0 FRONTAL H2.1;;;DF113;Restaura RAM via PC;169
01/11/2023;COT2;Transcard;EQ6;CCIT 4.0 FRONTAL H2.1;;;DF114;Restaura RAM via pendrive;31
01/11/2023;COT2;Transcard;EQ6;CCIT 4.0 FRONTAL H2.1;;;DF41;Enviados para manutenção central CTG;39
01/11/2023;COT10;Metropolitano-Bahia;EQ6;CCIT 4.0 FRONTAL H2.1;OP64;METROPOLITANO SSA;DF113;Restaura RAM via PC;44
01/11/2023;COT19;SÃO JOÃO;EQ36;CCIT 4.0 FRONTAL H1 COM BATERIA;OP67;SÃO JOÃO;DF113;Restaura RAM via PC;10
01/11/2023;COT20;ROSA TURISMO;EQ36;CCIT 4.0 FRONTAL H1 COM BATERIA;OP66;ROSA TURISMO;DF41;Envio para manutenção central-CTG;2
01/11/2023;COT20;ROSA TURISMO;EQ36;CCIT 4.0 FRONTAL H1 COM BATERIA;OP66;ROSA TURISMO;DF113;Restaura RAM via PC;7
01/11/2023;COT4;Setut;EQ6;CCIT 4.0 FRONTAL H2.1;;;DF41;Envio para manutenção central-CTG;9
01/11/2023;COT5;METROFOR/ VLT FORTALEZA;EQ38;CCIT 4.0 METROFOR;OP105;METROFOR LINHA SUL;DF113;Restaura RAM via PC;12
01/11/2023;COT5;METROFOR/ VLT FORTALEZA;EQ38;CCIT 4.0 METROFOR;OP105;METROFOR LINHA SUL;DF88;Reparo com formatação e reinst. FW/SW;8
01/11/2023;COT1;Transfacil;EQ6;CCIT 4.0 FRONTAL H2.1;;;DF169;Subst. De Componente eletrônico;5
01/11/2023;COT1;Transfacil;EQ6;CCIT 4.0 FRONTAL H2.1;;;DF130;Subst. Da Antena WLAN;2
01/11/2023;COT1;Transfacil;EQ6;CCIT 4.0 FRONTAL H2.1;OP13;Estações BRT Move;DF21;Atualização de FW ;37
01/11/2023;COT1;Transfacil;EQ6;CCIT 4.0 FRONTAL H2.1;OP13;Estações BRT Move;DF93;Reparo no módulo;25
01/11/2023;COT18;Sindpautras;EQ6;CCIT 4.0 FRONTAL H2.1;OP48;SINDPAUTRAS-SIND. PERM. AUT. TRANSP. SU;DF93;Reparo no módulo;20
01/11/2023;COT11;Gov. Valadares;EQ6;CCIT 4.0 FRONTAL H2.1;OP53;VIAÇÃO MOBI;DF88;Reparo com formatação e reinst. FW/SW;18
01/11/2023;COT12;DIVPASS;EQ6;CCIT 4.0 FRONTAL H2.1;OP124;DIVPASS;DF88;Reparo com formatação e reinst. FW/SW;8
01/11/2023;COT12;DIVPASS;EQ6;CCIT 4.0 FRONTAL H2.1;OP124;DIVPASS;DF272;Subst. Do Touchscreen do módulo;1
01/11/2023;COT12;DIVPASS;EQ6;CCIT 4.0 FRONTAL H2.1;OP124;DIVPASS;DF209;Subst. Do Display;4
01/11/2023;COT12;DIVPASS;EQ6;CCIT 4.0 FRONTAL H2.1;OP124;DIVPASS;DF93;Reparo no módulo;8
01/11/2023;COT1;Transfacil;EQ6;CCIT 4.0 FRONTAL H2.1;;;DF135;Subst. Da Carcaça frontal;1
01/11/2023;COT1;Transfacil;EQ6;CCIT 4.0 FRONTAL H2.1;OP13;Estações BRT Move;DF209;Subst. Do Display;4
01/11/2023;COT1;Transfacil;EQ6;CCIT 4.0 FRONTAL H2.1;OP13;Estações BRT Move;DF272;Subst. Do Touchscreen do módulo;2
01/11/2023;COT13;Mariana;EQ5;CCIT 4.0 FRONTAL;OP54;TRANSCOTTA MARIANA MG;DF93;Reparo no módulo;6
01/11/2023;COT11;Gov. Valadares;EQ6;CCIT 4.0 FRONTAL H2.1;OP53;VIAÇÃO MOBI;DF210;Subst. Do Display CCIT;4
01/11/2023;COT11;Gov. Valadares;EQ6;CCIT 4.0 FRONTAL H2.1;OP53;VIAÇÃO MOBI;DF93;Reparo no módulo;18
01/11/2023;COT12;DIVPASS;EQ6;CCIT 4.0 FRONTAL H2.1;OP124;DIVPASS;DF136;Subst. Da Carcaça inferior;1
01/11/2023;COT14;TURIN OURO PRETO;EQ6;CCIT 4.0 FRONTAL H2.1;OP52;VIAÇÃO TURIN OURO PRETO;DF88;Reparo com formatação e reinst. FW/SW;6
01/11/2023;COT14;TURIN OURO PRETO;EQ6;CCIT 4.0 FRONTAL H2.1;OP52;VIAÇÃO TURIN OURO PRETO;DF93;Reparo no módulo;6
01/11/2023;COT5;METROFOR/ VLT FORTALEZA;EQ38;CCIT 4.0 METROFOR;OP105;METROFOR LINHA SUL;DF41;Envio para manutenção central-CTG;8
01/11/2023;COT24;GVBUS;EQ6;CCIT 4.0 FRONTAL H2.1;;;DF21;Atualização de FW ;181
01/11/2023;COT22;Taguatur;EQ35;CCIT 4.0 FRONTAL H2 COM BATERIA;OP82;TAGUATUR;DF41;Envio para manutenção central-CTG;16
01/11/2023;COT23;UTB;EQ6;CCIT 4.0 FRONTAL H2.1;OP83;UTB;DF41;Envio para manutenção central-CTG;15
01/11/2023;COT6;METRO-BAHIA;EQ6;CCIT 4.0 FRONTAL H2.1;OP63;METRO-BAHIA;DF113;Restaura RAM via PC;4
01/11/2023;COT18;Sindpautras;EQ6;CCIT 4.0 FRONTAL H2.1;OP48;SINDPAUTRAS-SIND. PERM. AUT. TRANSP. SU;DF136;Subst. Da Carcaça inferior;1
01/11/2023;COT18;Sindpautras;EQ6;CCIT 4.0 FRONTAL H2.1;OP48;SINDPAUTRAS-SIND. PERM. AUT. TRANSP. SU;DF209;Subst. Do Display;1
01/11/2023;COT18;Sindpautras;EQ6;CCIT 4.0 FRONTAL H2.1;OP48;SINDPAUTRAS-SIND. PERM. AUT. TRANSP. SU;DF272;Subst. Do Touchscreen do módulo;1
01/11/2023;COT14;TURIN OURO PRETO;EQ6;CCIT 4.0 FRONTAL H2.1;OP52;VIAÇÃO TURIN OURO PRETO;DF136;Subst. Da Carcaça inferior;1
01/11/2023;COT13;Mariana;EQ5;CCIT 4.0 FRONTAL;OP54;TRANSCOTTA MARIANA MG;DF209;Subst. Do Display;1
01/11/2023;COT11;Gov. Valadares;EQ6;CCIT 4.0 FRONTAL H2.1;OP53;VIAÇÃO MOBI;DF136;Subst. Da Carcaça inferior;1
01/11/2023;COT11;Gov. Valadares;EQ6;CCIT 4.0 FRONTAL H2.1;OP53;VIAÇÃO MOBI;DF238;Subst. Do Vidro CCIT V4.0;1
01/11/2023;COT11;Gov. Valadares;EQ6;CCIT 4.0 FRONTAL H2.1;OP53;VIAÇÃO MOBI;DF272;Subst. Do Touchscreen do módulo;1
01/11/2023;COT3;TEU;EQ36;CCIT 4.0 FRONTAL H1 COM BATERIA;;;DF60;Limpeza de cache;3
01/11/2023;COT16;Via Ouro;EQ6;CCIT 4.0 FRONTAL H2.1;OP49;VIA OURO COLETIVOS LTDA;DF90;Reparo com formatação e subst. FW/SW;3
01/11/2023;COT16;Via Ouro;EQ6;CCIT 4.0 FRONTAL H2.1;OP49;VIA OURO COLETIVOS LTDA;DF93;Reparo no módulo;3
01/11/2023;COT16;Via Ouro;EQ6;CCIT 4.0 FRONTAL H2.1;OP49;VIA OURO COLETIVOS LTDA;DF272;Subst. Do Touchscreen do módulo;2
01/11/2023;COT11;Gov. Valadares;EQ6;CCIT 4.0 FRONTAL H2.1;OP53;VIAÇÃO MOBI;DF162;Subst. Da Placa Mbccit;1
01/11/2023;COT27;Cidade das Águas;EQ6;CCIT 4.0 FRONTAL H2.1;OP128;VIAÇÃO CIDADE DAS ÁGUAS;DF113;Restaura RAM via PC;1
01/11/2023;COT19;SÃO JOÃO;EQ36;CCIT 4.0 FRONTAL H1 COM BATERIA;OP67;SÃO JOÃO;DF41;Envio para manutenção central-CTG;1
01/11/2023;COT7;Alagoinhas;EQ34;CCIT 4.0 FRONTAL H2.1 C SEM BATERIA;OP68;ALAGOINHAS;DF113;Restaura RAM via PC;8
01/11/2023;COT36;CAMACARI;EQ34;CCIT 4.0 FRONTAL H2.1 C SEM BATERIA;OP139;PREFEITURA DE CAMAÇARI;DF113;Restaura RAM via PC;2
01/11/2023;COT4;Setut;EQ6;CCIT 4.0 FRONTAL H2.1;;;DF113;Restaura RAM via PC;4
01/11/2023;COT4;Setut;EQ6;CCIT 4.0 FRONTAL H2.1;;;DF60;Limpeza de cache;1
01/11/2023;COT32;Veleiro;EQ6;CCIT 4.0 FRONTAL H2.1;;;DF41;Envio para manutenção central-CTG;11
01/11/2023;COT21;Araguarina;EQ35;CCIT 4.0 FRONTAL H2 COM BATERIA;OP81;VIAÇÃO ARAGUARINA;DF41;Envio para manutenção central-CTG;6
01/11/2023;COT24;GVBUS;EQ6;CCIT 4.0 FRONTAL H2.1;;;DF93;Reparo no módulo;176
01/11/2023;COT1;Transfacil;EQ10;CONNECTION CCIT 4.0;;;DF88;Reparo com formatação e reinst. FW/SW;36
01/11/2023;COT1;Transfacil;EQ10;CONNECTION CCIT 4.0;;;DF37;Defeito não encontrado e subst. FW/SW;5
01/11/2023;COT1;Transfacil;EQ10;CONNECTION CCIT 4.0;;;DF136;Subst. Da Carcaça inferior;1
01/11/2023;COT2;Transcard;EQ10;CONNECTION CCIT 4.0;;;DF46;Formatação da memória e subst. FW;63
01/11/2023;COT2;Transcard;EQ10;CONNECTION CCIT 4.0;;;DF41;Envio para manutenção central-CTG;19
01/11/2023;COT2;Transcard;EQ10;CONNECTION CCIT 4.0;;;DF127;Subst. Conector USB;3
01/11/2023;COT2;Transcard;EQ10;CONNECTION CCIT 4.0;;;DF256;Substituição de fusível;5
01/11/2023;COT19;SÃO JOÃO;EQ10;CONNECTION CCIT 4.0;OP67;SÃO JOÃO;DF21;Atualização de FW ;3
01/11/2023;COT20;ROSA TURISMO;EQ10;CONNECTION CCIT 4.0;OP66;ROSA TURISMO;DF21;Atualização de FW ;6
01/11/2023;COT4;Setut;EQ10;CONNECTION CCIT 4.0;;;DF41;Envio para manutenção central-CTG;4
01/11/2023;COT1;Transfacil;EQ10;CONNECTION CCIT 4.0;;;DF169;Subst. De Componente eletrônico;6
01/11/2023;COT1;Transfacil;EQ10;CONNECTION CCIT 4.0;;;DF107;Ressolda no circuito connections;3
01/11/2023;COT24;GVBUS;EQ10;CONNECTION CCIT 4.0;;;DF21;Atualização de FW ;9
01/11/2023;COT19;SÃO JOÃO;EQ10;CONNECTION CCIT 4.0;OP67;SÃO JOÃO;DF41;Envio para manutenção central-CTG;1
01/11/2023;COT20;ROSA TURISMO;EQ10;CONNECTION CCIT 4.0;OP66;ROSA TURISMO;DF41;Envio para manutenção central-CTG;1
01/11/2023;COT4;Setut;EQ10;CONNECTION CCIT 4.0;;;DF256;Substituição de fusível;1
01/11/2023;COT1;Transfacil;EQ14;DMX200 MOD H3.1;;;DF88;Reparo com formatação e reinst. FW/SW;67
01/11/2023;COT12;DIVPASS;EQ13;DMX200L;OP124;DIVPASS;DF90;Reparo com formatação e subst. FW/SW;5
01/11/2023;COT24;GVBUS;EQ14;DMX200 MOD H3.1;;;DF41;Envio para manutenção central-CTG;44
01/11/2023;COT19;SÃO JOÃO;EQ39;DMX200L JI21 SEM BATERIA;OP67;SÃO JOÃO;DF115;Restauração da ROM via PC;6
01/11/2023;COT20;ROSA TURISMO;EQ39;DMX200L JI21 SEM BATERIA;OP66;ROSA TURISMO;DF115;Restauração da ROM via PC;9
01/11/2023;COT4;Setut;EQ14;DMX200 MOD H3.1;;;DF41;Envio para manutenção central-CTG;15
01/11/2023;COT25;COOTRAPS - CE;EQ14;DMX200 MOD H3.1;OP129;COOTRAPS;DF39;Enviados para manutenção central CTG;27
01/11/2023;COT25;COOTRAPS - CE;EQ14;DMX200 MOD H3.1;OP129;COOTRAPS;DF90;Reparo com formatação e subst. FW/SW;19
01/11/2023;COT3;TEU;EQ14;DMX200 MOD H3.1;;;DF21;Atualização de FW ;18
01/11/2023;COT3;TEU;EQ14;DMX200 MOD H3.1;;;DF115;Restauração da ROM via PC;16
01/11/2023;COT3;TEU;EQ14;DMX200 MOD H3.1;;;DF41;Envio para manutenção central-CTG;10
01/11/2023;COT16;Via Ouro;EQ39;DMX200L JI21 SEM BATERIA;;;DF21;Atualização de FW ;4
01/11/2023;COT2;Transcard;EQ16;PDM03;;;DF93;Reparo no módulo;8
01/11/2023;COT24;GVBUS;EQ14;DMX200 MOD H3.1;;;DF21;Atualização de FW ;119
01/11/2023;COT22;Taguatur PM NOVO;EQ39;DMX200L JI21 SEM BATERIA;OP82;TAGUATUR;DF41;Envio para manutenção central-CTG;39
01/11/2023;COT23;UTB;EQ40;DMX200L JI21 COM BATERIA;OP83;UTB;DF41;Envio para manutenção central-CTG;33
01/11/2023;COT24;GVBUS;EQ14;DMX200 MOD H3.1;;;DF292;Ressolda conector USB;34
01/11/2023;COT11;Gov. Valadares;EQ13;DMX200L;OP53;VIAÇÃO MOBI;DF88;Reparo com formatação e reinst. FW/SW;11
01/11/2023;COT11;Gov. Valadares;EQ13;DMX200L;OP53;VIAÇÃO MOBI;DF271;Subst. Do Vidro;2
01/11/2023;COT11;Gov. Valadares;EQ13;DMX200L;OP53;VIAÇÃO MOBI;DF272;Subst. Do Touchscreen do módulo;2
01/11/2023;COT19;SÃO JOÃO;EQ39;DMX200L JI21 SEM BATERIA;OP67;SÃO JOÃO;DF41;Envio para manutenção central-CTG;5
01/11/2023;COT36;CAMACARI;EQ39;DMX200L JI21 SEM BATERIA;OP139;PREFEITURA DE CAMAÇARI;DF115;Restauração da ROM via PC;1
01/11/2023;COT1;Transfacil;EQ18;VH-200;;;DF88;Reparo com formatação e reinst. FW/SW;66
01/11/2023;COT1;Transfacil;EQ18;VH-200;;;DF108;Ressolda no circuito da placa-mãe;158
01/11/2023;COT1;Transfacil;EQ18;VH-200;;;DF37;Defeito não encontrado e subst. FW/SW;17
01/11/2023;COT1;Transfacil;EQ18;VH-200;;;DF245;Subst. Terminal Block;11
01/11/2023;COT3;TEU;EQ22;V3000M;;;DF21;Atualização de FW ;43
01/11/2023;COT3;TEU;EQ22;V3000M;;;DF115;Restauração da ROM via PC;43
01/11/2023;COT3;TEU;EQ26;V3000M DVR;;;DF21;Atualização de FW ;12
01/11/2023;COT3;TEU;EQ26;V3000M DVR;;;DF115;Restauração da ROM via PC;12
01/11/2023;COT24;GVBUS;EQ26;V3000M DVR;;;DF46;Formatação da memória e subst. FW;126
01/11/2023;COT24;GVBUS;EQ26;V3000M DVR;;;DF295;Jump no SD;126
01/11/2023;COT24;GVBUS;EQ26;V3000M DVR;;;DF232;Subst. Do SDCard;125
01/11/2023;COT24;GVBUS;EQ26;V3000M DVR;;;DF41;Envio para manutenção central-CTG;5
01/11/2023;COT2;Transcard;EQ26;V3000M DVR;;;DF186;Subst. Do cartão SD 32 GB;11
01/11/2023;COT2;Transcard;EQ26;V3000M DVR;;;DF47;Formatação de SDCARD;17
01/11/2023;COT2;Transcard;EQ26;V3000M DVR;;;DF151;Subst. Da placa DVR;7
01/11/2023;COT2;Transcard;EQ26;V3000M DVR;;;DF41;Envio para manutenção central-CTG;2
01/11/2023;COT5;METROFOR;EQ19;V2000;OP105;METROFOR LINHA SUL;DF88;Reparo com formatação e reinst. FW/SW;5
01/11/2023;COT1;Transfacil;EQ19;V2000;;;DF88;Reparo com formatação e reinst. FW/SW;6
01/11/2023;COT1;Transfacil;EQ19;V2000;;;DF266;Subst. Do cooler;1
01/11/2023;COT1;Transfacil;EQ19;V2000;;;DF187;Subst. Do cartão SD/HD;1
01/11/2023;COT1;Transfacil;EQ19;V2000;;;DF61;Limpeza e testes;6
01/11/2023;COT1;Transfacil;EQ18;VH-200;;;DF169;Subst. De Componente eletrônico;7
01/11/2023;COT1;Transfacil;EQ18;VH-200;;;DF136;Subst. Da Carcaça inferior;1
01/11/2023;COT1;Transfacil;EQ18;VH-200;;;DF181;Subst. Do Cabo Flat;1
01/11/2023;COT1;Transfacil;EQ18;VH-200;;;DF168;Subst. De cabo WLAN;1
01/11/2023;COT18;Sindpautras;EQ21;V3000L;OP48;SINDPAUTRAS-SIND. PERM. AUT. TRANSP. SU;DF88;Reparo com formatação e reinst. FW/SW;4
01/11/2023;COT1;Transfacil;EQ18;VH-200;;;DF200;Subst. do Conector BNC (VH200);6
01/11/2023;COT21;Araguarina;EQ26;V3000M DVR;OP81;VIAÇÃO ARAGUARINA;DF41;Envio para manutenção central-CTG;9
01/11/2023;COT24;GVBUS;EQ33;POS MOVE 2500;;;DF41;Envio para manutenção central-CTG;18
01/11/2023;COT2;Transcard;EQ31;POS 250;;;DF46;Formatação da memória e subst. FW;7
01/11/2023;COT2;Transcard;EQ31;POS 250;;;DF41;Envio para manutenção central-CTG;4
01/11/2023;COT25;COOTRAPS - CE;EQ17;FONTE PM;OP129;COOTRAPS;DF41;Envio para manutenção central-CTG;4
01/11/2023;COT25;COOTRAPS - CE;EQ17;FONTE PM;OP129;COOTRAPS;DF37;Defeito não encontrado e subst. FW/SW;1
01/12/2023;COT1;Transfacil;EQ28;ATM;OP27;TRANSFÁCIL;DF19;ATM - defeito não confirmado;2
01/12/2023;COT1;Transfacil;EQ28;ATM;OP27;TRANSFÁCIL;DF237;Subst. Do Validador de Notas;3
01/12/2023;COT1;Transfacil;EQ28;ATM;OP27;TRANSFÁCIL;DF284;Manutenção PC ATM;1
01/12/2023;COT1;Transfacil;EQ28;ATM;OP27;TRANSFÁCIL;DF143;Subst. da Impressora;3
01/12/2023;COT2;Transcard;EQ28;ATM;OP61;Setps (Transcard);DF237;Subst. Do Validador de Notas;4
01/12/2023;COT2;Transcard;EQ28;ATM;OP61;Setps (Transcard);DF284;Manutenção PC ATM;2
01/12/2023;COT2;Transcard;EQ28;ATM;OP61;Setps (Transcard);DF143;Subst. da Impressora;2
01/12/2023;COT6;Metro-Bahia;EQ28;ATM;OP63;METRO-BAHIA;DF237;Subst. Do Validador de Notas;10
01/12/2023;COT6;Metro-Bahia;EQ28;ATM;OP63;METRO-BAHIA;DF179;Subst. Do Cabo de Comunicação da Impressora;2
01/12/2023;COT2;Transcard;EQ28;ATM;OP61;Setps (Transcard);DF231;Subst. Do PINpad;1
01/12/2023;COT1;Transfacil;EQ28;ATM;OP27;TRANSFÁCIL;DF67;Manutenção na Impressora;1
01/12/2023;COT24;GVBUS;EQ28;ATM;OP108;GVBUS - SIND. DAS EMP. DE TRANP. METROP. DA GRANDE VITÓRIA;DF262;Retirada de nota ATM e testes;11
01/12/2023;COT24;GVBUS;EQ28;ATM;OP108;GVBUS - SIND. DAS EMP. DE TRANP. METROP. DA GRANDE VITÓRIA;DF218;Subst. Do Monitor;1
01/12/2023;COT24;GVBUS;EQ28;ATM;OP108;GVBUS - SIND. DAS EMP. DE TRANP. METROP. DA GRANDE VITÓRIA;DF78;PC Reiniciado;3
01/12/2023;COT6;Metro-Bahia;EQ28;ATM;OP63;METRO-BAHIA;DF143;Subst. da Impressora;4
01/12/2023;COT24;GVBUS;EQ28;ATM;OP108;GVBUS - SIND. DAS EMP. DE TRANP. METROP. DA GRANDE VITÓRIA;DF237;Subst. Do Validador de Notas;1
01/12/2023;COT24;GVBUS;EQ28;ATM;OP108;GVBUS - SIND. DAS EMP. DE TRANP. METROP. DA GRANDE VITÓRIA;DF197;Subst. Do Cofre;1
01/12/2023;COT24;GVBUS;EQ28;ATM;OP108;GVBUS - SIND. DAS EMP. DE TRANP. METROP. DA GRANDE VITÓRIA;DF231;Subst. Do PINpad;2
01/12/2023;COT2;Transcard;EQ28;ATM;OP61;Setps (Transcard);DF128;Subst. Da antena Cless;1
01/12/2023;COT2;Transcard;EQ28;ATM;OP61;Setps (Transcard);DF179;Subst. Do Cabo de Comunicação da Impressora;2
01/12/2023;COT2;Transcard;EQ28;ATM;OP61;Setps (Transcard);DF314;Ajustes Cabo VGA;2
01/12/2023;COT8;CBTU;EQ1;CCIT 3.0;OP47;CBTU - COMPANHIA BRASILEIRA DE TRENS URBANOS;DF88;Reparo com formatação e reinst. FW/SW;7
01/12/2023;COT3;TEU;EQ3;CCIT 3.5;;;DF157;Subst. Da Placa FTCLess;3
01/12/2023;COT3;TEU;EQ3;CCIT 3.5;;;DF242;Subst. Placa Mbccit;2
01/12/2023;COT1;Transfacil;EQ6;CCIT 4.0 FRONTAL H2.1;;;DF88;Reparo com formatação e reinst. FW/SW;202
01/12/2023;COT1;Transfacil;EQ6;CCIT 4.0 FRONTAL H2.1;;;DF238;Subst. Do Vidro CCIT V4.0;5
01/12/2023;COT1;Transfacil;EQ6;CCIT 4.0 FRONTAL H2.1;;;DF216;Subst. Do Módulo H2;3
01/12/2023;COT1;Transfacil;EQ6;CCIT 4.0 FRONTAL H2.1;OP13;Estações BRT Move;DF88;Reparo com formatação e reinst. FW/SW;24
01/12/2023;COT1;Transfacil;EQ6;CCIT 4.0 FRONTAL H2.1;OP13;Estações BRT Move;DF306;Retirada da bateria;1
01/12/2023;COT1;Transfacil;EQ6;CCIT 4.0 FRONTAL H2.1;;;DF136;Subst. Da Carcaça inferior;5
01/12/2023;COT18;Sindpautras;EQ6;CCIT 4.0 FRONTAL H2.1;OP48;SINDPAUTRAS-SIND. PERM. AUT. TRANSP. SU;DF88;Reparo com formatação e reinst. FW/SW;40
01/12/2023;COT3;TEU;EQ36;CCIT 4.0 FRONTAL H1 COM BATERIA;;;DF115;Restauração da ROM via PC;169
01/12/2023;COT3;TEU;EQ36;CCIT 4.0 FRONTAL H1 COM BATERIA;;;DF41;Envio para manutenção central-CTG;11
01/12/2023;COT3;TEU;EQ36;CCIT 4.0 FRONTAL H1 COM BATERIA;;;DF136;Subst. Da Carcaça inferior;7
01/12/2023;COT24;GVBUS;EQ6;CCIT 4.0 FRONTAL H2.1;;;DF91;Reparo com Gravação de PIC e reinst. Do FW;113
01/12/2023;COT24;GVBUS;EQ6;CCIT 4.0 FRONTAL H2.1;;;DF41;Envio para manutenção central-CTG;26
01/12/2023;COT2;Transcard;EQ6;CCIT 4.0 FRONTAL H2.1;;;DF113;Restaura RAM via PC;151
01/12/2023;COT2;Transcard;EQ6;CCIT 4.0 FRONTAL H2.1;;;DF114;Restaura RAM via pendrive;24
01/12/2023;COT2;Transcard;EQ6;CCIT 4.0 FRONTAL H2.1;;;DF41;Enviados para manutenção central CTG;38
01/12/2023;COT10;Metropolitano-Bahia;EQ6;CCIT 4.0 FRONTAL H2.1;OP64;METROPOLITANO SSA;DF113;Restaura RAM via PC;40
01/12/2023;COT19;SÃO JOÃO;EQ36;CCIT 4.0 FRONTAL H1 COM BATERIA;OP67;SÃO JOÃO;DF113;Restaura RAM via PC;13
01/12/2023;COT20;ROSA TURISMO;EQ36;CCIT 4.0 FRONTAL H1 COM BATERIA;OP66;ROSA TURISMO;DF41;Envio para manutenção central-CTG;1
01/12/2023;COT20;ROSA TURISMO;EQ36;CCIT 4.0 FRONTAL H1 COM BATERIA;OP66;ROSA TURISMO;DF113;Restaura RAM via PC;5
01/12/2023;COT4;Setut;EQ6;CCIT 4.0 FRONTAL H2.1;;;DF41;Envio para manutenção central-CTG;6
01/12/2023;COT5;METROFOR/ VLT FORTALEZA;EQ38;CCIT 4.0 METROFOR;OP105;METROFOR LINHA SUL;DF88;Reparo com formatação e reinst. FW/SW;10
01/12/2023;COT1;Transfacil;EQ6;CCIT 4.0 FRONTAL H2.1;;;DF169;Subst. De Componente eletrônico;1
01/12/2023;COT1;Transfacil;EQ6;CCIT 4.0 FRONTAL H2.1;OP13;Estações BRT Move;DF21;Atualização de FW ;10
01/12/2023;COT1;Transfacil;EQ6;CCIT 4.0 FRONTAL H2.1;OP13;Estações BRT Move;DF93;Reparo no módulo;13
01/12/2023;COT18;Sindpautras;EQ6;CCIT 4.0 FRONTAL H2.1;OP48;SINDPAUTRAS-SIND. PERM. AUT. TRANSP. SU;DF93;Reparo no módulo;19
01/12/2023;COT11;Gov. Valadares;EQ6;CCIT 4.0 FRONTAL H2.1;OP53;VIAÇÃO MOBI;DF88;Reparo com formatação e reinst. FW/SW;10
01/12/2023;COT12;DIVPASS;EQ6;CCIT 4.0 FRONTAL H2.1;OP124;DIVPASS;DF88;Reparo com formatação e reinst. FW/SW;16
01/12/2023;COT12;DIVPASS;EQ6;CCIT 4.0 FRONTAL H2.1;OP124;DIVPASS;DF216;Subst. Do Módulo H2;1
01/12/2023;COT12;DIVPASS;EQ6;CCIT 4.0 FRONTAL H2.1;OP124;DIVPASS;DF209;Subst. Do Display;2
01/12/2023;COT12;DIVPASS;EQ6;CCIT 4.0 FRONTAL H2.1;OP124;DIVPASS;DF93;Reparo no módulo;8
01/12/2023;COT1;Transfacil;EQ6;CCIT 4.0 FRONTAL H2.1;OP13;Estações BRT Move;DF216;Subst. Do Módulo H2;4
01/12/2023;COT11;Gov. Valadares;EQ6;CCIT 4.0 FRONTAL H2.1;OP53;VIAÇÃO MOBI;DF210;Subst. Do Display CCIT;2
01/12/2023;COT11;Gov. Valadares;EQ6;CCIT 4.0 FRONTAL H2.1;OP53;VIAÇÃO MOBI;DF93;Reparo no módulo;5
01/12/2023;COT14;TURIN OURO PRETO;EQ6;CCIT 4.0 FRONTAL H2.1;OP52;VIAÇÃO TURIN OURO PRETO;DF88;Reparo com formatação e reinst. FW/SW;4
01/12/2023;COT14;TURIN OURO PRETO;EQ6;CCIT 4.0 FRONTAL H2.1;OP52;VIAÇÃO TURIN OURO PRETO;DF93;Reparo no módulo;2
01/12/2023;COT5;METROFOR/ VLT FORTALEZA;EQ38;CCIT 4.0 METROFOR;OP105;METROFOR LINHA SUL;DF41;Envio para manutenção central-CTG;4
01/12/2023;COT24;GVBUS;EQ6;CCIT 4.0 FRONTAL H2.1;;;DF21;Atualização de FW ;114
01/12/2023;COT18;Sindpautras;EQ6;CCIT 4.0 FRONTAL H2.1;OP48;SINDPAUTRAS-SIND. PERM. AUT. TRANSP. SU;DF136;Subst. Da Carcaça inferior;1
01/12/2023;COT18;Sindpautras;EQ6;CCIT 4.0 FRONTAL H2.1;OP48;SINDPAUTRAS-SIND. PERM. AUT. TRANSP. SU;DF209;Subst. Do Display;3
01/12/2023;COT18;Sindpautras;EQ6;CCIT 4.0 FRONTAL H2.1;OP48;SINDPAUTRAS-SIND. PERM. AUT. TRANSP. SU;DF272;Subst. Do Touchscreen do módulo;1
01/12/2023;COT14;TURIN OURO PRETO;EQ6;CCIT 4.0 FRONTAL H2.1;OP52;VIAÇÃO TURIN OURO PRETO;DF209;Subst. Do Display;1
01/12/2023;COT11;Gov. Valadares;EQ6;CCIT 4.0 FRONTAL H2.1;OP53;VIAÇÃO MOBI;DF136;Subst. Da Carcaça inferior;1
01/12/2023;COT11;Gov. Valadares;EQ6;CCIT 4.0 FRONTAL H2.1;OP53;VIAÇÃO MOBI;DF216;Subst. Do Módulo H2;1
01/12/2023;COT11;Gov. Valadares;EQ6;CCIT 4.0 FRONTAL H2.1;OP53;VIAÇÃO MOBI;DF272;Subst. Do Touchscreen do módulo;1
01/12/2023;COT3;TEU;EQ36;CCIT 4.0 FRONTAL H1 COM BATERIA;;;DF60;Limpeza de cache;16
01/12/2023;COT27;Cidade das Águas;EQ6;CCIT 4.0 FRONTAL H2.1;OP128;VIAÇÃO CIDADE DAS ÁGUAS;DF113;Restaura RAM via PC;3
01/12/2023;COT19;SÃO JOÃO;EQ36;CCIT 4.0 FRONTAL H1 COM BATERIA;OP67;SÃO JOÃO;DF41;Envio para manutenção central-CTG;1
01/12/2023;COT7;Alagoinhas;EQ34;CCIT 4.0 FRONTAL H2.1 C SEM BATERIA;OP68;ALAGOINHAS;DF113;Restaura RAM via PC;4
01/12/2023;COT24;GVBUS;EQ6;CCIT 4.0 FRONTAL H2.1;;;DF93;Reparo no módulo;113
01/12/2023;COT6;METRO-BAHIA;EQ6;CCIT 4.0 FRONTAL H2.1;OP63;METRO-BAHIA;DF113;Restaura RAM via PC;17
01/12/2023;COT10;Metropolitano-Bahia;EQ6;CCIT 4.0 FRONTAL H2.1;OP64;METROPOLITANO SSA;DF41;Envio para manutenção central-CTG;4
01/12/2023;COT7;Alagoinhas;EQ34;CCIT 4.0 FRONTAL H2.1 C SEM BATERIA;OP68;ALAGOINHAS;DF41;Envio para manutenção central-CTG;1
01/12/2023;COT3;TEU;EQ36;CCIT 4.0 FRONTAL H1 COM BATERIA;;;DF132;Subst. Da Bateria de Lithium;3
01/12/2023;COT33;FLORIANÓPOLIS;EQ8;CCIT 4.0 FRONTAL JI21 SEM BATERIA;;;DF115;Restauração da ROM via PC;14
01/12/2023;COT33;FLORIANÓPOLIS;EQ8;CCIT 4.0 FRONTAL JI21 SEM BATERIA;;;DF41;Envio para manutenção central-CTG;5
01/12/2023;COT33;FLORIANÓPOLIS;EQ8;CCIT 4.0 FRONTAL JI21 SEM BATERIA;;;DF60;Limpeza de cache;22
01/12/2023;COT18;Sindpautras;EQ6;CCIT 4.0 FRONTAL H2.1;OP48;SINDPAUTRAS-SIND. PERM. AUT. TRANSP. SU;DF238;Subst. Do Vidro CCIT V4.0;1
01/12/2023;COT18;Sindpautras;EQ6;CCIT 4.0 FRONTAL H2.1;OP48;SINDPAUTRAS-SIND. PERM. AUT. TRANSP. SU;DF135;Subst. Da Carcaça frontal;1
01/12/2023;COT1;Transfacil;EQ10;CONNECTION CCIT 4.0;;;DF88;Reparo com formatação e reinst. FW/SW;11
01/12/2023;COT2;Transcard;EQ10;CONNECTION CCIT 4.0;;;DF46;Formatação da memória e subst. FW;33
01/12/2023;COT2;Transcard;EQ10;CONNECTION CCIT 4.0;;;DF41;Envio para manutenção central-CTG;25
01/12/2023;COT19;SÃO JOÃO;EQ10;CONNECTION CCIT 4.0;OP67;SÃO JOÃO;DF21;Atualização de FW ;4
01/12/2023;COT4;Setut;EQ10;CONNECTION CCIT 4.0;;;DF41;Envio para manutenção central-CTG;1
01/12/2023;COT1;Transfacil;EQ10;CONNECTION CCIT 4.0;;;DF169;Subst. De Componente eletrônico;1
01/12/2023;COT1;Transfacil;EQ10;CONNECTION CCIT 4.0;;;DF107;Ressolda no circuito connections;3
01/12/2023;COT24;GVBUS;EQ10;CONNECTION CCIT 4.0;;;DF21;Atualização de FW ;3
01/12/2023;COT19;SÃO JOÃO;EQ10;CONNECTION CCIT 4.0;OP67;SÃO JOÃO;DF41;Envio para manutenção central-CTG;1
01/12/2023;COT6;METRO-BAHIA;EQ10;CONNECTION CCIT 4.0;;;DF90;Reparo com formatação e subst. FW/SW;3
01/12/2023;COT10;Metropolitano-Bahia;EQ10;CONNECTION CCIT 4.0;OP64;METROPOLITANO SSA;DF21;Atualização de FW ;13
01/12/2023;COT10;Metropolitano-Bahia;EQ10;CONNECTION CCIT 4.0;OP64;METROPOLITANO SSA;DF41;Envio para manutenção central-CTG;4
01/12/2023;COT24;GVBUS;EQ10;CONNECTION CCIT 4.0;;;DF41;Envio para manutenção central-CTG;3
01/12/2023;COT1;Transfacil;EQ14;DMX200 MOD H3.1;;;DF88;Reparo com formatação e reinst. FW/SW;53
01/12/2023;COT12;DIVPASS;EQ13;DMX200L;OP124;DIVPASS;DF21;Atualização de FW ;18
01/12/2023;COT24;GVBUS;EQ14;DMX200 MOD H3.1;;;DF41;Envio para manutenção central-CTG;39
01/12/2023;COT19;SÃO JOÃO;EQ39;DMX200L JI21 SEM BATERIA;OP67;SÃO JOÃO;DF115;Restauração da ROM via PC;7
01/12/2023;COT20;ROSA TURISMO;EQ39;DMX200L JI21 SEM BATERIA;OP66;ROSA TURISMO;DF115;Restauração da ROM via PC;4
01/12/2023;COT4;Setut;EQ14;DMX200 MOD H3.1;;;DF41;Envio para manutenção central-CTG;14
01/12/2023;COT25;COOTRAPS - CE;EQ14;DMX200 MOD H3.1;OP129;COOTRAPS;DF39;Enviados para manutenção central CTG;14
01/12/2023;COT25;COOTRAPS - CE;EQ14;DMX200 MOD H3.1;OP129;COOTRAPS;DF90;Reparo com formatação e subst. FW/SW;11
01/12/2023;COT3;TEU;EQ14;DMX200 MOD H3.1;;;DF21;Atualização de FW ;10
01/12/2023;COT3;TEU;EQ14;DMX200 MOD H3.1;;;DF115;Restauração da ROM via PC;10
01/12/2023;COT3;TEU;EQ14;DMX200 MOD H3.1;;;DF41;Envio para manutenção central-CTG;4
01/12/2023;COT2;Transcard;EQ16;PDM03;;;DF93;Reparo no módulo;8
01/12/2023;COT24;GVBUS;EQ14;DMX200 MOD H3.1;;;DF21;Atualização de FW ;158
01/12/2023;COT24;GVBUS;EQ14;DMX200 MOD H3.1;;;DF292;Ressolda conector USB;20
01/12/2023;COT11;Gov. Valadares;EQ13;DMX200L;OP53;VIAÇÃO MOBI;DF21;Atualização de FW ;13
01/12/2023;COT19;SÃO JOÃO;EQ39;DMX200L JI21 SEM BATERIA;OP67;SÃO JOÃO;DF41;Envio para manutenção central-CTG;2
01/12/2023;COT2;Transcard;EQ16;PDM03;;;DF41;Envio para manutenção central-CTG;1
01/12/2023;COT20;ROSA TURISMO;EQ39;DMX200L JI21 SEM BATERIA;OP66;ROSA TURISMO;DF41;Envio para manutenção central-CTG;1
01/12/2023;COT25;COOTRAPS - CE;EQ14;DMX200 MOD H3.1;OP129;COOTRAPS;DF298;Subst. De placa do sensor;8
01/12/2023;COT33;FLORIANÓPOLIS;EQ15;DMX200L SEM BATERIA;;;DF115;Restauração da ROM via PC;30
01/12/2023;COT33;FLORIANÓPOLIS;EQ15;DMX200L SEM BATERIA;;;DF41;Envio para manutenção central-CTG;17
01/12/2023;COT33;FLORIANÓPOLIS;EQ15;DMX200L SEM BATERIA;;;DF21;Atualização de FW ;32
01/12/2023;COT12;DIVPASS;EQ13;DMX200L;OP124;DIVPASS;DF271;Subst. Do Vidro;1
01/12/2023;COT12;DIVPASS;EQ13;DMX200L;OP124;DIVPASS;DF272;Subst. Do Touchscreen do módulo;1
01/12/2023;COT12;DIVPASS;EQ13;DMX200L;OP124;DIVPASS;DF170;Subst. De Gorila Glass;1
01/12/2023;COT35;TURIN CONGONHAS;EQ5;CCIT 4.0 FRONTAL;OP138;VIAÇÃO TURIN CONGONHAS;DF21;Atualização de FW ;1
01/12/2023;COT35;TURIN CONGONHAS;EQ5;CCIT 4.0 FRONTAL;OP138;VIAÇÃO TURIN CONGONHAS;DF271;Subst. Do Vidro;1
01/12/2023;COT35;TURIN CONGONHAS;EQ5;CCIT 4.0 FRONTAL;OP138;VIAÇÃO TURIN CONGONHAS;DF272;Subst. Do Touchscreen do módulo;1
01/12/2023;COT35;TURIN CONGONHAS;EQ5;CCIT 4.0 FRONTAL;OP138;VIAÇÃO TURIN CONGONHAS;DF170;Subst. De Gorila Glass;1
01/12/2023;COT1;Transfacil;EQ18;VH-200;;;DF88;Reparo com formatação e reinst. FW/SW;43
01/12/2023;COT1;Transfacil;EQ18;VH-200;;;DF108;Ressolda no circuito da placa-mãe;74
01/12/2023;COT1;Transfacil;EQ18;VH-200;;;DF37;Defeito não encontrado e subst. FW/SW;12
01/12/2023;COT1;Transfacil;EQ18;VH-200;;;DF245;Subst. Terminal Block;8
01/12/2023;COT3;TEU;EQ22;V3000M;;;DF21;Atualização de FW ;53
01/12/2023;COT3;TEU;EQ22;V3000M;;;DF115;Restauração da ROM via PC;53
01/12/2023;COT3;TEU;EQ26;V3000M DVR;;;DF21;Atualização de FW ;6
01/12/2023;COT3;TEU;EQ26;V3000M DVR;;;DF115;Restauração da ROM via PC;6
01/12/2023;COT24;GVBUS;EQ26;V3000M DVR;;;DF46;Formatação da memória e subst. FW;82
01/12/2023;COT24;GVBUS;EQ26;V3000M DVR;;;DF295;Jump no SD;82
01/12/2023;COT24;GVBUS;EQ26;V3000M DVR;;;DF232;Subst. Do SDCard;66
01/12/2023;COT24;GVBUS;EQ26;V3000M DVR;;;DF41;Envio para manutenção central-CTG;3
01/12/2023;COT2;Transcard;EQ26;V3000M DVR;;;DF186;Subst. Do cartão SD 32 GB;8
01/12/2023;COT2;Transcard;EQ26;V3000M DVR;;;DF47;Formatação de SDCARD;11
01/12/2023;COT2;Transcard;EQ26;V3000M DVR;;;DF151;Subst. Da placa DVR;5
01/12/2023;COT2;Transcard;EQ26;V3000M DVR;;;DF41;Envio para manutenção central-CTG;3
01/12/2023;COT5;METROFOR;EQ19;V2000;OP105;METROFOR LINHA SUL;DF88;Reparo com formatação e reinst. FW/SW;4
01/12/2023;COT1;Transfacil;EQ18;VH-200;;;DF169;Subst. De Componente eletrônico;6
01/12/2023;COT1;Transfacil;EQ18;VH-200;;;DF211;Subst. Do Equipamento completo;3
01/12/2023;COT1;Transfacil;EQ18;VH-200;;;DF127;Subst. Conector USB;1
01/12/2023;COT1;Transfacil;EQ18;VH-200;;;DF214;Subst. Do Módulo do GPRS;1
01/12/2023;COT18;Sindpautras;EQ21;V3000L;OP48;SINDPAUTRAS-SIND. PERM. AUT. TRANSP. SU;DF88;Reparo com formatação e reinst. FW/SW;10
01/12/2023;COT1;Transfacil;EQ18;VH-200;;;DF200;Subst. do Conector BNC (VH200);2
01/12/2023;COT3;TEU;EQ21;V3000L;;;DF21;Atualização de FW ;1
01/12/2023;COT3;TEU;EQ21;V3000L;;;DF115;Restauração da ROM via PC;1
01/12/2023;COT33;FLORIANÓPOLIS;EQ26;V3000M DVR;;;DF21;Atualização de FW ;6
01/12/2023;COT33;FLORIANÓPOLIS;EQ26;V3000M DVR;;;DF113;Restaura RAM via PC;6
01/12/2023;COT33;FLORIANÓPOLIS;EQ26;V3000M DVR;;;DF41;Envio para manutenção central-CTG;11
01/12/2023;COT18;Sindpautras;EQ21;V3000L;OP48;SINDPAUTRAS-SIND. PERM. AUT. TRANSP. SU;DF232;Subst. Do SDCard;3
01/12/2023;COT16;Via Ouro;EQ26;V3000M DVR;OP49;VIA OURO COLETIVOS LTDA;DF21;Atualização de FW ;6
01/12/2023;COT16;Via Ouro;EQ26;V3000M DVR;OP49;VIA OURO COLETIVOS LTDA;DF232;Subst. Do SDCard;2
01/12/2023;COT2;Transcard;EQ31;POS 250;;;DF46;Formatação da memória e subst. FW;9
01/12/2023;COT2;Transcard;EQ31;POS 250;;;DF41;Envio para manutenção central-CTG;6
01/12/2023;COT10;Metropolitano-Bahia;EQ31;POS 250;OP64;METROPOLITANO SSA;DF46;Formatação da memória e subst. FW;3
01/12/2023;COT1;Transfacil;EQ31;POS 250;OP27;TRANSFÁCIL;DF41;Envio para manutenção central-CTG;1
01/12/2023;COT25;COOTRAPS - CE;EQ17;FONTE PM;OP129;COOTRAPS;DF41;Envio para manutenção central-CTG;2
01/12/2023;COT25;COOTRAPS - CE;EQ17;FONTE PM;OP129;COOTRAPS;DF37;Defeito não encontrado e subst. FW/SW;3
01/01/2024;COT1;Transfacil;EQ28;ATM;OP27;TRANSFÁCIL;DF19;ATM - defeito não confirmado;5
01/01/2024;COT1;Transfacil;EQ28;ATM;OP27;TRANSFÁCIL;DF237;Subst. Do Validador de Notas;3
01/01/2024;COT1;Transfacil;EQ28;ATM;OP27;TRANSFÁCIL;DF197;Subst. Do Cofre;1
01/01/2024;COT1;Transfacil;EQ28;ATM;OP27;TRANSFÁCIL;DF143;Subst. da Impressora;1
01/01/2024;COT2;Transcard;EQ28;ATM;OP61;Setps (Transcard);DF237;Subst. Do Validador de Notas;3
01/01/2024;COT2;Transcard;EQ28;ATM;OP61;Setps (Transcard);DF284;Manutenção PC ATM;4
01/01/2024;COT2;Transcard;EQ28;ATM;OP61;Setps (Transcard);DF143;Subst. da Impressora;2
01/01/2024;COT6;Metro-Bahia;EQ28;ATM;OP63;METRO-BAHIA;DF237;Subst. Do Validador de Notas;23
01/01/2024;COT6;Metro-Bahia;EQ28;ATM;OP63;METRO-BAHIA;DF218;Subst. Do Monitor;1
01/01/2024;COT2;Transcard;EQ28;ATM;OP61;Setps (Transcard);DF231;Subst. Do PINpad;3
01/01/2024;COT1;Transfacil;EQ28;ATM;OP27;TRANSFÁCIL;DF67;Manutenção na Impressora;1
01/01/2024;COT24;GVBUS;EQ28;ATM;OP108;GVBUS - SIND. DAS EMP. DE TRANP. METROP. DA GRANDE VITÓRIA;DF262;Retirada de nota ATM e testes;1
01/01/2024;COT24;GVBUS;EQ28;ATM;OP108;GVBUS - SIND. DAS EMP. DE TRANP. METROP. DA GRANDE VITÓRIA;DF218;Subst. Do Monitor;4
01/01/2024;COT6;Metro-Bahia;EQ28;ATM;OP63;METRO-BAHIA;DF143;Subst. da Impressora;7
01/01/2024;COT24;GVBUS;EQ28;ATM;OP108;GVBUS - SIND. DAS EMP. DE TRANP. METROP. DA GRANDE VITÓRIA;DF231;Subst. Do PINpad;3
01/01/2024;COT2;Transcard;EQ28;ATM;OP61;Setps (Transcard);DF128;Subst. Da antena Cless;1
01/01/2024;COT2;Transcard;EQ28;ATM;OP61;Setps (Transcard);DF179;Subst. Do Cabo de Comunicação da Impressora;1
01/01/2024;COT2;Transcard;EQ28;ATM;OP61;Setps (Transcard);DF314;Ajustes Cabo VGA;1
01/01/2024;COT6;Metro-Bahia;EQ28;ATM;OP63;METRO-BAHIA;DF7;Ajuste do Módulo de Impressão;3
01/01/2024;COT6;Metro-Bahia;EQ28;ATM;OP63;METRO-BAHIA;DF228;Subst. Do PDV ATM;1
01/01/2024;COT6;Metro-Bahia;EQ28;ATM;OP63;METRO-BAHIA;DF284;Manutenção PC ATM;1
01/01/2024;COT6;Metro-Bahia;EQ28;ATM;OP63;METRO-BAHIA;DF260;Subst. HUB Serial;2
01/01/2024;COT6;Metro-Bahia;EQ28;ATM;OP63;METRO-BAHIA;DF141;Subst. Da Fonte do PDV ATM;1
01/01/2024;COT6;Metro-Bahia;EQ28;ATM;OP63;METRO-BAHIA;DF236;Subst. Do Teclado de Metal Frontal;1
01/01/2024;COT1;Transfacil;EQ28;ATM;OP27;TRANSFÁCIL;DF258;Subst. Da Cabeça de Impressão;3
01/01/2024;COT24;GVBUS;EQ28;ATM;OP108;GVBUS - SIND. DAS EMP. DE TRANP. METROP. DA GRANDE VITÓRIA;DF142;Subst. Da Fonte Lambda ATM;1
01/01/2024;COT24;GVBUS;EQ28;ATM;OP108;GVBUS - SIND. DAS EMP. DE TRANP. METROP. DA GRANDE VITÓRIA;DF143;Subst. da Impressora;1
01/01/2024;COT24;GVBUS;EQ28;ATM;OP108;GVBUS - SIND. DAS EMP. DE TRANP. METROP. DA GRANDE VITÓRIA;DF299;Subst. De UPEX ATM;1
01/01/2024;COT8;CBTU;EQ1;CCIT 3.0;OP47;CBTU - COMPANHIA BRASILEIRA DE TRENS URBANOS;DF21;Atualização de FW ;5
01/01/2024;COT3;TEU;EQ3;CCIT 3.5;;;DF157;Subst. Da Placa FTCLess;2
01/01/2024;COT3;TEU;EQ3;CCIT 3.5;;;DF135;Subst. Da Carcaça frontal;3
01/01/2024;COT8;CBTU;EQ1;CCIT 3.0;OP47;CBTU - COMPANHIA BRASILEIRA DE TRENS URBANOS;DF210;Subst. Do Display CCIT;1
01/01/2024;COT1;Transfacil;EQ6;CCIT 4.0 FRONTAL H2.1;;;DF21;Atualização de FW ;186
01/01/2024;COT1;Transfacil;EQ6;CCIT 4.0 FRONTAL H2.1;;;DF238;Subst. Do Vidro CCIT V4.0;5
01/01/2024;COT1;Transfacil;EQ6;CCIT 4.0 FRONTAL H2.1;;;DF216;Subst. Do Módulo H2;12
01/01/2024;COT1;Transfacil;EQ6;CCIT 4.0 FRONTAL H2.1;OP13;Estações BRT Move;DF136;Subst. Da Carcaça inferior;2
01/01/2024;COT1;Transfacil;EQ6;CCIT 4.0 FRONTAL H2.1;OP13;Estações BRT Move;DF306;Retirada da bateria;1
01/01/2024;COT18;Sindpautras;EQ6;CCIT 4.0 FRONTAL H2.1;OP48;SINDPAUTRAS-SIND. PERM. AUT. TRANSP. SU;DF88;Reparo com formatação e reinst. FW/SW;24
01/01/2024;COT3;TEU;EQ36;CCIT 4.0 FRONTAL H1 COM BATERIA;;;DF115;Restauração da ROM via PC;252
01/01/2024;COT3;TEU;EQ36;CCIT 4.0 FRONTAL H1 COM BATERIA;;;DF41;Envio para manutenção central-CTG;13
01/01/2024;COT3;TEU;EQ36;CCIT 4.0 FRONTAL H1 COM BATERIA;;;DF136;Subst. Da Carcaça inferior;21
01/01/2024;COT24;GVBUS;EQ6;CCIT 4.0 FRONTAL H2.1;;;DF91;Reparo com Gravação de PIC e reinst. Do FW;153
01/01/2024;COT24;GVBUS;EQ6;CCIT 4.0 FRONTAL H2.1;;;DF41;Envio para manutenção central-CTG;30
01/01/2024;COT2;Transcard;EQ6;CCIT 4.0 FRONTAL H2.1;;;DF113;Restaura RAM via PC;191
01/01/2024;COT2;Transcard;EQ6;CCIT 4.0 FRONTAL H2.1;;;DF114;Restaura RAM via pendrive;18
01/01/2024;COT2;Transcard;EQ6;CCIT 4.0 FRONTAL H2.1;;;DF41;Enviados para manutenção central CTG;7
01/01/2024;COT10;Metropolitano-Bahia;EQ6;CCIT 4.0 FRONTAL H2.1;OP64;METROPOLITANO SSA;DF113;Restaura RAM via PC;34
01/01/2024;COT19;SÃO JOÃO;EQ36;CCIT 4.0 FRONTAL H1 COM BATERIA;OP67;SÃO JOÃO;DF113;Restaura RAM via PC;9
01/01/2024;COT20;ROSA TURISMO;EQ36;CCIT 4.0 FRONTAL H1 COM BATERIA;OP66;ROSA TURISMO;DF41;Envio para manutenção central-CTG;1
01/01/2024;COT20;ROSA TURISMO;EQ36;CCIT 4.0 FRONTAL H1 COM BATERIA;OP66;ROSA TURISMO;DF113;Restaura RAM via PC;15
01/01/2024;COT4;Setut;EQ6;CCIT 4.0 FRONTAL H2.1;;;DF41;Envio para manutenção central-CTG;4
01/01/2024;COT5;METROFOR/ VLT FORTALEZA;EQ38;CCIT 4.0 METROFOR;OP105;METROFOR LINHA SUL;DF88;Reparo com formatação e reinst. FW/SW;5
01/01/2024;COT1;Transfacil;EQ6;CCIT 4.0 FRONTAL H2.1;OP13;Estações BRT Move;DF21;Atualização de FW ;24
01/01/2024;COT18;Sindpautras;EQ6;CCIT 4.0 FRONTAL H2.1;OP48;SINDPAUTRAS-SIND. PERM. AUT. TRANSP. SU;DF93;Reparo no módulo;24
01/01/2024;COT11;Gov. Valadares;EQ6;CCIT 4.0 FRONTAL H2.1;OP53;VIAÇÃO MOBI;DF88;Reparo com formatação e reinst. FW/SW;6
01/01/2024;COT12;DIVPASS;EQ6;CCIT 4.0 FRONTAL H2.1;OP124;DIVPASS;DF88;Reparo com formatação e reinst. FW/SW;12
01/01/2024;COT12;DIVPASS;EQ6;CCIT 4.0 FRONTAL H2.1;OP124;DIVPASS;DF136;Subst. Da Carcaça inferior;1
01/01/2024;COT12;DIVPASS;EQ6;CCIT 4.0 FRONTAL H2.1;OP124;DIVPASS;DF272;Subst. Do Touchscreen do módulo;2
01/01/2024;COT12;DIVPASS;EQ6;CCIT 4.0 FRONTAL H2.1;OP124;DIVPASS;DF93;Reparo no módulo;12
01/01/2024;COT1;Transfacil;EQ6;CCIT 4.0 FRONTAL H2.1;OP13;Estações BRT Move;DF216;Subst. Do Módulo H2;1
01/01/2024;COT11;Gov. Valadares;EQ6;CCIT 4.0 FRONTAL H2.1;OP53;VIAÇÃO MOBI;DF210;Subst. Do Display CCIT;3
01/01/2024;COT11;Gov. Valadares;EQ6;CCIT 4.0 FRONTAL H2.1;OP53;VIAÇÃO MOBI;DF93;Reparo no módulo;6
01/01/2024;COT5;METROFOR/ VLT FORTALEZA;EQ38;CCIT 4.0 METROFOR;OP105;METROFOR LINHA SUL;DF41;Envio para manutenção central-CTG;15
01/01/2024;COT24;GVBUS;EQ6;CCIT 4.0 FRONTAL H2.1;;;DF21;Atualização de FW ;18
01/01/2024;COT18;Sindpautras;EQ6;CCIT 4.0 FRONTAL H2.1;OP48;SINDPAUTRAS-SIND. PERM. AUT. TRANSP. SU;DF209;Subst. Do Display;1
01/01/2024;COT18;Sindpautras;EQ6;CCIT 4.0 FRONTAL H2.1;OP48;SINDPAUTRAS-SIND. PERM. AUT. TRANSP. SU;DF272;Subst. Do Touchscreen do módulo;1
01/01/2024;COT11;Gov. Valadares;EQ6;CCIT 4.0 FRONTAL H2.1;OP53;VIAÇÃO MOBI;DF209;Subst. Do Display;3
01/01/2024;COT11;Gov. Valadares;EQ6;CCIT 4.0 FRONTAL H2.1;OP53;VIAÇÃO MOBI;DF271;Subst. Do Vidro;1
01/01/2024;COT11;Gov. Valadares;EQ6;CCIT 4.0 FRONTAL H2.1;OP53;VIAÇÃO MOBI;DF272;Subst. Do Touchscreen do módulo;2
01/01/2024;COT3;TEU;EQ36;CCIT 4.0 FRONTAL H1 COM BATERIA;;;DF60;Limpeza de cache;11
01/01/2024;COT27;Cidade das Águas;EQ6;CCIT 4.0 FRONTAL H2.1;OP128;VIAÇÃO CIDADE DAS ÁGUAS;DF113;Restaura RAM via PC;4
01/01/2024;COT19;SÃO JOÃO;EQ36;CCIT 4.0 FRONTAL H1 COM BATERIA;OP67;SÃO JOÃO;DF272;Subst. Do Touchscreen do módulo;3
01/01/2024;COT7;Alagoinhas;EQ34;CCIT 4.0 FRONTAL H2.1 C SEM BATERIA;OP68;ALAGOINHAS;DF113;Restaura RAM via PC;5
01/01/2024;COT6;METRO-BAHIA;EQ6;CCIT 4.0 FRONTAL H2.1;OP63;METRO-BAHIA;DF113;Restaura RAM via PC;12
01/01/2024;COT10;Metropolitano-Bahia;EQ6;CCIT 4.0 FRONTAL H2.1;OP64;METROPOLITANO SSA;DF272;Subst. Do Touchscreen do módulo;7
01/01/2024;COT3;TEU;EQ36;CCIT 4.0 FRONTAL H1 COM BATERIA;;;DF132;Subst. Da Bateria de Lithium;7
01/01/2024;COT33;FLORIANÓPOLIS;EQ8;CCIT 4.0 FRONTAL JI21 SEM BATERIA;;;DF115;Restauração da ROM via PC;36
01/01/2024;COT33;FLORIANÓPOLIS;EQ8;CCIT 4.0 FRONTAL JI21 SEM BATERIA;;;DF41;Envio para manutenção central-CTG;11
01/01/2024;COT33;FLORIANÓPOLIS;EQ8;CCIT 4.0 FRONTAL JI21 SEM BATERIA;;;DF21;Atualização de FW ;49
01/01/2024;COT2;Transcard;EQ6;CCIT 4.0 FRONTAL H2.1;;;DF272;Subst. Do Touchscreen do módulo;35
01/01/2024;COT20;ROSA TURISMO;EQ36;CCIT 4.0 FRONTAL H1 COM BATERIA;OP66;ROSA TURISMO;DF272;Subst. Do Touchscreen do módulo;2
01/01/2024;COT4;Setut;EQ6;CCIT 4.0 FRONTAL H2.1;;;DF113;Restaura RAM via PC;2
01/01/2024;COT5;METROFOR/ VLT FORTALEZA;EQ38;CCIT 4.0 METROFOR;OP105;METROFOR LINHA SUL;DF113;Restaura RAM via PC;19
01/01/2024;COT22;Taguatur;EQ35;CCIT 4.0 FRONTAL H2 COM BATERIA;OP82;TAGUATUR;DF41;Envio para manutenção central-CTG;30
01/01/2024;COT23;UTB;EQ6;CCIT 4.0 FRONTAL H2.1;OP83;UTB;DF41;Envio para manutenção central-CTG;29
01/01/2024;COT1;Transfacil;EQ6;CCIT 4.0 FRONTAL H2.1;;;DF93;Reparo no módulo;178
01/01/2024;COT1;Transfacil;EQ6;CCIT 4.0 FRONTAL H2.1;;;DF306;Retirada da bateria;2
01/01/2024;COT1;Transfacil;EQ6;CCIT 4.0 FRONTAL H2.1;;;DF131;Subst. Da Antena Wlan do CCIT;1
01/01/2024;COT1;Transfacil;EQ6;CCIT 4.0 FRONTAL H2.1;;;DF136;Subst. Da Carcaça inferior;4
01/01/2024;COT1;Transfacil;EQ6;CCIT 4.0 FRONTAL H2.1;;;DF135;Subst. Da Carcaça frontal;1
01/01/2024;COT1;Transfacil;EQ6;CCIT 4.0 FRONTAL H2.1;;;DF210;Subst. Do Display CCIT;1
01/01/2024;COT1;Transfacil;EQ6;CCIT 4.0 FRONTAL H2.1;;;DF272;Subst. Do Touchscreen do módulo;1
01/01/2024;COT1;Transfacil;EQ6;CCIT 4.0 FRONTAL H2.1;OP13;Estações BRT Move;DF322;Restore do módulo;24
01/01/2024;COT1;Transfacil;EQ6;CCIT 4.0 FRONTAL H2.1;OP13;Estações BRT Move;DF210;Subst. Do Display CCIT;2
01/01/2024;COT1;Transfacil;EQ6;CCIT 4.0 FRONTAL H2.1;OP13;Estações BRT Move;DF272;Subst. Do Touchscreen do módulo;1
01/01/2024;COT16;Via Ouro;EQ6;CCIT 4.0 FRONTAL H2.1;OP49;VIA OURO COLETIVOS LTDA;DF90;Reparo com formatação e subst. FW/SW;5
01/01/2024;COT16;Via Ouro;EQ6;CCIT 4.0 FRONTAL H2.1;OP49;VIA OURO COLETIVOS LTDA;DF93;Reparo no módulo;5
01/01/2024;COT16;Via Ouro;EQ6;CCIT 4.0 FRONTAL H2.1;OP49;VIA OURO COLETIVOS LTDA;DF136;Subst. Da Carcaça inferior;1
01/01/2024;COT13;Mariana;EQ5;CCIT 4.0 FRONTAL;OP54;TRANSCOTTA MARIANA MG;DF90;Reparo com formatação e subst. FW/SW;4
01/01/2024;COT13;Mariana;EQ5;CCIT 4.0 FRONTAL;OP54;TRANSCOTTA MARIANA MG;DF93;Reparo no módulo;4
01/01/2024;COT13;Mariana;EQ5;CCIT 4.0 FRONTAL;OP54;TRANSCOTTA MARIANA MG;DF209;Subst. Do Display;1
01/01/2024;COT13;Mariana;EQ5;CCIT 4.0 FRONTAL;OP54;TRANSCOTTA MARIANA MG;DF238;Subst. Do Vidro CCIT V4.0;1
01/01/2024;COT13;Mariana;EQ5;CCIT 4.0 FRONTAL;OP54;TRANSCOTTA MARIANA MG;DF272;Subst. Do Touchscreen do módulo;2
01/01/2024;COT1;Transfacil;EQ10;CONNECTION CCIT 4.0;;;DF21;Atualização de FW ;1
01/01/2024;COT2;Transcard;EQ10;CONNECTION CCIT 4.0;;;DF46;Formatação da memória e subst. FW;19
01/01/2024;COT19;SÃO JOÃO;EQ10;CONNECTION CCIT 4.0;OP67;SÃO JOÃO;DF21;Atualização de FW ;3
01/01/2024;COT1;Transfacil;EQ10;CONNECTION CCIT 4.0;;;DF107;Ressolda no circuito connections;1
01/01/2024;COT24;GVBUS;EQ10;CONNECTION CCIT 4.0;;;DF21;Atualização de FW ;26
01/01/2024;COT20;ROSA TURISMO;EQ10;CONNECTION CCIT 4.0;OP66;ROSA TURISMO;DF21;Atualização de FW ;1
01/01/2024;COT10;Metropolitano-Bahia;EQ10;CONNECTION CCIT 4.0;OP64;METROPOLITANO SSA;DF21;Atualização de FW ;4
01/01/2024;COT36;CAMACARI;EQ10;CONNECTION CCIT 4.0;OP139;PREFEITURA DE CAMAÇARI;DF21;Atualização de FW ;1
01/01/2024;COT1;Transfacil;EQ14;DMX200 MOD H3.1;;;DF88;Reparo com formatação e reinst. FW/SW;104
01/01/2024;COT12;DIVPASS;EQ13;DMX200L;OP124;DIVPASS;DF21;Atualização de FW ;11
01/01/2024;COT24;GVBUS;EQ14;DMX200 MOD H3.1;;;DF41;Envio para manutenção central-CTG;29
01/01/2024;COT19;SÃO JOÃO;EQ39;DMX200L JI21 SEM BATERIA;OP67;SÃO JOÃO;DF115;Restauração da ROM via PC;11
01/01/2024;COT20;ROSA TURISMO;EQ39;DMX200L JI21 SEM BATERIA;OP66;ROSA TURISMO;DF115;Restauração da ROM via PC;9
01/01/2024;COT4;Setut;EQ14;DMX200 MOD H3.1;;;DF41;Envio para manutenção central-CTG;15
01/01/2024;COT25;COOTRAPS - CE;EQ14;DMX200 MOD H3.1;OP129;COOTRAPS;DF39;Enviados para manutenção central CTG;33
01/01/2024;COT25;COOTRAPS - CE;EQ14;DMX200 MOD H3.1;OP129;COOTRAPS;DF90;Reparo com formatação e subst. FW/SW;45
01/01/2024;COT3;TEU;EQ14;DMX200 MOD H3.1;;;DF21;Atualização de FW ;3
01/01/2024;COT3;TEU;EQ14;DMX200 MOD H3.1;;;DF115;Restauração da ROM via PC;3
01/01/2024;COT3;TEU;EQ14;DMX200 MOD H3.1;;;DF41;Envio para manutenção central-CTG;4
01/01/2024;COT2;Transcard;EQ16;PDM03;;;DF93;Reparo no módulo;6
01/01/2024;COT24;GVBUS;EQ14;DMX200 MOD H3.1;;;DF21;Atualização de FW ;117
01/01/2024;COT24;GVBUS;EQ14;DMX200 MOD H3.1;;;DF292;Ressolda conector USB;23
01/01/2024;COT11;Gov. Valadares;EQ13;DMX200L;OP53;VIAÇÃO MOBI;DF21;Atualização de FW ;7
01/01/2024;COT33;FLORIANÓPOLIS;EQ15;DMX200L SEM BATERIA;;;DF115;Restauração da ROM via PC;30
01/01/2024;COT33;FLORIANÓPOLIS;EQ15;DMX200L SEM BATERIA;;;DF41;Envio para manutenção central-CTG;17
01/01/2024;COT33;FLORIANÓPOLIS;EQ15;DMX200L SEM BATERIA;;;DF21;Atualização de FW ;32
01/01/2024;COT35;TURIN CONGONHAS;EQ5;CCIT 4.0 FRONTAL;OP138;VIAÇÃO TURIN CONGONHAS;DF21;Atualização de FW ;1
01/01/2024;COT22;Taguatur PM NOVO;EQ39;DMX200L JI21 SEM BATERIA;OP82;TAGUATUR;DF41;Envio para manutenção central-CTG;60
01/01/2024;COT23;UTB;EQ40;DMX200L JI21 COM BATERIA;OP83;UTB;DF41;Envio para manutenção central-CTG;37
01/01/2024;COT1;Transfacil;EQ18;VH-200;;;DF88;Reparo com formatação e reinst. FW/SW;349
01/01/2024;COT1;Transfacil;EQ18;VH-200;;;DF37;Defeito não encontrado e subst. FW/SW;1
01/01/2024;COT3;TEU;EQ22;V3000M;;;DF21;Atualização de FW ;66
01/01/2024;COT3;TEU;EQ22;V3000M;;;DF115;Restauração da ROM via PC;63
01/01/2024;COT3;TEU;EQ26;V3000M DVR;;;DF21;Atualização de FW ;31
01/01/2024;COT3;TEU;EQ26;V3000M DVR;;;DF115;Restauração da ROM via PC;13
01/01/2024;COT24;GVBUS;EQ26;V3000M DVR;;;DF46;Formatação da memória e subst. FW;98
01/01/2024;COT24;GVBUS;EQ26;V3000M DVR;;;DF295;Jump no SD;98
01/01/2024;COT24;GVBUS;EQ26;V3000M DVR;;;DF232;Subst. Do SDCard;98
01/01/2024;COT24;GVBUS;EQ26;V3000M DVR;;;DF41;Envio para manutenção central-CTG;12
01/01/2024;COT2;Transcard;EQ26;V3000M DVR;;;DF186;Subst. Do cartão SD 32 GB;12
01/01/2024;COT2;Transcard;EQ26;V3000M DVR;;;DF47;Formatação de SDCARD;16
01/01/2024;COT2;Transcard;EQ26;V3000M DVR;;;DF151;Subst. Da placa DVR;5
01/01/2024;COT5;METROFOR;EQ19;V2000;OP105;METROFOR LINHA SUL;DF88;Reparo com formatação e reinst. FW/SW;4
01/01/2024;COT1;Transfacil;EQ18;VH-200;;;DF169;Subst. De Componente eletrônico;116
01/01/2024;COT18;Sindpautras;EQ21;V3000L;OP48;SINDPAUTRAS-SIND. PERM. AUT. TRANSP. SU;DF88;Reparo com formatação e reinst. FW/SW;5
01/01/2024;COT33;FLORIANÓPOLIS;EQ26;V3000M DVR;;;DF21;Atualização de FW ;19
01/01/2024;COT33;FLORIANÓPOLIS;EQ26;V3000M DVR;;;DF113;Restaura RAM via PC;17
01/01/2024;COT33;FLORIANÓPOLIS;EQ26;V3000M DVR;;;DF41;Envio para manutenção central-CTG;6
01/01/2024;COT18;Sindpautras;EQ21;V3000L;OP48;SINDPAUTRAS-SIND. PERM. AUT. TRANSP. SU;DF232;Subst. Do SDCard;2
01/01/2024;COT16;Via Ouro;EQ26;V3000M DVR;OP49;VIA OURO COLETIVOS LTDA;DF21;Atualização de FW ;3
01/01/2024;COT16;Via Ouro;EQ26;V3000M DVR;OP49;VIA OURO COLETIVOS LTDA;DF232;Subst. Do SDCard;1
01/01/2024;COT5;METROFOR;EQ19;V2000;OP105;METROFOR LINHA SUL;DF41;Envio para manutenção central-CTG;4
01/01/2024;COT3;TEU;EQ26;V3000M DVR;;;DF41;Envio para manutenção central-CTG;3
01/01/2024;COT2;Transcard;EQ31;POS 250;;;DF46;Formatação da memória e subst. FW;10
01/01/2024;COT2;Transcard;EQ31;POS 250;;;DF132;Subst. Da Bateria de Lithium;2
01/01/2024;COT24;GVBUS;EQ33;POS MOVE 2500;;;DF41;Envio para manutenção central-CTG;18
01/01/2024;COT1;Transfacil;EQ27;UT (FTV 3000);;;DF169;Subst. De Componente eletrônico;1
01/01/2024;COT1;Transfacil;EQ27;UT (FTV 3000);;;DF21;Atualização de FW ;1
01/01/2024;COT25;COOTRAPS - CE;EQ17;FONTE PM;OP129;COOTRAPS;DF41;Envio para manutenção central-CTG;6
01/01/2024;COT25;COOTRAPS - CE;EQ17;FONTE PM;OP129;COOTRAPS;DF320;Reparo em loco;7
01/02/2024;COT1;Transfacil;EQ28;ATM;OP27;TRANSFÁCIL;DF19;ATM - defeito não confirmado;5
01/02/2024;COT1;Transfacil;EQ28;ATM;OP27;TRANSFÁCIL;DF237;Subst. Do Validador de Notas;3
01/02/2024;COT1;Transfacil;EQ28;ATM;OP27;TRANSFÁCIL;DF197;Subst. Do Cofre;1
01/02/2024;COT1;Transfacil;EQ28;ATM;OP27;TRANSFÁCIL;DF143;Subst. da Impressora;1
01/02/2024;COT1;Transfacil;EQ28;ATM;OP27;TRANSFÁCIL;DF67;Manutenção na Impressora;1
01/02/2024;COT24;GVBUS;EQ28;ATM;OP108;GVBUS - SIND. DAS EMP. DE TRANP. METROP. DA GRANDE VITÓRIA;DF143;Subst. da Impressora;3
01/02/2024;COT24;GVBUS;EQ28;ATM;OP108;GVBUS - SIND. DAS EMP. DE TRANP. METROP. DA GRANDE VITÓRIA;DF299;Subst. De UPEX ATM;3
01/02/2024;COT24;GVBUS;EQ28;ATM;OP108;GVBUS - SIND. DAS EMP. DE TRANP. METROP. DA GRANDE VITÓRIA;DF78;PC Reiniciado;4
01/02/2024;COT1;Transfacil;EQ28;ATM;OP27;TRANSFÁCIL;DF258;Subst. Da Cabeça de Impressão;3
01/02/2024;COT24;GVBUS;EQ28;ATM;OP108;GVBUS - SIND. DAS EMP. DE TRANP. METROP. DA GRANDE VITÓRIA;DF68;Manutenção no Dispenser;1
01/02/2024;COT24;GVBUS;EQ28;ATM;OP108;GVBUS - SIND. DAS EMP. DE TRANP. METROP. DA GRANDE VITÓRIA;DF218;Subst. Do Monitor;1
01/02/2024;COT24;GVBUS;EQ28;ATM;OP108;GVBUS - SIND. DAS EMP. DE TRANP. METROP. DA GRANDE VITÓRIA;DF231;Subst. Do PINpad;1
01/02/2024;COT1;Transfacil;EQ6;CCIT 4.0 FRONTAL H2.1;;;DF21;Atualização de FW ;198
01/02/2024;COT1;Transfacil;EQ6;CCIT 4.0 FRONTAL H2.1;;;DF238;Subst. Do Vidro CCIT V4.0;9
01/02/2024;COT1;Transfacil;EQ6;CCIT 4.0 FRONTAL H2.1;;;DF216;Subst. Do Módulo H2;22
01/02/2024;COT1;Transfacil;EQ6;CCIT 4.0 FRONTAL H2.1;OP13;Estações BRT Move;DF306;Retirada da bateria;2
01/02/2024;COT18;Sindpautras;EQ6;CCIT 4.0 FRONTAL H2.1;OP48;SINDPAUTRAS-SIND. PERM. AUT. TRANSP. SU;DF93;Reparo no módulo;21
01/02/2024;COT3;TEU;EQ36;CCIT 4.0 FRONTAL H1 COM BATERIA;;;DF115;Restauração da ROM via PC;199
01/02/2024;COT3;TEU;EQ36;CCIT 4.0 FRONTAL H1 COM BATERIA;;;DF132;Substituição do SD card;34
01/02/2024;COT3;TEU;EQ36;CCIT 4.0 FRONTAL H1 COM BATERIA;;;DF60;Limpeza de cache;14
01/02/2024;COT24;GVBUS;EQ6;CCIT 4.0 FRONTAL H2.1;;;DF91;Reparo com Gravação de PIC e reinst. Do FW;94
01/02/2024;COT24;GVBUS;EQ6;CCIT 4.0 FRONTAL H2.1;;;DF41;Envio para manutenção central-CTG;44
01/02/2024;COT1;Transfacil;EQ6;CCIT 4.0 FRONTAL H2.1;OP13;Estações BRT Move;DF21;Atualização de FW ;11
01/02/2024;COT18;Sindpautras;EQ6;CCIT 4.0 FRONTAL H2.1;OP48;SINDPAUTRAS-SIND. PERM. AUT. TRANSP. SU;DF63;Lista restaurada;20
01/02/2024;COT11;Gov. Valadares;EQ6;CCIT 4.0 FRONTAL H2.1;OP53;VIAÇÃO MOBI;DF88;Reparo com formatação e reinst. FW/SW;16
01/02/2024;COT12;DIVPASS;EQ6;CCIT 4.0 FRONTAL H2.1;OP124;DIVPASS;DF93;Reparo com formatação e reinst. FW/SW;5
01/02/2024;COT12;DIVPASS;EQ6;CCIT 4.0 FRONTAL H2.1;OP124;DIVPASS;DF51;Gravação BootLoader;3
01/02/2024;COT12;DIVPASS;EQ6;CCIT 4.0 FRONTAL H2.1;OP124;DIVPASS;DF20;Atualização de data;2
01/02/2024;COT12;DIVPASS;EQ6;CCIT 4.0 FRONTAL H2.1;OP124;DIVPASS;DF63;Lista restaurada;8
01/02/2024;COT11;Gov. Valadares;EQ6;CCIT 4.0 FRONTAL H2.1;OP53;VIAÇÃO MOBI;DF216;Subst. Do Módulo H2;3
01/02/2024;COT11;Gov. Valadares;EQ6;CCIT 4.0 FRONTAL H2.1;OP53;VIAÇÃO MOBI;DF272;Subst. Do Touchscreen do módulo;1
01/02/2024;COT24;GVBUS;EQ6;CCIT 4.0 FRONTAL H2.1;;;DF21;Atualização de FW ;43
01/02/2024;COT18;Sindpautras;EQ6;CCIT 4.0 FRONTAL H2.1;OP48;SINDPAUTRAS-SIND. PERM. AUT. TRANSP. SU;DF51;Gravação BootLoader;13
01/02/2024;COT18;Sindpautras;EQ6;CCIT 4.0 FRONTAL H2.1;OP48;SINDPAUTRAS-SIND. PERM. AUT. TRANSP. SU;DF272;Subst. Do Touchscreen do módulo;7
01/02/2024;COT11;Gov. Valadares;EQ6;CCIT 4.0 FRONTAL H2.1;OP53;VIAÇÃO MOBI;DF210;Subst. Do Display CCIT;1
01/02/2024;COT11;Gov. Valadares;EQ6;CCIT 4.0 FRONTAL H2.1;OP53;VIAÇÃO MOBI;DF93;Reparo no módulo;8
01/02/2024;COT3;TEU;EQ36;CCIT 4.0 FRONTAL H1 COM BATERIA;;;DF41;Envio para manutenção central-CTG;7
01/02/2024;COT3;TEU;EQ36;CCIT 4.0 FRONTAL H1 COM BATERIA;;;DF136;Subst. Da Carcaça inferior;1
01/02/2024;COT33;FLORIANÓPOLIS;EQ8;CCIT 4.0 FRONTAL JI21 SEM BATERIA;;;DF115;Restauração da ROM via PC;31
01/02/2024;COT33;FLORIANÓPOLIS;EQ8;CCIT 4.0 FRONTAL JI21 SEM BATERIA;;;DF41;Envio para manutenção central-CTG;6
01/02/2024;COT33;FLORIANÓPOLIS;EQ8;CCIT 4.0 FRONTAL JI21 SEM BATERIA;;;DF60;Limpeza de cache;9
01/02/2024;COT1;Transfacil;EQ6;CCIT 4.0 FRONTAL H2.1;;;DF93;Reparo no módulo;178
01/02/2024;COT1;Transfacil;EQ6;CCIT 4.0 FRONTAL H2.1;;;DF306;Retirada da bateria;1
01/02/2024;COT1;Transfacil;EQ6;CCIT 4.0 FRONTAL H2.1;;;DF131;Subst. Da Antena Wlan do CCIT;2
01/02/2024;COT1;Transfacil;EQ6;CCIT 4.0 FRONTAL H2.1;;;DF136;Subst. Da Carcaça inferior;13
01/02/2024;COT1;Transfacil;EQ6;CCIT 4.0 FRONTAL H2.1;;;DF135;Subst. Da Carcaça frontal;1
01/02/2024;COT1;Transfacil;EQ6;CCIT 4.0 FRONTAL H2.1;;;DF210;Subst. Do Display CCIT;13
01/02/2024;COT1;Transfacil;EQ6;CCIT 4.0 FRONTAL H2.1;;;DF272;Subst. Do Touchscreen do módulo;15
01/02/2024;COT1;Transfacil;EQ6;CCIT 4.0 FRONTAL H2.1;OP13;Estações BRT Move;DF322;Restore do módulo;10
01/02/2024;COT1;Transfacil;EQ6;CCIT 4.0 FRONTAL H2.1;OP13;Estações BRT Move;DF210;Subst. Do Display CCIT;2
01/02/2024;COT16;Via Ouro;EQ6;CCIT 4.0 FRONTAL H2.1;OP49;VIA OURO COLETIVOS LTDA;DF63;Lista restaurada;3
01/02/2024;COT16;Via Ouro;EQ6;CCIT 4.0 FRONTAL H2.1;OP49;VIA OURO COLETIVOS LTDA;DF93;Reparo no módulo;3
01/02/2024;COT16;Via Ouro;EQ6;CCIT 4.0 FRONTAL H2.1;OP49;VIA OURO COLETIVOS LTDA;DF90;Reparo com formatação e subst. FW/SW;2
01/02/2024;COT13;Mariana;EQ5;CCIT 4.0 FRONTAL;OP54;TRANSCOTTA MARIANA MG;DF51;Gravação BootLoader;2
01/02/2024;COT13;Mariana;EQ5;CCIT 4.0 FRONTAL;OP54;TRANSCOTTA MARIANA MG;DF63;Lista restaurada;2
01/02/2024;COT13;Mariana;EQ5;CCIT 4.0 FRONTAL;OP54;TRANSCOTTA MARIANA MG;DF93;Reparo no módulo;2
01/02/2024;COT13;Mariana;EQ5;CCIT 4.0 FRONTAL;OP54;TRANSCOTTA MARIANA MG;DF136;Subst. Da Carcaça inferior;1
01/02/2024;COT18;Sindpautras;EQ6;CCIT 4.0 FRONTAL H2.1;OP48;SINDPAUTRAS-SIND. PERM. AUT. TRANSP. SU;DF88;Reparo com formatação e reinst. FW/SW;6
01/02/2024;COT12;DIVPASS;EQ6;CCIT 4.0 FRONTAL H2.1;OP124;DIVPASS;DF272;Subst. Do Touchscreen do módulo;1
01/02/2024;COT12;DIVPASS;EQ6;CCIT 4.0 FRONTAL H2.1;OP124;DIVPASS;DF93;Reparo no módulo;8
01/02/2024;COT12;DIVPASS;EQ6;CCIT 4.0 FRONTAL H2.1;OP124;DIVPASS;DF216;Subst. Do Módulo H2;1
01/02/2024;COT18;Sindpautras;EQ6;CCIT 4.0 FRONTAL H2.1;OP48;SINDPAUTRAS-SIND. PERM. AUT. TRANSP. SU;DF209;Subst. Do Display;2
01/02/2024;COT18;Sindpautras;EQ6;CCIT 4.0 FRONTAL H2.1;OP48;SINDPAUTRAS-SIND. PERM. AUT. TRANSP. SU;DF136;Subst. Da Carcaça inferior;1
01/02/2024;COT14;TURIN OURO PRETO;EQ6;CCIT 4.0 FRONTAL H2.1;OP52;VIAÇÃO TURIN OURO PRETO;DF90;Reparo com formatação e subst. FW/SW;9
01/02/2024;COT14;TURIN OURO PRETO;EQ6;CCIT 4.0 FRONTAL H2.1;OP52;VIAÇÃO TURIN OURO PRETO;DF51;Gravação BootLoader;6
01/02/2024;COT14;TURIN OURO PRETO;EQ6;CCIT 4.0 FRONTAL H2.1;OP52;VIAÇÃO TURIN OURO PRETO;DF93;Reparo no módulo;8
01/02/2024;COT14;TURIN OURO PRETO;EQ6;CCIT 4.0 FRONTAL H2.1;OP52;VIAÇÃO TURIN OURO PRETO;DF21;Atualização de FW ;3
01/02/2024;COT14;TURIN OURO PRETO;EQ6;CCIT 4.0 FRONTAL H2.1;OP52;VIAÇÃO TURIN OURO PRETO;DF306;Retirada da bateria;1
01/02/2024;COT14;TURIN OURO PRETO;EQ6;CCIT 4.0 FRONTAL H2.1;OP52;VIAÇÃO TURIN OURO PRETO;DF136;Subst. Da Carcaça inferior;1
01/02/2024;COT14;TURIN OURO PRETO;EQ6;CCIT 4.0 FRONTAL H2.1;OP52;VIAÇÃO TURIN OURO PRETO;DF209;Subst. Do Display;3
01/02/2024;COT14;TURIN OURO PRETO;EQ6;CCIT 4.0 FRONTAL H2.1;OP52;VIAÇÃO TURIN OURO PRETO;DF242;Subst. Placa Mbccit;1
01/02/2024;COT16;Via Ouro;EQ6;CCIT 4.0 FRONTAL H2.1;OP49;VIA OURO COLETIVOS LTDA;DF51;Gravação BootLoader;1
01/02/2024;COT24;GVBUS;EQ6;CCIT 4.0 FRONTAL H2.1;;;DF93;Reparo no módulo;4
01/02/2024;COT24;GVBUS;EQ6;CCIT 4.0 FRONTAL H2.1;;;DF101;Ressolda Mbccit;4
01/02/2024;COT22;Taguatur;EQ35;CCIT 4.0 FRONTAL JI21 SEM BATERIA;OP82;TAGUATUR;DF41;Envio para manutenção central-CTG;23
01/02/2024;COT23;UTB;EQ6;CCIT 4.0 FRONTAL H2.1;OP83;UTB;DF41;Envio para manutenção central-CTG;34
01/02/2024;COT1;Transfacil;EQ10;CONNECTION CCIT 4.0;;;DF278;Modificação circuito catraca;1
01/02/2024;COT1;Transfacil;EQ10;CONNECTION CCIT 4.0;;;DF21;Atualização de FW ;36
01/02/2024;COT24;GVBUS;EQ10;CONNECTION CCIT 4.0;;;DF278;Modificação circuito catraca;3
01/02/2024;COT1;Transfacil;EQ10;CONNECTION CCIT 4.0;;;DF278;Modificação circuito catraca;5
01/02/2024;COT1;Transfacil;EQ10;CONNECTION CCIT 4.0;;;DF169;Subst. De Componente eletrônico;1
01/02/2024;COT1;Transfacil;EQ10;CONNECTION CCIT 4.0;;;DF136;Subst. Da Carcaça inferior;1
01/02/2024;COT1;Transfacil;EQ10;CONNECTION CCIT 4.0;;;DF277;Subst. Da Connections;3
01/02/2024;COT1;Transfacil;EQ14;DMX200 MOD H3.1;;;DF21;Atualização de FW ;74
01/02/2024;COT12;DIVPASS;EQ13;DMX200L;OP124;DIVPASS;DF21;Atualização de FW ;7
01/02/2024;COT24;GVBUS;EQ14;DMX200 MOD H3.1;;;DF41;Envio para manutenção central-CTG;38
01/02/2024;COT3;TEU;EQ14;DMX200 MOD H3.1;;;DF21;Atualização de FW ;2
01/02/2024;COT3;TEU;EQ14;DMX200 MOD H3.1;;;DF115;Restauração da ROM via PC;2
01/02/2024;COT3;TEU;EQ14;DMX200 MOD H3.1;;;DF41;Envio para manutenção central-CTG;1
01/02/2024;COT24;GVBUS;EQ14;DMX200 MOD H3.1;;;DF21;Atualização de FW ;79
01/02/2024;COT24;GVBUS;EQ14;DMX200 MOD H3.1;;;DF292;Ressolda conector USB;43
01/02/2024;COT11;Gov. Valadares;EQ13;DMX200L;OP53;VIAÇÃO MOBI;DF21;Atualização de FW ;7
01/02/2024;COT33;FLORIANÓPOLIS;EQ15;DMX200L SEM BATERIA;;;DF115;Restauração da ROM via PC;35
01/02/2024;COT33;FLORIANÓPOLIS;EQ15;DMX200L SEM BATERIA;;;DF41;Envio para manutenção central-CTG;17
01/02/2024;COT33;FLORIANÓPOLIS;EQ15;DMX200L SEM BATERIA;;;DF21;Atualização de FW ;51
01/02/2024;COT35;TURIN CONGONHAS;EQ5;CCIT 4.0 FRONTAL;OP138;VIAÇÃO TURIN CONGONHAS;DF21;Atualização de FW ;1
01/02/2024;COT22;Taguatur PM NOVO;EQ39;DMX200L JI21 SEM BATERIA;OP82;TAGUATUR;DF41;Envio para manutenção central-CTG;34
01/02/2024;COT16;Via Ouro;EQ39;DMX200L JI21 SEM BATERIA;;;DF21;Atualização de FW ;3
01/02/2024;COT23;UTB;EQ40;DMX200L JI21 COM BATERIA;OP83;UTB;DF41;Envio para manutenção central-CTG;25
01/02/2024;COT1;Transfacil;EQ18;VH-200;;;DF21;Atualização de FW ;275
01/02/2024;COT1;Transfacil;EQ18;VH-200;;;DF37;Defeito não encontrado e subst. FW/SW;17
01/02/2024;COT3;TEU;EQ22;V3000M;;;DF21;Atualização de FW ;63
01/02/2024;COT3;TEU;EQ22;V3000M;;;DF115;Restauração da ROM via PC;65
01/02/2024;COT3;TEU;EQ26;V3000M DVR;;;DF21;Atualização de FW ;58
01/02/2024;COT3;TEU;EQ26;V3000M DVR;;;DF115;Restauração da ROM via PC;54
01/02/2024;COT24;GVBUS;EQ26;V3000M DVR;;;DF295;Jump no SD;4
01/02/2024;COT24;GVBUS;EQ26;V3000M DVR;;;DF232;Subst. Do SDCard;110
01/02/2024;COT24;GVBUS;EQ26;V3000M DVR;;;DF41;Envio para manutenção central-CTG;5
01/02/2024;COT1;Transfacil;EQ18;VH-200;;;DF169;Subst. De Componente eletrônico;46
01/02/2024;COT18;Sindpautras;EQ21;V3000L;OP48;SINDPAUTRAS-SIND. PERM. AUT. TRANSP. SU;DF21;Atualização de FW ;15
01/02/2024;COT33;FLORIANÓPOLIS;EQ26;V3000M DVR;;;DF21;Atualização de FW ;19
01/02/2024;COT33;FLORIANÓPOLIS;EQ26;V3000M DVR;;;DF113;Restaura RAM via PC;17
01/02/2024;COT33;FLORIANÓPOLIS;EQ26;V3000M DVR;;;DF41;Envio para manutenção central-CTG;6
01/02/2024;COT18;Sindpautras;EQ21;V3000L;OP48;SINDPAUTRAS-SIND. PERM. AUT. TRANSP. SU;DF232;Subst. Do SDCard;1
01/02/2024;COT3;TEU;EQ26;V3000M DVR;;;DF41;Envio para manutenção central-CTG;4
01/02/2024;COT1;Transfacil;EQ18;VH-200;;;DF214;Subst. Do Módulo do GPRS;13
01/02/2024;COT1;Transfacil;EQ18;VH-200;;;DF132;Subst. Da Bateria de Lithium;7
01/02/2024;COT1;Transfacil;EQ19;V2000;;;DF61;Limpeza e testes;8
01/02/2024;COT1;Transfacil;EQ18;VH-200;;;DF130;Subst. Da Antena WLAN;31
01/02/2024;COT1;Transfacil;EQ18;VH-200;;;DF252;Troca de Memória;1
01/02/2024;COT1;Transfacil;EQ18;VH-200;;;DF20;Atualização de data;2
01/02/2024;COT1;Transfacil;EQ18;VH-200;;;DF146;Subst. Da placa AMO;61
01/02/2024;COT1;Transfacil;EQ19;V2000;;;DF33;Defeito não encontrado - testes e liberação;5
01/02/2024;COT1;Transfacil;EQ19;V2000;;;DF266;Subst. Do cooler;1
01/02/2024;COT1;Transfacil;EQ19;V2000;;;DF46;Formatação da memória e subst. FW;7
01/02/2024;COT16;Via Ouro;EQ26;V3000M DVR;OP49;VIA OURO COLETIVOS LTDA;DF21;Atualização de FW ;1
01/02/2024;COT21;Araguarina;EQ26;V3000M DVR;OP81;VIAÇÃO ARAGUARINA;DF41;Envio para manutenção central-CTG;7
01/02/2024;COT3;TEU;EQ26;V3000M DVR;;;DF232;Subst. Do SDCard;2
01/02/2024;COT24;GVBUS;EQ33;POS MOVE 2500;;;DF41;Envio para manutenção central-CTG;8
01/02/2024;COT1;Transfacil;EQ27;UT (FTV 3000);;;DF21;Atualização de FW ;2
01/02/2024;COT2;Transcard;EQ28;ATM;OP61;Setps (Transcard);DF237;Subst. Do Validador de Notas;2
01/02/2024;COT2;Transcard;EQ28;ATM;OP61;Setps (Transcard);DF218;Subst. Do Monitor;1
01/02/2024;COT2;Transcard;EQ28;ATM;OP61;Setps (Transcard);DF143;Subst. da Impressora;1
01/02/2024;COT6;Metro-Bahia;EQ28;ATM;OP63;METRO-BAHIA;DF237;Subst. Do Validador de Notas;17
01/02/2024;COT2;Transcard;EQ28;ATM;OP61;Setps (Transcard);DF231;Subst. Do PINpad;2
01/02/2024;COT6;Metro-Bahia;EQ28;ATM;OP63;METRO-BAHIA;DF143;Subst. da Impressora;5
01/02/2024;COT2;Transcard;EQ28;ATM;OP61;Setps (Transcard);DF128;Subst. Da antena Cless;1
01/02/2024;COT2;Transcard;EQ28;ATM;OP61;Setps (Transcard);DF284;Manutenção PC ATM;2
01/02/2024;COT2;Transcard;EQ28;ATM;OP61;Setps (Transcard);DF142;Subst. Da Fonte Lambda ATM;3
01/02/2024;COT2;Transcard;EQ28;ATM;OP61;Setps (Transcard);DF236;Subst. Do Teclado de Metal Frontal;2
01/02/2024;COT6;Metro-Bahia;EQ28;ATM;OP63;METRO-BAHIA;DF67;Manutenção na Impressora;3
01/02/2024;COT6;Metro-Bahia;EQ28;ATM;OP63;METRO-BAHIA;DF228;Subst. Do PDV ATM;1
01/02/2024;COT6;Metro-Bahia;EQ28;ATM;OP63;METRO-BAHIA;DF284;Manutenção PC ATM;1
01/02/2024;COT6;Metro-Bahia;EQ28;ATM;OP63;METRO-BAHIA;DF260;Subst. HUB Serial;2
01/02/2024;COT6;Metro-Bahia;EQ28;ATM;OP63;METRO-BAHIA;DF179;Subst. Do Cabo de Comunicação da Impressora;2
01/02/2024;COT6;Metro-Bahia;EQ28;ATM;OP63;METRO-BAHIA;DF141;Subst. Da Fonte do PDV ATM;1
01/02/2024;COT6;Metro-Bahia;EQ28;ATM;OP63;METRO-BAHIA;DF236;Subst. Do Teclado de Metal Frontal;1
01/02/2024;COT6;Metro-Bahia;EQ28;ATM;OP63;METRO-BAHIA;DF218;Subst. Do Monitor;1
01/02/2024;COT2;Transcard;EQ6;CCIT 4.0 FRONTAL H2.1;;;DF113;Restaura RAM via PC;88
01/02/2024;COT2;Transcard;EQ6;CCIT 4.0 FRONTAL H2.1;;;DF114;Restaura RAM via pendrive;51
01/02/2024;COT2;Transcard;EQ6;CCIT 4.0 FRONTAL H2.1;;;DF41;Enviados para manutenção central CTG;20
01/02/2024;COT10;Metropolitano-Bahia;EQ6;CCIT 4.0 FRONTAL H2.1;OP64;METROPOLITANO SSA;DF113;Restaura RAM via PC;26
01/02/2024;COT19;SÃO JOÃO;EQ36;CCIT 4.0 FRONTAL H1 COM BATERIA;OP67;SÃO JOÃO;DF113;Restaura RAM via PC;9
01/02/2024;COT20;ROSA TURISMO;EQ36;CCIT 4.0 FRONTAL H1 COM BATERIA;OP66;ROSA TURISMO;DF41;Envio para manutenção central-CTG;1
01/02/2024;COT20;ROSA TURISMO;EQ36;CCIT 4.0 FRONTAL H1 COM BATERIA;OP66;ROSA TURISMO;DF113;Restaura RAM via PC;9
01/02/2024;COT4;Setut;EQ6;CCIT 4.0 FRONTAL H2.1;;;DF41;Envio para manutenção central-CTG;15
01/02/2024;COT7;Alagoinhas;EQ34;CCIT 4.0 FRONTAL H2.1 C SEM BATERIA;OP68;ALAGOINHAS;DF113;Restaura RAM via PC;1
01/02/2024;COT6;METRO-BAHIA;EQ6;CCIT 4.0 FRONTAL H2.1;OP63;METRO-BAHIA;DF113;Restaura RAM via PC;9
01/02/2024;COT10;Metropolitano-Bahia;EQ6;CCIT 4.0 FRONTAL H2.1;OP64;METROPOLITANO SSA;DF114;Restaura RAM via pendrive;9
01/02/2024;COT2;Transcard;EQ6;CCIT 4.0 FRONTAL H2.1;;;DF272;Subst. Do Touchscreen do módulo;33
01/02/2024;COT6;METRO-BAHIA;EQ6;CCIT 4.0 FRONTAL H2.1;OP63;METRO-BAHIA;DF41;Envio para manutenção central-CTG;3
01/02/2024;COT10;Metropolitano-Bahia;EQ6;CCIT 4.0 FRONTAL H2.1;OP64;METROPOLITANO SSA;DF41;Envio para manutenção central-CTG;3
01/02/2024;COT2;Transcard;EQ6;CCIT 4.0 FRONTAL H2.1;;;DF101;Ressolda Mbccit;8
01/02/2024;COT2;Transcard;EQ6;CCIT 4.0 FRONTAL H2.1;;;DF9;Ajuste e aperto de conexão;2
01/02/2024;COT2;Transcard;EQ6;CCIT 4.0 FRONTAL H2.1;;;DF113;Restaura RAM via PC;112
01/02/2024;COT2;Transcard;EQ6;CCIT 4.0 FRONTAL H2.1;;;DF114;Restaura RAM via pendrive;27
01/02/2024;COT2;Transcard;EQ6;CCIT 4.0 FRONTAL H2.1;;;DF209;Subst. Do Display;5
01/02/2024;COT2;Transcard;EQ6;CCIT 4.0 FRONTAL H2.1;;;DF272;Subst. Do Touchscreen do módulo;37
01/02/2024;COT2;Transcard;EQ6;CCIT 4.0 FRONTAL H2.1;;;DF41;Envio para manutenção central-CTG;28
01/02/2024;COT10;Metropolitano-Bahia;EQ6;CCIT 4.0 FRONTAL H2.1;OP64;METROPOLITANO SSA;DF272;Subst. Do Touchscreen do módulo;12
01/02/2024;COT27;Cidade das Águas;EQ6;CCIT 4.0 FRONTAL H2.1;OP128;VIAÇÃO CIDADE DAS ÁGUAS;DF113;Restaura RAM via PC;3
01/02/2024;COT19;SÃO JOÃO;EQ36;CCIT 4.0 FRONTAL H1 COM BATERIA;OP67;SÃO JOÃO;DF41;Envio para manutenção central-CTG;4
01/02/2024;COT5;METROFOR/ VLT FORTALEZA;EQ38;CCIT 4.0 METROFOR;OP105;METROFOR LINHA SUL;DF113;Restaura RAM via PC;13
01/02/2024;COT5;METROFOR/ VLT FORTALEZA;EQ38;CCIT 4.0 METROFOR;OP105;METROFOR LINHA SUL;DF88;Reparo com formatação e reinst. FW/SW;5
01/02/2024;COT5;METROFOR/ VLT FORTALEZA;EQ38;CCIT 4.0 METROFOR;OP105;METROFOR LINHA SUL;DF41;Envio para manutenção central-CTG;4
01/02/2024;COT2;Transcard;EQ10;CONNECTION CCIT 4.0;;;DF46;Formatação da memória e subst. FW;43
01/02/2024;COT19;SÃO JOÃO;EQ10;CONNECTION CCIT 4.0;OP67;SÃO JOÃO;DF50;FW Restaurado;3
01/02/2024;COT20;ROSA TURISMO;EQ10;CONNECTION CCIT 4.0;OP66;ROSA TURISMO;DF50;FW Restaurado;11
01/02/2024;COT10;Metropolitano-Bahia;EQ10;CONNECTION CCIT 4.0;OP64;METROPOLITANO SSA;DF41;Envio para manutenção central-CTG;1
01/02/2024;COT10;Metropolitano-Bahia;EQ10;CONNECTION CCIT 4.0;OP64;METROPOLITANO SSA;DF50;FW Restaurado;11
01/02/2024;COT2;Transcard;EQ10;CONNECTION CCIT 4.0;;;DF41;Envio para manutenção central-CTG;24
01/02/2024;COT27;Cidade das Águas;EQ10;CONNECTION CCIT 4.0;OP128;VIAÇÃO CIDADE DAS ÁGUAS;DF50;FW Restaurado;1
01/02/2024;COT19;SÃO JOÃO;EQ10;CONNECTION CCIT 4.0;OP67;SÃO JOÃO;DF41;Envio para manutenção central-CTG;1
01/02/2024;COT19;SÃO JOÃO;EQ39;DMX200L JI21 SEM BATERIA;OP67;SÃO JOÃO;DF115;Restauração da ROM via PC;15
01/02/2024;COT20;ROSA TURISMO;EQ39;DMX200L JI21 SEM BATERIA;OP66;ROSA TURISMO;DF115;Restauração da ROM via PC;15
01/02/2024;COT4;Setut;EQ14;DMX200 MOD H3.1;;;DF41;Envio para manutenção central-CTG;12
01/02/2024;COT25;COOTRAPS - CE;EQ14;DMX200 MOD H3.1;OP129;COOTRAPS;DF39;Enviados para manutenção central CTG;7
01/02/2024;COT25;COOTRAPS - CE;EQ14;DMX200 MOD H3.1;OP129;COOTRAPS;DF90;Reparo com formatação e subst. FW/SW;3
01/02/2024;COT2;Transcard;EQ16;PDM03;;;DF93;Reparo no módulo;5
01/02/2024;COT25;COOTRAPS - CE;EQ14;DMX200 MOD H3.1;OP129;COOTRAPS;DF298;Subst. De placa do sensor;33
01/02/2024;COT20;ROSA TURISMO;EQ39;DMX200L JI21 SEM BATERIA;OP66;ROSA TURISMO;DF41;Envio para manutenção central-CTG;1
01/02/2024;COT19;SÃO JOÃO;EQ39;DMX200L JI21 SEM BATERIA;OP67;SÃO JOÃO;DF41;Envio para manutenção central-CTG;3
01/02/2024;COT2;Transcard;EQ26;V3000M DVR;;;DF186;Subst. Do cartão SD 32 GB;16
01/02/2024;COT2;Transcard;EQ26;V3000M DVR;;;DF47;Formatação de SDCARD;19
01/02/2024;COT2;Transcard;EQ26;V3000M DVR;;;DF151;Subst. Da placa DVR;9
01/02/2024;COT2;Transcard;EQ26;V3000M DVR;;;DF41;Envio para manutenção central-CTG;3
01/02/2024;COT2;Transcard;EQ31;POS 250;;;DF46;Envio para manutenção central-CTG;1
01/02/2024;COT19;São João;EQ31;POS 250;OP67;SÃO JOÃO;DF46;Formatação da memória e subst. FW;2
01/02/2024;COT20;Rosa Turismo;EQ31;POS 250;OP66;ROSA TURISMO;DF41;Formatação da memória e subst. FW;2
01/02/2024;COT10;Metropolitano-Bahia;EQ31;POS 250;OP64;METROPOLITANO SSA;DF41;Envio para manutenção central-CTG;1
01/02/2024;COT25;COOTRAPS - CE;EQ17;FONTE PM;OP129;COOTRAPS;DF41;Envio para manutenção central-CTG;1
01/02/2024;COT25;COOTRAPS - CE;EQ17;FONTE PM;OP129;COOTRAPS;DF33;Defeito não encontrado - testes e liberação;14
01/02/2024;COT19;SÃO JOÃO;EQ17;FONTE PM;OP67;SÃO JOÃO;DF127;Subst. Conector USB;1
01/12/2023;COT22;Taguatur;EQ35;CCIT 4.0 FRONTAL H2 COM BATERIA;OP82;TAGUATUR;DF41;Envio para manutenção central-CTG;35
01/12/2023;COT23;UTB;EQ6;CCIT 4.0 FRONTAL H2.1;OP83;UTB;DF41;Envio para manutenção central-CTG;17
01/12/2023;COT21;Araguarina;EQ35;CCIT 4.0 FRONTAL H2 COM BATERIA;OP81;VIAÇÃO ARAGUARINA;DF41;Envio para manutenção central-CTG;4
01/12/2023;COT23;UTB;EQ40;DMX200L JI21 COM BATERIA;OP83;UTB;DF41;Envio para manutenção central-CTG;13
01/02/2024;COT21;Araguarina;EQ35;CCIT 4.0 FRONTAL H2 COM BATERIA;OP81;VIAÇÃO ARAGUARINA;DF41;Envio para manutenção central-CTG;3
01/03/2024;COT2;Transcard;EQ28;ATM;OP61;Setps (Transcard);DF237;Subst. Do Validador de Notas;3
01/03/2024;COT2;Transcard;EQ28;ATM;OP61;Setps (Transcard);DF218;Subst. Do Monitor;1
01/03/2024;COT2;Transcard;EQ28;ATM;OP61;Setps (Transcard);DF143;Subst. da Impressora;3
01/03/2024;COT2;Transcard;EQ28;ATM;OP61;Setps (Transcard);DF231;Subst. Do PINpad;2
01/03/2024;COT2;Transcard;EQ28;ATM;OP61;Setps (Transcard);DF284;Manutenção PC ATM;1
01/03/2024;COT2;Transcard;EQ28;ATM;OP61;Setps (Transcard);DF142;Subst. Da Fonte Lambda ATM;2
01/03/2024;COT2;Transcard;EQ28;ATM;OP61;Setps (Transcard);DF236;Subst. Do Teclado de Metal Frontal;1
01/03/2024;COT2;Transcard;EQ28;ATM;OP61;Setps (Transcard);DF228;Subst. Do PDV ATM;1
01/03/2024;COT6;Metro-Bahia;EQ28;ATM;OP63;METRO-BAHIA;DF237;Subst. Do Validador de Notas;18
01/03/2024;COT6;Metro-Bahia;EQ28;ATM;OP63;METRO-BAHIA;DF143;Subst. da Impressora;5
01/03/2024;COT6;Metro-Bahia;EQ28;ATM;OP63;METRO-BAHIA;DF67;Manutenção na Impressora;1
01/03/2024;COT6;Metro-Bahia;EQ28;ATM;OP63;METRO-BAHIA;DF228;Subst. Do PDV ATM;1
01/03/2024;COT6;Metro-Bahia;EQ28;ATM;OP63;METRO-BAHIA;DF69;Manutenção no Sensor de Porta;1
01/03/2024;COT6;Metro-Bahia;EQ28;ATM;OP63;METRO-BAHIA;DF260;Subst. HUB Serial;3
01/03/2024;COT6;Metro-Bahia;EQ28;ATM;OP63;METRO-BAHIA;DF179;Subst. Do Cabo de Comunicação da Impressora;2
01/03/2024;COT6;Metro-Bahia;EQ28;ATM;OP63;METRO-BAHIA;DF141;Subst. Da Fonte do PDV ATM;1
01/03/2024;COT6;Metro-Bahia;EQ28;ATM;OP63;METRO-BAHIA;DF236;Subst. Do Teclado de Metal Frontal;1
01/03/2024;COT6;Metro-Bahia;EQ28;ATM;OP63;METRO-BAHIA;DF218;Subst. Do Monitor;1
01/03/2024;COT1;Transfacil;EQ28;ATM;OP27;TRANSFÁCIL;DF19;ATM - defeito não confirmado;8
01/03/2024;COT1;Transfacil;EQ28;ATM;OP27;TRANSFÁCIL;DF237;Subst. Do Validador de Notas;2
01/03/2024;COT1;Transfacil;EQ28;ATM;OP27;TRANSFÁCIL;DF197;Subst. Do Cofre;2
01/03/2024;COT1;Transfacil;EQ28;ATM;OP27;TRANSFÁCIL;DF67;Manutenção na Impressora;4
01/03/2024;COT1;Transfacil;EQ28;ATM;OP27;TRANSFÁCIL;DF258;Subst. Da Cabeça de Impressão;4
01/03/2024;COT1;Transfacil;EQ28;ATM;OP27;TRANSFÁCIL;DF65;Manutenção Cofre;2
01/03/2024;COT1;Transfacil;EQ28;ATM;OP27;TRANSFÁCIL;DF316;Alinhamento do Dispenser;1
01/03/2024;COT1;Transfacil;EQ28;ATM;OP27;TRANSFÁCIL;DF284;Manutenção PC ATM;1
01/03/2024;COT1;Transfacil;EQ28;ATM;OP27;TRANSFÁCIL;DF228;Subst. Do PDV ATM;1
01/03/2024;COT24;GVBUS;EQ28;ATM;OP108;GVBUS - SIND. DAS EMP. DE TRANP. METROP. DA GRANDE VITÓRIA;DF78;PC Reiniciado;2
01/03/2024;COT24;GVBUS;EQ28;ATM;OP108;GVBUS - SIND. DAS EMP. DE TRANP. METROP. DA GRANDE VITÓRIA;DF262;Retirada de nota ATM e testes;2
01/03/2024;COT24;GVBUS;EQ28;ATM;OP108;GVBUS - SIND. DAS EMP. DE TRANP. METROP. DA GRANDE VITÓRIA;DF280;Manutenção no Validador de Notas;2
01/03/2024;COT24;GVBUS;EQ28;ATM;OP108;GVBUS - SIND. DAS EMP. DE TRANP. METROP. DA GRANDE VITÓRIA;DF87;Reparo com configuração Setup - Upex;1
01/03/2024;COT8;CBTU;EQ1;CCIT 3.0;OP47;CBTU - COMPANHIA BRASILEIRA DE TRENS URBANOS;DF21;Atualização de FW ;2
01/03/2024;COT8;CBTU;EQ1;CCIT 3.0;OP47;CBTU - COMPANHIA BRASILEIRA DE TRENS URBANOS;DF63;Lista restaurada;2
01/03/2024;COT2;Transcard;EQ6;CCIT 4.0 FRONTAL H2.1;;;DF41;Enviados para manutenção central CTG;35
01/03/2024;COT6;METRO-BAHIA;EQ6;CCIT 4.0 FRONTAL H2.1;OP64;METROPOLITANO SSA;DF41;Envio para manutenção central-CTG;1
01/03/2024;COT3;TEU;EQ36;CCIT 4.0 FRONTAL H1 COM BATERIA;;;DF41;Envio para manutenção central-CTG;5
01/03/2024;COT19;SÃO JOÃO;EQ36;CCIT 4.0 FRONTAL H1 COM BATERIA;OP67;SÃO JOÃO;DF41;Envio para manutenção central-CTG;1
01/03/2024;COT20;ROSA TURISMO;EQ36;CCIT 4.0 FRONTAL H1 COM BATERIA;OP66;ROSA TURISMO;DF41;Envio para manutenção central-CTG;1
01/03/2024;COT3;TEU;EQ36;CCIT 4.0 FRONTAL H1 COM BATERIA;;;DF60;Limpeza de cache;4
01/03/2024;COT4;Setut;EQ6;CCIT 4.0 FRONTAL H2.1;;;DF41;Envio para manutenção central-CTG;8
01/03/2024;COT6;METRO-BAHIA;EQ6;CCIT 4.0 FRONTAL H2.1;OP64;METROPOLITANO SSA;DF113;Restaura RAM via PC;7
01/03/2024;COT2;Transcard;EQ6;CCIT 4.0 FRONTAL H2.1;;;DF113;Restaura RAM via PC;103
01/03/2024;COT10;Metropolitano-Bahia;EQ6;CCIT 4.0 FRONTAL H2.1;OP64;METROPOLITANO SSA;DF113;Restaura RAM via PC;25
01/03/2024;COT20;ROSA TURISMO;EQ36;CCIT 4.0 FRONTAL H1 COM BATERIA;OP66;ROSA TURISMO;DF113;Restaura RAM via PC;1
01/03/2024;COT19;SÃO JOÃO;EQ36;CCIT 4.0 FRONTAL H1 COM BATERIA;OP67;SÃO JOÃO;DF113;Restaura RAM via PC;9
01/03/2024;COT7;Alagoinhas;EQ34;CCIT 4.0 FRONTAL H2.1 C SEM BATERIA;OP68;ALAGOINHAS;DF113;Restaura RAM via PC;2
01/03/2024;COT2;Transcard;EQ6;CCIT 4.0 FRONTAL H2.1;;;DF114;Restaura RAM via pendrive;22
01/03/2024;COT3;TEU;EQ36;CCIT 4.0 FRONTAL H1 COM BATERIA;;;DF115;Restauração da ROM via PC;186
01/03/2024;COT3;TEU;EQ36;CCIT 4.0 FRONTAL H1 COM BATERIA;;;DF136;Subst. Da Bateria de Lithium;1
01/03/2024;COT2;Transcard;EQ6;CCIT 4.0 FRONTAL H2.1;;;DF272;Subst. Do Touchscreen do módulo;52
01/03/2024;COT10;Metropolitano-Bahia;EQ6;CCIT 4.0 FRONTAL H2.1;OP64;METROPOLITANO SSA;DF272;Subst. Do Touchscreen do módulo;5
01/03/2024;COT7;Alagoinhas;EQ34;CCIT 4.0 FRONTAL H2.1 C SEM BATERIA;OP68;ALAGOINHAS;DF286;Subst. Tela;4
01/03/2024;COT3;TEU;EQ36;CCIT 4.0 FRONTAL H1 COM BATERIA;;;DF132;Substituição do SD card;12
01/03/2024;COT4;Setut;EQ6;CCIT 4.0 FRONTAL H2.1;;;DF60;Limpeza de cache;1
01/03/2024;COT5;METROFOR/ VLT FORTALEZA;EQ38;CCIT 4.0 METROFOR;OP105;METROFOR LINHA SUL;DF113;Restaura RAM via PC;7
01/03/2024;COT5;METROFOR/ VLT FORTALEZA;EQ38;CCIT 4.0 METROFOR;OP105;METROFOR LINHA SUL;DF88;Reparo com formatação e reinst. FW/SW;3
01/03/2024;COT5;METROFOR/ VLT FORTALEZA;EQ38;CCIT 4.0 METROFOR;OP105;METROFOR LINHA SUL;DF286;Subst. Tela;2
01/03/2024;COT1;Transfacil;EQ6;CCIT 4.0 FRONTAL H2.1;;;DF21;Atualização de FW ;164
01/03/2024;COT1;Transfacil;EQ6;CCIT 4.0 FRONTAL H2.1;OP13;Estações BRT Move;DF21;Atualização de FW ;33
01/03/2024;COT1;Transfacil;EQ6;CCIT 4.0 FRONTAL H2.1;;;DF93;Reparo no módulo;177
01/03/2024;COT1;Transfacil;EQ6;CCIT 4.0 FRONTAL H2.1;OP13;Estações BRT Move;DF322;Restore do módulo;36
01/03/2024;COT1;Transfacil;EQ6;CCIT 4.0 FRONTAL H2.1;OP13;Estações BRT Move;DF306;Retirada da bateria;3
01/03/2024;COT1;Transfacil;EQ6;CCIT 4.0 FRONTAL H2.1;;;DF306;Retirada da bateria;4
01/03/2024;COT1;Transfacil;EQ6;CCIT 4.0 FRONTAL H2.1;;;DF131;Subst. Da Antena Wlan do CCIT;2
01/03/2024;COT1;Transfacil;EQ6;CCIT 4.0 FRONTAL H2.1;;;DF136;Subst. Da Carcaça inferior;6
01/03/2024;COT1;Transfacil;EQ6;CCIT 4.0 FRONTAL H2.1;;;DF210;Subst. Do Display CCIT;12
01/03/2024;COT1;Transfacil;EQ6;CCIT 4.0 FRONTAL H2.1;OP13;Estações BRT Move;DF210;Subst. Do Display CCIT;2
01/03/2024;COT1;Transfacil;EQ6;CCIT 4.0 FRONTAL H2.1;;;DF216;Subst. Do Módulo H2;19
01/03/2024;COT1;Transfacil;EQ6;CCIT 4.0 FRONTAL H2.1;;;DF272;Subst. Do Touchscreen do módulo;11
01/03/2024;COT1;Transfacil;EQ6;CCIT 4.0 FRONTAL H2.1;;;DF238;Subst. Do Vidro CCIT V4.0;4
01/03/2024;COT1;Transfacil;EQ6;CCIT 4.0 FRONTAL H2.1;;;DF63;Lista restaurada;174
01/03/2024;COT1;Transfacil;EQ6;CCIT 4.0 FRONTAL H2.1;;;DF242;Subst. Placa Mbccit;5
01/03/2024;COT1;Transfacil;EQ6;CCIT 4.0 FRONTAL H2.1;;;DF211;Subst. Do Equipamento completo;12
01/03/2024;COT1;Transfacil;EQ6;CCIT 4.0 FRONTAL H2.1;;;DF51;Gravação BootLoader;49
01/03/2024;COT1;Transfacil;EQ6;CCIT 4.0 FRONTAL H2.1;;;DF91;Reparo com Gravação de PIC e reinst. Do FW;20
01/03/2024;COT1;Transfacil;EQ6;CCIT 4.0 FRONTAL H2.1;;;DF20;Atualização de data;9
01/03/2024;COT1;Transfacil;EQ6;CCIT 4.0 FRONTAL H2.1;;;DF9;Ajuste e aperto de conexão;3
01/03/2024;COT1;Transfacil;EQ6;CCIT 4.0 FRONTAL H2.1;;;DF76;Não lê cartão;1
01/03/2024;COT1;Transfacil;EQ6;CCIT 4.0 FRONTAL H2.1;OP13;Estações BRT Move;DF63;Lista restaurada;37
01/03/2024;COT1;Transfacil;EQ6;CCIT 4.0 FRONTAL H2.1;OP13;Estações BRT Move;DF51;Gravação BootLoader;12
01/03/2024;COT1;Transfacil;EQ6;CCIT 4.0 FRONTAL H2.1;OP13;Estações BRT Move;DF26;Atualização do PIC;1
01/03/2024;COT1;Transfacil;EQ6;CCIT 4.0 FRONTAL H2.1;OP13;Estações BRT Move;DF276;Subst. Placa do Módulo;4
01/03/2024;COT1;Transfacil;EQ6;CCIT 4.0 FRONTAL H2.1;OP13;Estações BRT Move;DF136;Subst. Da Carcaça inferior;2
01/03/2024;COT1;Transfacil;EQ6;CCIT 4.0 FRONTAL H2.1;OP13;Estações BRT Move;DF20;Atualização de data;2
01/03/2024;COT1;Transfacil;EQ6;CCIT 4.0 FRONTAL H2.1;OP13;Estações BRT Move;DF272;Subst. Do Touchscreen do módulo;3
01/03/2024;COT1;Transfacil;EQ6;CCIT 4.0 FRONTAL H2.1;OP13;Estações BRT Move;DF238;Subst. Do Vidro CCIT V4.0;1
01/03/2024;COT1;Transfacil;EQ6;CCIT 4.0 FRONTAL H2.1;OP13;Estações BRT Move;DF211;Subst. Do Equipamento completo;1
01/03/2024;COT18;Sindpautras;EQ6;CCIT 4.0 FRONTAL H2.1;OP48;SINDPAUTRAS-SIND. PERM. AUT. TRANSP. SU;DF51;Gravação BootLoader;9
01/03/2024;COT18;Sindpautras;EQ6;CCIT 4.0 FRONTAL H2.1;OP48;SINDPAUTRAS-SIND. PERM. AUT. TRANSP. SU;DF63;Lista restaurada;11
01/03/2024;COT18;Sindpautras;EQ6;CCIT 4.0 FRONTAL H2.1;OP48;SINDPAUTRAS-SIND. PERM. AUT. TRANSP. SU;DF88;Reparo com formatação e reinst. FW/SW;5
01/03/2024;COT18;Sindpautras;EQ6;CCIT 4.0 FRONTAL H2.1;OP48;SINDPAUTRAS-SIND. PERM. AUT. TRANSP. SU;DF93;Reparo no módulo;11
01/03/2024;COT18;Sindpautras;EQ6;CCIT 4.0 FRONTAL H2.1;OP48;SINDPAUTRAS-SIND. PERM. AUT. TRANSP. SU;DF272;Subst. Do Touchscreen do módulo;1
01/03/2024;COT18;Sindpautras;EQ6;CCIT 4.0 FRONTAL H2.1;OP48;SINDPAUTRAS-SIND. PERM. AUT. TRANSP. SU;DF26;Atualização do PIC;4
01/03/2024;COT18;Sindpautras;EQ6;CCIT 4.0 FRONTAL H2.1;OP48;SINDPAUTRAS-SIND. PERM. AUT. TRANSP. SU;DF9;Ajuste e aperto de conexão;1
01/03/2024;COT18;Sindpautras;EQ6;CCIT 4.0 FRONTAL H2.1;OP48;SINDPAUTRAS-SIND. PERM. AUT. TRANSP. SU;DF211;Subst. Do Equipamento completo;2
01/03/2024;COT18;Sindpautras;EQ6;CCIT 4.0 FRONTAL H2.1;OP48;SINDPAUTRAS-SIND. PERM. AUT. TRANSP. SU;DF76;Não lê cartão;1
01/03/2024;COT16;Via Ouro;EQ6;CCIT 4.0 FRONTAL H2.1;OP49;VIA OURO COLETIVOS LTDA;DF51;Gravação BootLoader;1
01/03/2024;COT16;Via Ouro;EQ6;CCIT 4.0 FRONTAL H2.1;OP49;VIA OURO COLETIVOS LTDA;DF63;Lista restaurada;2
01/03/2024;COT16;Via Ouro;EQ6;CCIT 4.0 FRONTAL H2.1;OP49;VIA OURO COLETIVOS LTDA;DF90;Reparo com formatação e subst. FW/SW;1
01/03/2024;COT16;Via Ouro;EQ6;CCIT 4.0 FRONTAL H2.1;OP49;VIA OURO COLETIVOS LTDA;DF93;Reparo no módulo;2
01/03/2024;COT16;Via Ouro;EQ6;CCIT 4.0 FRONTAL H2.1;OP49;VIA OURO COLETIVOS LTDA;DF272;Subst. Do Touchscreen do módulo;2
01/03/2024;COT11;Gov. Valadares;EQ6;CCIT 4.0 FRONTAL H2.1;OP53;VIAÇÃO MOBI;DF88;Reparo com formatação e reinst. FW/SW;4
01/03/2024;COT11;Gov. Valadares;EQ6;CCIT 4.0 FRONTAL H2.1;OP53;VIAÇÃO MOBI;DF93;Reparo no módulo;8
01/03/2024;COT11;Gov. Valadares;EQ6;CCIT 4.0 FRONTAL H2.1;OP53;VIAÇÃO MOBI;DF210;Subst. Do Display CCIT;1
01/03/2024;COT11;Gov. Valadares;EQ6;CCIT 4.0 FRONTAL H2.1;OP53;VIAÇÃO MOBI;DF51;Gravação BootLoader;5
01/03/2024;COT11;Gov. Valadares;EQ6;CCIT 4.0 FRONTAL H2.1;OP53;VIAÇÃO MOBI;DF63;Lista restaurada;7
01/03/2024;COT11;Gov. Valadares;EQ6;CCIT 4.0 FRONTAL H2.1;OP53;VIAÇÃO MOBI;DF136;Subst. Da Carcaça inferior;1
01/03/2024;COT11;Gov. Valadares;EQ6;CCIT 4.0 FRONTAL H2.1;OP53;VIAÇÃO MOBI;DF306;Retirada da bateria;2
01/03/2024;COT12;DIVPASS;EQ6;CCIT 4.0 FRONTAL H2.1;OP124;DIVPASS;DF51;Gravação BootLoader;8
01/03/2024;COT12;DIVPASS;EQ6;CCIT 4.0 FRONTAL H2.1;OP124;DIVPASS;DF63;Lista restaurada;13
01/03/2024;COT12;DIVPASS;EQ6;CCIT 4.0 FRONTAL H2.1;OP124;DIVPASS;DF93;Reparo com formatação e reinst. FW/SW;13
01/03/2024;COT12;DIVPASS;EQ6;CCIT 4.0 FRONTAL H2.1;OP124;DIVPASS;DF93;Reparo no módulo;15
01/03/2024;COT12;DIVPASS;EQ6;CCIT 4.0 FRONTAL H2.1;OP124;DIVPASS;DF216;Subst. Do Módulo H2;2
01/03/2024;COT12;DIVPASS;EQ6;CCIT 4.0 FRONTAL H2.1;OP124;DIVPASS;DF272;Subst. Do Touchscreen do módulo;2
01/03/2024;COT12;DIVPASS;EQ6;CCIT 4.0 FRONTAL H2.1;OP124;DIVPASS;DF26;Atualização do PIC;2
01/03/2024;COT12;DIVPASS;EQ6;CCIT 4.0 FRONTAL H2.1;OP124;DIVPASS;DF238;Subst. Do Vidro CCIT V4.0;1
01/03/2024;COT12;DIVPASS;EQ6;CCIT 4.0 FRONTAL H2.1;OP124;DIVPASS;DF306;Retirada da bateria;1
01/03/2024;COT12;DIVPASS;EQ6;CCIT 4.0 FRONTAL H2.1;OP124;DIVPASS;DF211;Subst. Do Equipamento completo;2
01/03/2024;COT12;DIVPASS;EQ6;CCIT 4.0 FRONTAL H2.1;OP124;DIVPASS;DF210;Subst. Do Display CCIT;1
01/03/2024;COT35;TURIN CONGONHAS;EQ5;CCIT 4.0 FRONTAL;OP138;VIAÇÃO TURIN CONGONHAS;DF21;Atualização de FW ;1
01/03/2024;COT35;TURIN CONGONHAS;EQ5;CCIT 4.0 FRONTAL;OP138;VIAÇÃO TURIN CONGONHAS;DF51;Gravação BootLoader;1
01/03/2024;COT35;TURIN CONGONHAS;EQ5;CCIT 4.0 FRONTAL;OP138;VIAÇÃO TURIN CONGONHAS;DF63;Lista restaurada;1
01/03/2024;COT35;TURIN CONGONHAS;EQ5;CCIT 4.0 FRONTAL;OP138;VIAÇÃO TURIN CONGONHAS;DF322;Restore do módulo;1
01/03/2024;COT22;Taguatur;EQ35;CCIT 4.0 FRONTAL H2 COM BATERIA;OP82;TAGUATUR;DF41;Envio para manutenção central-CTG;22
01/03/2024;COT23;UTB;EQ6;CCIT 4.0 FRONTAL H2.1;OP83;UTB;DF41;Envio para manutenção central-CTG;24
01/03/2024;COT33;FLORIANÓPOLIS;EQ8;CCIT 4.0 FRONTAL JI21 SEM BATERIA;;;DF21;Atualização de FW ;12
01/03/2024;COT33;FLORIANÓPOLIS;EQ8;CCIT 4.0 FRONTAL JI21 SEM BATERIA;;;DF41;Envio para manutenção central-CTG;10
01/03/2024;COT33;FLORIANÓPOLIS;EQ8;CCIT 4.0 FRONTAL JI21 SEM BATERIA;;;DF115;Restauração da ROM via PC;5
01/03/2024;COT24;GVBUS;EQ6;CCIT 4.0 FRONTAL H2.1;;;DF21;Atualização de FW ;21
01/03/2024;COT24;GVBUS;EQ6;CCIT 4.0 FRONTAL H2.1;;;DF41;Envio para manutenção central-CTG;28
01/03/2024;COT24;GVBUS;EQ6;CCIT 4.0 FRONTAL H2.1;;;DF89;Reparo com Formatação e Subst. De FW;133
01/03/2024;COT2;Transcard;EQ10;CONNECTION CCIT 4.0;;;DF46;Formatação da memória e subst. FW;40
01/03/2024;COT2;Transcard;EQ10;CONNECTION CCIT 4.0;;;DF41;Envio para manutenção central-CTG;24
01/03/2024;COT10;Metropolitano-Bahia;EQ10;CONNECTION CCIT 4.0;OP64;METROPOLITANO SSA;DF41;Envio para manutenção central-CTG;4
01/03/2024;COT10;Metropolitano-Bahia;EQ10;CONNECTION CCIT 4.0;OP64;METROPOLITANO SSA;DF50;FW Restaurado;4
01/03/2024;COT19;SÃO JOÃO;EQ10;CONNECTION CCIT 4.0;OP67;SÃO JOÃO;DF50;FW Restaurado;3
01/03/2024;COT19;SÃO JOÃO;EQ10;CONNECTION CCIT 4.0;OP67;SÃO JOÃO;DF41;Envio para manutenção central-CTG;1
01/03/2024;COT19;ROSA TURISMO;EQ10;CONNECTION CCIT 4.0;OP66;ROSA TURISMO;DF50;FW Restaurado;5
01/03/2024;COT19;ROSA TURISMO;EQ10;CONNECTION CCIT 4.0;OP66;ROSA TURISMO;DF41;Envio para manutenção central-CTG;1
01/03/2024;COT1;Transfacil;EQ10;CONNECTION CCIT 4.0;;;DF21;Atualização de FW ;22
01/03/2024;COT1;Transfacil;EQ10;CONNECTION CCIT 4.0;;;DF278;Modificação circuito catraca;3
01/03/2024;COT1;Transfacil;EQ10;CONNECTION CCIT 4.0;;;DF169;Subst. De Componente eletrônico;1
01/03/2024;COT1;Transfacil;EQ10;CONNECTION CCIT 4.0;;;DF26;Atualização do PIC;31
01/03/2024;COT1;Transfacil;EQ10;CONNECTION CCIT 4.0;;;DF51;Gravação BootLoader;9
01/03/2024;COT1;Transfacil;EQ10;CONNECTION CCIT 4.0;;;DF61;Limpeza e testes;1
01/03/2024;COT1;Transfacil;EQ10;CONNECTION CCIT 4.0;;;DF279;Modificado para Módulo JI21;1
01/03/2024;COT1;Transfacil;EQ10;CONNECTION CCIT 4.0;;;DF256;Substituição de fusível;1
01/03/2024;COT1;Transfacil;EQ10;CONNECTION CCIT 4.0;;;DF76;Não lê cartão;1
01/03/2024;COT1;Transfacil;EQ10;CONNECTION CCIT 4.0;;;DF211;Subst. Do Equipamento completo;2
01/03/2024;COT24;GVBUS;EQ10;CONNECTION CCIT 4.0;;;DF278;Modificação circuito catraca;23
01/03/2024;COT24;GVBUS;EQ10;CONNECTION CCIT 4.0;;;DF41;Envio para manutenção central-CTG;5
01/03/2024;COT3;TEU;EQ14;DMX200 MOD H3.1;;;DF21;Atualização de FW ;1
01/03/2024;COT3;TEU;EQ14;DMX200 MOD H3.1;;;DF115;Restauração da ROM via PC;1
01/03/2024;COT3;TEU;EQ14;DMX200 MOD H3.1;;;DF41;Envio para manutenção central-CTG;5
01/03/2024;COT2;Transcard;EQ16;PDM03;;;DF117;Restauração de módulos via PC e/ou SdCard;3
01/03/2024;COT2;Transcard;EQ16;PDM03;;;DF41;Envio para manutenção central-CTG;2
01/03/2024;COT19;SÃO JOÃO;EQ39;DMX200L JI21 SEM BATERIA;OP67;SÃO JOÃO;DF115;Restauração da ROM via PC;6
01/03/2024;COT20;ROSA TURISMO;EQ39;DMX200L JI21 SEM BATERIA;OP66;ROSA TURISMO;DF115;Restauração da ROM via PC;6
01/03/2024;COT20;ROSA TURISMO;EQ39;DMX200L JI21 SEM BATERIA;OP66;ROSA TURISMO;DF41;Envio para manutenção central-CTG;2
01/03/2024;COT19;SÃO JOÃO;EQ39;DMX200L JI21 SEM BATERIA;OP67;SÃO JOÃO;DF41;Envio para manutenção central-CTG;2
01/03/2024;COT4;Setut;EQ14;DMX200 MOD H3.1;;;DF41;Envio para manutenção central-CTG;18
01/03/2024;COT25;COOTRAPS - CE;EQ14;DMX200 MOD H3.1;OP129;COOTRAPS;DF39;Enviados para manutenção central CTG;15
01/03/2024;COT25;COOTRAPS - CE;EQ14;DMX200 MOD H3.1;OP129;COOTRAPS;DF90;Reparo com formatação e subst. FW/SW;12
01/03/2024;COT25;COOTRAPS - CE;EQ14;DMX200 MOD H3.1;OP129;COOTRAPS;DF298;Subst. De placa do sensor;7
01/03/2024;COT1;Transfacil;EQ14;DMX200 MOD H3.1;;;DF21;Atualização de FW ;84
01/03/2024;COT16;Via Ouro;EQ39;DMX200L JI21 SEM BATERIA;;;DF21;Atualização de FW ;6
01/03/2024;COT12;DIVPASS;EQ13;DMX200L;OP124;DIVPASS;DF21;Atualização de FW ;12
01/03/2024;COT35;TURIN CONGONHAS;EQ5;CCIT 4.0 FRONTAL;OP138;VIAÇÃO TURIN CONGONHAS;DF21;Atualização de FW ;1
01/03/2024;COT22;Taguatur PM NOVO;EQ39;DMX200L JI21 SEM BATERIA;OP82;TAGUATUR;DF41;Envio para manutenção central-CTG;41
01/03/2024;COT23;UTB;EQ40;DMX200L JI21 COM BATERIA;OP83;UTB;DF41;Envio para manutenção central-CTG;36
01/03/2024;COT33;FLORIANÓPOLIS;EQ15;DMX200L SEM BATERIA;;;DF115;Restauração da ROM via PC;22
01/03/2024;COT33;FLORIANÓPOLIS;EQ15;DMX200L SEM BATERIA;;;DF41;Envio para manutenção central-CTG;14
01/03/2024;COT33;FLORIANÓPOLIS;EQ15;DMX200L SEM BATERIA;;;DF21;Atualização de FW ;26
01/03/2024;COT24;GVBUS;EQ14;DMX200 MOD H3.1;;;DF41;Envio para manutenção central-CTG;37
01/03/2024;COT24;GVBUS;EQ14;DMX200 MOD H3.1;;;DF21;Atualização de FW ;68
01/03/2024;COT24;GVBUS;EQ14;DMX200 MOD H3.1;;;DF292;Ressolda conector USB;39
01/03/2024;COT24;GVBUS;EQ14;DMX200 MOD H3.1;;;DF322;Restore do módulo;14
01/03/2024;COT3;TEU;EQ22;V3000M;;;DF21;Atualização de FW ;46
01/03/2024;COT3;TEU;EQ22;V3000M;;;DF115;Restauração da ROM via PC;47
01/03/2024;COT3;TEU;EQ22;V3000M;;;DF41;Envio para manutenção central-CTG;5
01/03/2024;COT3;TEU;EQ22;V3000M;;;DF232;Subst. Do SDCard;6
01/03/2024;COT3;TEU;EQ22;V3000M;;;DF52;Gravação Supervisor;1
01/03/2024;COT3;TEU;EQ26;V3000M DVR;;;DF21;Atualização de FW ;14
01/03/2024;COT3;TEU;EQ26;V3000M DVR;;;DF115;Restauração da ROM via PC;9
01/03/2024;COT3;TEU;EQ26;V3000M DVR;;;DF41;Envio para manutenção central-CTG;5
01/03/2024;COT3;TEU;EQ26;V3000M DVR;;;DF232;Subst. Do SDCard;3
01/03/2024;COT2;Transcard;EQ26;V3000M DVR;;;DF186;Subst. Do cartão SD 32 GB;14
01/03/2024;COT2;Transcard;EQ26;V3000M DVR;;;DF47;Formatação de SDCARD;18
01/03/2024;COT2;Transcard;EQ26;V3000M DVR;;;DF151;Subst. Da placa DVR;3
01/03/2024;COT2;Transcard;EQ26;V3000M DVR;;;DF41;Envio para manutenção central-CTG;1
01/03/2024;COT1;Transfacil;EQ18;VH-200;;;DF61;Limpeza e testes;1
01/03/2024;COT1;Transfacil;EQ18;VH-200;;;DF256;Substituição de fusível;1
01/03/2024;COT1;Transfacil;EQ18;VH-200;;;DF200;Subst. do Conector BNC (VH200);1
01/03/2024;COT1;Transfacil;EQ18;VH-200;;;DF234;Subst. Do SIMCARD (chip GPRS);2
01/03/2024;COT1;Transfacil;EQ18;VH-200;;;DF37;Defeito não encontrado e subst. FW/SW;3
01/03/2024;COT1;Transfacil;EQ19;V2000;;;DF61;Limpeza e testes;9
01/03/2024;COT1;Transfacil;EQ18;VH-200;;;DF132;Subst. Da Bateria de Lithium;3
01/03/2024;COT1;Transfacil;EQ18;VH-200;;;DF214;Subst. Do Módulo do GPRS;4
01/03/2024;COT1;Transfacil;EQ18;VH-200;;;DF211;Subst. Do Equipamento completo;4
01/03/2024;COT1;Transfacil;EQ18;VH-200;;;DF46;Formatação da memória e subst. FW;4
01/03/2024;COT1;Transfacil;EQ19;V2000;;;DF46;Formatação da memória e subst. FW;9
01/03/2024;COT1;Transfacil;EQ18;VH-200;;;DF9;Ajuste e aperto de conexão;6
01/03/2024;COT1;Transfacil;EQ18;VH-200;;;DF247;Subst.Do SDCARD;7
01/03/2024;COT1;Transfacil;EQ18;VH-200;;;DF130;Subst. Da Antena WLAN;13
01/03/2024;COT1;Transfacil;EQ18;VH-200;;;DF182;Subst. Do Cabo Sata;17
01/03/2024;COT1;Transfacil;EQ18;VH-200;;;DF198;Subst. Do componente eletrônico;18
01/03/2024;COT1;Transfacil;EQ18;VH-200;;;DF245;Subst. Terminal Block;27
01/03/2024;COT1;Transfacil;EQ18;VH-200;;;DF187;Subst. Do cartão SD/HD;30
01/03/2024;COT1;Transfacil;EQ18;VH-200;;;DF321;Subst. Antena GPRS;31
01/03/2024;COT1;Transfacil;EQ18;VH-200;;;DF165;Subst. Da Placa-mãe;40
01/03/2024;COT1;Transfacil;EQ18;VH-200;;;DF21;Atualização de FW ;77
01/03/2024;COT1;Transfacil;EQ18;VH-200;;;DF108;Ressolda no circuito da placa-mãe;152
01/03/2024;COT18;Sindpautras;EQ21;V3000L;OP48;SINDPAUTRAS-SIND. PERM. AUT. TRANSP. SU;DF21;Atualização de FW ;6
01/03/2024;COT18;Sindpautras;EQ21;V3000L;OP48;SINDPAUTRAS-SIND. PERM. AUT. TRANSP. SU;DF211;Subst. Do Equipamento completo;1
01/03/2024;COT16;Via Ouro;EQ26;V3000M DVR;OP49;VIA OURO COLETIVOS LTDA;DF21;Atualização de FW ;3
01/03/2024;COT16;Via Ouro;EQ26;V3000M DVR;OP49;VIA OURO COLETIVOS LTDA;DF21;Atualização de FW ;3
01/03/2024;COT16;Via Ouro;EQ26;V3000M DVR;OP49;VIA OURO COLETIVOS LTDA;DF161;Subst. Da placa M3;3
01/03/2024;COT33;FLORIANÓPOLIS;EQ26;V3000M DVR;;;DF21;Atualização de FW ;68
01/03/2024;COT33;FLORIANÓPOLIS;EQ26;V3000M DVR;;;DF113;Restaura RAM via PC;40
01/03/2024;COT33;FLORIANÓPOLIS;EQ26;V3000M DVR;;;DF41;Envio para manutenção central-CTG;3
01/03/2024;COT24;GVBUS;EQ26;V3000M DVR;;;DF46;Formatação da memória e subst. FW;81
01/03/2024;COT24;GVBUS;EQ26;V3000M DVR;;;DF41;Envio para manutenção central-CTG;22
01/03/2024;COT2;Transcard;EQ31;POS 250;;;DF46;Envio para manutenção central-CTG;10
01/03/2024;COT2;Transcard;EQ31;POS 250;;;DF46;Formatação da memória e subst. FW;7
01/03/2024;COT10;Metropolitano-Bahia;EQ31;POS 250;OP64;METROPOLITANO SSA;DF41;Envio para manutenção central-CTG;0
01/03/2024;COT1;Transfacil;EQ27;UT (FTV 3000);;;DF21;Atualização de FW ;1
01/03/2024;COT1;Transfacil;EQ27;UT (FTV 3000);;;DF198;Subst. Do componente eletrônico;5
01/03/2024;COT25;COOTRAPS - CE;EQ17;FONTE PM;OP129;COOTRAPS;DF33;Defeito não encontrado - testes e liberação;2
01/03/2024;COT25;COOTRAPS - CE;EQ17;FONTE PM;OP129;COOTRAPS;DF41;Envio para manutenção central-CTG;2
01/04/2024;COT24;GVBUS;EQ28;ATM;OP108;GVBUS - SIND. DAS EMP. DE TRANP. METROP. DA GRANDE VITÓRIA;DF262;Retirada de nota ATM e testes;2
01/04/2024;COT24;GVBUS;EQ28;ATM;OP108;GVBUS - SIND. DAS EMP. DE TRANP. METROP. DA GRANDE VITÓRIA;DF74;Não emite Recibo;1
01/04/2024;COT24;GVBUS;EQ28;ATM;OP108;GVBUS - SIND. DAS EMP. DE TRANP. METROP. DA GRANDE VITÓRIA;DF87;Reparo com configuração Setup - Upex;3
01/04/2024;COT2;Transcard;EQ28;ATM;OP61;Setps (Transcard);DF237;Subst. Do Validador de Notas;5
01/04/2024;COT2;Transcard;EQ28;ATM;OP61;Setps (Transcard);DF143;Subst. da Impressora;4
01/04/2024;COT2;Transcard;EQ28;ATM;OP61;Setps (Transcard);DF231;Subst. Do PINpad;3
01/04/2024;COT2;Transcard;EQ28;ATM;OP61;Setps (Transcard);DF284;Manutenção PC ATM;4
01/04/2024;COT2;Transcard;EQ28;ATM;OP61;Setps (Transcard);DF228;Subst. Do PDV ATM;2
01/04/2024;COT6;Metro-Bahia;EQ28;ATM;OP63;METRO-BAHIA;DF237;Subst. Do Validador de Notas;11
01/04/2024;COT6;Metro-Bahia;EQ28;ATM;OP63;METRO-BAHIA;DF143;Subst. da Impressora;9
01/04/2024;COT6;Metro-Bahia;EQ28;ATM;OP63;METRO-BAHIA;DF67;Manutenção na Impressora;1
01/04/2024;COT6;Metro-Bahia;EQ28;ATM;OP63;METRO-BAHIA;DF228;Subst. Do PDV ATM;2
01/04/2024;COT6;Metro-Bahia;EQ28;ATM;OP63;METRO-BAHIA;DF260;Subst. HUB Serial;3
01/04/2024;COT6;Metro-Bahia;EQ28;ATM;OP63;METRO-BAHIA;DF141;Subst. Da Fonte do PDV ATM;1
01/04/2024;COT6;Metro-Bahia;EQ28;ATM;OP63;METRO-BAHIA;DF236;Subst. Do Teclado de Metal Frontal;2
01/04/2024;COT6;Metro-Bahia;EQ28;ATM;OP63;METRO-BAHIA;DF218;Subst. Do Monitor;2
01/04/2024;COT1;Transfacil;EQ28;ATM;OP27;TRANSFÁCIL;DF67;Manutenção na Impressora;1
01/04/2024;COT1;Transfacil;EQ28;ATM;OP27;TRANSFÁCIL;DF228;Subst. Do PDV ATM;1
01/04/2024;COT1;Transfacil;EQ28;ATM;OP27;TRANSFÁCIL;DF140;Subst. Da Fechadura Tetra Chave;1
01/04/2024;COT1;Transfacil;EQ28;ATM;OP27;TRANSFÁCIL;DF132;Subst. Da Bateria de Lithium;1
01/04/2024;COT1;Transfacil;EQ28;ATM;OP27;TRANSFÁCIL;DF266;Subst. Do cooler;1
01/04/2024;COT1;Transfacil;EQ28;ATM;OP27;TRANSFÁCIL;DF218;Subst. Do Monitor;1
01/04/2024;COT1;Transfacil;EQ28;ATM;OP27;TRANSFÁCIL;DF283;Subst. Tampa Plastico Validador de Notas;1
01/04/2024;COT1;Transfacil;EQ28;ATM;OP27;TRANSFÁCIL;DF258;Subst. Da Cabeça de Impressão;2
01/04/2024;COT1;Transfacil;EQ28;ATM;OP27;TRANSFÁCIL;DF212;Subst. Do HD;2
01/04/2024;COT1;Transfacil;EQ28;ATM;OP27;TRANSFÁCIL;DF10;Ajuste mecânico fechadura Porta Interna;2
01/04/2024;COT1;Transfacil;EQ28;ATM;OP27;TRANSFÁCIL;DF284;Manutenção PC ATM;3
01/04/2024;COT1;Transfacil;EQ28;ATM;OP27;TRANSFÁCIL;DF142;Subst. Da Fonte Lambda ATM;3
01/04/2024;COT1;Transfacil;EQ28;ATM;OP27;TRANSFÁCIL;DF207;Subst. Do Conversor Serial;3
01/04/2024;COT1;Transfacil;EQ28;ATM;OP27;TRANSFÁCIL;DF237;Subst. Do Validador de Notas;5
01/04/2024;COT1;Transfacil;EQ28;ATM;OP27;TRANSFÁCIL;DF19;ATM - defeito não confirmado;6
01/04/2024;COT13;Mariana;EQ5;CCIT 4.0 FRONTAL;OP54;TRANSCOTTA MARIANA MG;DF51;Gravação BootLoader;1
01/04/2024;COT13;Mariana;EQ5;CCIT 4.0 FRONTAL;OP54;TRANSCOTTA MARIANA MG;DF63;Lista restaurada;1
01/04/2024;COT13;Mariana;EQ5;CCIT 4.0 FRONTAL;OP54;TRANSCOTTA MARIANA MG;DF93;Reparo no módulo;1
01/04/2024;COT13;Mariana;EQ5;CCIT 4.0 FRONTAL;OP54;TRANSCOTTA MARIANA MG;DF91;Reparo com Gravação de PIC e reinst. Do FW;1
01/04/2024;COT13;Mariana;EQ5;CCIT 4.0 FRONTAL;OP54;TRANSCOTTA MARIANA MG;DF136;Subst. Da Carcaça inferior;1
01/04/2024;COT24;GVBUS;EQ6;CCIT 4.0 FRONTAL H2.1;;;DF41;Envio para manutenção central-CTG;53
01/04/2024;COT24;GVBUS;EQ6;CCIT 4.0 FRONTAL H2.1;;;DF322;Restore do módulo;146
01/04/2024;COT2;Transcard;EQ6;CCIT 4.0 FRONTAL H2.1;;;DF41;Enviados para manutenção central CTG;40
01/04/2024;COT2;Transcard;EQ6;CCIT 4.0 FRONTAL H2.1;;;DF113;Restaura RAM via PC;94
01/04/2024;COT2;Transcard;EQ6;CCIT 4.0 FRONTAL H2.1;;;DF114;Restaura RAM via pendrive;34
01/04/2024;COT2;Transcard;EQ6;CCIT 4.0 FRONTAL H2.1;;;DF272;Subst. Do Touchscreen do módulo;36
01/04/2024;COT6;METRO-BAHIA;EQ6;CCIT 4.0 FRONTAL H2.1;OP64;METROPOLITANO SSA;DF113;Restaura RAM via PC;16
01/04/2024;COT6;METRO-BAHIA;EQ6;CCIT 4.0 FRONTAL H2.1;OP64;METROPOLITANO SSA;DF41;Envio para manutenção central-CTG;3
01/04/2024;COT10;Metropolitano-Bahia;EQ6;CCIT 4.0 FRONTAL H2.1;OP64;METROPOLITANO SSA;DF113;Restaura RAM via PC;27
01/04/2024;COT10;Metropolitano-Bahia;EQ6;CCIT 4.0 FRONTAL H2.1;OP64;METROPOLITANO SSA;DF272;Subst. Do Touchscreen do módulo;6
01/04/2024;COT10;Metropolitano-Bahia;EQ6;CCIT 4.0 FRONTAL H2.1;OP64;METROPOLITANO SSA;DF41;Envio para manutenção central-CTG;2
01/04/2024;COT20;ROSA TURISMO;EQ36;CCIT 4.0 FRONTAL H1 COM BATERIA;OP66;ROSA TURISMO;DF41;Envio para manutenção central-CTG;1
01/04/2024;COT20;ROSA TURISMO;EQ36;CCIT 4.0 FRONTAL H1 COM BATERIA;OP66;ROSA TURISMO;DF113;Restaura RAM via PC;1
01/04/2024;COT19;SÃO JOÃO;EQ36;CCIT 4.0 FRONTAL H1 COM BATERIA;OP67;SÃO JOÃO;DF41;Envio para manutenção central-CTG;1
01/04/2024;COT19;SÃO JOÃO;EQ36;CCIT 4.0 FRONTAL H1 COM BATERIA;OP67;SÃO JOÃO;DF113;Restaura RAM via PC;3
01/04/2024;COT7;Alagoinhas;EQ34;CCIT 4.0 FRONTAL H2.1 C SEM BATERIA;OP68;ALAGOINHAS;DF113;Restaura RAM via PC;6
01/04/2024;COT7;Alagoinhas;EQ34;CCIT 4.0 FRONTAL H2.1 C SEM BATERIA;OP68;ALAGOINHAS;DF41;Envio para manutenção central-CTG;1
01/04/2024;COT4;Setut;EQ6;CCIT 4.0 FRONTAL H2.1;;;DF41;Envio para manutenção central-CTG;17
01/04/2024;COT4;Setut;EQ6;CCIT 4.0 FRONTAL H2.1;;;DF60;Limpeza de cache;2
01/04/2024;COT4;Setut;EQ6;CCIT 4.0 FRONTAL H2.1;;;DF60;Restaura RAM via PC;2
01/04/2024;COT5;METROFOR/ VLT FORTALEZA;EQ38;CCIT 4.0 METROFOR;OP105;METROFOR LINHA SUL;DF41;Envio para manutenção central-CTG;11
01/04/2024;COT5;METROFOR/ VLT FORTALEZA;EQ38;CCIT 4.0 METROFOR;OP105;METROFOR LINHA SUL;DF88;Reparo com formatação e reinst. FW/SW;5
01/04/2024;COT5;METROFOR/ VLT FORTALEZA;EQ38;CCIT 4.0 METROFOR;OP105;METROFOR LINHA SUL;DF113;Restaura RAM via PC;3
01/04/2024;COT5;METROFOR/ VLT FORTALEZA;EQ38;CCIT 4.0 METROFOR;OP105;METROFOR LINHA SUL;DF286;Subst. Tela;3
01/04/2024;COT21;Araguarina;EQ35;CCIT 4.0 FRONTAL H2 COM BATERIA;OP81;VIAÇÃO ARAGUARINA;DF41;Envio para manutenção central-CTG;3
01/04/2024;COT22;Taguatur;EQ35;CCIT 4.0 FRONTAL H2 COM BATERIA;OP82;TAGUATUR;DF41;Envio para manutenção central-CTG;24
01/04/2024;COT23;UTB;EQ6;CCIT 4.0 FRONTAL H2.1;OP83;UTB;DF41;Envio para manutenção central-CTG;36
01/04/2024;COT1;Transfacil;EQ6;CCIT 4.0 FRONTAL H2.1;;;DF238;Subst. Do Vidro CCIT V4.0;1
01/04/2024;COT1;Transfacil;EQ6;CCIT 4.0 FRONTAL H2.1;OP13;Estações BRT Move;DF26;Atualização do PIC;1
01/04/2024;COT1;Transfacil;EQ6;CCIT 4.0 FRONTAL H2.1;;;DF9;Ajuste e aperto de conexão;1
01/04/2024;COT1;Transfacil;EQ6;CCIT 4.0 FRONTAL H2.1;OP13;Estações BRT Move;DF136;Subst. Da Carcaça inferior;5
01/04/2024;COT1;Transfacil;EQ6;CCIT 4.0 FRONTAL H2.1;OP13;Estações BRT Move;DF272;Subst. Do Touchscreen do módulo;5
01/04/2024;COT1;Transfacil;EQ6;CCIT 4.0 FRONTAL H2.1;;;DF306;Retirada da bateria;3
01/04/2024;COT1;Transfacil;EQ6;CCIT 4.0 FRONTAL H2.1;;;DF20;Atualização de data;5
01/04/2024;COT1;Transfacil;EQ6;CCIT 4.0 FRONTAL H2.1;;;DF91;Reparo com Gravação de PIC e reinst. Do FW;8
01/04/2024;COT1;Transfacil;EQ6;CCIT 4.0 FRONTAL H2.1;;;DF136;Subst. Da Carcaça inferior;10
01/04/2024;COT1;Transfacil;EQ6;CCIT 4.0 FRONTAL H2.1;OP13;Estações BRT Move;DF51;Gravação BootLoader;6
01/04/2024;COT1;Transfacil;EQ6;CCIT 4.0 FRONTAL H2.1;;;DF242;Subst. Placa Mbccit;10
01/04/2024;COT1;Transfacil;EQ6;CCIT 4.0 FRONTAL H2.1;;;DF169;Subst. De Componente eletrônico;11
01/04/2024;COT1;Transfacil;EQ6;CCIT 4.0 FRONTAL H2.1;;;DF216;Subst. Do Módulo H2;13
01/04/2024;COT1;Transfacil;EQ6;CCIT 4.0 FRONTAL H2.1;;;DF272;Subst. Do Touchscreen do módulo;14
01/04/2024;COT1;Transfacil;EQ6;CCIT 4.0 FRONTAL H2.1;;;DF210;Subst. Do Display CCIT;20
01/04/2024;COT1;Transfacil;EQ6;CCIT 4.0 FRONTAL H2.1;;;DF51;Gravação BootLoader;41
01/04/2024;COT1;Transfacil;EQ6;CCIT 4.0 FRONTAL H2.1;;;DF21;Atualização de FW ;166
01/04/2024;COT1;Transfacil;EQ6;CCIT 4.0 FRONTAL H2.1;;;DF93;Reparo no módulo;173
01/04/2024;COT1;Transfacil;EQ6;CCIT 4.0 FRONTAL H2.1;;;DF63;Lista restaurada;176
01/04/2024;COT1;Transfacil;EQ6;CCIT 4.0 FRONTAL H2.1;OP13;Estações BRT Move;DF210;Subst. Do Display CCIT;9
01/04/2024;COT1;Transfacil;EQ6;CCIT 4.0 FRONTAL H2.1;OP13;Estações BRT Move;DF322;Restore do módulo;37
01/04/2024;COT1;Transfacil;EQ6;CCIT 4.0 FRONTAL H2.1;OP13;Estações BRT Move;DF21;Atualização de FW ;39
01/04/2024;COT1;Transfacil;EQ6;CCIT 4.0 FRONTAL H2.1;OP13;Estações BRT Move;DF63;Lista restaurada;39
01/04/2024;COT18;Sindpautras;EQ6;CCIT 4.0 FRONTAL H2.1;OP48;SINDPAUTRAS-SIND. PERM. AUT. TRANSP. SU;DF26;Atualização do PIC;1
01/04/2024;COT18;Sindpautras;EQ6;CCIT 4.0 FRONTAL H2.1;OP48;SINDPAUTRAS-SIND. PERM. AUT. TRANSP. SU;DF306;Retirada da bateria;1
01/04/2024;COT18;Sindpautras;EQ6;CCIT 4.0 FRONTAL H2.1;OP48;SINDPAUTRAS-SIND. PERM. AUT. TRANSP. SU;DF136;Subst. Da Carcaça inferior;2
01/04/2024;COT18;Sindpautras;EQ6;CCIT 4.0 FRONTAL H2.1;OP48;SINDPAUTRAS-SIND. PERM. AUT. TRANSP. SU;DF209;Subst. Do Display;3
01/04/2024;COT18;Sindpautras;EQ6;CCIT 4.0 FRONTAL H2.1;OP48;SINDPAUTRAS-SIND. PERM. AUT. TRANSP. SU;DF131;Subst. Da Antena Wlan do CCIT;3
01/04/2024;COT18;Sindpautras;EQ6;CCIT 4.0 FRONTAL H2.1;OP48;SINDPAUTRAS-SIND. PERM. AUT. TRANSP. SU;DF216;Subst. Do Módulo H2;7
01/04/2024;COT18;Sindpautras;EQ6;CCIT 4.0 FRONTAL H2.1;OP48;SINDPAUTRAS-SIND. PERM. AUT. TRANSP. SU;DF21;Atualização de FW ;21
01/04/2024;COT18;Sindpautras;EQ6;CCIT 4.0 FRONTAL H2.1;OP48;SINDPAUTRAS-SIND. PERM. AUT. TRANSP. SU;DF51;Gravação BootLoader;27
01/04/2024;COT18;Sindpautras;EQ6;CCIT 4.0 FRONTAL H2.1;OP48;SINDPAUTRAS-SIND. PERM. AUT. TRANSP. SU;DF63;Lista restaurada;29
01/04/2024;COT18;Sindpautras;EQ6;CCIT 4.0 FRONTAL H2.1;OP48;SINDPAUTRAS-SIND. PERM. AUT. TRANSP. SU;DF93;Reparo no módulo;30
01/04/2024;COT16;Via Ouro;EQ6;CCIT 4.0 FRONTAL H2.1;OP49;VIA OURO COLETIVOS LTDA;DF63;Lista restaurada;1
01/04/2024;COT16;Via Ouro;EQ6;CCIT 4.0 FRONTAL H2.1;OP49;VIA OURO COLETIVOS LTDA;DF90;Reparo com formatação e subst. FW/SW;1
01/04/2024;COT16;Via Ouro;EQ6;CCIT 4.0 FRONTAL H2.1;OP49;VIA OURO COLETIVOS LTDA;DF322;Restore do módulo;1
01/04/2024;COT16;Via Ouro;EQ6;CCIT 4.0 FRONTAL H2.1;OP49;VIA OURO COLETIVOS LTDA;DF272;Subst. Do Touchscreen do módulo;1
01/04/2024;COT17;São Jorge;EQ6;CCIT 4.0 FRONTAL H2.1;OP50;SÃO JORGE AUTO ONIBUS ;DF21;Atualização de FW ;3
01/04/2024;COT17;São Jorge;EQ6;CCIT 4.0 FRONTAL H2.1;OP50;SÃO JORGE AUTO ONIBUS ;DF63;Lista restaurada;2
01/04/2024;COT17;São Jorge;EQ6;CCIT 4.0 FRONTAL H2.1;OP50;SÃO JORGE AUTO ONIBUS ;DF51;Gravação BootLoader;3
01/04/2024;COT17;São Jorge;EQ6;CCIT 4.0 FRONTAL H2.1;OP50;SÃO JORGE AUTO ONIBUS ;DF322;Restore do módulo;3
01/04/2024;COT17;São Jorge;EQ6;CCIT 4.0 FRONTAL H2.1;OP50;SÃO JORGE AUTO ONIBUS ;DF272;Subst. Do Touchscreen do módulo;1
01/04/2024;COT17;São Jorge;EQ6;CCIT 4.0 FRONTAL H2.1;OP50;SÃO JORGE AUTO ONIBUS ;DF306;Retirada da bateria;1
01/04/2024;COT14;TURIN OURO PRETO;EQ6;CCIT 4.0 FRONTAL H2.1;OP52;VIAÇÃO TURIN OURO PRETO;DF21;Atualização de FW ;1
01/04/2024;COT14;TURIN OURO PRETO;EQ6;CCIT 4.0 FRONTAL H2.1;OP52;VIAÇÃO TURIN OURO PRETO;DF51;Gravação BootLoader;1
01/04/2024;COT14;TURIN OURO PRETO;EQ6;CCIT 4.0 FRONTAL H2.1;OP52;VIAÇÃO TURIN OURO PRETO;DF90;Reparo com formatação e subst. FW/SW;1
01/04/2024;COT14;TURIN OURO PRETO;EQ6;CCIT 4.0 FRONTAL H2.1;OP52;VIAÇÃO TURIN OURO PRETO;DF93;Reparo no módulo;1
01/04/2024;COT14;TURIN OURO PRETO;EQ6;CCIT 4.0 FRONTAL H2.1;OP52;VIAÇÃO TURIN OURO PRETO;DF306;Retirada da bateria;1
01/04/2024;COT12;DIVPASS;EQ6;CCIT 4.0 FRONTAL H2.1;OP124;DIVPASS;DF20;Atualização de data;1
01/04/2024;COT12;DIVPASS;EQ6;CCIT 4.0 FRONTAL H2.1;OP124;DIVPASS;DF26;Atualização do PIC;1
01/04/2024;COT12;DIVPASS;EQ6;CCIT 4.0 FRONTAL H2.1;OP124;DIVPASS;DF136;Subst. Da Carcaça inferior;2
01/04/2024;COT12;DIVPASS;EQ6;CCIT 4.0 FRONTAL H2.1;OP124;DIVPASS;DF198;Subst. Do componente eletrônico;2
01/04/2024;COT12;DIVPASS;EQ6;CCIT 4.0 FRONTAL H2.1;OP124;DIVPASS;DF306;Retirada da bateria;3
01/04/2024;COT12;DIVPASS;EQ6;CCIT 4.0 FRONTAL H2.1;OP124;DIVPASS;DF209;Subst. Do Display;3
01/04/2024;COT12;DIVPASS;EQ6;CCIT 4.0 FRONTAL H2.1;OP124;DIVPASS;DF216;Subst. Do Módulo H2;3
01/04/2024;COT11;Gov. Valadares;EQ6;CCIT 4.0 FRONTAL H2.1;OP53;VIAÇÃO MOBI;DF51;Gravação BootLoader;6
01/04/2024;COT11;Gov. Valadares;EQ6;CCIT 4.0 FRONTAL H2.1;OP53;VIAÇÃO MOBI;DF63;Lista restaurada;8
01/04/2024;COT11;Gov. Valadares;EQ6;CCIT 4.0 FRONTAL H2.1;OP53;VIAÇÃO MOBI;DF93;Reparo com formatação e reinst. FW/SW;8
01/04/2024;COT11;Gov. Valadares;EQ6;CCIT 4.0 FRONTAL H2.1;OP53;VIAÇÃO MOBI;DF93;Reparo no módulo;8
01/04/2024;COT11;Gov. Valadares;EQ6;CCIT 4.0 FRONTAL H2.1;OP53;VIAÇÃO MOBI;DF216;Subst. Do Módulo H2;1
01/04/2024;COT11;Gov. Valadares;EQ6;CCIT 4.0 FRONTAL H2.1;OP53;VIAÇÃO MOBI;DF76;Não lê cartão;1
01/04/2024;COT11;Gov. Valadares;EQ6;CCIT 4.0 FRONTAL H2.1;OP53;VIAÇÃO MOBI;DF216;Subst. Do Módulo H2;1
01/04/2024;COT12;DIVPASS;EQ6;CCIT 4.0 FRONTAL H2.1;OP124;DIVPASS;DF93;Reparo com formatação e reinst. FW/SW;11
01/04/2024;COT12;DIVPASS;EQ6;CCIT 4.0 FRONTAL H2.1;OP124;DIVPASS;DF51;Gravação BootLoader;13
01/04/2024;COT12;DIVPASS;EQ6;CCIT 4.0 FRONTAL H2.1;OP124;DIVPASS;DF93;Reparo no módulo;14
01/04/2024;COT12;DIVPASS;EQ6;CCIT 4.0 FRONTAL H2.1;OP124;DIVPASS;DF63;Lista restaurada;15
01/04/2024;COT24;GVBUS;EQ10;CONNECTION CCIT 4.0;;;DF278;Modificação circuito catraca;15
01/04/2024;COT24;GVBUS;EQ10;CONNECTION CCIT 4.0;;;DF41;Envio para manutenção central-CTG;3
01/04/2024;COT2;Transcard;EQ10;CONNECTION CCIT 4.0;;;DF46;Formatação da memória e subst. FW;55
01/04/2024;COT2;Transcard;EQ10;CONNECTION CCIT 4.0;;;DF41;Envio para manutenção central-CTG;26
01/04/2024;COT19;SÃO JOÃO;EQ10;CONNECTION CCIT 4.0;OP67;SÃO JOÃO;DF50;FW Restaurado;1
01/04/2024;COT19;SÃO JOÃO;EQ10;CONNECTION CCIT 4.0;OP67;SÃO JOÃO;DF41;Envio para manutenção central-CTG;0
01/04/2024;COT19;ROSA TURISMO;EQ10;CONNECTION CCIT 4.0;OP66;ROSA TURISMO;DF50;FW Restaurado;3
01/04/2024;COT19;ROSA TURISMO;EQ10;CONNECTION CCIT 4.0;OP66;ROSA TURISMO;DF41;Envio para manutenção central-CTG;1
01/04/2024;COT4;Setut;EQ10;CONNECTION CCIT 4.0;;;DF41;Envio para manutenção central-CTG;6
01/04/2024;COT1;Transfacil;EQ10;CONNECTION CCIT 4.0;;;DF21;Atualização de FW ;18
01/04/2024;COT1;Transfacil;EQ10;CONNECTION CCIT 4.0;;;DF278;Modificação circuito catraca;3
01/04/2024;COT1;Transfacil;EQ10;CONNECTION CCIT 4.0;;;DF169;Subst. De Componente eletrônico;5
01/04/2024;COT1;Transfacil;EQ10;CONNECTION CCIT 4.0;;;DF26;Atualização do PIC;21
01/04/2024;COT1;Transfacil;EQ10;CONNECTION CCIT 4.0;;;DF51;Gravação BootLoader;3
01/04/2024;COT1;Transfacil;EQ10;CONNECTION CCIT 4.0;;;DF61;Limpeza e testes;1
01/04/2024;COT1;Transfacil;EQ10;CONNECTION CCIT 4.0;;;DF256;Substituição de fusível;3
01/04/2024;COT1;Transfacil;EQ10;CONNECTION CCIT 4.0;;;DF153;Subst. Da Placa Fonte;1
01/04/2024;COT1;Transfacil;EQ10;CONNECTION CCIT 4.0;;;DF136;Subst. Da Carcaça inferior;2
01/04/2024;COT24;GVBUS;EQ14;DMX200 MOD H3.1;;;DF41;Envio para manutenção central-CTG;53
01/04/2024;COT24;GVBUS;EQ14;DMX200 MOD H3.1;;;DF21;Atualização de FW ;92
01/04/2024;COT24;GVBUS;EQ14;DMX200 MOD H3.1;;;DF292;Ressolda conector USB;17
01/04/2024;COT2;Transcard;EQ16;PDM03;;;DF117;Restauração de módulos via PC e/ou SdCard;4
01/04/2024;COT2;Transcard;EQ16;PDM03;;;DF41;Envio para manutenção central-CTG;1
01/04/2024;COT20;ROSA TURISMO;EQ39;DMX200L JI21 SEM BATERIA;OP66;ROSA TURISMO;DF115;Restauração da ROM via PC;7
01/04/2024;COT20;ROSA TURISMO;EQ39;DMX200L JI21 SEM BATERIA;OP66;ROSA TURISMO;DF41;Envio para manutenção central-CTG;1
01/04/2024;COT20;ROSA TURISMO;EQ39;DMX200L JI21 SEM BATERIA;OP66;ROSA TURISMO;DF300;Ressolda antena GPRS e slot de chip;4
01/04/2024;COT19;SÃO JOÃO;EQ39;DMX200L JI21 SEM BATERIA;OP67;SÃO JOÃO;DF115;Restauração da ROM via PC;7
01/04/2024;COT19;SÃO JOÃO;EQ39;DMX200L JI21 SEM BATERIA;OP67;SÃO JOÃO;DF41;Envio para manutenção central-CTG;2
01/04/2024;COT19;SÃO JOÃO;EQ39;DMX200L JI21 SEM BATERIA;OP67;SÃO JOÃO;DF300;Ressolda antena GPRS e slot de chip;2
01/04/2024;COT4;Setut;EQ14;DMX200 MOD H3.1;;;DF41;Envio para manutenção central-CTG;16
01/04/2024;COT22;Taguatur PM NOVO;EQ39;DMX200L JI21 SEM BATERIA;OP82;TAGUATUR;DF41;Envio para manutenção central-CTG;10
01/04/2024;COT23;UTB;EQ40;DMX200L JI21 COM BATERIA;OP83;UTB;DF41;Envio para manutenção central-CTG;40
01/04/2024;COT1;Transfacil;EQ14;DMX200 MOD H3.1;;;DF21;Atualização de FW ;74
01/04/2024;COT1;Transfacil;EQ14;DMX200 MOD H3.1;;;DF61;Limpeza e testes;19
01/04/2024;COT1;Transfacil;EQ14;DMX200 MOD H3.1;;;DF46;Formatação da memória e subst. FW;20
01/04/2024;COT1;Transfacil;EQ14;DMX200 MOD H3.1;;;DF267;Ressolda USB Interface;20
01/04/2024;COT1;Transfacil;EQ14;DMX200 MOD H3.1;;;DF271;Subst. Do Vidro;3
01/04/2024;COT1;Transfacil;EQ14;DMX200 MOD H3.1;;;DF209;Subst. Do Display;1
01/04/2024;COT1;Transfacil;EQ14;DMX200 MOD H3.1;;;DF272;Subst. Do Touchscreen do módulo;2
01/04/2024;COT1;Transfacil;EQ14;DMX200 MOD H3.1;;;DF211;Subst. Do Equipamento completo;9
01/04/2024;COT1;Transfacil;EQ14;DMX200 MOD H3.1;;;DF300;Ressolda antena GPRS e slot de chip;3
01/04/2024;COT1;Transfacil;EQ14;DMX200 MOD H3.1;;;DF221;Subst. do Painel Frontal;1
01/04/2024;COT16;Via Ouro;EQ39;DMX200L JI21 SEM BATERIA;;;DF21;Atualização de FW ;2
01/04/2024;COT11;Gov. Valadares;EQ13;DMX200L;OP53;VIAÇÃO MOBI;DF21;Atualização de FW ;12
01/04/2024;COT11;Gov. Valadares;EQ13;DMX200L;OP53;VIAÇÃO MOBI;DF271;Subst. Do Vidro;1
01/04/2024;COT11;Gov. Valadares;EQ13;DMX200L;OP53;VIAÇÃO MOBI;DF272;Subst. Do Touchscreen do módulo;1
01/04/2024;COT11;Gov. Valadares;EQ13;DMX200L;OP53;VIAÇÃO MOBI;DF211;Subst. Do Equipamento completo;1
01/04/2024;COT11;Gov. Valadares;EQ13;DMX200L;OP53;VIAÇÃO MOBI;DF137;Subst. Da Carcaça Traseira;1
01/04/2024;COT12;DIVPASS;EQ13;DMX200L;OP124;DIVPASS;DF21;Atualização de FW ;13
01/04/2024;COT12;DIVPASS;EQ13;DMX200L;OP124;DIVPASS;DF271;Subst. Do Vidro;1
01/04/2024;COT12;DIVPASS;EQ13;DMX200L;OP124;DIVPASS;DF272;Subst. Do Touchscreen do módulo;1
01/04/2024;COT24;GVBUS;EQ26;V3000M DVR;;;DF46;Formatação da memória e subst. FW;17
01/04/2024;COT24;GVBUS;EQ26;V3000M DVR;;;DF151;Subst. Da placa DVR;1
01/04/2024;COT24;GVBUS;EQ26;V3000M DVR;;;DF232;Subst. Do SDCard;78
01/04/2024;COT24;GVBUS;EQ26;V3000M DVR;;;DF41;Envio para manutenção central-CTG;11
01/04/2024;COT2;Transcard;EQ26;V3000M DVR;;;DF186;Subst. Do cartão SD 32 GB;9
01/04/2024;COT2;Transcard;EQ26;V3000M DVR;;;DF47;Formatação de SDCARD;13
01/04/2024;COT2;Transcard;EQ26;V3000M DVR;;;DF151;Subst. Da placa DVR;3
01/04/2024;COT2;Transcard;EQ26;V3000M DVR;;;DF41;Envio para manutenção central-CTG;3
01/04/2024;COT5;METROFOR;EQ19;V2000;OP105;METROFOR LINHA SUL;DF41;Envio para manutenção central-CTG;2
01/04/2024;COT21;Araguarina;EQ26;V3000M DVR;OP81;VIAÇÃO ARAGUARINA;DF41;Envio para manutenção central-CTG;7
01/04/2024;COT1;Transfacil;EQ19;V2000;;;DF61;Limpeza e testes;11
01/04/2024;COT1;Transfacil;EQ19;V2000;;;DF46;Formatação da memória e subst. FW;14
01/04/2024;COT1;Transfacil;EQ19;V2000;;;DF211;Subst. Do Equipamento completo;2
01/04/2024;COT1;Transfacil;EQ18;VH-200;;;DF61;Limpeza e testes;1
01/04/2024;COT1;Transfacil;EQ18;VH-200;;;DF132;Subst. Da Bateria de Lithium;1
01/04/2024;COT1;Transfacil;EQ18;VH-200;;;DF153;Subst. Da Placa Fonte;1
01/04/2024;COT1;Transfacil;EQ18;VH-200;;;DF198;Subst. Do componente eletrônico;2
01/04/2024;COT1;Transfacil;EQ18;VH-200;;;DF200;Subst. do Conector BNC (VH200);3
01/04/2024;COT1;Transfacil;EQ18;VH-200;;;DF234;Subst. Do SIMCARD (chip GPRS);4
01/04/2024;COT1;Transfacil;EQ18;VH-200;;;DF182;Subst. Do Cabo Sata;5
01/04/2024;COT1;Transfacil;EQ18;VH-200;;;DF245;Subst. Terminal Block;9
01/04/2024;COT1;Transfacil;EQ18;VH-200;;;DF211;Subst. Do Equipamento completo;10
01/04/2024;COT1;Transfacil;EQ18;VH-200;;;DF187;Subst. Do cartão SD/HD;16
01/04/2024;COT1;Transfacil;EQ18;VH-200;;;DF321;Subst. Antena GPRS;27
01/04/2024;COT1;Transfacil;EQ18;VH-200;;;DF214;Subst. Do Módulo do GPRS;36
01/04/2024;COT1;Transfacil;EQ18;VH-200;;;DF165;Subst. Da Placa-mãe;43
01/04/2024;COT1;Transfacil;EQ18;VH-200;;;DF108;Ressolda no circuito da placa-mãe;227
01/04/2024;COT1;Transfacil;EQ18;VH-200;;;DF21;Atualização de FW ;431
01/04/2024;COT18;Sindpautras;EQ21;V3000L;OP48;SINDPAUTRAS-SIND. PERM. AUT. TRANSP. SU;DF21;Atualização de FW ;3
01/04/2024;COT18;Sindpautras;EQ21;V3000L;OP48;SINDPAUTRAS-SIND. PERM. AUT. TRANSP. SU;DF232;Subst. Do SDCard;2
01/04/2024;COT16;Via Ouro;EQ26;V3000M DVR;OP49;VIA OURO COLETIVOS LTDA;DF21;Atualização de FW ;8
01/04/2024;COT24;GVBUS;EQ33;POS MOVE 2500;;;DF41;Envio para manutenção central-CTG;10
01/04/2024;COT2;Transcard;EQ31;POS 250;;;DF46;Envio para manutenção central-CTG;2
01/04/2024;COT2;Transcard;EQ31;POS 250;;;DF46;Formatação da memória e subst. FW;1
01/04/2024;COT10;Metropolitano-Bahia;EQ31;POS 250;OP64;METROPOLITANO SSA;DF41;Envio para manutenção central-CTG;4
01/04/2024;COT10;Metropolitano-Bahia;EQ31;POS 250;OP64;METROPOLITANO SSA;DF21;Atualização de FW ;7
01/04/2024;COT1;Transfacil;EQ27;UT (FTV 3000);;;DF21;Atualização de FW ;7
01/04/2024;COT1;Transfacil;EQ27;UT (FTV 3000);;;DF198;Subst. Do componente eletrônico;5
01/05/2024;COT2;Transcard;EQ28;ATM;OP61;Setps (Transcard);DF143;Subst. da Impressora;3
01/05/2024;COT2;Transcard;EQ28;ATM;OP61;Setps (Transcard);DF4;Ajuste da Porta do Cofre;2
01/05/2024;COT2;Transcard;EQ28;ATM;OP61;Setps (Transcard);DF218;Subst. Do Monitor;1
01/05/2024;COT6;Metro-Bahia;EQ28;ATM;OP63;METRO-BAHIA;DF237;Subst. Do Validador de Notas;12
01/05/2024;COT6;Metro-Bahia;EQ28;ATM;OP63;METRO-BAHIA;DF143;Subst. da Impressora;3
01/05/2024;COT6;Metro-Bahia;EQ28;ATM;OP63;METRO-BAHIA;DF218;Subst. Do Monitor;2
01/05/2024;COT6;Metro-Bahia;EQ28;ATM;OP63;METRO-BAHIA;DF5;Ajuste da porta Externa;1
01/05/2024;COT6;Metro-Bahia;EQ28;ATM;OP63;METRO-BAHIA;DF260;Subst. HUB Serial;1
01/05/2024;COT6;Metro-Bahia;EQ28;ATM;OP63;METRO-BAHIA;DF284;Manutenção PC ATM;2
01/05/2024;COT8;CBTU;EQ1;CCIT 3.0;OP47;CBTU - COMPANHIA BRASILEIRA DE TRENS URBANOS;DF21;Atualização de FW ;1
01/05/2024;COT8;CBTU;EQ1;CCIT 3.0;OP47;CBTU - COMPANHIA BRASILEIRA DE TRENS URBANOS;DF63;Lista restaurada;1
01/05/2024;COT8;CBTU;EQ1;CCIT 3.0;OP47;CBTU - COMPANHIA BRASILEIRA DE TRENS URBANOS;DF20;Atualização de data;1
01/05/2024;COT1;Transfacil;EQ6;CCIT 4.0 FRONTAL H2.1;;;DF238;Subst. Do Vidro CCIT V4.0;1
01/05/2024;COT1;Transfacil;EQ6;CCIT 4.0 FRONTAL H2.1;;;DF272;Subst. Do Touchscreen do módulo;1
01/05/2024;COT1;Transfacil;EQ6;CCIT 4.0 FRONTAL H2.1;;;DF94;Repassar SW via cabo;1
01/05/2024;COT1;Transfacil;EQ6;CCIT 4.0 FRONTAL H2.1;;;DF305;Subst. Do Buzzer;1
01/05/2024;COT1;Transfacil;EQ6;CCIT 4.0 FRONTAL H2.1;;;DF131;Subst. Da Antena Wlan do CCIT;1
01/05/2024;COT1;Transfacil;EQ6;CCIT 4.0 FRONTAL H2.1;;;DF242;Subst. Placa Mbccit;7
01/05/2024;COT1;Transfacil;EQ6;CCIT 4.0 FRONTAL H2.1;;;DF91;Reparo com Gravação de PIC e reinst. Do FW;10
01/05/2024;COT1;Transfacil;EQ6;CCIT 4.0 FRONTAL H2.1;;;DF169;Subst. De Componente eletrônico;10
01/05/2024;COT1;Transfacil;EQ6;CCIT 4.0 FRONTAL H2.1;;;DF216;Subst. Do Módulo H2;12
01/05/2024;COT1;Transfacil;EQ6;CCIT 4.0 FRONTAL H2.1;;;DF136;Subst. Da Carcaça inferior;13
01/05/2024;COT1;Transfacil;EQ6;CCIT 4.0 FRONTAL H2.1;;;DF210;Subst. Do Display CCIT;18
01/05/2024;COT1;Transfacil;EQ6;CCIT 4.0 FRONTAL H2.1;;;DF21;Atualização de FW ;67
01/05/2024;COT1;Transfacil;EQ6;CCIT 4.0 FRONTAL H2.1;;;DF20;Atualização de data;103
01/05/2024;COT1;Transfacil;EQ6;CCIT 4.0 FRONTAL H2.1;;;DF51;Gravação BootLoader;104
01/05/2024;COT1;Transfacil;EQ6;CCIT 4.0 FRONTAL H2.1;;;DF93;Reparo no módulo;170
01/05/2024;COT1;Transfacil;EQ6;CCIT 4.0 FRONTAL H2.1;;;DF63;Lista restaurada;170
01/05/2024;COT1;Transfacil;EQ6;CCIT 4.0 FRONTAL H2.1;OP13;Estações BRT Move;DF136;Subst. Da Carcaça inferior;1
01/05/2024;COT1;Transfacil;EQ6;CCIT 4.0 FRONTAL H2.1;OP13;Estações BRT Move;DF272;Subst. Do Touchscreen do módulo;1
01/05/2024;COT1;Transfacil;EQ6;CCIT 4.0 FRONTAL H2.1;OP13;Estações BRT Move;DF51;Gravação BootLoader;14
01/05/2024;COT1;Transfacil;EQ6;CCIT 4.0 FRONTAL H2.1;OP13;Estações BRT Move;DF210;Subst. Do Display CCIT;4
01/05/2024;COT1;Transfacil;EQ6;CCIT 4.0 FRONTAL H2.1;OP13;Estações BRT Move;DF322;Restore do módulo;27
01/05/2024;COT1;Transfacil;EQ6;CCIT 4.0 FRONTAL H2.1;OP13;Estações BRT Move;DF21;Atualização de FW ;13
01/05/2024;COT1;Transfacil;EQ6;CCIT 4.0 FRONTAL H2.1;OP13;Estações BRT Move;DF63;Lista restaurada;27
01/05/2024;COT1;Transfacil;EQ6;CCIT 4.0 FRONTAL H2.1;OP13;Estações BRT Move;DF20;Atualização de data;14
01/05/2024;COT1;Transfacil;EQ6;CCIT 4.0 FRONTAL H2.1;OP13;Estações BRT Move;DF238;Subst. Do Vidro CCIT V4.0;1
01/05/2024;COT1;Transfacil;EQ6;CCIT 4.0 FRONTAL H2.1;OP13;Estações BRT Move;DF242;Subst. Placa Mbccit;2
01/05/2024;COT1;Transfacil;EQ6;CCIT 4.0 FRONTAL H2.1;OP13;Estações BRT Move;DF276;Subst. Placa do Módulo;1
01/05/2024;COT18;Sindpautras;EQ6;CCIT 4.0 FRONTAL H2.1;OP48;SINDPAUTRAS-SIND. PERM. AUT. TRANSP. SU;DF136;Subst. Da Carcaça inferior;5
01/05/2024;COT18;Sindpautras;EQ6;CCIT 4.0 FRONTAL H2.1;OP48;SINDPAUTRAS-SIND. PERM. AUT. TRANSP. SU;DF209;Subst. Do Display;3
01/05/2024;COT18;Sindpautras;EQ6;CCIT 4.0 FRONTAL H2.1;OP48;SINDPAUTRAS-SIND. PERM. AUT. TRANSP. SU;DF21;Atualização de FW ;5
01/05/2024;COT18;Sindpautras;EQ6;CCIT 4.0 FRONTAL H2.1;OP48;SINDPAUTRAS-SIND. PERM. AUT. TRANSP. SU;DF51;Gravação BootLoader;28
01/05/2024;COT18;Sindpautras;EQ6;CCIT 4.0 FRONTAL H2.1;OP48;SINDPAUTRAS-SIND. PERM. AUT. TRANSP. SU;DF63;Lista restaurada;30
01/05/2024;COT18;Sindpautras;EQ6;CCIT 4.0 FRONTAL H2.1;OP48;SINDPAUTRAS-SIND. PERM. AUT. TRANSP. SU;DF93;Reparo no módulo;31
01/05/2024;COT17;São Jorge;EQ6;CCIT 4.0 FRONTAL H2.1;OP50;SÃO JORGE AUTO ONIBUS ;DF21;Atualização de FW ;2
01/05/2024;COT17;São Jorge;EQ6;CCIT 4.0 FRONTAL H2.1;OP50;SÃO JORGE AUTO ONIBUS ;DF63;Lista restaurada;2
01/05/2024;COT17;São Jorge;EQ6;CCIT 4.0 FRONTAL H2.1;OP50;SÃO JORGE AUTO ONIBUS ;DF51;Gravação BootLoader;2
01/05/2024;COT17;São Jorge;EQ6;CCIT 4.0 FRONTAL H2.1;OP50;SÃO JORGE AUTO ONIBUS ;DF322;Restore do módulo;2
01/05/2024;COT17;São Jorge;EQ6;CCIT 4.0 FRONTAL H2.1;OP50;SÃO JORGE AUTO ONIBUS ;DF216;Subst. Do Módulo H2;1
01/05/2024;COT14;TURIN OURO PRETO;EQ6;CCIT 4.0 FRONTAL H2.1;OP52;VIAÇÃO TURIN OURO PRETO;DF21;Atualização de FW ;4
01/05/2024;COT14;TURIN OURO PRETO;EQ6;CCIT 4.0 FRONTAL H2.1;OP52;VIAÇÃO TURIN OURO PRETO;DF51;Gravação BootLoader;5
01/05/2024;COT14;TURIN OURO PRETO;EQ6;CCIT 4.0 FRONTAL H2.1;OP52;VIAÇÃO TURIN OURO PRETO;DF90;Reparo com formatação e subst. FW/SW;4
01/05/2024;COT14;TURIN OURO PRETO;EQ6;CCIT 4.0 FRONTAL H2.1;OP52;VIAÇÃO TURIN OURO PRETO;DF93;Reparo no módulo;6
01/05/2024;COT14;TURIN OURO PRETO;EQ6;CCIT 4.0 FRONTAL H2.1;OP52;VIAÇÃO TURIN OURO PRETO;DF306;Retirada da bateria;1
01/05/2024;COT14;TURIN OURO PRETO;EQ6;CCIT 4.0 FRONTAL H2.1;OP52;VIAÇÃO TURIN OURO PRETO;DF136;Subst. Da Carcaça inferior;2
01/05/2024;COT14;TURIN OURO PRETO;EQ6;CCIT 4.0 FRONTAL H2.1;OP52;VIAÇÃO TURIN OURO PRETO;DF209;Subst. Do Display;5
01/05/2024;COT14;TURIN OURO PRETO;EQ6;CCIT 4.0 FRONTAL H2.1;OP52;VIAÇÃO TURIN OURO PRETO;DF306;Retirada da bateria;1
01/05/2024;COT14;TURIN OURO PRETO;EQ6;CCIT 4.0 FRONTAL H2.1;OP52;VIAÇÃO TURIN OURO PRETO;DF132;Subst. Da Bateria de Lithium;2
01/05/2024;COT14;TURIN OURO PRETO;EQ6;CCIT 4.0 FRONTAL H2.1;OP52;VIAÇÃO TURIN OURO PRETO;DF217;Subst. Do Módulo H3.1;1
01/05/2024;COT13;Mariana;EQ5;CCIT 4.0 FRONTAL;OP54;TRANSCOTTA MARIANA MG;DF51;Gravação BootLoader;2
01/05/2024;COT13;Mariana;EQ5;CCIT 4.0 FRONTAL;OP54;TRANSCOTTA MARIANA MG;DF63;Lista restaurada;4
01/05/2024;COT13;Mariana;EQ5;CCIT 4.0 FRONTAL;OP54;TRANSCOTTA MARIANA MG;DF21;Atualização de FW ;4
01/05/2024;COT13;Mariana;EQ5;CCIT 4.0 FRONTAL;OP54;TRANSCOTTA MARIANA MG;DF322;Restore do módulo;4
01/05/2024;COT13;Mariana;EQ5;CCIT 4.0 FRONTAL;OP54;TRANSCOTTA MARIANA MG;DF136;Subst. Da Carcaça inferior;1
01/05/2024;COT13;Mariana;EQ5;CCIT 4.0 FRONTAL;OP54;TRANSCOTTA MARIANA MG;DF306;Retirada da bateria;1
01/05/2024;COT13;Mariana;EQ5;CCIT 4.0 FRONTAL;OP54;TRANSCOTTA MARIANA MG;DF135;Subst. Da Carcaça frontal;1
01/05/2024;COT13;Mariana;EQ5;CCIT 4.0 FRONTAL;OP54;TRANSCOTTA MARIANA MG;DF238;Subst. Do Vidro CCIT V4.0;1
01/05/2024;COT13;Mariana;EQ5;CCIT 4.0 FRONTAL;OP54;TRANSCOTTA MARIANA MG;DF272;Subst. Do Touchscreen do módulo;1
01/05/2024;COT11;Gov. Valadares;EQ6;CCIT 4.0 FRONTAL H2.1;OP53;VIAÇÃO MOBI;DF51;Gravação BootLoader;11
01/05/2024;COT11;Gov. Valadares;EQ6;CCIT 4.0 FRONTAL H2.1;OP53;VIAÇÃO MOBI;DF63;Lista restaurada;12
01/05/2024;COT11;Gov. Valadares;EQ6;CCIT 4.0 FRONTAL H2.1;OP53;VIAÇÃO MOBI;DF93;Reparo com formatação e reinst. FW/SW;10
01/05/2024;COT11;Gov. Valadares;EQ6;CCIT 4.0 FRONTAL H2.1;OP53;VIAÇÃO MOBI;DF93;Reparo no módulo;13
01/05/2024;COT11;Gov. Valadares;EQ6;CCIT 4.0 FRONTAL H2.1;OP53;VIAÇÃO MOBI;DF216;Subst. Do Módulo H2;3
01/05/2024;COT11;Gov. Valadares;EQ6;CCIT 4.0 FRONTAL H2.1;OP53;VIAÇÃO MOBI;DF210;Subst. Do Display CCIT;2
01/05/2024;COT11;Gov. Valadares;EQ6;CCIT 4.0 FRONTAL H2.1;OP53;VIAÇÃO MOBI;DF272;Subst. Do Touchscreen do módulo;2
01/05/2024;COT11;Gov. Valadares;EQ6;CCIT 4.0 FRONTAL H2.1;OP53;VIAÇÃO MOBI;DF198;Subst. Do componente eletrônico;3
01/05/2024;COT12;DIVPASS;EQ6;CCIT 4.0 FRONTAL H2.1;OP124;DIVPASS;DF26;Atualização do PIC;1
01/05/2024;COT12;DIVPASS;EQ6;CCIT 4.0 FRONTAL H2.1;OP124;DIVPASS;DF198;Subst. Do componente eletrônico;1
01/05/2024;COT12;DIVPASS;EQ6;CCIT 4.0 FRONTAL H2.1;OP124;DIVPASS;DF216;Subst. Do Módulo H2;3
01/05/2024;COT12;DIVPASS;EQ6;CCIT 4.0 FRONTAL H2.1;OP124;DIVPASS;DF136;Subst. Da Carcaça inferior;4
01/05/2024;COT12;DIVPASS;EQ6;CCIT 4.0 FRONTAL H2.1;OP124;DIVPASS;DF272;Subst. Do Touchscreen do módulo;5
01/05/2024;COT12;DIVPASS;EQ6;CCIT 4.0 FRONTAL H2.1;OP124;DIVPASS;DF21;Atualização de FW ;20
01/05/2024;COT12;DIVPASS;EQ6;CCIT 4.0 FRONTAL H2.1;OP124;DIVPASS;DF51;Gravação BootLoader;24
01/05/2024;COT12;DIVPASS;EQ6;CCIT 4.0 FRONTAL H2.1;OP124;DIVPASS;DF93;Reparo no módulo;24
01/05/2024;COT12;DIVPASS;EQ6;CCIT 4.0 FRONTAL H2.1;OP124;DIVPASS;DF63;Lista restaurada;24
01/05/2024;COT24;GVBUS;EQ6;CCIT 4.0 FRONTAL H2.1;;;DF89;Reparo com Formatação e Subst. De FW;121
01/05/2024;COT24;GVBUS;EQ6;CCIT 4.0 FRONTAL H2.1;;;DF41;Envio para manutenção central-CTG;38
01/05/2024;COT24;GVBUS;EQ6;CCIT 4.0 FRONTAL H2.1;;;DF322;Restore do módulo;24
01/05/2024;COT21;Araguarina;EQ35;CCIT 4.0 FRONTAL H2 COM BATERIA;OP81;VIAÇÃO ARAGUARINA;DF41;Envio para manutenção central-CTG;1
01/05/2024;COT22;Taguatur;EQ35;CCIT 4.0 FRONTAL H2 COM BATERIA;OP82;TAGUATUR;DF41;Envio para manutenção central-CTG;19
01/05/2024;COT23;UTB;EQ6;CCIT 4.0 FRONTAL H2.1;OP83;UTB;DF41;Envio para manutenção central-CTG;7
01/05/2024;COT37;CATEDRAL;EQ6;CCIT 4.0 FRONTAL H2.1;OP144;CATEDRAL;DF41;Envio para manutenção central-CTG;7
01/05/2024;COT2;Transcard;EQ6;CCIT 4.0 FRONTAL H2.1;;;DF41;Enviados para manutenção central CTG;45
01/05/2024;COT2;Transcard;EQ6;CCIT 4.0 FRONTAL H2.1;;;DF113;Restaura RAM via PC;87
01/05/2024;COT2;Transcard;EQ6;CCIT 4.0 FRONTAL H2.1;;;DF114;Restaura RAM via pendrive;27
01/05/2024;COT2;Transcard;EQ6;CCIT 4.0 FRONTAL H2.1;;;DF272;Subst. Do Touchscreen do módulo;48
01/05/2024;COT6;METRO-BAHIA;EQ6;CCIT 4.0 FRONTAL H2.1;OP64;METROPOLITANO SSA;DF113;Restaura RAM via PC;13
01/05/2024;COT6;METRO-BAHIA;EQ6;CCIT 4.0 FRONTAL H2.1;OP64;METROPOLITANO SSA;DF41;Envio para manutenção central-CTG;2
01/05/2024;COT10;Metropolitano-Bahia;EQ6;CCIT 4.0 FRONTAL H2.1;OP64;METROPOLITANO SSA;DF113;Restaura RAM via PC;21
01/05/2024;COT10;Metropolitano-Bahia;EQ6;CCIT 4.0 FRONTAL H2.1;OP64;METROPOLITANO SSA;DF272;Subst. Do Touchscreen do módulo;6
01/05/2024;COT10;Metropolitano-Bahia;EQ6;CCIT 4.0 FRONTAL H2.1;OP64;METROPOLITANO SSA;DF41;Envio para manutenção central-CTG;6
01/05/2024;COT19;SÃO JOÃO;EQ36;CCIT 4.0 FRONTAL H1 COM BATERIA;OP67;SÃO JOÃO;DF113;Restaura RAM via PC;7
01/05/2024;COT7;Alagoinhas;EQ34;CCIT 4.0 FRONTAL H2.1 C SEM BATERIA;OP68;ALAGOINHAS;DF113;Restaura RAM via PC;4
01/05/2024;COT4;Setut;EQ6;CCIT 4.0 FRONTAL H2.1;;;DF41;Envio para manutenção central-CTG;13
01/05/2024;COT5;METROFOR/ VLT FORTALEZA;EQ38;CCIT 4.0 METROFOR;OP105;METROFOR LINHA SUL;DF41;Envio para manutenção central-CTG;5
01/05/2024;COT5;METROFOR/ VLT FORTALEZA;EQ38;CCIT 4.0 METROFOR;OP105;METROFOR LINHA SUL;DF113;Restaura RAM via PC;10
01/05/2024;COT5;METROFOR/ VLT FORTALEZA;EQ38;CCIT 4.0 METROFOR;OP105;METROFOR LINHA SUL;DF286;Subst. Tela;3
01/05/2024;COT24;GVBUS;EQ10;CONNECTION CCIT 4.0;;;DF278;Modificação circuito catraca;58
01/05/2024;COT24;GVBUS;EQ10;CONNECTION CCIT 4.0;;;DF41;Envio para manutenção central-CTG;18
01/05/2024;COT2;Transcard;EQ10;CONNECTION CCIT 4.0;;;DF46;Formatação da memória e subst. FW;62
01/05/2024;COT2;Transcard;EQ10;CONNECTION CCIT 4.0;;;DF41;Envio para manutenção central-CTG;23
01/05/2024;COT10;Metropolitano-Bahia;EQ10;CONNECTION CCIT 4.0;OP64;METROPOLITANO SSA;DF50;FW Restaurado;13
01/05/2024;COT19;SÃO JOÃO;EQ10;CONNECTION CCIT 4.0;OP67;SÃO JOÃO;DF50;FW Restaurado;1
01/05/2024;COT19;SÃO JOÃO;EQ10;CONNECTION CCIT 4.0;OP67;SÃO JOÃO;DF245;Subst. Terminal Block;1
01/05/2024;COT19;ROSA TURISMO;EQ10;CONNECTION CCIT 4.0;OP66;ROSA TURISMO;DF50;FW Restaurado;1
01/05/2024;COT19;ROSA TURISMO;EQ10;CONNECTION CCIT 4.0;OP66;ROSA TURISMO;DF41;Envio para manutenção central-CTG;2
01/05/2024;COT4;Setut;EQ10;CONNECTION CCIT 4.0;;;DF41;Envio para manutenção central-CTG;4
01/05/2024;COT1;Transfacil;EQ14;DMX200 MOD H3.1;;;DF206;Subst. Do Conector USB;1
01/05/2024;COT1;Transfacil;EQ14;DMX200 MOD H3.1;;;DF300;Ressolda antena GPRS e slot de chip;2
01/05/2024;COT1;Transfacil;EQ14;DMX200 MOD H3.1;;;DF91;Reparo com Gravação de PIC e reinst. Do FW;2
01/05/2024;COT1;Transfacil;EQ14;DMX200 MOD H3.1;;;DF243;Subst. Placa Principal do PM;2
01/05/2024;COT1;Transfacil;EQ14;DMX200 MOD H3.1;;;DF252;Troca de Memória;2
01/05/2024;COT1;Transfacil;EQ14;DMX200 MOD H3.1;;;DF221;Subst. do Painel Frontal;3
01/05/2024;COT1;Transfacil;EQ14;DMX200 MOD H3.1;;;DF315;Colagem de Tela;3
01/05/2024;COT1;Transfacil;EQ14;DMX200 MOD H3.1;;;DF267;Ressolda USB Interface;4
01/05/2024;COT1;Transfacil;EQ14;DMX200 MOD H3.1;;;DF271;Subst. Do Vidro;6
01/05/2024;COT1;Transfacil;EQ14;DMX200 MOD H3.1;;;DF272;Subst. Do Touchscreen do módulo;8
01/05/2024;COT1;Transfacil;EQ14;DMX200 MOD H3.1;;;DF137;Subst. Da Carcaça Traseira;16
01/05/2024;COT1;Transfacil;EQ14;DMX200 MOD H3.1;;;DF211;Subst. Do Equipamento completo;17
01/05/2024;COT1;Transfacil;EQ14;DMX200 MOD H3.1;;;DF97;Ressolda;19
01/05/2024;COT1;Transfacil;EQ14;DMX200 MOD H3.1;;;DF21;Atualização de FW ;128
01/05/2024;COT16;Via Ouro;EQ39;DMX200L JI21 SEM BATERIA;;;DF21;Atualização de FW ;3
01/05/2024;COT16;Via Ouro;EQ39;DMX200L JI21 SEM BATERIA;;;DF272;Subst. Do Touchscreen do módulo;1
01/05/2024;COT16;Via Ouro;EQ39;DMX200L JI21 SEM BATERIA;;;DF137;Subst. Da Carcaça Traseira;2
01/05/2024;COT11;Gov. Valadares;EQ13;DMX200L;OP53;VIAÇÃO MOBI;DF21;Atualização de FW ;6
01/05/2024;COT11;Gov. Valadares;EQ13;DMX200L;OP53;VIAÇÃO MOBI;DF221;Subst. do Painel Frontal;1
01/05/2024;COT12;DIVPASS;EQ13;DMX200L;OP124;DIVPASS;DF21;Atualização de FW ;7
01/05/2024;COT12;DIVPASS;EQ13;DMX200L;OP124;DIVPASS;DF271;Subst. Do Vidro;1
01/05/2024;COT12;DIVPASS;EQ13;DMX200L;OP124;DIVPASS;DF252;Troca de Memória;2
01/05/2024;COT35;TURIN CONGONHAS;EQ5;CCIT 4.0 FRONTAL;OP138;VIAÇÃO TURIN CONGONHAS;DF21;Atualização de FW ;1
01/05/2024;COT24;GVBUS;EQ14;DMX200 MOD H3.1;;;DF292;Ressolda conector USB;1
01/05/2024;COT24;GVBUS;EQ14;DMX200 MOD H3.1;;;DF41;Envio para manutenção central-CTG;48
01/05/2024;COT24;GVBUS;EQ14;DMX200 MOD H3.1;;;DF198;Subst. Do componente eletrônico;108
01/05/2024;COT22;Taguatur PM NOVO;EQ39;DMX200L JI21 SEM BATERIA;OP82;TAGUATUR;DF41;Envio para manutenção central-CTG;31
01/05/2024;COT23;UTB;EQ40;DMX200L JI21 COM BATERIA;OP83;UTB;DF41;Envio para manutenção central-CTG;11
01/05/2024;COT37;CATEDRAL;EQ6;DMX200L JI21 COM BATERIA;OP144;CATEDRAL;DF41;Envio para manutenção central-CTG;2
01/05/2024;COT2;Transcard;EQ16;PDM03;;;DF117;Restauração de módulos via PC e/ou SdCard;2
01/05/2024;COT2;Transcard;EQ16;PDM03;;;DF41;Envio para manutenção central-CTG;2
01/05/2024;COT2;Transcard;EQ16;PDM03;;;DF300;Ressolda antena GPRS e slot de chip;1
01/05/2024;COT19;SÃO JOÃO;EQ39;DMX200L JI21 SEM BATERIA;OP67;SÃO JOÃO;DF115;Restauração da ROM via PC;1
01/05/2024;COT20;ROSA TURISMO;EQ39;DMX200L JI21 SEM BATERIA;OP66;ROSA TURISMO;DF115;Restauração da ROM via PC;1
01/05/2024;COT4;Setut;EQ14;DMX200 MOD H3.1;;;DF41;Envio para manutenção central-CTG;5
01/05/2024;COT25;COOTRAPS - CE;EQ14;DMX200 MOD H3.1;OP129;COOTRAPS;DF39;Enviados para manutenção central CTG;19
01/05/2024;COT25;COOTRAPS - CE;EQ14;DMX200 MOD H3.1;OP129;COOTRAPS;DF90;Reparo com formatação e subst. FW/SW;24
01/05/2024;COT25;COOTRAPS - CE;EQ14;DMX200 MOD H3.1;OP129;COOTRAPS;DF320;Reparo em loco;8
01/05/2024;COT25;COOTRAPS - CE;EQ14;DMX200 MOD H3.1;OP129;COOTRAPS;DF264;Testado Track;4
01/05/2024;COT1;Transfacil;EQ19;V2000;;;DF61;Limpeza e testes;19
01/05/2024;COT1;Transfacil;EQ19;V2000;;;DF46;Formatação da memória e subst. FW;21
01/05/2024;COT1;Transfacil;EQ19;V2000;;;DF212;Subst. Do HD;1
01/05/2024;COT1;Transfacil;EQ19;V2000;;;DF266;Subst. Do cooler;2
01/05/2024;COT1;Transfacil;EQ19;V2000;;;DF267;Ressolda USB Interface;1
01/05/2024;COT1;Transfacil;EQ18;VH-200;;;DF61;Limpeza e testes;1
01/05/2024;COT1;Transfacil;EQ18;VH-200;;;DF200;Subst. do Conector BNC (VH200);1
01/05/2024;COT1;Transfacil;EQ18;VH-200;;;DF182;Subst. Do Cabo Sata;1
01/05/2024;COT1;Transfacil;EQ18;VH-200;;;DF15;Ajustes de parafusos e conexões;1
01/05/2024;COT1;Transfacil;EQ18;VH-200;;;DF198;Subst. Do componente eletrônico;2
01/05/2024;COT1;Transfacil;EQ18;VH-200;;;DF130;Subst. Da Antena WLAN;4
01/05/2024;COT1;Transfacil;EQ18;VH-200;;;DF187;Subst. Do cartão SD/HD;5
01/05/2024;COT1;Transfacil;EQ18;VH-200;;;DF234;Subst. Do SIMCARD (chip GPRS);9
01/05/2024;COT1;Transfacil;EQ18;VH-200;;;DF321;Subst. Antena GPRS;9
01/05/2024;COT1;Transfacil;EQ18;VH-200;;;DF245;Subst. Terminal Block;14
01/05/2024;COT1;Transfacil;EQ18;VH-200;;;DF123;Serviço Placa Principal do PM;19
01/05/2024;COT1;Transfacil;EQ18;VH-200;;;DF214;Subst. Do Módulo do GPRS;101
01/05/2024;COT1;Transfacil;EQ18;VH-200;;;DF108;Ressolda no circuito da placa-mãe;175
01/05/2024;COT1;Transfacil;EQ18;VH-200;;;DF21;Atualização de FW ;422
01/05/2024;COT18;Sindpautras;EQ21;V3000L;OP48;SINDPAUTRAS-SIND. PERM. AUT. TRANSP. SU;DF21;Atualização de FW ;9
01/05/2024;COT16;Via Ouro;EQ26;V3000M DVR;OP49;VIA OURO COLETIVOS LTDA;DF21;Atualização de FW ;1
01/05/2024;COT24;GVBUS;EQ26;V3000M DVR;;;DF46;Formatação da memória e subst. FW;52
01/05/2024;COT24;GVBUS;EQ26;V3000M DVR;;;DF151;Subst. Da placa DVR;8
01/05/2024;COT24;GVBUS;EQ26;V3000M DVR;;;DF232;Subst. Do SDCard;72
01/05/2024;COT24;GVBUS;EQ26;V3000M DVR;;;DF41;Envio para manutenção central-CTG;2
01/05/2024;COT21;Araguarina;EQ26;V3000M DVR;OP81;VIAÇÃO ARAGUARINA;DF41;Envio para manutenção central-CTG;4
01/05/2024;COT2;Transcard;EQ26;V3000M DVR;;;DF186;Subst. Do cartão SD 32 GB;12
01/05/2024;COT2;Transcard;EQ26;V3000M DVR;;;DF47;Formatação de SDCARD;15
01/05/2024;COT2;Transcard;EQ26;V3000M DVR;;;DF151;Subst. Da placa DVR;10
01/05/2024;COT2;Transcard;EQ26;V3000M DVR;;;DF41;Envio para manutenção central-CTG;2
01/05/2024;COT7;Alagoinhas;EQ26;V3000M DVR;OP68;ALAGOINHAS;DF48;Formatação do cartão SD;2
01/05/2024;COT5;METROFOR;EQ19;V2000;OP105;METROFOR LINHA SUL;DF41;Envio para manutenção central-CTG;6
01/05/2024;COT5;METROFOR;EQ19;V2000;OP105;METROFOR LINHA SUL;DF266;Subst. Do cooler;3
01/05/2024;COT24;GVBUS;EQ33;POS MOVE 2500;;;DF41;Envio para manutenção central-CTG;16
01/05/2024;COT2;Transcard;EQ31;POS 250;;;DF46;Envio para manutenção central-CTG;1
01/05/2024;COT2;Transcard;EQ31;POS 250;;;DF46;Formatação da memória e subst. FW;3
01/05/2024;COT25;COOTRAPS - CE;EQ17;FONTE PM;OP129;COOTRAPS;DF41;Envio para manutenção central-CTG;6
01/06/2024;COT1;Transfacil;EQ28;ATM;OP27;TRANSFÁCIL;DF218;Subst. Do Monitor;1
01/06/2024;COT1;Transfacil;EQ28;ATM;OP27;TRANSFÁCIL;DF258;Subst. Da Cabeça de Impressão;1
01/06/2024;COT1;Transfacil;EQ28;ATM;OP27;TRANSFÁCIL;DF212;Subst. Do HD;1
01/06/2024;COT1;Transfacil;EQ28;ATM;OP27;TRANSFÁCIL;DF207;Subst. Do Conversor Serial;1
01/06/2024;COT1;Transfacil;EQ28;ATM;OP27;TRANSFÁCIL;DF143;Subst. da Impressora;1
01/06/2024;COT1;Transfacil;EQ28;ATM;OP27;TRANSFÁCIL;DF141;Subst. Da Fonte do PDV ATM;1
01/06/2024;COT1;Transfacil;EQ28;ATM;OP27;TRANSFÁCIL;DF5;Ajuste da porta Externa;1
01/06/2024;COT1;Transfacil;EQ28;ATM;OP27;TRANSFÁCIL;DF231;Subst. Do PINpad;1
01/06/2024;COT1;Transfacil;EQ28;ATM;OP27;TRANSFÁCIL;DF285;Retirado Mal Contato;1
01/06/2024;COT1;Transfacil;EQ28;ATM;OP27;TRANSFÁCIL;DF66;Manutenção na Fechadura Eletrônica;1
01/06/2024;COT1;Transfacil;EQ28;ATM;OP27;TRANSFÁCIL;DF266;Subst. Do cooler;1
01/06/2024;COT1;Transfacil;EQ28;ATM;OP27;TRANSFÁCIL;DF67;Manutenção na Impressora;2
01/06/2024;COT1;Transfacil;EQ28;ATM;OP27;TRANSFÁCIL;DF128;Subst. Da antena Cless;2
01/06/2024;COT1;Transfacil;EQ28;ATM;OP27;TRANSFÁCIL;DF280;Manutenção no Validador de Notas;2
01/06/2024;COT1;Transfacil;EQ28;ATM;OP27;TRANSFÁCIL;DF69;Manutenção no Sensor de Porta;2
01/06/2024;COT1;Transfacil;EQ28;ATM;OP27;TRANSFÁCIL;DF284;Manutenção PC ATM;4
01/06/2024;COT1;Transfacil;EQ28;ATM;OP27;TRANSFÁCIL;DF19;ATM - defeito não confirmado;5
01/06/2024;COT1;Transfacil;EQ28;ATM;OP27;TRANSFÁCIL;DF227;Subst. Do PC ATM;5
01/06/2024;COT1;Transfacil;EQ28;ATM;OP27;TRANSFÁCIL;DF237;Subst. Do Validador de Notas;9
01/06/2024;COT24;GVBUS;EQ28;ATM;OP108;GVBUS - SIND. DAS EMP. DE TRANP. METROP. DA GRANDE VITÓRIA;DF262;Retirada de nota ATM e testes;4
01/06/2024;COT24;GVBUS;EQ28;ATM;OP108;GVBUS - SIND. DAS EMP. DE TRANP. METROP. DA GRANDE VITÓRIA;DF296;ATM - sem conexão com internet;4
01/06/2024;COT24;GVBUS;EQ28;ATM;OP108;GVBUS - SIND. DAS EMP. DE TRANP. METROP. DA GRANDE VITÓRIA;DF308;Erro COF 67 ATM;1
01/06/2024;COT24;GVBUS;EQ28;ATM;OP108;GVBUS - SIND. DAS EMP. DE TRANP. METROP. DA GRANDE VITÓRIA;DF4;Ajuste da Porta do Cofre;2
01/06/2024;COT2;Transcard;EQ28;ATM;OP61;Setps (Transcard);DF237;Subst. Do Validador de Notas;9
01/06/2024;COT2;Transcard;EQ28;ATM;OP61;Setps (Transcard);DF143;Subst. da Impressora;6
01/06/2024;COT2;Transcard;EQ28;ATM;OP61;Setps (Transcard);DF218;Subst. Do Monitor;2
01/06/2024;COT2;Transcard;EQ28;ATM;OP61;Setps (Transcard);DF236;Subst. Do Teclado de Metal Frontal;1
01/06/2024;COT2;Transcard;EQ28;ATM;OP61;Setps (Transcard);DF228;Subst. Do PDV ATM;1
01/06/2024;COT2;Transcard;EQ28;ATM;OP61;Setps (Transcard);DF7;Ajuste do Módulo de Impressão;1
01/06/2024;COT6;Metro-Bahia;EQ28;ATM;OP63;METRO-BAHIA;DF237;Subst. Do Validador de Notas;11
01/06/2024;COT6;Metro-Bahia;EQ28;ATM;OP63;METRO-BAHIA;DF143;Subst. da Impressora;5
01/06/2024;COT6;Metro-Bahia;EQ28;ATM;OP63;METRO-BAHIA;DF218;Subst. Do Monitor;2
01/06/2024;COT6;Metro-Bahia;EQ28;ATM;OP63;METRO-BAHIA;DF284;Manutenção PC ATM;4
01/06/2024;COT8;CBTU;EQ1;CCIT 3.0;OP47;CBTU - COMPANHIA BRASILEIRA DE TRENS URBANOS;DF21;Atualização de FW ;1
01/06/2024;COT8;CBTU;EQ1;CCIT 3.0;OP47;CBTU - COMPANHIA BRASILEIRA DE TRENS URBANOS;DF63;Lista restaurada;1
01/06/2024;COT8;CBTU;EQ1;CCIT 3.0;OP47;CBTU - COMPANHIA BRASILEIRA DE TRENS URBANOS;DF20;Atualização de data;1
01/06/2024;COT8;CBTU;EQ1;CCIT 3.0;OP47;CBTU - COMPANHIA BRASILEIRA DE TRENS URBANOS;DF97;Ressolda;1
01/06/2024;COT33;FLORIANÓPOLIS;EQ8;CCIT 4.0 FRONTAL JI21 SEM BATERIA;;;DF21;Atualização de FW ;17
01/06/2024;COT33;FLORIANÓPOLIS;EQ8;CCIT 4.0 FRONTAL JI21 SEM BATERIA;;;DF41;Envio para manutenção central-CTG;5
01/06/2024;COT33;FLORIANÓPOLIS;EQ8;CCIT 4.0 FRONTAL JI21 SEM BATERIA;;;DF115;Restauração da ROM via PC;17
01/06/2024;COT3;TEU;EQ36;CCIT 4.0 FRONTAL H1 COM BATERIA;;;DF41;Envio para manutenção central-CTG;16
01/06/2024;COT3;TEU;EQ36;CCIT 4.0 FRONTAL H1 COM BATERIA;;;DF115;Restauração da ROM via PC;99
01/06/2024;COT22;Taguatur;EQ35;CCIT 4.0 FRONTAL H2 COM BATERIA;OP82;TAGUATUR;DF41;Envio para manutenção central-CTG;16
01/06/2024;COT23;UTB;EQ6;CCIT 4.0 FRONTAL H2.1;OP83;UTB;DF41;Envio para manutenção central-CTG;29
01/06/2024;COT1;Transfacil;EQ6;CCIT 4.0 FRONTAL H2.1;;;DF63;Lista restaurada;232
01/06/2024;COT1;Transfacil;EQ6;CCIT 4.0 FRONTAL H2.1;;;DF20;Atualização de data;126
01/06/2024;COT1;Transfacil;EQ6;CCIT 4.0 FRONTAL H2.1;;;DF21;Atualização de FW ;104
01/06/2024;COT1;Transfacil;EQ6;CCIT 4.0 FRONTAL H2.1;;;DF51;Gravação BootLoader;175
01/06/2024;COT1;Transfacil;EQ6;CCIT 4.0 FRONTAL H2.1;;;DF91;Reparo com Gravação de PIC e reinst. Do FW;13
01/06/2024;COT1;Transfacil;EQ6;CCIT 4.0 FRONTAL H2.1;;;DF93;Reparo no módulo;235
01/06/2024;COT1;Transfacil;EQ6;CCIT 4.0 FRONTAL H2.1;;;DF136;Subst. Da Carcaça inferior;13
01/06/2024;COT1;Transfacil;EQ6;CCIT 4.0 FRONTAL H2.1;;;DF135;Subst. Da Carcaça frontal;5
01/06/2024;COT1;Transfacil;EQ6;CCIT 4.0 FRONTAL H2.1;;;DF238;Subst. Do Vidro CCIT V4.0;6
01/06/2024;COT1;Transfacil;EQ6;CCIT 4.0 FRONTAL H2.1;;;DF210;Subst. Do Display CCIT;20
01/06/2024;COT1;Transfacil;EQ6;CCIT 4.0 FRONTAL H2.1;;;DF272;Subst. Do Touchscreen do módulo;19
01/06/2024;COT1;Transfacil;EQ6;CCIT 4.0 FRONTAL H2.1;;;DF305;Subst. Do Buzzer;2
01/06/2024;COT1;Transfacil;EQ6;CCIT 4.0 FRONTAL H2.1;;;DF169;Subst. De Componente eletrônico;9
01/06/2024;COT1;Transfacil;EQ6;CCIT 4.0 FRONTAL H2.1;;;DF216;Subst. Do Módulo H2;31
01/06/2024;COT1;Transfacil;EQ6;CCIT 4.0 FRONTAL H2.1;;;DF131;Subst. Da Antena Wlan do CCIT;2
01/06/2024;COT1;Transfacil;EQ6;CCIT 4.0 FRONTAL H2.1;;;DF165;Subst. Da Placa-mãe;23
01/06/2024;COT1;Transfacil;EQ6;CCIT 4.0 FRONTAL H2.1;;;DF132;Subst. Da Bateria de Lithium;1
01/06/2024;COT1;Transfacil;EQ6;CCIT 4.0 FRONTAL H2.1;OP13;Estações BRT Move;DF63;Lista restaurada;26
01/06/2024;COT1;Transfacil;EQ6;CCIT 4.0 FRONTAL H2.1;OP13;Estações BRT Move;DF20;Atualização de data;9
01/06/2024;COT1;Transfacil;EQ6;CCIT 4.0 FRONTAL H2.1;OP13;Estações BRT Move;DF21;Atualização de FW ;16
01/06/2024;COT1;Transfacil;EQ6;CCIT 4.0 FRONTAL H2.1;OP13;Estações BRT Move;DF51;Gravação BootLoader;11
01/06/2024;COT1;Transfacil;EQ6;CCIT 4.0 FRONTAL H2.1;OP13;Estações BRT Move;DF322;Restore do módulo;26
01/06/2024;COT1;Transfacil;EQ6;CCIT 4.0 FRONTAL H2.1;OP13;Estações BRT Move;DF306;Retirada da bateria;1
01/06/2024;COT1;Transfacil;EQ6;CCIT 4.0 FRONTAL H2.1;OP13;Estações BRT Move;DF136;Subst. Da Carcaça inferior;4
01/06/2024;COT1;Transfacil;EQ6;CCIT 4.0 FRONTAL H2.1;OP13;Estações BRT Move;DF238;Subst. Do Vidro CCIT V4.0;1
01/06/2024;COT1;Transfacil;EQ6;CCIT 4.0 FRONTAL H2.1;OP13;Estações BRT Move;DF210;Subst. Do Display CCIT;4
01/06/2024;COT1;Transfacil;EQ6;CCIT 4.0 FRONTAL H2.1;OP13;Estações BRT Move;DF272;Subst. Do Touchscreen do módulo;1
01/06/2024;COT1;Transfacil;EQ6;CCIT 4.0 FRONTAL H2.1;OP13;Estações BRT Move;DF276;Subst. Placa do Módulo;1
01/06/2024;COT1;Transfacil;EQ6;CCIT 4.0 FRONTAL H2.1;OP13;Estações BRT Move;DF242;Subst. Placa Mbccit;1
01/06/2024;COT1;Transfacil;EQ6;CCIT 4.0 FRONTAL H2.1;OP13;Estações BRT Move;DF198;Subst. Do componente eletrônico;1
01/06/2024;COT18;Sindpautras;EQ6;CCIT 4.0 FRONTAL H2.1;OP48;SINDPAUTRAS-SIND. PERM. AUT. TRANSP. SU;DF136;Subst. Da Carcaça inferior;3
01/06/2024;COT18;Sindpautras;EQ6;CCIT 4.0 FRONTAL H2.1;OP48;SINDPAUTRAS-SIND. PERM. AUT. TRANSP. SU;DF209;Subst. Do Display;5
01/06/2024;COT18;Sindpautras;EQ6;CCIT 4.0 FRONTAL H2.1;OP48;SINDPAUTRAS-SIND. PERM. AUT. TRANSP. SU;DF51;Gravação BootLoader;55
01/06/2024;COT18;Sindpautras;EQ6;CCIT 4.0 FRONTAL H2.1;OP48;SINDPAUTRAS-SIND. PERM. AUT. TRANSP. SU;DF63;Lista restaurada;55
01/06/2024;COT18;Sindpautras;EQ6;CCIT 4.0 FRONTAL H2.1;OP48;SINDPAUTRAS-SIND. PERM. AUT. TRANSP. SU;DF93;Reparo no módulo;55
01/06/2024;COT16;Via Ouro;EQ6;CCIT 4.0 FRONTAL H2.1;OP49;VIA OURO COLETIVOS LTDA;DF136;Subst. Da Carcaça inferior;1
01/06/2024;COT16;Via Ouro;EQ6;CCIT 4.0 FRONTAL H2.1;OP49;VIA OURO COLETIVOS LTDA;DF271;Subst. Do Vidro;1
01/06/2024;COT16;Via Ouro;EQ6;CCIT 4.0 FRONTAL H2.1;OP49;VIA OURO COLETIVOS LTDA;DF51;Gravação BootLoader;2
01/06/2024;COT16;Via Ouro;EQ6;CCIT 4.0 FRONTAL H2.1;OP49;VIA OURO COLETIVOS LTDA;DF90;Reparo com formatação e subst. FW/SW;2
01/06/2024;COT16;Via Ouro;EQ6;CCIT 4.0 FRONTAL H2.1;OP49;VIA OURO COLETIVOS LTDA;DF272;Subst. Do Touchscreen do módulo;2
01/06/2024;COT16;Via Ouro;EQ6;CCIT 4.0 FRONTAL H2.1;OP49;VIA OURO COLETIVOS LTDA;DF63;Lista restaurada;3
01/06/2024;COT16;Via Ouro;EQ6;CCIT 4.0 FRONTAL H2.1;OP49;VIA OURO COLETIVOS LTDA;DF322;Restore do módulo;3
01/06/2024;COT17;São Jorge;EQ6;CCIT 4.0 FRONTAL H2.1;OP50;SÃO JORGE AUTO ONIBUS ;DF63;Lista restaurada;1
01/06/2024;COT17;São Jorge;EQ6;CCIT 4.0 FRONTAL H2.1;OP50;SÃO JORGE AUTO ONIBUS ;DF51;Gravação BootLoader;1
01/06/2024;COT17;São Jorge;EQ6;CCIT 4.0 FRONTAL H2.1;OP50;SÃO JORGE AUTO ONIBUS ;DF322;Restore do módulo;1
01/06/2024;COT14;TURIN OURO PRETO;EQ6;CCIT 4.0 FRONTAL H2.1;OP52;VIAÇÃO TURIN OURO PRETO;DF93;Reparo no módulo;3
01/06/2024;COT14;TURIN OURO PRETO;EQ6;CCIT 4.0 FRONTAL H2.1;OP52;VIAÇÃO TURIN OURO PRETO;DF51;Gravação BootLoader;3
01/06/2024;COT14;TURIN OURO PRETO;EQ6;CCIT 4.0 FRONTAL H2.1;OP52;VIAÇÃO TURIN OURO PRETO;DF209;Subst. Do Display;1
01/06/2024;COT14;TURIN OURO PRETO;EQ6;CCIT 4.0 FRONTAL H2.1;OP52;VIAÇÃO TURIN OURO PRETO;DF63;Lista restaurada;3
01/06/2024;COT13;Mariana;EQ5;CCIT 4.0 FRONTAL;OP54;TRANSCOTTA MARIANA MG;DF209;Subst. Do Display;1
01/06/2024;COT13;Mariana;EQ5;CCIT 4.0 FRONTAL;OP54;TRANSCOTTA MARIANA MG;DF51;Gravação BootLoader;4
01/06/2024;COT13;Mariana;EQ5;CCIT 4.0 FRONTAL;OP54;TRANSCOTTA MARIANA MG;DF63;Lista restaurada;4
01/06/2024;COT13;Mariana;EQ5;CCIT 4.0 FRONTAL;OP54;TRANSCOTTA MARIANA MG;DF322;Restore do módulo;4
01/06/2024;COT11;Gov. Valadares;EQ6;CCIT 4.0 FRONTAL H2.1;OP53;VIAÇÃO MOBI;DF272;Subst. Do Touchscreen do módulo;2
01/06/2024;COT11;Gov. Valadares;EQ6;CCIT 4.0 FRONTAL H2.1;OP53;VIAÇÃO MOBI;DF136;Subst. Da Carcaça inferior;1
01/06/2024;COT11;Gov. Valadares;EQ6;CCIT 4.0 FRONTAL H2.1;OP53;VIAÇÃO MOBI;DF51;Gravação BootLoader;17
01/06/2024;COT11;Gov. Valadares;EQ6;CCIT 4.0 FRONTAL H2.1;OP53;VIAÇÃO MOBI;DF63;Lista restaurada;17
01/06/2024;COT11;Gov. Valadares;EQ6;CCIT 4.0 FRONTAL H2.1;OP53;VIAÇÃO MOBI;DF210;Subst. Do Display CCIT;1
01/06/2024;COT11;Gov. Valadares;EQ6;CCIT 4.0 FRONTAL H2.1;OP53;VIAÇÃO MOBI;DF322;Restore do módulo;17
01/06/2024;COT12;DIVPASS;EQ6;CCIT 4.0 FRONTAL H2.1;OP124;DIVPASS;DF136;Subst. Da Carcaça inferior;3
01/06/2024;COT12;DIVPASS;EQ6;CCIT 4.0 FRONTAL H2.1;OP124;DIVPASS;DF209;Subst. Do Display;3
01/06/2024;COT12;DIVPASS;EQ6;CCIT 4.0 FRONTAL H2.1;OP124;DIVPASS;DF51;Gravação BootLoader;21
01/06/2024;COT12;DIVPASS;EQ6;CCIT 4.0 FRONTAL H2.1;OP124;DIVPASS;DF63;Lista restaurada;21
01/06/2024;COT12;DIVPASS;EQ6;CCIT 4.0 FRONTAL H2.1;OP124;DIVPASS;DF322;Restore do módulo;21
01/06/2024;COT35;TURIN CONGONHAS;EQ5;CCIT 4.0 FRONTAL;OP138;VIAÇÃO TURIN CONGONHAS;DF51;Gravação BootLoader;1
01/06/2024;COT35;TURIN CONGONHAS;EQ5;CCIT 4.0 FRONTAL;OP138;VIAÇÃO TURIN CONGONHAS;DF63;Lista restaurada;1
01/06/2024;COT35;TURIN CONGONHAS;EQ5;CCIT 4.0 FRONTAL;OP138;VIAÇÃO TURIN CONGONHAS;DF322;Restore do módulo;1
01/06/2024;COT24;GVBUS;EQ6;CCIT 4.0 FRONTAL H2.1;;;DF89;Reparo com Formatação e Subst. De FW;71
01/06/2024;COT24;GVBUS;EQ6;CCIT 4.0 FRONTAL H2.1;;;DF41;Envio para manutenção central-CTG;39
01/06/2024;COT24;GVBUS;EQ6;CCIT 4.0 FRONTAL H2.1;;;DF322;Restore do módulo;86
01/06/2024;COT2;Transcard;EQ6;CCIT 4.0 FRONTAL H2.1;;;DF41;Enviados para manutenção central CTG;28
01/06/2024;COT2;Transcard;EQ6;CCIT 4.0 FRONTAL H2.1;;;DF113;Restaura RAM via PC;101
01/06/2024;COT2;Transcard;EQ6;CCIT 4.0 FRONTAL H2.1;;;DF114;Restaura RAM via pendrive;44
01/06/2024;COT2;Transcard;EQ6;CCIT 4.0 FRONTAL H2.1;;;DF272;Subst. Do Touchscreen do módulo;49
01/06/2024;COT6;METRO-BAHIA;EQ6;CCIT 4.0 FRONTAL H2.1;OP64;METROPOLITANO SSA;DF113;Restaura RAM via PC;7
01/06/2024;COT6;METRO-BAHIA;EQ6;CCIT 4.0 FRONTAL H2.1;OP64;METROPOLITANO SSA;DF41;Envio para manutenção central-CTG;1
01/06/2024;COT10;Metropolitano-Bahia;EQ6;CCIT 4.0 FRONTAL H2.1;OP64;METROPOLITANO SSA;DF272;Subst. Do Touchscreen do módulo;9
01/06/2024;COT10;Metropolitano-Bahia;EQ6;CCIT 4.0 FRONTAL H2.1;OP64;METROPOLITANO SSA;DF113;Restaura RAM via PC;15
01/06/2024;COT10;Metropolitano-Bahia;EQ6;CCIT 4.0 FRONTAL H2.1;OP64;METROPOLITANO SSA;DF41;Envio para manutenção central-CTG;3
01/06/2024;COT27;Cidade das Águas;EQ6;CCIT 4.0 FRONTAL H2.1;OP128;VIAÇÃO CIDADE DAS ÁGUAS;DF113;Restaura RAM via PC;5
01/06/2024;COT19;SÃO JOÃO;EQ36;CCIT 4.0 FRONTAL H1 COM BATERIA;OP67;SÃO JOÃO;DF113;Restaura RAM via PC;7
01/06/2024;COT20;ROSA TURISMO;EQ36;CCIT 4.0 FRONTAL H1 COM BATERIA;OP66;ROSA TURISMO;DF113;Restaura RAM via PC;7
01/06/2024;COT7;Alagoinhas;EQ34;CCIT 4.0 FRONTAL H2.1 C SEM BATERIA;OP68;ALAGOINHAS;DF113;Restaura RAM via PC;4
01/06/2024;COT7;Alagoinhas;EQ34;CCIT 4.0 FRONTAL H2.1 C SEM BATERIA;OP68;ALAGOINHAS;DF41;Envio para manutenção central-CTG;1
01/06/2024;COT4;Setut;EQ6;CCIT 4.0 FRONTAL H2.1;;;DF60;Restaura RAM via PC;3
01/06/2024;COT4;Setut;EQ6;CCIT 4.0 FRONTAL H2.1;;;DF41;Envio para manutenção central-CTG;11
01/06/2024;COT5;METROFOR/ VLT FORTALEZA;EQ38;CCIT 4.0 METROFOR;OP105;METROFOR LINHA SUL;DF41;Envio para manutenção central-CTG;6
01/06/2024;COT5;METROFOR/ VLT FORTALEZA;EQ38;CCIT 4.0 METROFOR;OP105;METROFOR LINHA SUL;DF113;Restaura RAM via PC;5
01/06/2024;COT5;METROFOR/ VLT FORTALEZA;EQ38;CCIT 4.0 METROFOR;OP105;METROFOR LINHA SUL;DF320;Reparo em loco;13
01/06/2024;COT1;Transfacil;EQ10;CONNECTION CCIT 4.0;;;DF21;Atualização de FW ;26
01/06/2024;COT1;Transfacil;EQ10;CONNECTION CCIT 4.0;;;DF51;Gravação BootLoader;12
01/06/2024;COT1;Transfacil;EQ10;CONNECTION CCIT 4.0;;;DF26;Atualização do PIC;38
01/06/2024;COT1;Transfacil;EQ10;CONNECTION CCIT 4.0;;;DF61;Limpeza e testes;11
01/06/2024;COT1;Transfacil;EQ10;CONNECTION CCIT 4.0;;;DF278;Modificação circuito catraca;1
01/06/2024;COT1;Transfacil;EQ10;CONNECTION CCIT 4.0;;;DF107;Ressolda no circuito connections;5
01/06/2024;COT1;Transfacil;EQ10;CONNECTION CCIT 4.0;;;DF169;Subst. De Componente eletrônico;6
01/06/2024;COT1;Transfacil;EQ10;CONNECTION CCIT 4.0;;;DF256;Substituição de fusível;1
01/06/2024;COT1;Transfacil;EQ10;CONNECTION CCIT 4.0;;;DF136;Subst. Da Carcaça inferior;2
01/06/2024;COT1;Transfacil;EQ10;CONNECTION CCIT 4.0;;;DF322;Restore do módulo;1
01/06/2024;COT24;GVBUS;EQ10;CONNECTION CCIT 4.0;;;DF41;Envio para manutenção central-CTG;4
01/06/2024;COT24;GVBUS;EQ10;CONNECTION CCIT 4.0;;;DF278;Modificação circuito catraca;39
01/06/2024;COT2;Transcard;EQ10;CONNECTION CCIT 4.0;;;DF46;Formatação da memória e subst. FW;54
01/06/2024;COT2;Transcard;EQ10;CONNECTION CCIT 4.0;;;DF41;Envio para manutenção central-CTG;13
01/06/2024;COT10;Metropolitano-Bahia;EQ10;CONNECTION CCIT 4.0;OP64;METROPOLITANO SSA;DF50;FW Restaurado;5
01/06/2024;COT10;Metropolitano-Bahia;EQ10;CONNECTION CCIT 4.0;OP64;METROPOLITANO SSA;DF41;Envio para manutenção central-CTG;1
01/06/2024;COT19;ROSA TURISMO;EQ10;CONNECTION CCIT 4.0;OP66;ROSA TURISMO;DF50;FW Restaurado;9
01/06/2024;COT19;ROSA TURISMO;EQ10;CONNECTION CCIT 4.0;OP66;ROSA TURISMO;DF41;Envio para manutenção central-CTG;1
01/06/2024;COT19;SÃO JOÃO;EQ10;CONNECTION CCIT 4.0;OP67;SÃO JOÃO;DF50;FW Restaurado;1
01/06/2024;COT19;SÃO JOÃO;EQ10;CONNECTION CCIT 4.0;OP67;SÃO JOÃO;DF41;Envio para manutenção central-CTG;2
01/06/2024;COT4;Setut;EQ10;CONNECTION CCIT 4.0;;;DF41;Envio para manutenção central-CTG;3
01/06/2024;COT33;FLORIANÓPOLIS;EQ15;DMX200L SEM BATERIA;;;DF115;Restauração da ROM via PC;47
01/06/2024;COT33;FLORIANÓPOLIS;EQ15;DMX200L SEM BATERIA;;;DF41;Envio para manutenção central-CTG;8
01/06/2024;COT33;FLORIANÓPOLIS;EQ15;DMX200L SEM BATERIA;;;DF21;Atualização de FW ;47
01/06/2024;COT3;TEU;EQ14;DMX200 MOD H3.1;;;DF21;Atualização de FW ;1
01/06/2024;COT3;TEU;EQ14;DMX200 MOD H3.1;;;DF115;Restauração da ROM via PC;1
01/06/2024;COT22;Taguatur PM NOVO;EQ39;DMX200L JI21 SEM BATERIA;OP82;TAGUATUR;DF41;Envio para manutenção central-CTG;45
01/06/2024;COT23;UTB;EQ40;DMX200L JI21 COM BATERIA;OP83;UTB;DF41;Envio para manutenção central-CTG;20
01/06/2024;COT1;Transfacil;EQ14;DMX200 MOD H3.1;;;DF21;Atualização de FW ;125
01/06/2024;COT1;Transfacil;EQ14;DMX200 MOD H3.1;;;DF206;Subst. Do Conector USB;19
01/06/2024;COT1;Transfacil;EQ14;DMX200 MOD H3.1;;;DF243;Subst. Placa Principal do PM;8
01/06/2024;COT1;Transfacil;EQ14;DMX200 MOD H3.1;;;DF221;Subst. do Painel Frontal;6
01/06/2024;COT1;Transfacil;EQ14;DMX200 MOD H3.1;;;DF252;Troca de Memória;4
01/06/2024;COT1;Transfacil;EQ14;DMX200 MOD H3.1;;;DF300;Ressolda antena GPRS e slot de chip;6
01/06/2024;COT1;Transfacil;EQ14;DMX200 MOD H3.1;;;DF211;Subst. Do Equipamento completo;3
01/06/2024;COT1;Transfacil;EQ14;DMX200 MOD H3.1;;;DF272;Subst. Do Touchscreen do módulo;4
01/06/2024;COT1;Transfacil;EQ14;DMX200 MOD H3.1;;;DF137;Subst. Da Carcaça Traseira;3
01/06/2024;COT1;Transfacil;EQ14;DMX200 MOD H3.1;;;DF135;Subst. Da Carcaça frontal;1
01/06/2024;COT1;Transfacil;EQ14;DMX200 MOD H3.1;;;DF315;Colagem de Tela;2
01/06/2024;COT1;Transfacil;EQ14;DMX200 MOD H3.1;;;DF20;Atualização de data;1
01/06/2024;COT16;Via Ouro;EQ39;DMX200L JI21 SEM BATERIA;;;DF21;Atualização de FW ;4
01/06/2024;COT17;São Jorge;EQ14;DMX200 MOD H3.1;OP50;SÃO JORGE AUTO ONIBUS ;DF21;Atualização de FW ;12
01/06/2024;COT17;São Jorge;EQ14;DMX200 MOD H3.1;OP50;SÃO JORGE AUTO ONIBUS ;DF272;Subst. Do Touchscreen do módulo;5
01/06/2024;COT17;São Jorge;EQ14;DMX200 MOD H3.1;OP50;SÃO JORGE AUTO ONIBUS ;DF300;Ressolda antena GPRS e slot de chip;3
01/06/2024;COT11;Gov. Valadares;EQ13;DMX200L;OP53;VIAÇÃO MOBI;DF21;Atualização de FW ;2
01/06/2024;COT12;DIVPASS;EQ13;DMX200L;OP124;DIVPASS;DF21;Atualização de FW ;2
01/06/2024;COT12;DIVPASS;EQ13;DMX200L;OP124;DIVPASS;DF127;Subst. Conector USB;1
01/06/2024;COT24;GVBUS;EQ14;DMX200 MOD H3.1;;;DF292;Ressolda conector USB;24
01/06/2024;COT24;GVBUS;EQ14;DMX200 MOD H3.1;;;DF41;Envio para manutenção central-CTG;100
01/06/2024;COT24;GVBUS;EQ14;DMX200 MOD H3.1;;;DF198;Subst. Do componente eletrônico;148
01/06/2024;COT24;GVBUS;EQ14;DMX200 MOD H3.1;;;DF315;Colagem de Tela;1
01/06/2024;COT2;Transcard;EQ16;PDM03;;;DF300;Ressolda antena GPRS e slot de chip;1
01/06/2024;COT2;Transcard;EQ16;PDM03;;;DF117;Restauração de módulos via PC e/ou SdCard;4
01/06/2024;COT20;ROSA TURISMO;EQ39;DMX200L JI21 SEM BATERIA;OP66;ROSA TURISMO;DF115;Restauração da ROM via PC;2
01/06/2024;COT20;ROSA TURISMO;EQ39;DMX200L JI21 SEM BATERIA;OP66;ROSA TURISMO;DF300;Ressolda antena GPRS e slot de chip;2
01/06/2024;COT20;ROSA TURISMO;EQ39;DMX200L JI21 SEM BATERIA;OP66;ROSA TURISMO;DF41;Envio para manutenção central-CTG;1
01/06/2024;COT20;ROSA TURISMO;EQ39;DMX200L JI21 SEM BATERIA;OP66;ROSA TURISMO;DF267;Ressolda USB Interface;5
01/06/2024;COT19;SÃO JOÃO;EQ39;DMX200L JI21 SEM BATERIA;OP67;SÃO JOÃO;DF267;Ressolda USB Interface;6
01/06/2024;COT25;COOTRAPS - CE;EQ14;DMX200 MOD H3.1;OP129;COOTRAPS;DF90;Reparo com formatação e subst. FW/SW;8
01/06/2024;COT25;COOTRAPS - CE;EQ14;DMX200 MOD H3.1;OP129;COOTRAPS;DF320;Reparo em loco;10
01/06/2024;COT25;COOTRAPS - CE;EQ14;DMX200 MOD H3.1;OP129;COOTRAPS;DF39;Enviados para manutenção central CTG;10
01/06/2024;COT33;FLORIANÓPOLIS;EQ26;V3000M DVR;;;DF21;Atualização de FW ;11
01/06/2024;COT33;FLORIANÓPOLIS;EQ26;V3000M DVR;;;DF113;Restaura RAM via PC;6
01/06/2024;COT33;FLORIANÓPOLIS;EQ26;V3000M DVR;;;DF41;Envio para manutenção central-CTG;10
01/06/2024;COT3;TEU;EQ22;V3000M;;;DF21;Atualização de FW ;134
01/06/2024;COT3;TEU;EQ22;V3000M;;;DF41;Envio para manutenção central-CTG;16
01/06/2024;COT3;TEU;EQ22;V3000M;;;DF232;Subst. Do SDCard;6
01/06/2024;COT3;TEU;EQ22;V3000M;;;DF52;Gravação Supervisor;4
01/06/2024;COT3;TEU;EQ26;V3000M DVR;;;DF21;Atualização de FW ;9
01/06/2024;COT3;TEU;EQ26;V3000M DVR;;;DF115;Restauração da ROM via PC;9
01/06/2024;COT3;TEU;EQ26;V3000M DVR;;;DF41;Envio para manutenção central-CTG;3
01/06/2024;COT3;TEU;EQ26;V3000M DVR;;;DF232;Subst. Do SDCard;3
01/06/2024;COT1;Transfacil;EQ18;VH-200;;;DF61;Limpeza e testes;1
01/06/2024;COT1;Transfacil;EQ18;VH-200;;;DF198;Subst. Do componente eletrônico;1
01/06/2024;COT1;Transfacil;EQ18;VH-200;;;DF200;Subst. do Conector BNC (VH200);2
01/06/2024;COT1;Transfacil;EQ18;VH-200;;;DF9;Ajuste e aperto de conexão;2
01/06/2024;COT1;Transfacil;EQ18;VH-200;;;DF234;Subst. Do SIMCARD (chip GPRS);3
01/06/2024;COT1;Transfacil;EQ18;VH-200;;;DF321;Subst. Antena GPRS;3
01/06/2024;COT1;Transfacil;EQ18;VH-200;;;DF130;Subst. Da Antena WLAN;4
01/06/2024;COT1;Transfacil;EQ18;VH-200;;;DF187;Subst. Do cartão SD/HD;8
01/06/2024;COT1;Transfacil;EQ18;VH-200;;;DF245;Subst. Terminal Block;8
01/06/2024;COT1;Transfacil;EQ18;VH-200;;;DF214;Subst. Do Módulo do GPRS;69
01/06/2024;COT1;Transfacil;EQ18;VH-200;;;DF165;Subst. Da Placa-mãe;15
01/06/2024;COT1;Transfacil;EQ18;VH-200;;;DF21;Atualização de FW ;261
01/06/2024;COT1;Transfacil;EQ18;VH-200;;;DF108;Ressolda no circuito da placa-mãe;135
01/06/2024;COT1;Transfacil;EQ19;V2000;;;DF61;Limpeza e testes;2
01/06/2024;COT1;Transfacil;EQ19;V2000;;;DF46;Formatação da memória e subst. FW;2
01/06/2024;COT18;Sindpautras;EQ21;V3000L;OP48;SINDPAUTRAS-SIND. PERM. AUT. TRANSP. SU;DF21;Atualização de FW ;20
01/06/2024;COT18;Sindpautras;EQ21;V3000L;OP48;SINDPAUTRAS-SIND. PERM. AUT. TRANSP. SU;DF186;Subst. Do cartão SD 32 GB;2
01/06/2024;COT18;Sindpautras;EQ21;V3000L;OP48;SINDPAUTRAS-SIND. PERM. AUT. TRANSP. SU;DF169;Subst. De Componente eletrônico;1
01/06/2024;COT16;Via Ouro;EQ26;V3000M DVR;OP49;VIA OURO COLETIVOS LTDA;DF21;Atualização de FW ;9
01/06/2024;COT24;GVBUS;EQ26;V3000M DVR;;;DF46;Formatação da memória e subst. FW;10
01/06/2024;COT24;GVBUS;EQ26;V3000M DVR;;;DF151;Subst. Da placa DVR;1
01/06/2024;COT24;GVBUS;EQ26;V3000M DVR;;;DF232;Subst. Do SDCard;69
01/06/2024;COT24;GVBUS;EQ26;V3000M DVR;;;DF41;Envio para manutenção central-CTG;5
01/06/2024;COT2;Transcard;EQ26;V3000M DVR;;;DF186;Subst. Do cartão SD 32 GB;21
01/06/2024;COT2;Transcard;EQ26;V3000M DVR;;;DF47;Formatação de SDCARD;16
01/06/2024;COT2;Transcard;EQ26;V3000M DVR;;;DF151;Subst. Da placa DVR;9
01/06/2024;COT2;Transcard;EQ26;V3000M DVR;;;DF41;Envio para manutenção central-CTG;2
01/06/2024;COT5;METROFOR;EQ19;V2000;OP105;METROFOR LINHA SUL;DF41;Envio para manutenção central-CTG;6
01/06/2024;COT5;METROFOR;EQ19;V2000;OP105;METROFOR LINHA SUL;DF266;Subst. Do cooler;2
01/06/2024;COT5;METROFOR;EQ19;V2000;OP105;METROFOR LINHA SUL;DF89;Reparo com Formatação e Subst. De FW;2
01/06/2024;COT24;GVBUS;EQ33;POS MOVE 2500;;;DF41;Envio para manutenção central-CTG;9
01/06/2024;COT2;Transcard;EQ31;POS 250;;;DF46;Envio para manutenção central-CTG;2
01/06/2024;COT2;Transcard;EQ31;POS 250;;;DF46;Formatação da memória e subst. FW;1
01/06/2024;COT20;Rosa Turismo;EQ31;POS 250;OP66;ROSA TURISMO;DF41;Formatação da memória e subst. FW;1
01/06/2024;COT1;Transfacil;EQ27;UT (FTV 3000);;;DF21;Atualização de FW ;17
01/06/2024;COT1;Transfacil;EQ27;UT (FTV 3000);;;DF198;Subst. Do componente eletrônico;3
01/06/2024;COT25;COOTRAPS - CE;EQ17;FONTE PM;OP129;COOTRAPS;DF41;Envio para manutenção central-CTG;1
01/07/2024;COT24;GVBUS;EQ28;ATM;OP108;GVBUS - SIND. DAS EMP. DE TRANP. METROP. DA GRANDE VITÓRIA;DF296;ATM - sem conexão com internet;7
01/07/2024;COT24;GVBUS;EQ28;ATM;OP108;GVBUS - SIND. DAS EMP. DE TRANP. METROP. DA GRANDE VITÓRIA;DF284;Manutenção PC ATM;9
01/07/2024;COT24;GVBUS;EQ28;ATM;OP108;GVBUS - SIND. DAS EMP. DE TRANP. METROP. DA GRANDE VITÓRIA;DF208;Subst. Do Dispenser do cartão;7
01/07/2024;COT24;GVBUS;EQ28;ATM;OP108;GVBUS - SIND. DAS EMP. DE TRANP. METROP. DA GRANDE VITÓRIA;DF70;Manutenção PDV;3
01/07/2024;COT24;GVBUS;EQ28;ATM;OP108;GVBUS - SIND. DAS EMP. DE TRANP. METROP. DA GRANDE VITÓRIA;DF231;Subst. Do PINpad;1
01/07/2024;COT24;GVBUS;EQ28;ATM;OP108;GVBUS - SIND. DAS EMP. DE TRANP. METROP. DA GRANDE VITÓRIA;DF262;Retirada de nota ATM e testes;1
01/07/2024;COT2;Transcard;EQ28;ATM;OP61;Setps (Transcard);DF237;Subst. Do Validador de Notas;5
01/07/2024;COT2;Transcard;EQ28;ATM;OP61;Setps (Transcard);DF143;Subst. da Impressora;1
01/07/2024;COT2;Transcard;EQ28;ATM;OP61;Setps (Transcard);DF218;Subst. Do Monitor;3
01/07/2024;COT2;Transcard;EQ28;ATM;OP61;Setps (Transcard);DF236;Subst. Do Teclado de Metal Frontal;1
01/07/2024;COT2;Transcard;EQ28;ATM;OP61;Setps (Transcard);DF142;Subst. Da Fonte Lambda ATM;1
01/07/2024;COT2;Transcard;EQ28;ATM;OP61;Setps (Transcard);DF314;Ajustes Cabo VGA;1
01/07/2024;COT2;Transcard;EQ28;ATM;OP61;Setps (Transcard);DF128;Subst. Da antena Cless;3
01/07/2024;COT2;Transcard;EQ28;ATM;OP61;Setps (Transcard);DF4;Ajuste da Porta do Cofre;1
01/07/2024;COT6;Metro-Bahia;EQ28;ATM;OP63;METRO-BAHIA;DF237;Subst. Do Validador de Notas;4
01/07/2024;COT6;Metro-Bahia;EQ28;ATM;OP63;METRO-BAHIA;DF143;Subst. da Impressora;2
01/07/2024;COT6;Metro-Bahia;EQ28;ATM;OP63;METRO-BAHIA;DF179;Subst. Do Cabo de Comunicação da Impressora;1
01/07/2024;COT6;Metro-Bahia;EQ28;ATM;OP63;METRO-BAHIA;DF284;Manutenção PC ATM;6
01/07/2024;COT6;Metro-Bahia;EQ28;ATM;OP63;METRO-BAHIA;DF142;Subst. Da Fonte Lambda ATM;2
01/07/2024;COT6;Metro-Bahia;EQ28;ATM;OP63;METRO-BAHIA;DF5;Ajuste da porta Externa;1
01/07/2024;COT1;Transfacil;EQ28;ATM;OP27;TRANSFÁCIL;DF67;Manutenção na Impressora;1
01/07/2024;COT1;Transfacil;EQ28;ATM;OP27;TRANSFÁCIL;DF284;Manutenção PC ATM;1
01/07/2024;COT1;Transfacil;EQ28;ATM;OP27;TRANSFÁCIL;DF323;Subst. De cabo;1
01/07/2024;COT1;Transfacil;EQ28;ATM;OP27;TRANSFÁCIL;DF281;Subst. Fechadura Digital;1
01/07/2024;COT1;Transfacil;EQ28;ATM;OP27;TRANSFÁCIL;DF319;Subst. da Antena do PDV;1
01/07/2024;COT1;Transfacil;EQ28;ATM;OP27;TRANSFÁCIL;DF301;Reativação da chave do Windows;1
01/07/2024;COT1;Transfacil;EQ28;ATM;OP27;TRANSFÁCIL;DF140;Subst. Da Fechadura Tetra Chave;1
01/07/2024;COT1;Transfacil;EQ28;ATM;OP27;TRANSFÁCIL;DF218;Subst. Do Monitor;1
01/07/2024;COT1;Transfacil;EQ28;ATM;OP27;TRANSFÁCIL;DF64;Mal contato - Filtro de Linha com Defeito;1
01/07/2024;COT1;Transfacil;EQ28;ATM;OP27;TRANSFÁCIL;DF128;Subst. Da antena Cless;2
01/07/2024;COT1;Transfacil;EQ28;ATM;OP27;TRANSFÁCIL;DF258;Subst. Da Cabeça de Impressão;2
01/07/2024;COT1;Transfacil;EQ28;ATM;OP27;TRANSFÁCIL;DF143;Subst. da Impressora;2
01/07/2024;COT1;Transfacil;EQ28;ATM;OP27;TRANSFÁCIL;DF227;Subst. Do PC ATM;3
01/07/2024;COT1;Transfacil;EQ28;ATM;OP27;TRANSFÁCIL;DF228;Subst. Do PDV ATM;3
01/07/2024;COT1;Transfacil;EQ28;ATM;OP27;TRANSFÁCIL;DF69;Manutenção no Sensor de Porta;3
01/07/2024;COT1;Transfacil;EQ28;ATM;OP27;TRANSFÁCIL;DF19;ATM - defeito não confirmado;5
01/07/2024;COT1;Transfacil;EQ28;ATM;OP27;TRANSFÁCIL;DF280;Manutenção no Validador de Notas;6
01/07/2024;COT1;Transfacil;EQ28;ATM;OP27;TRANSFÁCIL;DF237;Subst. Do Validador de Notas;8
01/07/2024;COT8;CBTU;EQ1;CCIT 3.0;OP47;CBTU - COMPANHIA BRASILEIRA DE TRENS URBANOS;DF21;Atualização de FW ;1
01/07/2024;COT8;CBTU;EQ1;CCIT 3.0;OP47;CBTU - COMPANHIA BRASILEIRA DE TRENS URBANOS;DF63;Lista restaurada;1
01/07/2024;COT8;CBTU;EQ1;CCIT 3.0;OP47;CBTU - COMPANHIA BRASILEIRA DE TRENS URBANOS;DF20;Atualização de data;1
01/07/2024;COT8;CBTU;EQ1;CCIT 3.0;OP47;CBTU - COMPANHIA BRASILEIRA DE TRENS URBANOS;DF97;Ressolda;1
01/07/2024;COT6;METRO-BAHIA;EQ6;CCIT 4.0 FRONTAL H2.1;OP64;METROPOLITANO SSA;DF113;Restaura RAM via PC;7
01/07/2024;COT6;METRO-BAHIA;EQ6;CCIT 4.0 FRONTAL H2.1;OP64;METROPOLITANO SSA;DF41;Envio para manutenção central-CTG;1
01/07/2024;COT10;Metropolitano-Bahia;EQ6;CCIT 4.0 FRONTAL H2.1;OP64;METROPOLITANO SSA;DF272;Subst. Do Touchscreen do módulo;11
01/07/2024;COT10;Metropolitano-Bahia;EQ6;CCIT 4.0 FRONTAL H2.1;OP64;METROPOLITANO SSA;DF113;Restaura RAM via PC;16
01/07/2024;COT10;Metropolitano-Bahia;EQ6;CCIT 4.0 FRONTAL H2.1;OP64;METROPOLITANO SSA;DF41;Envio para manutenção central-CTG;11
01/07/2024;COT27;Cidade das Águas;EQ6;CCIT 4.0 FRONTAL H2.1;OP128;VIAÇÃO CIDADE DAS ÁGUAS;DF113;Restaura RAM via PC;3
01/07/2024;COT20;ROSA TURISMO;EQ36;CCIT 4.0 FRONTAL H1 COM BATERIA;OP66;ROSA TURISMO;DF113;Restaura RAM via PC;2
01/07/2024;COT20;ROSA TURISMO;EQ36;CCIT 4.0 FRONTAL H1 COM BATERIA;OP66;ROSA TURISMO;DF41;Envio para manutenção central-CTG;1
01/07/2024;COT19;SÃO JOÃO;EQ36;CCIT 4.0 FRONTAL H1 COM BATERIA;OP67;SÃO JOÃO;DF41;Envio para manutenção central-CTG;1
01/07/2024;COT19;SÃO JOÃO;EQ36;CCIT 4.0 FRONTAL H1 COM BATERIA;OP67;SÃO JOÃO;DF113;Restaura RAM via PC;4
01/07/2024;COT7;Alagoinhas;EQ34;CCIT 4.0 FRONTAL H2.1 C SEM BATERIA;OP68;ALAGOINHAS;DF113;Restaura RAM via PC;1
01/07/2024;COT7;Alagoinhas;EQ34;CCIT 4.0 FRONTAL H2.1 C SEM BATERIA;OP68;ALAGOINHAS;DF41;Envio para manutenção central-CTG;2
01/07/2024;COT5;METROFOR/ VLT FORTALEZA;EQ38;CCIT 4.0 METROFOR;OP105;METROFOR LINHA SUL;DF41;Envio para manutenção central-CTG;5
01/07/2024;COT5;METROFOR/ VLT FORTALEZA;EQ38;CCIT 4.0 METROFOR;OP105;METROFOR LINHA SUL;DF113;Restaura RAM via PC;12
01/07/2024;COT1;Transfacil;EQ6;CCIT 4.0 FRONTAL H2.1;OP13;Estações BRT Move;DF238;Subst. Do Vidro CCIT V4.0;1
01/07/2024;COT1;Transfacil;EQ6;CCIT 4.0 FRONTAL H2.1;OP13;Estações BRT Move;DF135;Subst. Da Carcaça frontal;1
01/07/2024;COT1;Transfacil;EQ6;CCIT 4.0 FRONTAL H2.1;OP13;Estações BRT Move;DF26;Atualização do PIC;1
01/07/2024;COT1;Transfacil;EQ6;CCIT 4.0 FRONTAL H2.1;OP13;Estações BRT Move;DF272;Subst. Do Touchscreen do módulo;2
01/07/2024;COT1;Transfacil;EQ6;CCIT 4.0 FRONTAL H2.1;OP13;Estações BRT Move;DF276;Subst. Placa do Módulo;2
01/07/2024;COT1;Transfacil;EQ6;CCIT 4.0 FRONTAL H2.1;OP13;Estações BRT Move;DF242;Subst. Placa Mbccit;2
01/07/2024;COT1;Transfacil;EQ6;CCIT 4.0 FRONTAL H2.1;OP13;Estações BRT Move;DF136;Subst. Da Carcaça inferior;3
01/07/2024;COT1;Transfacil;EQ6;CCIT 4.0 FRONTAL H2.1;OP13;Estações BRT Move;DF210;Subst. Do Display CCIT;6
01/07/2024;COT1;Transfacil;EQ6;CCIT 4.0 FRONTAL H2.1;OP13;Estações BRT Move;DF21;Atualização de FW ;10
01/07/2024;COT1;Transfacil;EQ6;CCIT 4.0 FRONTAL H2.1;OP13;Estações BRT Move;DF20;Atualização de data;16
01/07/2024;COT1;Transfacil;EQ6;CCIT 4.0 FRONTAL H2.1;OP13;Estações BRT Move;DF51;Gravação BootLoader;21
01/07/2024;COT1;Transfacil;EQ6;CCIT 4.0 FRONTAL H2.1;OP13;Estações BRT Move;DF322;Restore do módulo;30
01/07/2024;COT1;Transfacil;EQ6;CCIT 4.0 FRONTAL H2.1;OP13;Estações BRT Move;DF63;Lista restaurada;31
01/07/2024;COT18;Sindpautras;EQ6;CCIT 4.0 FRONTAL H2.1;OP48;SINDPAUTRAS-SIND. PERM. AUT. TRANSP. SU;DF136;Subst. Da Carcaça inferior;5
01/07/2024;COT18;Sindpautras;EQ6;CCIT 4.0 FRONTAL H2.1;OP48;SINDPAUTRAS-SIND. PERM. AUT. TRANSP. SU;DF209;Subst. Do Display;7
01/07/2024;COT18;Sindpautras;EQ6;CCIT 4.0 FRONTAL H2.1;OP48;SINDPAUTRAS-SIND. PERM. AUT. TRANSP. SU;DF51;Gravação BootLoader;38
01/07/2024;COT18;Sindpautras;EQ6;CCIT 4.0 FRONTAL H2.1;OP48;SINDPAUTRAS-SIND. PERM. AUT. TRANSP. SU;DF63;Lista restaurada;43
01/07/2024;COT18;Sindpautras;EQ6;CCIT 4.0 FRONTAL H2.1;OP48;SINDPAUTRAS-SIND. PERM. AUT. TRANSP. SU;DF93;Reparo no módulo;43
01/07/2024;COT18;Sindpautras;EQ6;CCIT 4.0 FRONTAL H2.1;OP48;SINDPAUTRAS-SIND. PERM. AUT. TRANSP. SU;DF21;Atualização de FW ;5
01/07/2024;COT18;Sindpautras;EQ6;CCIT 4.0 FRONTAL H2.1;OP48;SINDPAUTRAS-SIND. PERM. AUT. TRANSP. SU;DF169;Subst. De Componente eletrônico;1
01/07/2024;COT16;Via Ouro;EQ6;CCIT 4.0 FRONTAL H2.1;OP49;VIA OURO COLETIVOS LTDA;DF271;Subst. Do Vidro;2
01/07/2024;COT16;Via Ouro;EQ6;CCIT 4.0 FRONTAL H2.1;OP49;VIA OURO COLETIVOS LTDA;DF51;Gravação BootLoader;5
01/07/2024;COT16;Via Ouro;EQ6;CCIT 4.0 FRONTAL H2.1;OP49;VIA OURO COLETIVOS LTDA;DF272;Subst. Do Touchscreen do módulo;2
01/07/2024;COT16;Via Ouro;EQ6;CCIT 4.0 FRONTAL H2.1;OP49;VIA OURO COLETIVOS LTDA;DF63;Lista restaurada;5
01/07/2024;COT16;Via Ouro;EQ6;CCIT 4.0 FRONTAL H2.1;OP49;VIA OURO COLETIVOS LTDA;DF322;Restore do módulo;5
01/07/2024;COT17;São Jorge;EQ6;CCIT 4.0 FRONTAL H2.1;OP50;SÃO JORGE AUTO ONIBUS ;DF63;Lista restaurada;1
01/07/2024;COT17;São Jorge;EQ6;CCIT 4.0 FRONTAL H2.1;OP50;SÃO JORGE AUTO ONIBUS ;DF51;Gravação BootLoader;1
01/07/2024;COT17;São Jorge;EQ6;CCIT 4.0 FRONTAL H2.1;OP50;SÃO JORGE AUTO ONIBUS ;DF322;Restore do módulo;1
01/07/2024;COT14;TURIN OURO PRETO;EQ6;CCIT 4.0 FRONTAL H2.1;OP52;VIAÇÃO TURIN OURO PRETO;DF93;Reparo no módulo;8
01/07/2024;COT14;TURIN OURO PRETO;EQ6;CCIT 4.0 FRONTAL H2.1;OP52;VIAÇÃO TURIN OURO PRETO;DF51;Gravação BootLoader;8
01/07/2024;COT14;TURIN OURO PRETO;EQ6;CCIT 4.0 FRONTAL H2.1;OP52;VIAÇÃO TURIN OURO PRETO;DF136;Subst. Da Carcaça inferior;1
01/07/2024;COT14;TURIN OURO PRETO;EQ6;CCIT 4.0 FRONTAL H2.1;OP52;VIAÇÃO TURIN OURO PRETO;DF63;Lista restaurada;8
01/07/2024;COT13;Mariana;EQ5;CCIT 4.0 FRONTAL;OP54;TRANSCOTTA MARIANA MG;DF209;Subst. Do Display;1
01/07/2024;COT13;Mariana;EQ5;CCIT 4.0 FRONTAL;OP54;TRANSCOTTA MARIANA MG;DF51;Gravação BootLoader;2
01/07/2024;COT13;Mariana;EQ5;CCIT 4.0 FRONTAL;OP54;TRANSCOTTA MARIANA MG;DF63;Lista restaurada;2
01/07/2024;COT13;Mariana;EQ5;CCIT 4.0 FRONTAL;OP54;TRANSCOTTA MARIANA MG;DF322;Restore do módulo;2
01/07/2024;COT11;Gov. Valadares;EQ6;CCIT 4.0 FRONTAL H2.1;OP53;VIAÇÃO MOBI;DF272;Subst. Do Touchscreen do módulo;1
01/07/2024;COT11;Gov. Valadares;EQ6;CCIT 4.0 FRONTAL H2.1;OP53;VIAÇÃO MOBI;DF136;Subst. Da Carcaça inferior;1
01/07/2024;COT11;Gov. Valadares;EQ6;CCIT 4.0 FRONTAL H2.1;OP53;VIAÇÃO MOBI;DF51;Gravação BootLoader;12
01/07/2024;COT11;Gov. Valadares;EQ6;CCIT 4.0 FRONTAL H2.1;OP53;VIAÇÃO MOBI;DF63;Lista restaurada;12
01/07/2024;COT11;Gov. Valadares;EQ6;CCIT 4.0 FRONTAL H2.1;OP53;VIAÇÃO MOBI;DF238;Subst. Do Vidro CCIT V4.0;1
01/07/2024;COT11;Gov. Valadares;EQ6;CCIT 4.0 FRONTAL H2.1;OP53;VIAÇÃO MOBI;DF322;Restore do módulo;12
01/07/2024;COT12;DIVPASS;EQ6;CCIT 4.0 FRONTAL H2.1;OP124;DIVPASS;DF136;Subst. Da Carcaça inferior;3
01/07/2024;COT12;DIVPASS;EQ6;CCIT 4.0 FRONTAL H2.1;OP124;DIVPASS;DF209;Subst. Do Display;1
01/07/2024;COT12;DIVPASS;EQ6;CCIT 4.0 FRONTAL H2.1;OP124;DIVPASS;DF51;Gravação BootLoader;20
01/07/2024;COT12;DIVPASS;EQ6;CCIT 4.0 FRONTAL H2.1;OP124;DIVPASS;DF63;Lista restaurada;20
01/07/2024;COT12;DIVPASS;EQ6;CCIT 4.0 FRONTAL H2.1;OP124;DIVPASS;DF322;Restore do módulo;20
01/07/2024;COT12;DIVPASS;EQ6;CCIT 4.0 FRONTAL H2.1;OP124;DIVPASS;DF271;Subst. Do Vidro;1
01/07/2024;COT12;DIVPASS;EQ6;CCIT 4.0 FRONTAL H2.1;OP124;DIVPASS;DF272;Subst. Do Touchscreen do módulo;1
01/07/2024;COT35;TURIN CONGONHAS;EQ5;CCIT 4.0 FRONTAL;OP138;VIAÇÃO TURIN CONGONHAS;DF51;Gravação BootLoader;2
01/07/2024;COT35;TURIN CONGONHAS;EQ5;CCIT 4.0 FRONTAL;OP138;VIAÇÃO TURIN CONGONHAS;DF63;Lista restaurada;2
01/07/2024;COT35;TURIN CONGONHAS;EQ5;CCIT 4.0 FRONTAL;OP138;VIAÇÃO TURIN CONGONHAS;DF322;Restore do módulo;2
01/07/2024;COT35;TURIN CONGONHAS;EQ5;CCIT 4.0 FRONTAL;OP138;VIAÇÃO TURIN CONGONHAS;DF136;Subst. Da Carcaça inferior;1
01/07/2024;COT22;Taguatur;EQ35;CCIT 4.0 FRONTAL H2 COM BATERIA;OP82;TAGUATUR;DF41;Envio para manutenção central-CTG;19
01/07/2024;COT23;UTB;EQ6;CCIT 4.0 FRONTAL H2.1;OP83;UTB;DF41;Envio para manutenção central-CTG;6
01/07/2024;COT37;AC TRANSPORTES;EQ6;CCIT 4.0 FRONTAL H2.1;OP144;CT EXPRESSO;DF41;Envio para manutenção central-CTG;1
01/07/2024;COT2;Transcard;EQ10;CONNECTION CCIT 4.0;;;DF46;Formatação da memória e subst. FW;65
01/07/2024;COT2;Transcard;EQ10;CONNECTION CCIT 4.0;;;DF41;Envio para manutenção central-CTG;18
01/07/2024;COT19;SÃO JOÃO;EQ10;CONNECTION CCIT 4.0;OP67;SÃO JOÃO;DF50;FW Restaurado;2
01/07/2024;COT19;SÃO JOÃO;EQ10;CONNECTION CCIT 4.0;OP67;SÃO JOÃO;DF41;Envio para manutenção central-CTG;2
01/07/2024;COT19;ROSA TURISMO;EQ10;CONNECTION CCIT 4.0;OP66;ROSA TURISMO;DF50;FW Restaurado;2
01/07/2024;COT19;ROSA TURISMO;EQ10;CONNECTION CCIT 4.0;OP66;ROSA TURISMO;DF41;Envio para manutenção central-CTG;5
01/07/2024;COT4;Setut;EQ10;CONNECTION CCIT 4.0;;;DF41;Envio para manutenção central-CTG;1
01/07/2024;COT1;Transfacil;EQ10;CONNECTION CCIT 4.0;;;DF21;Atualização de FW ;23
01/07/2024;COT1;Transfacil;EQ10;CONNECTION CCIT 4.0;;;DF51;Gravação BootLoader;4
01/07/2024;COT1;Transfacil;EQ10;CONNECTION CCIT 4.0;;;DF26;Atualização do PIC;27
01/07/2024;COT1;Transfacil;EQ10;CONNECTION CCIT 4.0;;;DF61;Limpeza e testes;5
01/07/2024;COT1;Transfacil;EQ10;CONNECTION CCIT 4.0;;;DF278;Modificação circuito catraca;4
01/07/2024;COT1;Transfacil;EQ10;CONNECTION CCIT 4.0;;;DF107;Ressolda no circuito connections;3
01/07/2024;COT1;Transfacil;EQ10;CONNECTION CCIT 4.0;;;DF169;Subst. De Componente eletrônico;11
01/07/2024;COT1;Transfacil;EQ10;CONNECTION CCIT 4.0;;;DF256;Substituição de fusível;5
01/07/2024;COT17;São Jorge;EQ14;DMX200 MOD H3.1;OP50;SÃO JORGE AUTO ONIBUS ;DF21;Atualização de FW ;6
01/07/2024;COT24;GVBUS;EQ14;DMX200 MOD H3.1;;;DF198;Subst. Do componente eletrônico;77
01/07/2024;COT24;GVBUS;EQ14;DMX200 MOD H3.1;;;DF267;Ressolda USB Interface;43
01/07/2024;COT24;GVBUS;EQ14;DMX200 MOD H3.1;;;DF41;Envio para manutenção central-CTG;31
01/07/2024;COT24;GVBUS;EQ14;DMX200 MOD H3.1;;;DF272;Subst. Do Touchscreen do módulo;6
01/07/2024;COT24;GVBUS;EQ14;DMX200 MOD H3.1;;;DF130;Subst. Da Antena WLAN;1
01/07/2024;COT24;GVBUS;EQ14;DMX200 MOD H3.1;;;DF135;Subst. Da Carcaça frontal;4
01/07/2024;COT24;GVBUS;EQ14;DMX200 MOD H3.1;;;DF37;Defeito não encontrado e subst. FW/SW;1
01/07/2024;COT33;FLORIANÓPOLIS;EQ15;DMX200L SEM BATERIA;;;DF115;Restauração da ROM via PC;20
01/07/2024;COT33;FLORIANÓPOLIS;EQ15;DMX200L SEM BATERIA;;;DF41;Envio para manutenção central-CTG;10
01/07/2024;COT33;FLORIANÓPOLIS;EQ15;DMX200L SEM BATERIA;;;DF21;Atualização de FW ;25
01/07/2024;COT33;FLORIANÓPOLIS;EQ15;DMX200L SEM BATERIA;;;DF297;Subst. PMS;1
01/07/2024;COT3;TEU;EQ14;DMX200 MOD H3.1;;;DF41;Envio para manutenção central-CTG;3
01/07/2024;COT2;Transcard;EQ16;PDM03;;;DF300;Ressolda antena GPRS e slot de chip;1
01/07/2024;COT2;Transcard;EQ16;PDM03;;;DF117;Restauração de módulos via PC e/ou SdCard;2
01/07/2024;COT20;ROSA TURISMO;EQ39;DMX200L JI21 SEM BATERIA;OP66;ROSA TURISMO;DF41;Envio para manutenção central-CTG;1
01/07/2024;COT20;ROSA TURISMO;EQ39;DMX200L JI21 SEM BATERIA;OP66;ROSA TURISMO;DF300;Ressolda antena GPRS e slot de chip;2
01/07/2024;COT20;ROSA TURISMO;EQ39;DMX200L JI21 SEM BATERIA;OP66;ROSA TURISMO;DF115;Restauração da ROM via PC;2
01/07/2024;COT20;ROSA TURISMO;EQ39;DMX200L JI21 SEM BATERIA;OP66;ROSA TURISMO;DF292;Ressolda conector USB;2
01/07/2024;COT19;SÃO JOÃO;EQ39;DMX200L JI21 SEM BATERIA;OP67;SÃO JOÃO;DF206;Subst. Do Conector USB;4
01/07/2024;COT19;SÃO JOÃO;EQ39;DMX200L JI21 SEM BATERIA;OP67;SÃO JOÃO;DF41;Envio para manutenção central-CTG;1
01/07/2024;COT4;Setut;EQ14;DMX200 MOD H3.1;;;DF41;Envio para manutenção central-CTG;11
01/07/2024;COT4;Setut;EQ14;DMX200 MOD H3.1;;;DF88;Reparo com formatação e reinst. FW/SW;1
01/07/2024;COT25;COOTRAPS - CE;EQ14;DMX200 MOD H3.1;OP129;COOTRAPS;DF39;Enviados para manutenção central CTG;30
01/07/2024;COT25;COOTRAPS - CE;EQ14;DMX200 MOD H3.1;OP129;COOTRAPS;DF90;Reparo com formatação e subst. FW/SW;12
01/07/2024;COT25;COOTRAPS - CE;EQ14;DMX200 MOD H3.1;OP129;COOTRAPS;DF320;Reparo em loco;9
01/07/2024;COT1;Transfacil;EQ14;DMX200 MOD H3.1;;;DF21;Atualização de FW ;125
01/07/2024;COT1;Transfacil;EQ14;DMX200 MOD H3.1;;;DF206;Subst. Do Conector USB;19
01/07/2024;COT1;Transfacil;EQ14;DMX200 MOD H3.1;;;DF221;Subst. do Painel Frontal;6
01/07/2024;COT1;Transfacil;EQ14;DMX200 MOD H3.1;;;DF252;Troca de Memória;4
01/07/2024;COT1;Transfacil;EQ14;DMX200 MOD H3.1;;;DF300;Ressolda antena GPRS e slot de chip;2
01/07/2024;COT1;Transfacil;EQ14;DMX200 MOD H3.1;;;DF211;Subst. Do Equipamento completo;3
01/07/2024;COT1;Transfacil;EQ14;DMX200 MOD H3.1;;;DF272;Subst. Do Touchscreen do módulo;4
01/07/2024;COT1;Transfacil;EQ14;DMX200 MOD H3.1;;;DF137;Subst. Da Carcaça Traseira;3
01/07/2024;COT1;Transfacil;EQ14;DMX200 MOD H3.1;;;DF135;Subst. Da Carcaça frontal;1
01/07/2024;COT1;Transfacil;EQ14;DMX200 MOD H3.1;;;DF315;Colagem de Tela;2
01/07/2024;COT1;Transfacil;EQ14;DMX200 MOD H3.1;;;DF20;Atualização de data;1
01/07/2024;COT1;Transfacil;EQ14;DMX200 MOD H3.1;;;DF234;Subst. Do SIMCARD (chip GPRS);4
01/07/2024;COT1;Transfacil;EQ14;DMX200 MOD H3.1;;;DF97;Ressolda;8
01/07/2024;COT16;Via Ouro;EQ39;DMX200L JI21 SEM BATERIA;;;DF21;Atualização de FW ;8
01/07/2024;COT16;Via Ouro;EQ39;DMX200L JI21 SEM BATERIA;;;DF272;Subst. Do Touchscreen do módulo;1
01/07/2024;COT16;Via Ouro;EQ39;DMX200L JI21 SEM BATERIA;;;DF97;Ressolda;4
01/07/2024;COT17;São Jorge;EQ14;DMX200 MOD H3.1;OP50;SÃO JORGE AUTO ONIBUS ;DF135;Subst. Da Carcaça frontal;1
01/07/2024;COT17;São Jorge;EQ14;DMX200 MOD H3.1;OP50;SÃO JORGE AUTO ONIBUS ;DF61;Limpeza e testes;1
01/07/2024;COT11;Gov. Valadares;EQ13;DMX200L;OP53;VIAÇÃO MOBI;DF21;Atualização de FW ;5
01/07/2024;COT11;Gov. Valadares;EQ13;DMX200L;OP53;VIAÇÃO MOBI;DF271;Subst. Do Vidro;1
01/07/2024;COT11;Gov. Valadares;EQ13;DMX200L;OP53;VIAÇÃO MOBI;DF135;Subst. Da Carcaça frontal;1
01/07/2024;COT12;DIVPASS;EQ13;DMX200L;OP124;DIVPASS;DF21;Atualização de FW ;4
01/07/2024;COT22;Taguatur PM NOVO;EQ39;DMX200L JI21 SEM BATERIA;OP82;TAGUATUR;DF41;Envio para manutenção central-CTG;32
01/07/2024;COT23;UTB;EQ40;DMX200L JI21 COM BATERIA;OP83;UTB;DF41;Envio para manutenção central-CTG;34
01/07/2024;COT37;AC TRANSPORTES;EQ40;DMX200L JI21 COM BATERIA;OP144;CT EXPRESSO;DF41;Envio para manutenção central-CTG;6
01/07/2024;COT24;GVBUS;EQ26;V3000M DVR;;;DF41;Envio para manutenção central-CTG;7
01/07/2024;COT24;GVBUS;EQ26;V3000M DVR;;;DF46;Formatação da memória e subst. FW;108
01/07/2024;COT33;FLORIANÓPOLIS;EQ26;V3000M DVR;;;DF21;Atualização de FW ;12
01/07/2024;COT33;FLORIANÓPOLIS;EQ26;V3000M DVR;;;DF113;Restaura RAM via PC;12
01/07/2024;COT33;FLORIANÓPOLIS;EQ26;V3000M DVR;;;DF41;Envio para manutenção central-CTG;7
01/07/2024;COT3;TEU;EQ22;V3000M;;;DF21;Atualização de FW ;50
01/07/2024;COT3;TEU;EQ22;V3000M;;;DF41;Envio para manutenção central-CTG;11
01/07/2024;COT3;TEU;EQ22;V3000M;;;DF232;Subst. Do SDCard;32
01/07/2024;COT3;TEU;EQ22;V3000M;;;DF52;Gravação Supervisor;2
01/07/2024;COT3;TEU;EQ22;V3000M;;;DF115;Restauração da ROM via PC;9
01/07/2024;COT3;TEU;EQ26;V3000M DVR;;;DF21;Atualização de FW ;13
01/07/2024;COT3;TEU;EQ26;V3000M DVR;;;DF115;Restauração da ROM via PC;11
01/07/2024;COT3;TEU;EQ26;V3000M DVR;;;DF41;Envio para manutenção central-CTG;2
01/07/2024;COT2;Transcard;EQ26;V3000M DVR;;;DF186;Subst. Do cartão SD 32 GB;16
01/07/2024;COT2;Transcard;EQ26;V3000M DVR;;;DF47;Formatação de SDCARD;13
01/07/2024;COT2;Transcard;EQ26;V3000M DVR;;;DF151;Subst. Da placa DVR;3
01/07/2024;COT2;Transcard;EQ26;V3000M DVR;;;DF41;Envio para manutenção central-CTG;2
01/07/2024;COT5;METROFOR;EQ19;V2000;OP105;METROFOR LINHA SUL;DF41;Envio para manutenção central-CTG;2
01/07/2024;COT5;METROFOR;EQ19;V2000;OP105;METROFOR LINHA SUL;DF266;Subst. Do cooler;2
01/07/2024;COT1;Transfacil;EQ18;VH-200;;;DF200;Subst. do Conector BNC (VH200);1
01/07/2024;COT1;Transfacil;EQ18;VH-200;;;DF130;Subst. Da Antena WLAN;1
01/07/2024;COT1;Transfacil;EQ19;VH-200;;;DF90;Reparo com formatação e subst. FW/SW;1
01/07/2024;COT1;Transfacil;EQ19;VH-200;;;DF144;Subst. Da Memória;1
01/07/2024;COT1;Transfacil;EQ18;VH-200;;;DF61;Limpeza e testes;2
01/07/2024;COT1;Transfacil;EQ19;VH-200;;;DF32;Defeito não encontrado;2
01/07/2024;COT1;Transfacil;EQ19;VH-200;;;DF211;Subst. Do Equipamento completo;2
01/07/2024;COT1;Transfacil;EQ18;VH-200;;;DF198;Subst. Do componente eletrônico;3
01/07/2024;COT1;Transfacil;EQ18;VH-200;;;DF234;Subst. Do SIMCARD (chip GPRS);3
01/07/2024;COT1;Transfacil;EQ19;VH-200;;;DF182;Subst. Do Cabo Sata;4
01/07/2024;COT1;Transfacil;EQ18;VH-200;;;DF321;Subst. Antena GPRS;8
01/07/2024;COT1;Transfacil;EQ18;VH-200;;;DF245;Subst. Terminal Block;9
01/07/2024;COT1;Transfacil;EQ18;VH-200;;;DF187;Subst. Do cartão SD/HD;12
01/07/2024;COT1;Transfacil;EQ18;VH-200;;;DF165;Subst. Da Placa-mãe;26
01/07/2024;COT1;Transfacil;EQ18;VH-200;;;DF214;Subst. Do Módulo do GPRS;80
01/07/2024;COT1;Transfacil;EQ18;VH-200;;;DF108;Ressolda no circuito da placa-mãe;135
01/07/2024;COT1;Transfacil;EQ18;VH-200;;;DF21;Atualização de FW ;301
01/07/2024;COT1;Transfacil;EQ19;VH-200;;;DF100;Ressolda dos conectores BNC (UPEX VH-200);7
01/07/2024;COT1;Transfacil;EQ19;V2000;;;DF61;Limpeza e testes;10
01/07/2024;COT1;Transfacil;EQ19;V2000;;;DF46;Formatação da memória e subst. FW;11
01/07/2024;COT1;Transfacil;EQ19;V2000;;;DF165;Subst. Da Placa-mãe;3
01/07/2024;COT18;Sindpautras;EQ21;V3000L;OP48;SINDPAUTRAS-SIND. PERM. AUT. TRANSP. SU;DF21;Atualização de FW ;15
01/07/2024;COT18;Sindpautras;EQ21;V3000L;OP48;SINDPAUTRAS-SIND. PERM. AUT. TRANSP. SU;DF186;Subst. Do cartão SD 32 GB;1
01/07/2024;COT18;Sindpautras;EQ21;V3000L;OP48;SINDPAUTRAS-SIND. PERM. AUT. TRANSP. SU;DF169;Subst. De Componente eletrônico;1
01/07/2024;COT18;Sindpautras;EQ21;V3000L;OP48;SINDPAUTRAS-SIND. PERM. AUT. TRANSP. SU;DF151;Subst. Da placa DVR;1
01/07/2024;COT16;Via Ouro;EQ26;V3000M DVR;OP49;VIA OURO COLETIVOS LTDA;DF21;Atualização de FW ;10
01/07/2024;COT16;Via Ouro;EQ26;V3000M DVR;OP49;VIA OURO COLETIVOS LTDA;DF186;Subst. Do cartão SD 32 GB;1
01/07/2024;COT16;Via Ouro;EQ26;V3000M DVR;OP49;VIA OURO COLETIVOS LTDA;DF198;Subst. Do componente eletrônico;3
01/07/2024;COT24;GVBUS;EQ33;POS MOVE 2500;;;DF41;Envio para manutenção central-CTG;14
01/07/2024;COT2;Transcard;EQ31;POS 250;;;DF46;Envio para manutenção central-CTG;2
01/07/2024;COT2;Transcard;EQ31;POS 250;;;DF46;Formatação da memória e subst. FW;1
01/07/2024;COT1;Transfacil;EQ27;UT (FTV 3000);;;DF21;Atualização de FW ;20
01/07/2024;COT1;Transfacil;EQ27;UT (FTV 3000);;;DF198;Subst. Do componente eletrônico;3
01/07/2024;COT1;Transfacil;EQ27;UT (FTV 3000);;;DF32;Defeito não encontrado;8
01/07/2024;COT1;Transfacil;EQ27;UT (FTV 3000);;;DF154;Subst. Da placa FT;2
01/07/2024;COT25;COOTRAPS - CE;EQ17;FONTE PM;OP129;COOTRAPS;DF41;Envio para manutenção central-CTG;2
01/08/2024;COT1;Transfacil;EQ28;ATM;OP27;TRANSFÁCIL;DF140;Subst. Da Fechadura Tetra Chave;1
01/08/2024;COT1;Transfacil;EQ28;ATM;OP27;TRANSFÁCIL;DF218;Subst. Do Monitor;1
01/08/2024;COT1;Transfacil;EQ28;ATM;OP27;TRANSFÁCIL;DF128;Subst. Da antena Cless;1
01/08/2024;COT1;Transfacil;EQ28;ATM;OP27;TRANSFÁCIL;DF258;Subst. Da Cabeça de Impressão;1
01/08/2024;COT1;Transfacil;EQ28;ATM;OP27;TRANSFÁCIL;DF143;Subst. da Impressora;1
01/08/2024;COT1;Transfacil;EQ28;ATM;OP27;TRANSFÁCIL;DF227;Subst. Do PC ATM;1
01/08/2024;COT1;Transfacil;EQ28;ATM;OP27;TRANSFÁCIL;DF69;Manutenção no Sensor de Porta;1
01/08/2024;COT1;Transfacil;EQ28;ATM;OP27;TRANSFÁCIL;DF65;Manutenção Cofre;1
01/08/2024;COT1;Transfacil;EQ28;ATM;OP27;TRANSFÁCIL;DF70;Manutenção PDV;1
01/08/2024;COT1;Transfacil;EQ28;ATM;OP27;TRANSFÁCIL;DF212;Subst. Do HD;2
01/08/2024;COT1;Transfacil;EQ28;ATM;OP27;TRANSFÁCIL;DF67;Manutenção na Impressora;2
01/08/2024;COT1;Transfacil;EQ28;ATM;OP27;TRANSFÁCIL;DF284;Manutenção PC ATM;2
01/08/2024;COT1;Transfacil;EQ28;ATM;OP27;TRANSFÁCIL;DF285;Retirado Mal Contato;2
01/08/2024;COT1;Transfacil;EQ28;ATM;OP27;TRANSFÁCIL;DF208;Subst. Do Dispenser do cartão;3
01/08/2024;COT1;Transfacil;EQ28;ATM;OP27;TRANSFÁCIL;DF19;ATM - defeito não confirmado;5
01/08/2024;COT1;Transfacil;EQ28;ATM;OP27;TRANSFÁCIL;DF237;Subst. Do Validador de Notas;6
01/08/2024;COT24;GVBUS;EQ28;ATM;OP108;GVBUS - SIND. DAS EMP. DE TRANP. METROP. DA GRANDE VITÓRIA;DF67;Manutenção na Impressora;1
01/08/2024;COT24;GVBUS;EQ28;ATM;OP108;GVBUS - SIND. DAS EMP. DE TRANP. METROP. DA GRANDE VITÓRIA;DF68;Manutenção no Dispenser;5
01/08/2024;COT24;GVBUS;EQ28;ATM;OP108;GVBUS - SIND. DAS EMP. DE TRANP. METROP. DA GRANDE VITÓRIA;DF296;ATM - sem conexão com internet;5
01/08/2024;COT24;GVBUS;EQ28;ATM;OP108;GVBUS - SIND. DAS EMP. DE TRANP. METROP. DA GRANDE VITÓRIA;DF284;Manutenção PC ATM;17
01/08/2024;COT2;Transcard;EQ28;ATM;OP61;Setps (Transcard);DF143;Subst. da Impressora;3
01/08/2024;COT2;Transcard;EQ28;ATM;OP61;Setps (Transcard);DF237;Subst. Do Validador de Notas;3
01/08/2024;COT2;Transcard;EQ28;ATM;OP61;Setps (Transcard);DF218;Subst. Do Monitor;3
01/08/2024;COT2;Transcard;EQ28;ATM;OP61;Setps (Transcard);DF284;Manutenção PC ATM;2
01/08/2024;COT2;Transcard;EQ28;ATM;OP61;Setps (Transcard);DF236;Subst. Do Teclado de Metal Frontal;1
01/08/2024;COT6;Metro-Bahia;EQ28;ATM;OP63;METRO-BAHIA;DF260;Subst. HUB Serial;2
01/08/2024;COT6;Metro-Bahia;EQ28;ATM;OP63;METRO-BAHIA;DF284;Manutenção PC ATM;4
01/08/2024;COT6;Metro-Bahia;EQ28;ATM;OP63;METRO-BAHIA;DF218;Subst. Do Monitor;2
01/08/2024;COT6;Metro-Bahia;EQ28;ATM;OP63;METRO-BAHIA;DF237;Subst. Do Validador de Notas;15
01/08/2024;COT6;Metro-Bahia;EQ28;ATM;OP63;METRO-BAHIA;DF143;Subst. da Impressora;5
01/08/2024;COT6;Metro-Bahia;EQ28;ATM;OP63;METRO-BAHIA;DF142;Subst. Da Fonte Lambda ATM;1
01/08/2024;COT7;Alagoinhas;EQ34;CCIT 4.0 FRONTAL H2.1 C SEM BATERIA;OP68;ALAGOINHAS;DF113;Restaura RAM via PC;7
01/08/2024;COT21;Araguarina;EQ35;CCIT 4.0 FRONTAL H2 COM BATERIA;OP81;VIAÇÃO ARAGUARINA;DF41;Envio para manutenção central-CTG;4
01/08/2024;COT27;Cidade das Águas;EQ6;CCIT 4.0 FRONTAL H2.1;OP128;VIAÇÃO CIDADE DAS ÁGUAS;DF113;Restaura RAM via PC;2
01/08/2024;COT12;DIVPASS;EQ6;CCIT 4.0 FRONTAL H2.1;OP124;DIVPASS;DF209;Subst. Do Display;1
01/08/2024;COT12;DIVPASS;EQ6;CCIT 4.0 FRONTAL H2.1;OP124;DIVPASS;DF131;Subst. Da Antena Wlan do CCIT;1
01/08/2024;COT12;DIVPASS;EQ6;CCIT 4.0 FRONTAL H2.1;OP124;DIVPASS;DF20;Atualização de data;1
01/08/2024;COT12;DIVPASS;EQ6;CCIT 4.0 FRONTAL H2.1;OP124;DIVPASS;DF306;Retirada da bateria;1
01/08/2024;COT12;DIVPASS;EQ6;CCIT 4.0 FRONTAL H2.1;OP124;DIVPASS;DF136;Subst. Da Carcaça inferior;3
01/08/2024;COT12;DIVPASS;EQ6;CCIT 4.0 FRONTAL H2.1;OP124;DIVPASS;DF21;Atualização de FW ;9
01/08/2024;COT12;DIVPASS;EQ6;CCIT 4.0 FRONTAL H2.1;OP124;DIVPASS;DF51;Gravação BootLoader;16
01/08/2024;COT12;DIVPASS;EQ6;CCIT 4.0 FRONTAL H2.1;OP124;DIVPASS;DF63;Lista restaurada;16
01/08/2024;COT12;DIVPASS;EQ6;CCIT 4.0 FRONTAL H2.1;OP124;DIVPASS;DF322;Restore do módulo;16
01/08/2024;COT33;FLORIANÓPOLIS;EQ8;CCIT 4.0 FRONTAL JI21 SEM BATERIA;;;DF41;Envio para manutenção central-CTG;7
01/08/2024;COT33;FLORIANÓPOLIS;EQ8;CCIT 4.0 FRONTAL JI21 SEM BATERIA;;;DF21;Atualização de FW ;21
01/08/2024;COT33;FLORIANÓPOLIS;EQ8;CCIT 4.0 FRONTAL JI21 SEM BATERIA;;;DF115;Restauração da ROM via PC;12
01/08/2024;COT11;Gov. Valadares;EQ6;CCIT 4.0 FRONTAL H2.1;OP53;VIAÇÃO MOBI;DF272;Subst. Do Touchscreen do módulo;1
01/08/2024;COT11;Gov. Valadares;EQ6;CCIT 4.0 FRONTAL H2.1;OP53;VIAÇÃO MOBI;DF20;Atualização de data;1
01/08/2024;COT11;Gov. Valadares;EQ6;CCIT 4.0 FRONTAL H2.1;OP53;VIAÇÃO MOBI;DF306;Retirada da bateria;1
01/08/2024;COT11;Gov. Valadares;EQ6;CCIT 4.0 FRONTAL H2.1;OP53;VIAÇÃO MOBI;DF21;Atualização de FW ;3
01/08/2024;COT11;Gov. Valadares;EQ6;CCIT 4.0 FRONTAL H2.1;OP53;VIAÇÃO MOBI;DF51;Gravação BootLoader;8
01/08/2024;COT11;Gov. Valadares;EQ6;CCIT 4.0 FRONTAL H2.1;OP53;VIAÇÃO MOBI;DF63;Lista restaurada;8
01/08/2024;COT11;Gov. Valadares;EQ6;CCIT 4.0 FRONTAL H2.1;OP53;VIAÇÃO MOBI;DF322;Restore do módulo;9
01/08/2024;COT24;GVBUS;EQ6;CCIT 4.0 FRONTAL H2.1;;;DF41;Envio para manutenção central-CTG;33
01/08/2024;COT24;GVBUS;EQ6;CCIT 4.0 FRONTAL H2.1;;;DF89;Reparo com Formatação e Subst. De FW;152
01/08/2024;COT13;Mariana;EQ5;CCIT 4.0 FRONTAL;OP54;TRANSCOTTA MARIANA MG;DF51;Gravação BootLoader;3
01/08/2024;COT13;Mariana;EQ5;CCIT 4.0 FRONTAL;OP54;TRANSCOTTA MARIANA MG;DF63;Lista restaurada;2
01/08/2024;COT13;Mariana;EQ5;CCIT 4.0 FRONTAL;OP54;TRANSCOTTA MARIANA MG;DF322;Restore do módulo;3
01/08/2024;COT13;Mariana;EQ5;CCIT 4.0 FRONTAL;OP54;TRANSCOTTA MARIANA MG;DF21;Atualização de FW ;1
01/08/2024;COT13;Mariana;EQ5;CCIT 4.0 FRONTAL;OP54;TRANSCOTTA MARIANA MG;DF20;Atualização de data;1
01/08/2024;COT13;Mariana;EQ5;CCIT 4.0 FRONTAL;OP54;TRANSCOTTA MARIANA MG;DF26;Atualização do PIC;1
01/08/2024;COT13;Mariana;EQ5;CCIT 4.0 FRONTAL;OP54;TRANSCOTTA MARIANA MG;DF198;Subst. Do componente eletrônico;2
01/08/2024;COT6;METRO-BAHIA;EQ6;CCIT 4.0 FRONTAL H2.1;OP64;METROPOLITANO SSA;DF41;Envio para manutenção central-CTG;1
01/08/2024;COT6;METRO-BAHIA;EQ6;CCIT 4.0 FRONTAL H2.1;OP64;METROPOLITANO SSA;DF113;Restaura RAM via PC;6
01/08/2024;COT5;METROFOR/ VLT FORTALEZA;EQ38;CCIT 4.0 METROFOR;OP105;METROFOR LINHA SUL;DF41;Envio para manutenção central-CTG;9
01/08/2024;COT5;METROFOR/ VLT FORTALEZA;EQ38;CCIT 4.0 METROFOR;OP105;METROFOR LINHA SUL;DF113;Restaura RAM via PC;4
01/08/2024;COT5;METROFOR/ VLT FORTALEZA;EQ38;CCIT 4.0 METROFOR;OP105;METROFOR LINHA SUL;DF320;Reparo em loco;9
01/08/2024;COT10;Metropolitano-Bahia;EQ6;CCIT 4.0 FRONTAL H2.1;OP64;METROPOLITANO SSA;DF41;Envio para manutenção central-CTG;2
01/08/2024;COT10;Metropolitano-Bahia;EQ6;CCIT 4.0 FRONTAL H2.1;OP64;METROPOLITANO SSA;DF272;Subst. Do Touchscreen do módulo;15
01/08/2024;COT10;Metropolitano-Bahia;EQ6;CCIT 4.0 FRONTAL H2.1;OP64;METROPOLITANO SSA;DF113;Restaura RAM via PC;22
01/08/2024;COT20;ROSA TURISMO;EQ36;CCIT 4.0 FRONTAL H1 COM BATERIA;OP66;ROSA TURISMO;DF41;Envio para manutenção central-CTG;1
01/08/2024;COT20;ROSA TURISMO;EQ36;CCIT 4.0 FRONTAL H1 COM BATERIA;OP66;ROSA TURISMO;DF113;Restaura RAM via PC;7
01/08/2024;COT19;SÃO JOÃO;EQ36;CCIT 4.0 FRONTAL H1 COM BATERIA;OP67;SÃO JOÃO;DF41;Envio para manutenção central-CTG;2
01/08/2024;COT19;SÃO JOÃO;EQ36;CCIT 4.0 FRONTAL H1 COM BATERIA;OP67;SÃO JOÃO;DF113;Restaura RAM via PC;3
01/08/2024;COT17;São Jorge;EQ6;CCIT 4.0 FRONTAL H2.1;OP50;SÃO JORGE AUTO ONIBUS ;DF63;Lista restaurada;2
01/08/2024;COT17;São Jorge;EQ6;CCIT 4.0 FRONTAL H2.1;OP50;SÃO JORGE AUTO ONIBUS ;DF51;Gravação BootLoader;2
01/08/2024;COT17;São Jorge;EQ6;CCIT 4.0 FRONTAL H2.1;OP50;SÃO JORGE AUTO ONIBUS ;DF322;Restore do módulo;2
01/08/2024;COT17;São Jorge;EQ6;CCIT 4.0 FRONTAL H2.1;OP50;SÃO JORGE AUTO ONIBUS ;DF271;Subst. Do Vidro;1
01/08/2024;COT17;São Jorge;EQ6;CCIT 4.0 FRONTAL H2.1;OP50;SÃO JORGE AUTO ONIBUS ;DF209;Subst. Do Display;1
01/08/2024;COT17;São Jorge;EQ6;CCIT 4.0 FRONTAL H2.1;OP50;SÃO JORGE AUTO ONIBUS ;DF272;Subst. Do Touchscreen do módulo;1
01/08/2024;COT4;Setut;EQ6;CCIT 4.0 FRONTAL H2.1;;;DF41;Envio para manutenção central-CTG;13
01/08/2024;COT18;Sindpautras;EQ6;CCIT 4.0 FRONTAL H2.1;OP48;SINDPAUTRAS-SIND. PERM. AUT. TRANSP. SU;DF242;Subst. Placa Mbccit;1
01/08/2024;COT18;Sindpautras;EQ6;CCIT 4.0 FRONTAL H2.1;OP48;SINDPAUTRAS-SIND. PERM. AUT. TRANSP. SU;DF131;Subst. Da Antena Wlan do CCIT;1
01/08/2024;COT18;Sindpautras;EQ6;CCIT 4.0 FRONTAL H2.1;OP48;SINDPAUTRAS-SIND. PERM. AUT. TRANSP. SU;DF216;Subst. Do Módulo H2;1
01/08/2024;COT18;Sindpautras;EQ6;CCIT 4.0 FRONTAL H2.1;OP48;SINDPAUTRAS-SIND. PERM. AUT. TRANSP. SU;DF136;Subst. Da Carcaça inferior;2
01/08/2024;COT18;Sindpautras;EQ6;CCIT 4.0 FRONTAL H2.1;OP48;SINDPAUTRAS-SIND. PERM. AUT. TRANSP. SU;DF20;Atualização de data;2
01/08/2024;COT18;Sindpautras;EQ6;CCIT 4.0 FRONTAL H2.1;OP48;SINDPAUTRAS-SIND. PERM. AUT. TRANSP. SU;DF26;Atualização do PIC;3
01/08/2024;COT18;Sindpautras;EQ6;CCIT 4.0 FRONTAL H2.1;OP48;SINDPAUTRAS-SIND. PERM. AUT. TRANSP. SU;DF21;Atualização de FW ;21
01/08/2024;COT18;Sindpautras;EQ6;CCIT 4.0 FRONTAL H2.1;OP48;SINDPAUTRAS-SIND. PERM. AUT. TRANSP. SU;DF51;Gravação BootLoader;34
01/08/2024;COT18;Sindpautras;EQ6;CCIT 4.0 FRONTAL H2.1;OP48;SINDPAUTRAS-SIND. PERM. AUT. TRANSP. SU;DF63;Lista restaurada;34
01/08/2024;COT18;Sindpautras;EQ6;CCIT 4.0 FRONTAL H2.1;OP48;SINDPAUTRAS-SIND. PERM. AUT. TRANSP. SU;DF93;Reparo no módulo;34
01/08/2024;COT22;Taguatur;EQ35;CCIT 4.0 FRONTAL H2 COM BATERIA;OP82;TAGUATUR;DF41;Envio para manutenção central-CTG;21
01/08/2024;COT3;TEU;EQ36;CCIT 4.0 FRONTAL H1 COM BATERIA;;;DF41;Envio para manutenção central-CTG;6
01/08/2024;COT3;TEU;EQ36;CCIT 4.0 FRONTAL H1 COM BATERIA;;;DF115;Restauração da ROM via PC;201
01/08/2024;COT2;Transcard;EQ6;CCIT 4.0 FRONTAL H2.1;;;DF41;Enviados para manutenção central CTG;39
01/08/2024;COT2;Transcard;EQ6;CCIT 4.0 FRONTAL H2.1;;;DF272;Subst. Do Touchscreen do módulo;29
01/08/2024;COT2;Transcard;EQ6;CCIT 4.0 FRONTAL H2.1;;;DF113;Restaura RAM via PC;95
01/08/2024;COT2;Transcard;EQ6;CCIT 4.0 FRONTAL H2.1;;;DF114;Restaura RAM via pendrive;41
01/08/2024;COT1;Transfacil;EQ6;CCIT 4.0 FRONTAL H2.1;;;DF63;Lista restaurada;194
01/08/2024;COT1;Transfacil;EQ6;CCIT 4.0 FRONTAL H2.1;;;DF20;Atualização de data;166
01/08/2024;COT1;Transfacil;EQ6;CCIT 4.0 FRONTAL H2.1;;;DF21;Atualização de FW ;96
01/08/2024;COT1;Transfacil;EQ6;CCIT 4.0 FRONTAL H2.1;;;DF51;Gravação BootLoader;125
01/08/2024;COT1;Transfacil;EQ6;CCIT 4.0 FRONTAL H2.1;;;DF91;Reparo com Gravação de PIC e reinst. Do FW;28
01/08/2024;COT1;Transfacil;EQ6;CCIT 4.0 FRONTAL H2.1;;;DF93;Reparo no módulo;194
01/08/2024;COT1;Transfacil;EQ6;CCIT 4.0 FRONTAL H2.1;;;DF136;Subst. Da Carcaça inferior;20
01/08/2024;COT1;Transfacil;EQ6;CCIT 4.0 FRONTAL H2.1;;;DF135;Subst. Da Carcaça frontal;2
01/08/2024;COT1;Transfacil;EQ6;CCIT 4.0 FRONTAL H2.1;;;DF238;Subst. Do Vidro CCIT V4.0;4
01/08/2024;COT1;Transfacil;EQ6;CCIT 4.0 FRONTAL H2.1;;;DF210;Subst. Do Display CCIT;15
01/08/2024;COT1;Transfacil;EQ6;CCIT 4.0 FRONTAL H2.1;;;DF272;Subst. Do Touchscreen do módulo;10
01/08/2024;COT1;Transfacil;EQ6;CCIT 4.0 FRONTAL H2.1;;;DF305;Subst. Do Buzzer;2
01/08/2024;COT1;Transfacil;EQ6;CCIT 4.0 FRONTAL H2.1;;;DF169;Subst. De Componente eletrônico;9
01/08/2024;COT1;Transfacil;EQ6;CCIT 4.0 FRONTAL H2.1;;;DF216;Subst. Do Módulo H2;25
01/08/2024;COT1;Transfacil;EQ6;CCIT 4.0 FRONTAL H2.1;;;DF242;Subst. Placa Mbccit;7
01/08/2024;COT1;Transfacil;EQ6;CCIT 4.0 FRONTAL H2.1;OP13;Estações BRT Move;DF26;Atualização do PIC;4
01/08/2024;COT1;Transfacil;EQ6;CCIT 4.0 FRONTAL H2.1;OP13;Estações BRT Move;DF272;Subst. Do Touchscreen do módulo;2
01/08/2024;COT1;Transfacil;EQ6;CCIT 4.0 FRONTAL H2.1;OP13;Estações BRT Move;DF276;Subst. Placa do Módulo;1
01/08/2024;COT1;Transfacil;EQ6;CCIT 4.0 FRONTAL H2.1;OP13;Estações BRT Move;DF242;Subst. Placa Mbccit;2
01/08/2024;COT1;Transfacil;EQ6;CCIT 4.0 FRONTAL H2.1;OP13;Estações BRT Move;DF136;Subst. Da Carcaça inferior;3
01/08/2024;COT1;Transfacil;EQ6;CCIT 4.0 FRONTAL H2.1;OP13;Estações BRT Move;DF210;Subst. Do Display CCIT;7
01/08/2024;COT1;Transfacil;EQ6;CCIT 4.0 FRONTAL H2.1;OP13;Estações BRT Move;DF21;Atualização de FW ;23
01/08/2024;COT1;Transfacil;EQ6;CCIT 4.0 FRONTAL H2.1;OP13;Estações BRT Move;DF20;Atualização de data;27
01/08/2024;COT1;Transfacil;EQ6;CCIT 4.0 FRONTAL H2.1;OP13;Estações BRT Move;DF51;Gravação BootLoader;12
01/08/2024;COT1;Transfacil;EQ6;CCIT 4.0 FRONTAL H2.1;OP13;Estações BRT Move;DF322;Restore do módulo;30
01/08/2024;COT1;Transfacil;EQ6;CCIT 4.0 FRONTAL H2.1;OP13;Estações BRT Move;DF63;Lista restaurada;31
01/08/2024;COT14;TURIN OURO PRETO;EQ6;CCIT 4.0 FRONTAL H2.1;OP52;VIAÇÃO TURIN OURO PRETO;DF93;Reparo no módulo;5
01/08/2024;COT14;TURIN OURO PRETO;EQ6;CCIT 4.0 FRONTAL H2.1;OP52;VIAÇÃO TURIN OURO PRETO;DF51;Gravação BootLoader;5
01/08/2024;COT14;TURIN OURO PRETO;EQ6;CCIT 4.0 FRONTAL H2.1;OP52;VIAÇÃO TURIN OURO PRETO;DF136;Subst. Da Carcaça inferior;1
01/08/2024;COT14;TURIN OURO PRETO;EQ6;CCIT 4.0 FRONTAL H2.1;OP52;VIAÇÃO TURIN OURO PRETO;DF63;Lista restaurada;5
01/08/2024;COT14;TURIN OURO PRETO;EQ6;CCIT 4.0 FRONTAL H2.1;OP52;VIAÇÃO TURIN OURO PRETO;DF21;Atualização de FW ;3
01/08/2024;COT23;UTB;EQ6;CCIT 4.0 FRONTAL H2.1;OP83;UTB;DF41;Envio para manutenção central-CTG;18
01/08/2024;COT3;TEU;EQ43;CCIT 5.0 ;;;DF41;Envio para manutenção central-CTG;13
01/08/2024;COT3;TEU;EQ43;CCIT 5.0 ;;;DF115;Restauração da ROM via PC;30
01/08/2024;COT3;TEU;EQ43;CCIT 5.0 ;;;DF60;Limpeza de cache;4
01/08/2024;COT1;Transfacil;EQ10;CONNECTION CCIT 4.0;;;DF21;Atualização de FW ;22
01/08/2024;COT1;Transfacil;EQ10;CONNECTION CCIT 4.0;;;DF51;Gravação BootLoader;7
01/08/2024;COT1;Transfacil;EQ10;CONNECTION CCIT 4.0;;;DF26;Atualização do PIC;28
01/08/2024;COT1;Transfacil;EQ10;CONNECTION CCIT 4.0;;;DF61;Limpeza e testes;9
01/08/2024;COT1;Transfacil;EQ10;CONNECTION CCIT 4.0;;;DF278;Modificação circuito catraca;6
01/08/2024;COT1;Transfacil;EQ10;CONNECTION CCIT 4.0;;;DF107;Ressolda no circuito connections;6
01/08/2024;COT1;Transfacil;EQ10;CONNECTION CCIT 4.0;;;DF169;Subst. De Componente eletrônico;8
01/08/2024;COT1;Transfacil;EQ10;CONNECTION CCIT 4.0;;;DF256;Substituição de fusível;7
01/08/2024;COT1;Transfacil;EQ10;CONNECTION CCIT 4.0;;;DF211;Subst. Do Equipamento completo;2
01/08/2024;COT1;Transfacil;EQ10;CONNECTION CCIT 4.0;;;DF136;Subst. Da Carcaça inferior;1
01/08/2024;COT1;Transfacil;EQ10;CONNECTION CCIT 4.0;;;DF292;Ressolda conector USB;7
01/08/2024;COT2;Transcard;EQ10;CONNECTION CCIT 4.0;;;DF46;Formatação da memória e subst. FW;75
01/08/2024;COT2;Transcard;EQ10;CONNECTION CCIT 4.0;;;DF41;Envio para manutenção central-CTG;8
01/08/2024;COT10;Metropolitano-Bahia;EQ10;CONNECTION CCIT 4.0;OP64;METROPOLITANO SSA;DF50;FW Restaurado;4
01/08/2024;COT10;Metropolitano-Bahia;EQ10;CONNECTION CCIT 4.0;OP64;METROPOLITANO SSA;DF41;Envio para manutenção central-CTG;2
01/08/2024;COT19;SÃO JOÃO;EQ10;CONNECTION CCIT 4.0;OP67;SÃO JOÃO;DF50;FW Restaurado;4
01/08/2024;COT19;ROSA TURISMO;EQ10;CONNECTION CCIT 4.0;OP66;ROSA TURISMO;DF50;FW Restaurado;5
01/08/2024;COT25;COOTRAPS - CE;EQ14;DMX200 MOD H3.1;OP129;COOTRAPS;DF39;Enviados para manutenção central CTG;19
01/08/2024;COT25;COOTRAPS - CE;EQ14;DMX200 MOD H3.1;OP129;COOTRAPS;DF90;Reparo com formatação e subst. FW/SW;8
01/08/2024;COT25;COOTRAPS - CE;EQ14;DMX200 MOD H3.1;OP129;COOTRAPS;DF320;Reparo em loco;9
01/08/2024;COT12;DIVPASS;EQ13;DMX200L;OP124;DIVPASS;DF21;Atualização de FW ;23
01/08/2024;COT12;DIVPASS;EQ13;DMX200L;OP124;DIVPASS;DF272;Subst. Do Touchscreen do módulo;1
01/08/2024;COT12;DIVPASS;EQ13;DMX200L;OP124;DIVPASS;DF321;Subst. Antena GPRS;7
01/08/2024;COT12;DIVPASS;EQ13;DMX200L;OP124;DIVPASS;DF315;Colagem de Tela;1
01/08/2024;COT33;FLORIANÓPOLIS;EQ15;DMX200L SEM BATERIA;;;DF115;Restauração da ROM via PC;42
01/08/2024;COT33;FLORIANÓPOLIS;EQ15;DMX200L SEM BATERIA;;;DF41;Envio para manutenção central-CTG;8
01/08/2024;COT33;FLORIANÓPOLIS;EQ15;DMX200L SEM BATERIA;;;DF21;Atualização de FW ;51
01/08/2024;COT33;FLORIANÓPOLIS;EQ15;DMX200L SEM BATERIA;;;DF297;Subst. PMS;1
01/08/2024;COT11;Gov. Valadares;EQ13;DMX200L;OP53;VIAÇÃO MOBI;DF21;Atualização de FW ;10
01/08/2024;COT11;Gov. Valadares;EQ13;DMX200L;OP53;VIAÇÃO MOBI;DF221;Subst. do Painel Frontal;2
01/08/2024;COT11;Gov. Valadares;EQ13;DMX200L;OP53;VIAÇÃO MOBI;DF321;Subst. Antena GPRS;2
01/08/2024;COT24;GVBUS;EQ14;DMX200 MOD H3.1;;;DF41;Envio para manutenção central-CTG;49
01/08/2024;COT24;GVBUS;EQ14;DMX200 MOD H3.1;;;DF198;Subst. Do componente eletrônico;134
01/08/2024;COT20;ROSA TURISMO;EQ39;DMX200L JI21 SEM BATERIA;OP66;ROSA TURISMO;DF115;Restauração da ROM via PC;3
01/08/2024;COT20;ROSA TURISMO;EQ39;DMX200L JI21 SEM BATERIA;OP66;ROSA TURISMO;DF300;Ressolda antena GPRS e slot de chip;2
01/08/2024;COT20;ROSA TURISMO;EQ39;DMX200L JI21 SEM BATERIA;OP66;ROSA TURISMO;DF41;Envio para manutenção central-CTG;1
01/08/2024;COT20;ROSA TURISMO;EQ39;DMX200L JI21 SEM BATERIA;OP66;ROSA TURISMO;DF206;Subst. Do Conector USB;2
01/08/2024;COT19;SÃO JOÃO;EQ39;DMX200L JI21 SEM BATERIA;OP67;SÃO JOÃO;DF115;Restauração da ROM via PC;7
01/08/2024;COT19;SÃO JOÃO;EQ39;DMX200L JI21 SEM BATERIA;OP67;SÃO JOÃO;DF300;Ressolda antena GPRS e slot de chip;3
01/08/2024;COT19;SÃO JOÃO;EQ39;DMX200L JI21 SEM BATERIA;OP67;SÃO JOÃO;DF41;Envio para manutenção central-CTG;1
01/08/2024;COT17;São Jorge;EQ14;DMX200 MOD H3.1;OP50;SÃO JORGE AUTO ONIBUS ;DF21;Atualização de FW ;13
01/08/2024;COT17;São Jorge;EQ14;DMX200 MOD H3.1;OP50;SÃO JORGE AUTO ONIBUS ;DF272;Subst. Do Touchscreen do módulo;2
01/08/2024;COT17;São Jorge;EQ14;DMX200 MOD H3.1;OP50;SÃO JORGE AUTO ONIBUS ;DF135;Subst. Da Carcaça frontal;1
01/08/2024;COT17;São Jorge;EQ14;DMX200 MOD H3.1;OP50;SÃO JORGE AUTO ONIBUS ;DF61;Limpeza e testes;20
01/08/2024;COT17;São Jorge;EQ14;DMX200 MOD H3.1;OP50;SÃO JORGE AUTO ONIBUS ;DF315;Colagem de Tela;1
01/08/2024;COT17;São Jorge;EQ14;DMX200 MOD H3.1;OP50;SÃO JORGE AUTO ONIBUS ;DF321;Subst. Antena GPRS;1
01/08/2024;COT4;Setut;EQ14;DMX200 MOD H3.1;;;DF41;Envio para manutenção central-CTG;10
01/08/2024;COT18;Sindpautras;EQ6;DMX200L;OP138;SINDPAUTRAS-SIND. PERM. AUT. TRANSP. SU;DF21;Atualização de FW ;53
01/08/2024;COT18;Sindpautras;EQ6;DMX200L;OP138;SINDPAUTRAS-SIND. PERM. AUT. TRANSP. SU;DF315;Colagem de Tela;5
01/08/2024;COT18;Sindpautras;EQ6;DMX200L;OP138;SINDPAUTRAS-SIND. PERM. AUT. TRANSP. SU;DF272;Subst. Do Touchscreen do módulo;3
01/08/2024;COT18;Sindpautras;EQ6;DMX200L;OP138;SINDPAUTRAS-SIND. PERM. AUT. TRANSP. SU;DF321;Subst. Antena GPRS;1
01/08/2024;COT18;Sindpautras;EQ6;DMX200L;OP138;SINDPAUTRAS-SIND. PERM. AUT. TRANSP. SU;DF198;Subst. Do componente eletrônico;1
01/08/2024;COT18;Sindpautras;EQ6;DMX200L;OP138;SINDPAUTRAS-SIND. PERM. AUT. TRANSP. SU;DF135;Subst. Da Carcaça frontal;3
01/08/2024;COT22;Taguatur PM NOVO;EQ39;DMX200L JI21 SEM BATERIA;OP82;TAGUATUR;DF41;Envio para manutenção central-CTG;45
01/08/2024;COT3;TEU;EQ14;DMX200 MOD H3.1;;;DF21;Atualização de FW ;8
01/08/2024;COT3;TEU;EQ14;DMX200 MOD H3.1;;;DF115;Restauração da ROM via PC;6
01/08/2024;COT3;TEU;EQ14;DMX200 MOD H3.1;;;DF41;Envio para manutenção central-CTG;3
01/08/2024;COT2;Transcard;EQ16;PDM03;;;DF300;Ressolda antena GPRS e slot de chip;1
01/08/2024;COT2;Transcard;EQ16;PDM03;;;DF117;Restauração de módulos via PC e/ou SdCard;13
01/08/2024;COT1;Transfacil;EQ14;DMX200 MOD H3.1;;;DF137;Subst. Da Carcaça Traseira;1
01/08/2024;COT1;Transfacil;EQ14;DMX200 MOD H3.1;;;DF234;Subst. Do SIMCARD (chip GPRS);1
01/08/2024;COT1;Transfacil;EQ14;DMX200 MOD H3.1;;;DF206;Subst. Do Conector USB;2
01/08/2024;COT1;Transfacil;EQ14;DMX200 MOD H3.1;;;DF252;Troca de Memória;2
01/08/2024;COT1;Transfacil;EQ14;DMX200 MOD H3.1;;;DF315;Colagem de Tela;2
01/08/2024;COT1;Transfacil;EQ14;DMX200 MOD H3.1;;;DF292;Ressolda conector USB;2
01/08/2024;COT1;Transfacil;EQ14;DMX200 MOD H3.1;;;DF300;Ressolda antena GPRS e slot de chip;4
01/08/2024;COT1;Transfacil;EQ14;DMX200 MOD H3.1;;;DF97;Ressolda;11
01/08/2024;COT1;Transfacil;EQ14;DMX200 MOD H3.1;;;DF135;Subst. Da Carcaça frontal;16
01/08/2024;COT1;Transfacil;EQ14;DMX200 MOD H3.1;;;DF21;Atualização de FW ;253
01/08/2024;COT35;TURIN CONGONHAS;EQ13;DMX200L;OP138;VIAÇÃO TURIN CONGONHAS;DF21;Atualização de FW ;2
01/08/2024;COT23;UTB;EQ40;DMX200L JI21 COM BATERIA;OP83;UTB;DF41;Envio para manutenção central-CTG;47
01/08/2024;COT16;Via Ouro;EQ39;DMX200L JI21 SEM BATERIA;;;DF21;Atualização de FW ;9
01/08/2024;COT16;Via Ouro;EQ39;DMX200L JI21 SEM BATERIA;;;DF321;Subst. Antena GPRS;3
01/08/2024;COT16;Via Ouro;EQ39;DMX200L JI21 SEM BATERIA;;;DF33;Defeito não encontrado - testes e liberação;4
01/08/2024;COT1;Transfacil;EQ19;V2000;;;DF61;Limpeza e testes;27
01/08/2024;COT1;Transfacil;EQ19;V2000;;;DF46;Formatação da memória e subst. FW;37
01/08/2024;COT1;Transfacil;EQ19;V2000;;;DF266;Subst. Do cooler;5
01/08/2024;COT5;METROFOR;EQ19;V2000;OP105;METROFOR LINHA SUL;DF41;Envio para manutenção central-CTG;6
01/08/2024;COT5;METROFOR;EQ19;V2000;OP105;METROFOR LINHA SUL;DF320;Reparo em loco;1
01/08/2024;COT18;Sindpautras;EQ21;V3000L;OP48;SINDPAUTRAS-SIND. PERM. AUT. TRANSP. SU;DF21;Atualização de FW ;33
01/08/2024;COT18;Sindpautras;EQ21;V3000L;OP48;SINDPAUTRAS-SIND. PERM. AUT. TRANSP. SU;DF186;Subst. Do cartão SD 32 GB;4
01/08/2024;COT18;Sindpautras;EQ21;V3000L;OP48;SINDPAUTRAS-SIND. PERM. AUT. TRANSP. SU;DF32;Defeito não encontrado;1
01/08/2024;COT3;TEU;EQ26;V3000M;;;DF21;Atualização de FW ;49
01/08/2024;COT3;TEU;EQ26;V3000M;;;DF115;Restauração da ROM via PC;29
01/08/2024;COT3;TEU;EQ26;V3000M;;;DF41;Envio para manutenção central-CTG;7
01/08/2024;COT3;TEU;EQ26;V3000M;;;DF247;Subst.Do SDCARD;18
01/08/2024;COT3;TEU;EQ26;V3000M;;;DF52;Gravação Supervisor;1
01/08/2024;COT33;FLORIANÓPOLIS;EQ26;V3000M DVR;;;DF21;Atualização de FW ;1
01/08/2024;COT33;FLORIANÓPOLIS;EQ26;V3000M DVR;;;DF113;Restaura RAM via PC;1
01/08/2024;COT33;FLORIANÓPOLIS;EQ26;V3000M DVR;;;DF41;Envio para manutenção central-CTG;5
01/08/2024;COT3;TEU;EQ26;V3000M DVR;;;DF21;Atualização de FW ;16
01/08/2024;COT3;TEU;EQ26;V3000M DVR;;;DF115;Restauração da ROM via PC;13
01/08/2024;COT3;TEU;EQ26;V3000M DVR;;;DF41;Envio para manutenção central-CTG;4
01/08/2024;COT3;TEU;EQ26;V3000M DVR;;;DF232;Subst. Do SDCard;1
01/08/2024;COT16;Via Ouro;EQ26;V3000M DVR;OP49;VIA OURO COLETIVOS LTDA;DF21;Atualização de FW ;11
01/08/2024;COT16;Via Ouro;EQ26;V3000M DVR;OP49;VIA OURO COLETIVOS LTDA;DF32;Defeito não encontrado;1
01/08/2024;COT21;Araguarina;EQ26;V3000M DVR;OP81;VIAÇÃO ARAGUARINA;DF41;Envio para manutenção central-CTG;2
01/08/2024;COT24;GVBUS;EQ26;V3000M DVR;;;DF232;Subst. Do SDCard;89
01/08/2024;COT24;GVBUS;EQ26;V3000M DVR;;;DF41;Envio para manutenção central-CTG;2
01/08/2024;COT24;GVBUS;EQ26;V3000M DVR;;;DF46;Formatação da memória e subst. FW;5
01/08/2024;COT2;Transcard;EQ26;V3000M DVR;;;DF186;Subst. Do cartão SD 32 GB;31
01/08/2024;COT2;Transcard;EQ26;V3000M DVR;;;DF47;Formatação de SDCARD;28
01/08/2024;COT2;Transcard;EQ26;V3000M DVR;;;DF151;Subst. Da placa DVR;14
01/08/2024;COT2;Transcard;EQ26;V3000M DVR;;;DF41;Envio para manutenção central-CTG;2
01/08/2024;COT7;Alagoinhas;EQ26;V3000M DVR;OP68;ALAGOINHAS;DF48;Formatação do cartão SD;2
01/08/2024;COT7;Alagoinhas;EQ26;V3000M DVR;OP68;ALAGOINHAS;DF41;Envio para manutenção central-CTG;1
01/08/2024;COT1;Transfacil;EQ19;VH-200;;;DF144;Subst. Da Memória;1
01/08/2024;COT1;Transfacil;EQ19;VH-200;;;DF32;Defeito não encontrado;1
01/08/2024;COT1;Transfacil;EQ19;VH-200;;;DF211;Subst. Do Equipamento completo;1
01/08/2024;COT1;Transfacil;EQ18;VH-200;;;DF256;Substituição de fusível;1
01/08/2024;COT1;Transfacil;EQ18;VH-200;;;DF9;Ajuste e aperto de conexão;1
01/08/2024;COT1;Transfacil;EQ19;VH-200;;;DF90;Reparo com formatação e subst. FW/SW;2
01/08/2024;COT1;Transfacil;EQ18;VH-200;;;DF130;Subst. Da Antena WLAN;3
01/08/2024;COT1;Transfacil;EQ18;VH-200;;;DF234;Subst. Do SIMCARD (chip GPRS);4
01/08/2024;COT1;Transfacil;EQ18;VH-200;;;DF321;Subst. Antena GPRS;4
01/08/2024;COT1;Transfacil;EQ18;VH-200;;;DF61;Limpeza e testes;5
01/08/2024;COT1;Transfacil;EQ19;VH-200;;;DF182;Subst. Do Cabo Sata;5
01/08/2024;COT1;Transfacil;EQ18;VH-200;;;DF245;Subst. Terminal Block;6
01/08/2024;COT1;Transfacil;EQ18;VH-200;;;DF187;Subst. Do cartão SD/HD;15
01/08/2024;COT1;Transfacil;EQ18;VH-200;;;DF198;Subst. Do componente eletrônico;20
01/08/2024;COT1;Transfacil;EQ18;VH-200;;;DF165;Subst. Da Placa-mãe;30
01/08/2024;COT1;Transfacil;EQ18;VH-200;;;DF214;Subst. Do Módulo do GPRS;111
01/08/2024;COT1;Transfacil;EQ18;VH-200;;;DF108;Ressolda no circuito da placa-mãe;128
01/08/2024;COT1;Transfacil;EQ18;VH-200;;;DF21;Atualização de FW ;338
01/08/2024;COT24;GVBUS;EQ33;POS MOVE 2500;;;DF41;Envio para manutenção central-CTG;5
01/08/2024;COT2;Transcard;EQ31;POS 250;;;DF46;Envio para manutenção central-CTG;4
01/08/2024;COT20;Rosa Turismo;EQ31;POS 250;OP66;ROSA TURISMO;DF41;Envio para manutenção central-CTG;1
01/08/2024;COT19;SÃO JOÃO;EQ17;FONTE PM;OP67;SÃO JOÃO;DF41;Envio para manutenção central-CTG;2
01/08/2024;COT19;ROSA TURISMO;EQ17;FONTE PM;OP66;ROSA TURISMO;DF41;Envio para manutenção central-CTG;2
01/08/2024;COT25;COOTRAPS - CE;EQ17;FONTE PM;OP129;COOTRAPS;DF41;Envio para manutenção central-CTG;2
01/09/2024;COT1;Transfacil;EQ28;ATM;OP27;TRANSFÁCIL;DF258;Subst. Da Cabeça de Impressão;1
01/09/2024;COT1;Transfacil;EQ28;ATM;OP27;TRANSFÁCIL;DF142;Subst. Da Fonte Lambda ATM;1
01/09/2024;COT1;Transfacil;EQ28;ATM;OP27;TRANSFÁCIL;DF19;ATM - defeito não confirmado;1
01/09/2024;COT1;Transfacil;EQ28;ATM;OP27;TRANSFÁCIL;DF236;Subst. Do Teclado de Metal Frontal;1
01/09/2024;COT1;Transfacil;EQ28;ATM;OP27;TRANSFÁCIL;DF66;Manutenção na Fechadura Eletrônica;1
01/09/2024;COT1;Transfacil;EQ28;ATM;OP27;TRANSFÁCIL;DF132;Subst. Da Bateria de Lithium;1
01/09/2024;COT1;Transfacil;EQ28;ATM;OP27;TRANSFÁCIL;DF19;ATM - defeito não confirmado;2
01/09/2024;COT1;Transfacil;EQ28;ATM;OP27;TRANSFÁCIL;DF212;Subst. Do HD;2
01/09/2024;COT1;Transfacil;EQ28;ATM;OP27;TRANSFÁCIL;DF257;Manut. no Validador de Notas;2
01/09/2024;COT1;Transfacil;EQ28;ATM;OP27;TRANSFÁCIL;DF284;Manutenção PC ATM;3
01/09/2024;COT1;Transfacil;EQ28;ATM;OP27;TRANSFÁCIL;DF237;Subst. Do Validador de Notas;5
01/09/2024;COT24;GVBUS;EQ28;ATM;OP108;GVBUS - SIND. DAS EMP. DE TRANP. METROP. DA GRANDE VITÓRIA;DF78;PC Reiniciado;13
01/09/2024;COT24;GVBUS;EQ28;ATM;OP108;GVBUS - SIND. DAS EMP. DE TRANP. METROP. DA GRANDE VITÓRIA;DF35;Defeito não encontrado / testes e liberação;11
01/09/2024;COT24;GVBUS;EQ28;ATM;OP108;GVBUS - SIND. DAS EMP. DE TRANP. METROP. DA GRANDE VITÓRIA;DF208;Subst. Do Dispenser do cartão;3
01/09/2024;COT24;GVBUS;EQ28;ATM;OP108;GVBUS - SIND. DAS EMP. DE TRANP. METROP. DA GRANDE VITÓRIA;DF211;Subst. Do Equipamento completo;6
01/09/2024;COT24;GVBUS;EQ28;ATM;OP108;GVBUS - SIND. DAS EMP. DE TRANP. METROP. DA GRANDE VITÓRIA;DF10;Ajuste mecânico fechadura Porta Interna;1
01/09/2024;COT24;GVBUS;EQ28;ATM;OP108;GVBUS - SIND. DAS EMP. DE TRANP. METROP. DA GRANDE VITÓRIA;DF237;Subst. Do Validador de Notas;1
01/09/2024;COT24;GVBUS;EQ28;ATM;OP108;GVBUS - SIND. DAS EMP. DE TRANP. METROP. DA GRANDE VITÓRIA;DF262;Retirada de nota ATM e testes;1
01/09/2024;COT24;GVBUS;EQ28;ATM;OP108;GVBUS - SIND. DAS EMP. DE TRANP. METROP. DA GRANDE VITÓRIA;DF68;Manutenção no Dispenser;5
01/09/2024;COT2;Transcard;EQ28;ATM;OP61;Setps (Transcard);DF143;Subst. da Impressora;2
01/09/2024;COT2;Transcard;EQ28;ATM;OP61;Setps (Transcard);DF237;Subst. Do Validador de Notas;3
01/09/2024;COT2;Transcard;EQ28;ATM;OP61;Setps (Transcard);DF69;Manutenção no Sensor de Porta;1
01/09/2024;COT2;Transcard;EQ28;ATM;OP61;Setps (Transcard);DF316;Alinhamento do Dispenser;1
01/09/2024;COT2;Transcard;EQ28;ATM;OP61;Setps (Transcard);DF141;Subst. Da Fonte do PDV ATM;1
01/09/2024;COT2;Transcard;EQ28;ATM;OP61;Setps (Transcard);DF218;Subst. Do Monitor;1
01/09/2024;COT2;Transcard;EQ28;ATM;OP61;Setps (Transcard);DF284;Manutenção PC ATM;3
01/09/2024;COT2;Transcard;EQ28;ATM;OP61;Setps (Transcard);DF142;Subst. Da Fonte Lambda ATM;1
01/09/2024;COT6;Metro-Bahia;EQ28;ATM;OP63;METRO-BAHIA;DF143;Subst. da Impressora;6
01/09/2024;COT6;Metro-Bahia;EQ28;ATM;OP63;METRO-BAHIA;DF237;Subst. Do Validador de Notas;22
01/09/2024;COT6;Metro-Bahia;EQ28;ATM;OP63;METRO-BAHIA;DF228;Subst. Do PDV ATM;2
01/09/2024;COT6;Metro-Bahia;EQ28;ATM;OP63;METRO-BAHIA;DF332;Reconfiguração portas COM;2
01/09/2024;COT8;CBTU;EQ1;CCIT 3.0;OP47;CBTU - COMPANHIA BRASILEIRA DE TRENS URBANOS;DF135;Subst. Da Carcaça frontal;1
01/09/2024;COT8;CBTU;EQ1;CCIT 3.0;OP47;CBTU - COMPANHIA BRASILEIRA DE TRENS URBANOS;DF210;Subst. Do Display CCIT;1
01/09/2024;COT8;CBTU;EQ1;CCIT 3.0;OP47;CBTU - COMPANHIA BRASILEIRA DE TRENS URBANOS;DF21;Atualização de FW ;2
01/09/2024;COT8;CBTU;EQ1;CCIT 3.0;OP47;CBTU - COMPANHIA BRASILEIRA DE TRENS URBANOS;DF63;Lista restaurada;2
01/09/2024;COT8;CBTU;EQ1;CCIT 3.0;OP47;CBTU - COMPANHIA BRASILEIRA DE TRENS URBANOS;DF20;Atualização de data;2
01/09/2024;COT8;CBTU;EQ1;CCIT 3.0;OP47;CBTU - COMPANHIA BRASILEIRA DE TRENS URBANOS;DF128;Subst. Da antena Cless;1
01/09/2024;COT8;CBTU;EQ1;CCIT 3.0;OP47;CBTU - COMPANHIA BRASILEIRA DE TRENS URBANOS;DF178;Subst. Do cabo antena;1
01/09/2024;COT7;Alagoinhas;EQ34;CCIT 4.0 FRONTAL H2.1 C SEM BATERIA;OP68;ALAGOINHAS;DF113;Restaura RAM via PC;2
01/09/2024;COT12;DIVPASS;EQ6;CCIT 4.0 FRONTAL H2.1;OP124;DIVPASS;DF20;Atualização de data;2
01/09/2024;COT12;DIVPASS;EQ6;CCIT 4.0 FRONTAL H2.1;OP124;DIVPASS;DF21;Atualização de FW ;12
01/09/2024;COT12;DIVPASS;EQ6;CCIT 4.0 FRONTAL H2.1;OP124;DIVPASS;DF51;Gravação BootLoader;12
01/09/2024;COT12;DIVPASS;EQ6;CCIT 4.0 FRONTAL H2.1;OP124;DIVPASS;DF63;Lista restaurada;12
01/09/2024;COT12;DIVPASS;EQ6;CCIT 4.0 FRONTAL H2.1;OP124;DIVPASS;DF322;Restore do módulo;14
01/09/2024;COT12;DIVPASS;EQ6;CCIT 4.0 FRONTAL H2.1;OP124;DIVPASS;DF217;Subst. Do Módulo H2.1;4
01/09/2024;COT12;DIVPASS;EQ6;CCIT 4.0 FRONTAL H2.1;OP124;DIVPASS;DF272;Subst. Do Touchscreen do módulo;3
01/09/2024;COT12;DIVPASS;EQ6;CCIT 4.0 FRONTAL H2.1;OP124;DIVPASS;DF238;Subst. Do Vidro CCIT V4.0;3
01/09/2024;COT33;FLORIANÓPOLIS;EQ8;CCIT 4.0 FRONTAL JI21 SEM BATERIA;;;DF21;Atualização de FW ;6
01/09/2024;COT33;FLORIANÓPOLIS;EQ8;CCIT 4.0 FRONTAL JI21 SEM BATERIA;;;DF115;Restauração da ROM via PC;6
01/09/2024;COT11;Gov. Valadares;EQ6;CCIT 4.0 FRONTAL H2.1;OP53;VIAÇÃO MOBI;DF21;Atualização de FW ;9
01/09/2024;COT11;Gov. Valadares;EQ6;CCIT 4.0 FRONTAL H2.1;OP53;VIAÇÃO MOBI;DF51;Gravação BootLoader;10
01/09/2024;COT11;Gov. Valadares;EQ6;CCIT 4.0 FRONTAL H2.1;OP53;VIAÇÃO MOBI;DF63;Lista restaurada;9
01/09/2024;COT11;Gov. Valadares;EQ6;CCIT 4.0 FRONTAL H2.1;OP53;VIAÇÃO MOBI;DF322;Restore do módulo;10
01/09/2024;COT11;Gov. Valadares;EQ6;CCIT 4.0 FRONTAL H2.1;OP53;VIAÇÃO MOBI;DF306;Retirada da bateria;1
01/09/2024;COT11;Gov. Valadares;EQ6;CCIT 4.0 FRONTAL H2.1;OP53;VIAÇÃO MOBI;DF210;Subst. Do Display CCIT;1
01/09/2024;COT11;Gov. Valadares;EQ6;CCIT 4.0 FRONTAL H2.1;OP53;VIAÇÃO MOBI;DF217;Subst. Do Módulo H2.1;1
01/09/2024;COT24;GVBUS;EQ6;CCIT 4.0 FRONTAL H2.1;;;DF51;Gravação BootLoader;14
01/09/2024;COT24;GVBUS;EQ6;CCIT 4.0 FRONTAL H2.1;;;DF89;Reparo com Formatação e Subst. De FW;158
01/09/2024;COT24;GVBUS;EQ6;CCIT 4.0 FRONTAL H2.1;;;DF136;Subst. Da Carcaça inferior;5
01/09/2024;COT24;GVBUS;EQ6;CCIT 4.0 FRONTAL H2.1;;;DF198;Subst. Do componente eletrônico;2
01/09/2024;COT24;GVBUS;EQ6;CCIT 4.0 FRONTAL H2.1;;;DF210;Subst. Do Display CCIT;6
01/09/2024;COT24;GVBUS;EQ6;CCIT 4.0 FRONTAL H2.1;;;DF217;Subst. Do Módulo H2.1;5
01/09/2024;COT24;GVBUS;EQ6;CCIT 4.0 FRONTAL H2.1;;;DF272;Subst. Do Touchscreen do módulo;16
01/09/2024;COT13;Mariana;EQ5;CCIT 4.0 FRONTAL;OP54;TRANSCOTTA MARIANA MG;DF21;Atualização de FW ;2
01/09/2024;COT13;Mariana;EQ5;CCIT 4.0 FRONTAL;OP54;TRANSCOTTA MARIANA MG;DF26;Atualização do PIC;1
01/09/2024;COT13;Mariana;EQ5;CCIT 4.0 FRONTAL;OP54;TRANSCOTTA MARIANA MG;DF51;Gravação BootLoader;2
01/09/2024;COT13;Mariana;EQ5;CCIT 4.0 FRONTAL;OP54;TRANSCOTTA MARIANA MG;DF63;Lista restaurada;2
01/09/2024;COT13;Mariana;EQ5;CCIT 4.0 FRONTAL;OP54;TRANSCOTTA MARIANA MG;DF322;Restore do módulo;2
01/09/2024;COT13;Mariana;EQ5;CCIT 4.0 FRONTAL;OP54;TRANSCOTTA MARIANA MG;DF136;Subst. Da Carcaça inferior;1
01/09/2024;COT6;METRO-BAHIA;EQ6;CCIT 4.0 FRONTAL H2.1;OP64;METROPOLITANO SSA;DF113;Restaura RAM via PC;31
01/09/2024;COT5;METROFOR/ VLT FORTALEZA;EQ38;CCIT 4.0 METROFOR;OP105;METROFOR LINHA SUL;DF110;Ressolda nos Indutores da CLESS;2
01/09/2024;COT5;METROFOR/ VLT FORTALEZA;EQ38;CCIT 4.0 METROFOR;OP105;METROFOR LINHA SUL;DF113;Restaura RAM via PC;10
01/09/2024;COT5;METROFOR/ VLT FORTALEZA;EQ38;CCIT 4.0 METROFOR;OP105;METROFOR LINHA SUL;DF114;Restaura RAM via pendrive;3
01/09/2024;COT5;METROFOR/ VLT FORTALEZA;EQ38;CCIT 4.0 METROFOR;OP105;METROFOR LINHA SUL;DF326;Subst. Bateria do Módulo;5
01/09/2024;COT5;METROFOR/ VLT FORTALEZA;EQ38;CCIT 4.0 METROFOR;OP105;METROFOR LINHA SUL;DF210;Subst. Do Display CCIT;5
01/09/2024;COT5;METROFOR/ VLT FORTALEZA;EQ38;CCIT 4.0 METROFOR;OP105;METROFOR LINHA SUL;DF217;Subst. Do Módulo H2.1;3
01/09/2024;COT5;METROFOR/ VLT FORTALEZA;EQ38;CCIT 4.0 METROFOR;OP105;METROFOR LINHA SUL;DF272;Subst. Do Touchscreen do módulo;1
01/09/2024;COT10;Metropolitano-Bahia;EQ6;CCIT 4.0 FRONTAL H2.1;OP64;METROPOLITANO SSA;DF113;Restaura RAM via PC;25
01/09/2024;COT10;Metropolitano-Bahia;EQ6;CCIT 4.0 FRONTAL H2.1;OP64;METROPOLITANO SSA;DF272;Subst. Do Touchscreen do módulo;6
01/09/2024;COT20;ROSA TURISMO;EQ36;CCIT 4.0 FRONTAL H1 COM BATERIA;OP66;ROSA TURISMO;DF113;Restaura RAM via PC;13
01/09/2024;COT19;SÃO JOÃO;EQ36;CCIT 4.0 FRONTAL H1 COM BATERIA;OP67;SÃO JOÃO;DF113;Restaura RAM via PC;9
01/09/2024;COT17;São Jorge;EQ6;CCIT 4.0 FRONTAL H2.1;OP50;SÃO JORGE AUTO ONIBUS ;DF21;Atualização de FW ;1
01/09/2024;COT17;São Jorge;EQ6;CCIT 4.0 FRONTAL H2.1;OP50;SÃO JORGE AUTO ONIBUS ;DF63;Lista restaurada;1
01/09/2024;COT17;São Jorge;EQ6;CCIT 4.0 FRONTAL H2.1;OP50;SÃO JORGE AUTO ONIBUS ;DF278;Modificação circuito catraca;1
01/09/2024;COT17;São Jorge;EQ6;CCIT 4.0 FRONTAL H2.1;OP50;SÃO JORGE AUTO ONIBUS ;DF322;Restore do módulo;1
01/09/2024;COT17;São Jorge;EQ6;CCIT 4.0 FRONTAL H2.1;OP50;SÃO JORGE AUTO ONIBUS ;DF216;Subst. Do Módulo H2;1
01/09/2024;COT4;Setut;EQ6;CCIT 4.0 FRONTAL H2.1;;;DF113;Restaura RAM via PC;1
01/09/2024;COT4;Setut;EQ6;CCIT 4.0 FRONTAL H2.1;;;DF210;Subst. Do Display CCIT;2
01/09/2024;COT4;Setut;EQ6;CCIT 4.0 FRONTAL H2.1;;;DF217;Subst. Do Módulo H2.1;3
01/09/2024;COT4;Setut;EQ6;CCIT 4.0 FRONTAL H2.1;;;DF272;Subst. Do Touchscreen do módulo;2
01/09/2024;COT18;Sindpautras;EQ6;CCIT 4.0 FRONTAL H2.1;OP48;SINDPAUTRAS-SIND. PERM. AUT. TRANSP. SU;DF20;Atualização de data;2
01/09/2024;COT18;Sindpautras;EQ6;CCIT 4.0 FRONTAL H2.1;OP48;SINDPAUTRAS-SIND. PERM. AUT. TRANSP. SU;DF21;Atualização de FW ;20
01/09/2024;COT18;Sindpautras;EQ6;CCIT 4.0 FRONTAL H2.1;OP48;SINDPAUTRAS-SIND. PERM. AUT. TRANSP. SU;DF51;Gravação BootLoader;20
01/09/2024;COT18;Sindpautras;EQ6;CCIT 4.0 FRONTAL H2.1;OP48;SINDPAUTRAS-SIND. PERM. AUT. TRANSP. SU;DF63;Lista restaurada;19
01/09/2024;COT18;Sindpautras;EQ6;CCIT 4.0 FRONTAL H2.1;OP48;SINDPAUTRAS-SIND. PERM. AUT. TRANSP. SU;DF322;Restore do módulo;19
01/09/2024;COT18;Sindpautras;EQ6;CCIT 4.0 FRONTAL H2.1;OP48;SINDPAUTRAS-SIND. PERM. AUT. TRANSP. SU;DF136;Subst. Da Carcaça inferior;1
01/09/2024;COT18;Sindpautras;EQ6;CCIT 4.0 FRONTAL H2.1;OP48;SINDPAUTRAS-SIND. PERM. AUT. TRANSP. SU;DF210;Subst. Do Display CCIT;1
01/09/2024;COT18;Sindpautras;EQ6;CCIT 4.0 FRONTAL H2.1;OP48;SINDPAUTRAS-SIND. PERM. AUT. TRANSP. SU;DF216;Subst. Do Módulo H2;4
01/09/2024;COT22;Taguatur;EQ35;CCIT 4.0 FRONTAL H2 COM BATERIA;OP82;TAGUATUR;DF51;Gravação BootLoader;9
01/09/2024;COT22;Taguatur;EQ35;CCIT 4.0 FRONTAL H2 COM BATERIA;OP82;TAGUATUR;DF302;Instalação de 2o capacitor em paralelo;1
01/09/2024;COT22;Taguatur;EQ35;CCIT 4.0 FRONTAL H2 COM BATERIA;OP82;TAGUATUR;DF322;Restore do módulo;1
01/09/2024;COT22;Taguatur;EQ35;CCIT 4.0 FRONTAL H2 COM BATERIA;OP82;TAGUATUR;DF217;Subst. Do Módulo H2.1;1
01/09/2024;COT22;Taguatur;EQ35;CCIT 4.0 FRONTAL H2 COM BATERIA;OP82;TAGUATUR;DF272;Subst. Do Touchscreen do módulo;5
01/09/2024;COT3;TEU;EQ36;CCIT 4.0 FRONTAL H1 COM BATERIA;;;DF115;Restauração da ROM via PC;232
01/09/2024;COT2;Transcard;EQ6;CCIT 4.0 FRONTAL H2.1;;;DF51;Gravação BootLoader;21
01/09/2024;COT2;Transcard;EQ6;CCIT 4.0 FRONTAL H2.1;;;DF113;Restaura RAM via PC;102
01/09/2024;COT2;Transcard;EQ6;CCIT 4.0 FRONTAL H2.1;;;DF114;Restaura RAM via pendrive;38
01/09/2024;COT2;Transcard;EQ6;CCIT 4.0 FRONTAL H2.1;;;DF136;Subst. Da Carcaça inferior;5
01/09/2024;COT2;Transcard;EQ6;CCIT 4.0 FRONTAL H2.1;;;DF210;Subst. Do Display CCIT;10
01/09/2024;COT2;Transcard;EQ6;CCIT 4.0 FRONTAL H2.1;;;DF217;Subst. Do Módulo H2.1;7
01/09/2024;COT2;Transcard;EQ6;CCIT 4.0 FRONTAL H2.1;;;DF272;Subst. Do Touchscreen do módulo;36
01/09/2024;COT1;Transfacil;EQ6;CCIT 4.0 FRONTAL H2.1;;;DF20;Atualização de data;218
01/09/2024;COT1;Transfacil;EQ6;CCIT 4.0 FRONTAL H2.1;OP13;Estações BRT Move;DF20;Atualização de data;42
01/09/2024;COT1;Transfacil;EQ6;CCIT 4.0 FRONTAL H2.1;;;DF21;Atualização de FW ;100
01/09/2024;COT1;Transfacil;EQ6;CCIT 4.0 FRONTAL H2.1;OP13;Estações BRT Move;DF21;Atualização de FW ;27
01/09/2024;COT1;Transfacil;EQ6;CCIT 4.0 FRONTAL H2.1;OP13;Estações BRT Move;DF26;Atualização do PIC;3
01/09/2024;COT1;Transfacil;EQ6;CCIT 4.0 FRONTAL H2.1;;;DF51;Gravação BootLoader;140
01/09/2024;COT1;Transfacil;EQ6;CCIT 4.0 FRONTAL H2.1;OP13;Estações BRT Move;DF51;Gravação BootLoader;19
01/09/2024;COT1;Transfacil;EQ6;CCIT 4.0 FRONTAL H2.1;OP13;Estações BRT Move;DF61;Limpeza e testes;1
01/09/2024;COT1;Transfacil;EQ6;CCIT 4.0 FRONTAL H2.1;;;DF63;Lista restaurada;230
01/09/2024;COT1;Transfacil;EQ6;CCIT 4.0 FRONTAL H2.1;OP13;Estações BRT Move;DF63;Lista restaurada;45
01/09/2024;COT1;Transfacil;EQ6;CCIT 4.0 FRONTAL H2.1;;;DF91;Reparo com Gravação de PIC e reinst. Do FW;23
01/09/2024;COT1;Transfacil;EQ6;CCIT 4.0 FRONTAL H2.1;;;DF93;Reparo no módulo;228
01/09/2024;COT1;Transfacil;EQ6;CCIT 4.0 FRONTAL H2.1;;;DF108;Ressolda no circuito da placa-mãe;1
01/09/2024;COT1;Transfacil;EQ6;CCIT 4.0 FRONTAL H2.1;OP13;Estações BRT Move;DF322;Restore do módulo;45
01/09/2024;COT1;Transfacil;EQ6;CCIT 4.0 FRONTAL H2.1;;;DF326;Subst. Bateria do Módulo;1
01/09/2024;COT1;Transfacil;EQ6;CCIT 4.0 FRONTAL H2.1;;;DF135;Subst. Da Carcaça frontal;3
01/09/2024;COT1;Transfacil;EQ6;CCIT 4.0 FRONTAL H2.1;OP13;Estações BRT Move;DF135;Subst. Da Carcaça frontal;1
01/09/2024;COT1;Transfacil;EQ6;CCIT 4.0 FRONTAL H2.1;;;DF136;Subst. Da Carcaça inferior;19
01/09/2024;COT1;Transfacil;EQ6;CCIT 4.0 FRONTAL H2.1;OP13;Estações BRT Move;DF136;Subst. Da Carcaça inferior;1
01/09/2024;COT1;Transfacil;EQ6;CCIT 4.0 FRONTAL H2.1;;;DF169;Subst. De Componente eletrônico;12
01/09/2024;COT1;Transfacil;EQ6;CCIT 4.0 FRONTAL H2.1;;;DF305;Subst. Do Buzzer;1
01/09/2024;COT1;Transfacil;EQ6;CCIT 4.0 FRONTAL H2.1;;;DF210;Subst. Do Display CCIT;24
01/09/2024;COT1;Transfacil;EQ6;CCIT 4.0 FRONTAL H2.1;OP13;Estações BRT Move;DF210;Subst. Do Display CCIT;4
01/09/2024;COT1;Transfacil;EQ6;CCIT 4.0 FRONTAL H2.1;;;DF216;Subst. Do Módulo H2;24
01/09/2024;COT1;Transfacil;EQ6;CCIT 4.0 FRONTAL H2.1;;;DF272;Subst. Do Touchscreen do módulo;6
01/09/2024;COT1;Transfacil;EQ6;CCIT 4.0 FRONTAL H2.1;OP13;Estações BRT Move;DF272;Subst. Do Touchscreen do módulo;3
01/09/2024;COT1;Transfacil;EQ6;CCIT 4.0 FRONTAL H2.1;;;DF238;Subst. Do Vidro CCIT V4.0;3
01/09/2024;COT1;Transfacil;EQ6;CCIT 4.0 FRONTAL H2.1;OP13;Estações BRT Move;DF238;Subst. Do Vidro CCIT V4.0;1
01/09/2024;COT1;Transfacil;EQ6;CCIT 4.0 FRONTAL H2.1;;;DF242;Subst. Placa Mbccit;12
01/09/2024;COT1;Transfacil;EQ6;CCIT 4.0 FRONTAL H2.1;OP13;Estações BRT Move;DF242;Subst. Placa Mbccit;5
01/09/2024;COT15;TURIN OURO BRANCO;EQ6;CCIT 4.0 FRONTAL H2.1;OP127;TURIN OURO BRANCO MG;DF26;Atualização do PIC;1
01/09/2024;COT15;TURIN OURO BRANCO;EQ6;CCIT 4.0 FRONTAL H2.1;OP127;TURIN OURO BRANCO MG;DF51;Gravação BootLoader;1
01/09/2024;COT15;TURIN OURO BRANCO;EQ6;CCIT 4.0 FRONTAL H2.1;OP127;TURIN OURO BRANCO MG;DF63;Lista restaurada;2
01/09/2024;COT15;TURIN OURO BRANCO;EQ6;CCIT 4.0 FRONTAL H2.1;OP127;TURIN OURO BRANCO MG;DF88;Reparo com formatação e reinst. FW/SW;2
01/09/2024;COT15;TURIN OURO BRANCO;EQ6;CCIT 4.0 FRONTAL H2.1;OP127;TURIN OURO BRANCO MG;DF322;Restore do módulo;2
01/09/2024;COT15;TURIN OURO BRANCO;EQ6;CCIT 4.0 FRONTAL H2.1;OP127;TURIN OURO BRANCO MG;DF272;Subst. Do Touchscreen do módulo;1
01/09/2024;COT15;TURIN OURO BRANCO;EQ6;CCIT 4.0 FRONTAL H2.1;OP127;TURIN OURO BRANCO MG;DF238;Subst. Do Vidro CCIT V4.0;1
01/09/2024;COT14;TURIN OURO PRETO;EQ6;CCIT 4.0 FRONTAL H2.1;OP52;VIAÇÃO TURIN OURO PRETO;DF21;Atualização de FW ;2
01/09/2024;COT14;TURIN OURO PRETO;EQ6;CCIT 4.0 FRONTAL H2.1;OP52;VIAÇÃO TURIN OURO PRETO;DF26;Atualização do PIC;1
01/09/2024;COT14;TURIN OURO PRETO;EQ6;CCIT 4.0 FRONTAL H2.1;OP52;VIAÇÃO TURIN OURO PRETO;DF51;Gravação BootLoader;1
01/09/2024;COT14;TURIN OURO PRETO;EQ6;CCIT 4.0 FRONTAL H2.1;OP52;VIAÇÃO TURIN OURO PRETO;DF63;Lista restaurada;2
01/09/2024;COT14;TURIN OURO PRETO;EQ6;CCIT 4.0 FRONTAL H2.1;OP52;VIAÇÃO TURIN OURO PRETO;DF322;Restore do módulo;2
01/09/2024;COT14;TURIN OURO PRETO;EQ6;CCIT 4.0 FRONTAL H2.1;OP52;VIAÇÃO TURIN OURO PRETO;DF272;Subst. Do Touchscreen do módulo;1
01/09/2024;COT14;TURIN OURO PRETO;EQ6;CCIT 4.0 FRONTAL H2.1;OP52;VIAÇÃO TURIN OURO PRETO;DF238;Subst. Do Vidro CCIT V4.0;1
01/09/2024;COT23;UTB;EQ6;CCIT 4.0 FRONTAL H2.1;OP83;UTB;DF21;Atualização de FW ;8
01/09/2024;COT23;UTB;EQ6;CCIT 4.0 FRONTAL H2.1;OP83;UTB;DF198;Subst. Do componente eletrônico;1
01/09/2024;COT23;UTB;EQ6;CCIT 4.0 FRONTAL H2.1;OP83;UTB;DF272;Subst. Do Touchscreen do módulo;3
01/09/2024;COT23;UTB;EQ6;CCIT 4.0 FRONTAL H2.1;OP83;UTB;DF238;Subst. Do Vidro CCIT V4.0;1
01/09/2024;COT16;Via Ouro;EQ6;CCIT 4.0 FRONTAL H2.1;OP49;VIA OURO COLETIVOS LTDA;DF51;Gravação BootLoader;2
01/09/2024;COT16;Via Ouro;EQ6;CCIT 4.0 FRONTAL H2.1;OP49;VIA OURO COLETIVOS LTDA;DF63;Lista restaurada;2
01/09/2024;COT16;Via Ouro;EQ6;CCIT 4.0 FRONTAL H2.1;OP49;VIA OURO COLETIVOS LTDA;DF90;Reparo com formatação e subst. FW/SW;2
01/09/2024;COT16;Via Ouro;EQ6;CCIT 4.0 FRONTAL H2.1;OP49;VIA OURO COLETIVOS LTDA;DF322;Restore do módulo;2
01/09/2024;COT16;Via Ouro;EQ6;CCIT 4.0 FRONTAL H2.1;OP49;VIA OURO COLETIVOS LTDA;DF198;Subst. Do componente eletrônico;2
01/09/2024;COT16;Via Ouro;EQ6;CCIT 4.0 FRONTAL H2.1;OP49;VIA OURO COLETIVOS LTDA;DF272;Subst. Do Touchscreen do módulo;1
01/09/2024;COT3;TEU;EQ43;CCIT 5.0 ;;;DF115;Restauração da ROM via PC;20
01/09/2024;COT3;TEU;EQ43;CCIT 5.0 ;;;DF60;Limpeza de cache;2
01/09/2024;COT1;Transfacil;EQ10;CONNECTION CCIT 4.0;;;DF136;Subst. Da Carcaça inferior;1
01/09/2024;COT1;Transfacil;EQ10;CONNECTION CCIT 4.0;;;DF256;Substituição de fusível;2
01/09/2024;COT1;Transfacil;EQ10;CONNECTION CCIT 4.0;;;DF135;Subst. Da Carcaça frontal;2
01/09/2024;COT1;Transfacil;EQ10;CONNECTION CCIT 4.0;;;DF277;Subst. Da Connections;3
01/09/2024;COT1;Transfacil;EQ10;CONNECTION CCIT 4.0;;;DF51;Gravação BootLoader;4
01/09/2024;COT1;Transfacil;EQ10;CONNECTION CCIT 4.0;;;DF292;Ressolda conector USB;5
01/09/2024;COT1;Transfacil;EQ10;CONNECTION CCIT 4.0;;;DF278;Modificação circuito catraca;7
01/09/2024;COT1;Transfacil;EQ10;CONNECTION CCIT 4.0;;;DF169;Subst. De Componente eletrônico;9
01/09/2024;COT1;Transfacil;EQ10;CONNECTION CCIT 4.0;;;DF107;Ressolda no circuito connections;10
01/09/2024;COT1;Transfacil;EQ10;CONNECTION CCIT 4.0;;;DF61;Limpeza e testes;13
01/09/2024;COT1;Transfacil;EQ10;CONNECTION CCIT 4.0;;;DF21;Atualização de FW ;32
01/09/2024;COT1;Transfacil;EQ10;CONNECTION CCIT 4.0;;;DF26;Atualização do PIC;33
01/09/2024;COT1;Transfacil;EQ10;CONNECTION CCIT 4.0;;;DF32;Defeito não encontrado;2
01/09/2024;COT1;Transfacil;EQ10;CONNECTION CCIT 4.0;;;DF13;Ajuste socket pilha de Lithium;3
01/09/2024;COT1;Transfacil;EQ10;CONNECTION CCIT 4.0;;;DF169;Subst. De Componente eletrônico;10
01/09/2024;COT24;GVBUS;EQ10;CONNECTION CCIT 4.0;;;DF278;Modificação circuito catraca;9
01/09/2024;COT24;GVBUS;EQ10;CONNECTION CCIT 4.0;;;DF206;Subst. Do Conector USB;1
01/09/2024;COT2;Transcard;EQ10;CONNECTION CCIT 4.0;;;DF88;Reparo com formatação e reinst. FW/SW;45
01/09/2024;COT2;Transcard;EQ10;CONNECTION CCIT 4.0;;;DF51;Gravação BootLoader;6
01/09/2024;COT2;Transcard;EQ10;CONNECTION CCIT 4.0;;;DF278;Modificação circuito catraca;8
01/09/2024;COT2;Transcard;EQ10;CONNECTION CCIT 4.0;;;DF206;Subst. Do Conector USB;2
01/09/2024;COT2;Transcard;EQ10;CONNECTION CCIT 4.0;;;DF198;Subst. Do componente eletrônico;2
01/09/2024;COT10;Metropolitano-Bahia;EQ10;CONNECTION CCIT 4.0;OP64;METROPOLITANO SSA;DF113;Restaura RAM via PC;25
01/09/2024;COT19;ROSA TURISMO;EQ10;CONNECTION CCIT 4.0;OP66;ROSA TURISMO;DF50;FW Restaurado;8
01/09/2024;COT19;SÃO JOÃO;EQ10;CONNECTION CCIT 4.0;OP67;SÃO JOÃO;DF50;FW Restaurado;5
01/09/2024;COT4;Setut;EQ10;CONNECTION CCIT 4.0;;;DF278;Modificação circuito catraca;1
01/09/2024;COT25;COOTRAPS - CE;EQ14;DMX200 MOD H3.1;OP129;COOTRAPS;DF90;Reparo com formatação e subst. FW/SW;12
01/09/2024;COT25;COOTRAPS - CE;EQ14;DMX200 MOD H3.1;OP129;COOTRAPS;DF320;Reparo em loco;22
01/09/2024;COT25;COOTRAPS - CE;EQ14;DMX200 MOD H3.1;OP129;COOTRAPS;DF288;Subst. Auto Adesivo para Vidro;2
01/09/2024;COT25;COOTRAPS - CE;EQ14;DMX200 MOD H3.1;OP129;COOTRAPS;DF273;Subst. Cabo USB;2
01/09/2024;COT25;COOTRAPS - CE;EQ14;DMX200 MOD H3.1;OP129;COOTRAPS;DF206;Subst. Do Conector USB;3
01/09/2024;COT25;COOTRAPS - CE;EQ14;DMX200 MOD H3.1;OP129;COOTRAPS;DF272;Subst. Do Touchscreen do módulo;2
01/09/2024;COT25;COOTRAPS - CE;EQ14;DMX200 MOD H3.1;OP129;COOTRAPS;DF271;Subst. Do Vidro;2
01/09/2024;COT25;COOTRAPS - CE;EQ14;DMX200 MOD H3.1;OP129;COOTRAPS;DF243;Subst. Placa Principal do PM;1
01/09/2024;COT12;DIVPASS;EQ13;DMX200L;OP124;DIVPASS;DF21;Atualização de FW ;8
01/09/2024;COT12;DIVPASS;EQ13;DMX200L;OP124;DIVPASS;DF272;Subst. Do Touchscreen do módulo;1
01/09/2024;COT11;Gov. Valadares;EQ13;DMX200L;OP53;VIAÇÃO MOBI;DF21;Atualização de FW ;10
01/09/2024;COT11;Gov. Valadares;EQ13;DMX200L;OP53;VIAÇÃO MOBI;DF221;Subst. do Painel Frontal;2
01/09/2024;COT11;Gov. Valadares;EQ13;DMX200L;OP53;VIAÇÃO MOBI;DF272;Subst. Do Touchscreen do módulo;2
01/09/2024;COT24;GVBUS;EQ14;DMX200 MOD H3.1;;;DF288;Subst. Auto Adesivo para Vidro;1
01/09/2024;COT24;GVBUS;EQ14;DMX200 MOD H3.1;;;DF127;Subst. Conector USB;76
01/09/2024;COT24;GVBUS;EQ14;DMX200 MOD H3.1;;;DF206;Subst. Do Conector USB;48
01/09/2024;COT24;GVBUS;EQ14;DMX200 MOD H3.1;;;DF272;Subst. Do Touchscreen do módulo;1
01/09/2024;COT24;GVBUS;EQ14;DMX200 MOD H3.1;;;DF271;Subst. Do Vidro;1
01/09/2024;COT20;ROSA TURISMO;EQ39;DMX200L JI21 SEM BATERIA;OP66;ROSA TURISMO;DF300;Ressolda antena GPRS e slot de chip;2
01/09/2024;COT20;ROSA TURISMO;EQ39;DMX200L JI21 SEM BATERIA;OP66;ROSA TURISMO;DF115;Restauração da ROM via PC;4
01/09/2024;COT20;ROSA TURISMO;EQ39;DMX200L JI21 SEM BATERIA;OP66;ROSA TURISMO;DF206;Subst. Do Conector USB;2
01/09/2024;COT19;SÃO JOÃO;EQ39;DMX200L JI21 SEM BATERIA;OP67;SÃO JOÃO;DF300;Ressolda antena GPRS e slot de chip;3
01/09/2024;COT19;SÃO JOÃO;EQ39;DMX200L JI21 SEM BATERIA;OP67;SÃO JOÃO;DF115;Restauração da ROM via PC;15
01/09/2024;COT17;São Jorge;EQ14;DMX200 MOD H3.1;OP50;SÃO JORGE AUTO ONIBUS ;DF21;Atualização de FW ;10
01/09/2024;COT17;São Jorge;EQ14;DMX200 MOD H3.1;OP50;SÃO JORGE AUTO ONIBUS ;DF321;Subst. Antena GPRS;1
01/09/2024;COT17;São Jorge;EQ14;DMX200 MOD H3.1;OP50;SÃO JORGE AUTO ONIBUS ;DF137;Subst. Da Carcaça Traseira;1
01/09/2024;COT17;São Jorge;EQ14;DMX200 MOD H3.1;OP50;SÃO JORGE AUTO ONIBUS ;DF331;Testa GPRS;6
01/09/2024;COT17;São Jorge;EQ14;DMX200 MOD H3.1;OP50;SÃO JORGE AUTO ONIBUS ;DF329;Teste de GPS;6
01/09/2024;COT4;Setut;EQ14;DMX200 MOD H3.1;;;DF21;Atualização de FW ;5
01/09/2024;COT4;Setut;EQ14;DMX200 MOD H3.1;;;DF288;Subst. Auto Adesivo para Vidro;1
01/09/2024;COT4;Setut;EQ14;DMX200 MOD H3.1;;;DF136;Subst. Da Carcaça inferior;2
01/09/2024;COT4;Setut;EQ14;DMX200 MOD H3.1;;;DF209;Subst. Do Display;2
01/09/2024;COT4;Setut;EQ14;DMX200 MOD H3.1;;;DF221;Subst. do Painel Frontal;1
01/09/2024;COT4;Setut;EQ14;DMX200 MOD H3.1;;;DF272;Subst. Do Touchscreen do módulo;2
01/09/2024;COT4;Setut;EQ14;DMX200 MOD H3.1;;;DF271;Subst. Do Vidro;1
01/09/2024;COT18;Sindpautras;EQ6;DMX200L;OP138;SINDPAUTRAS-SIND. PERM. AUT. TRANSP. SU;DF21;Atualização de FW ;27
01/09/2024;COT18;Sindpautras;EQ6;DMX200L;OP138;SINDPAUTRAS-SIND. PERM. AUT. TRANSP. SU;DF61;Limpeza e testes;26
01/09/2024;COT18;Sindpautras;EQ6;DMX200L;OP138;SINDPAUTRAS-SIND. PERM. AUT. TRANSP. SU;DF135;Subst. Da Carcaça frontal;1
01/09/2024;COT18;Sindpautras;EQ6;DMX200L;OP138;SINDPAUTRAS-SIND. PERM. AUT. TRANSP. SU;DF198;Subst. Do componente eletrônico;2
01/09/2024;COT18;Sindpautras;EQ6;DMX200L;OP138;SINDPAUTRAS-SIND. PERM. AUT. TRANSP. SU;DF272;Subst. Do Touchscreen do módulo;1
01/09/2024;COT18;Sindpautras;EQ6;DMX200L;OP138;SINDPAUTRAS-SIND. PERM. AUT. TRANSP. SU;DF271;Subst. Do Vidro;1
01/09/2024;COT22;Taguatur PM NOVO;EQ39;DMX200L JI21 SEM BATERIA;OP82;TAGUATUR;DF21;Atualização de FW ;17
01/09/2024;COT22;Taguatur PM NOVO;EQ39;DMX200L JI21 SEM BATERIA;OP82;TAGUATUR;DF198;Subst. Do componente eletrônico;2
01/09/2024;COT22;Taguatur PM NOVO;EQ39;DMX200L JI21 SEM BATERIA;OP82;TAGUATUR;DF209;Subst. Do Display;1
01/09/2024;COT22;Taguatur PM NOVO;EQ39;DMX200L JI21 SEM BATERIA;OP82;TAGUATUR;DF272;Subst. Do Touchscreen do módulo;6
01/09/2024;COT22;Taguatur PM NOVO;EQ39;DMX200L JI21 SEM BATERIA;OP82;TAGUATUR;DF329;Teste de GPS;25
01/09/2024;COT3;TEU;EQ14;DMX200 MOD H3.1;;;DF21;Atualização de FW ;4
01/09/2024;COT3;TEU;EQ14;DMX200 MOD H3.1;;;DF115;Restauração da ROM via PC;2
01/09/2024;COT2;Transcard;EQ16;PDM03;;;DF300;Ressolda antena GPRS e slot de chip;8
01/09/2024;COT2;Transcard;EQ16;PDM03;;;DF117;Restauração de módulos via PC e/ou SdCard;7
01/09/2024;COT1;Transfacil;EQ14;DMX200 MOD H3.1;;;DF20;Atualização de data;1
01/09/2024;COT1;Transfacil;EQ14;DMX200 MOD H3.1;;;DF21;Atualização de FW ;315
01/09/2024;COT1;Transfacil;EQ14;DMX200 MOD H3.1;;;DF32;Defeito não encontrado;1
01/09/2024;COT1;Transfacil;EQ14;DMX200 MOD H3.1;;;DF61;Limpeza e testes;4
01/09/2024;COT1;Transfacil;EQ14;DMX200 MOD H3.1;;;DF97;Ressolda;13
01/09/2024;COT1;Transfacil;EQ14;DMX200 MOD H3.1;;;DF135;Subst. Da Carcaça frontal;14
01/09/2024;COT1;Transfacil;EQ14;DMX200 MOD H3.1;;;DF206;Subst. Do Conector USB;15
01/09/2024;COT16;Via Ouro;EQ39;DMX200L JI21 SEM BATERIA;;;DF21;Atualização de FW ;36
01/09/2024;COT16;Via Ouro;EQ39;DMX200L JI21 SEM BATERIA;;;DF135;Subst. Da Carcaça frontal;1
01/09/2024;COT16;Via Ouro;EQ39;DMX200L JI21 SEM BATERIA;;;DF272;Subst. Do Touchscreen do módulo;3
01/09/2024;COT16;Via Ouro;EQ39;DMX200L JI21 SEM BATERIA;;;DF329;Teste de GPS;16
01/09/2024;COT16;Via Ouro;EQ39;DMX200L JI21 SEM BATERIA;;;DF330;Teste de IP;1
01/09/2024;COT7;Alagoinhas;EQ26;V3000M DVR;OP68;ALAGOINHAS;DF48;Formatação do cartão SD;5
01/09/2024;COT24;GVBUS;EQ26;V3000M DVR;;;DF32;Defeito não encontrado;5
01/09/2024;COT24;GVBUS;EQ26;V3000M DVR;;;DF88;Reparo com formatação e reinst. FW/SW;6
01/09/2024;COT24;GVBUS;EQ26;V3000M DVR;;;DF151;Subst. Da placa DVR;2
01/09/2024;COT24;GVBUS;EQ26;V3000M DVR;;;DF186;Subst. Do cartão SD 32 GB;59
01/09/2024;COT24;GVBUS;EQ26;V3000M DVR;;;DF198;Subst. Do componente eletrônico;4
01/09/2024;COT5;METROFOR;EQ19;V2000;OP105;METROFOR LINHA SUL;DF46;Formatação da memória e subst. FW;2
01/09/2024;COT5;METROFOR;EQ19;V2000;OP105;METROFOR LINHA SUL;DF61;Limpeza e testes;2
01/09/2024;COT5;METROFOR;EQ19;V2000;OP105;METROFOR LINHA SUL;DF320;Reparo em loco;3
01/09/2024;COT5;METROFOR;EQ19;V2000;OP105;METROFOR LINHA SUL;DF266;Subst. Do cooler;2
01/09/2024;COT18;Sindpautras;EQ21;V3000L;OP48;SINDPAUTRAS-SIND. PERM. AUT. TRANSP. SU;DF21;Atualização de FW ;7
01/09/2024;COT18;Sindpautras;EQ21;V3000L;OP48;SINDPAUTRAS-SIND. PERM. AUT. TRANSP. SU;DF32;Defeito não encontrado;2
01/09/2024;COT18;Sindpautras;EQ21;V3000L;OP48;SINDPAUTRAS-SIND. PERM. AUT. TRANSP. SU;DF186;Subst. Do cartão SD 32 GB;3
01/09/2024;COT3;TEU;EQ26;V3000M;;;DF21;Atualização de FW ;67
01/09/2024;COT3;TEU;EQ26;V3000M DVR;;;DF21;Atualização de FW ;7
01/09/2024;COT3;TEU;EQ26;V3000M;;;DF52;Gravação Supervisor;4
01/09/2024;COT3;TEU;EQ26;V3000M DVR;;;DF52;Gravação Supervisor;1
01/09/2024;COT3;TEU;EQ26;V3000M DVR;;;DF88;Reparo com formatação e reinst. FW/SW;7
01/09/2024;COT3;TEU;EQ26;V3000M;;;DF115;Restauração da ROM via PC;9
01/09/2024;COT3;TEU;EQ26;V3000M DVR;;;DF151;Subst. Da placa DVR;1
01/09/2024;COT3;TEU;EQ26;V3000M DVR;;;DF186;Subst. Do cartão SD 32 GB;2
01/09/2024;COT3;TEU;EQ26;V3000M;;;DF232;Subst. Do SDCard;10
01/09/2024;COT2;Transcard;EQ26;V3000M DVR;;;DF37;Defeito não encontrado e subst. FW/SW;4
01/09/2024;COT2;Transcard;EQ26;V3000M DVR;;;DF47;Formatação de SDCARD;14
01/09/2024;COT2;Transcard;EQ26;V3000M DVR;;;DF97;Ressolda;1
01/09/2024;COT2;Transcard;EQ26;V3000M DVR;;;DF151;Subst. Da placa DVR;5
01/09/2024;COT2;Transcard;EQ26;V3000M DVR;;;DF171;Subst. De porta USB UPEX V3000;2
01/09/2024;COT2;Transcard;EQ26;V3000M DVR;;;DF186;Subst. Do cartão SD 32 GB;18
01/09/2024;COT1;Transfacil;EQ19;VH-200;;;DF21;Atualização de FW ;284
01/09/2024;COT1;Transfacil;EQ18;VH-200;;;DF32;Defeito não encontrado;1
01/09/2024;COT1;Transfacil;EQ18;VH-200;;;DF46;Formatação da memória e subst. FW;2
01/09/2024;COT1;Transfacil;EQ19;V2000;;;DF46;Formatação da memória e subst. FW;21
01/09/2024;COT1;Transfacil;EQ19;VH-200;;;DF61;Limpeza e testes;18
01/09/2024;COT1;Transfacil;EQ19;V2000;;;DF61;Limpeza e testes;5
01/09/2024;COT1;Transfacil;EQ18;VH-200;;;DF100;Ressolda dos conectores BNC (UPEX VH-200);7
01/09/2024;COT1;Transfacil;EQ19;VH-200;;;DF108;Ressolda no circuito da placa-mãe;70
01/09/2024;COT1;Transfacil;EQ18;VH-200;;;DF321;Subst. Antena GPRS;7
01/09/2024;COT1;Transfacil;EQ18;VH-200;;;DF153;Subst. Da Placa Fonte;4
01/09/2024;COT1;Transfacil;EQ18;VH-200;;;DF165;Subst. Da Placa-mãe;33
01/09/2024;COT1;Transfacil;EQ18;VH-200;;;DF182;Subst. Do Cabo Sata;3
01/09/2024;COT1;Transfacil;EQ19;VH-200;;;DF187;Subst. Do cartão SD/HD;33
01/09/2024;COT1;Transfacil;EQ18;VH-200;;;DF198;Subst. Do componente eletrônico;38
01/09/2024;COT1;Transfacil;EQ18;VH-200;;;DF214;Subst. Do Módulo do GPRS;111
01/09/2024;COT1;Transfacil;EQ19;VH-200;;;DF234;Subst. Do SIMCARD (chip GPRS);2
01/09/2024;COT1;Transfacil;EQ18;VH-200;;;DF245;Subst. Terminal Block;10
01/09/2024;COT1;Transfacil;EQ18;VH-200;;;DF256;Substituição de fusível;1
01/09/2024;COT1;Transfacil;EQ18;VH-200;;;DF252;Troca de Memória;1
01/09/2024;COT16;Via Ouro;EQ26;V3000M DVR;OP49;VIA OURO COLETIVOS LTDA;DF21;Atualização de FW ;1
01/09/2024;COT16;Via Ouro;EQ26;V3000M DVR;OP49;VIA OURO COLETIVOS LTDA;DF32;Defeito não encontrado;2
01/09/2024;COT24;GVBUS;EQ33;POS MOVE 2500;;;DF41;Envio para manutenção central-CTG;20
01/09/2024;COT2;Transcard;EQ31;POS 250;;;DF46;Envio para manutenção central-CTG;6
01/09/2024;COT1;Transfacil;EQ27;UT (FTV 3000);;;DF21;Atualização de FW ;12
01/09/2024;COT1;Transfacil;EQ27;UT (FTV 3000);;;DF32;Defeito não encontrado;7
01/09/2024;COT1;Transfacil;EQ27;UT (FTV 3000);;;DF154;Subst. Da placa FT;1
01/09/2024;COT19;ROSA TURISMO;EQ17;FONTE PM;OP66;ROSA TURISMO;DF273;Subst. Cabo USB;11
01/09/2024;COT19;SÃO JOÃO;EQ17;FONTE PM;OP67;SÃO JOÃO;DF273;Subst. Cabo USB;7
01/09/2024;COT25;COOTRAPS - CE;EQ17;FONTE PM;OP129;COOTRAPS;DF273;Subst. Cabo USB;5
01/09/2024;COT25;COOTRAPS - CE;EQ17;FONTE PM;OP129;COOTRAPS;DF211;Subst. Do Equipamento completo;1
01/09/2024;COT25;COOTRAPS - CE;EQ17;FONTE PM;OP129;COOTRAPS;DF198;Subst. Do componente eletrônico;1
01/02/2026;COT1;Transfacil;EQ28;ATM;OP27;TRANSFÁCIL;DF258;Subst. Da Cabeça de Impressão;1
01/02/2026;COT1;Transfacil;EQ28;ATM;OP27;TRANSFÁCIL;DF66;Manutenção na Fechadura Eletrônica;1
01/02/2026;COT1;Transfacil;EQ28;ATM;OP27;TRANSFÁCIL;DF141;Subst. Da Fonte do PDV ATM;1
01/02/2026;COT1;Transfacil;EQ28;ATM;OP27;TRANSFÁCIL;DF218;Subst. Do Monitor;1
01/02/2026;COT1;Transfacil;EQ28;ATM;OP27;TRANSFÁCIL;DF143;Subst. da Impressora;2
01/02/2026;COT1;Transfacil;EQ28;ATM;OP27;TRANSFÁCIL;DF140;Subst. Da Fechadura Tetra Chave;2
01/02/2026;COT1;Transfacil;EQ28;ATM;OP27;TRANSFÁCIL;DF281;Subst. Fechadura Digital;2
01/02/2026;COT1;Transfacil;EQ28;ATM;OP27;TRANSFÁCIL;DF228;Subst. Do PDV ATM;2
01/02/2026;COT1;Transfacil;EQ28;ATM;OP27;TRANSFÁCIL;DF237;Subst. Do Validador de Notas;5
01/02/2026;COT24;GVBUS;EQ28;ATM;OP108;GVBUS - SIND. DAS EMP. DE TRANP. METROP. DA GRANDE VITÓRIA;DF67;Manutenção na Impressora;1
01/02/2026;COT24;GVBUS;EQ28;ATM;OP108;GVBUS - SIND. DAS EMP. DE TRANP. METROP. DA GRANDE VITÓRIA;DF68;Manutenção no Dispenser;1
01/02/2026;COT24;GVBUS;EQ28;ATM;OP108;GVBUS - SIND. DAS EMP. DE TRANP. METROP. DA GRANDE VITÓRIA;DF140;Subst. Da Fechadura Tetra Chave;1
01/02/2026;COT24;GVBUS;EQ28;ATM;OP108;GVBUS - SIND. DAS EMP. DE TRANP. METROP. DA GRANDE VITÓRIA;DF228;Subst. Do PDV ATM;1
01/02/2026;COT24;GVBUS;EQ28;ATM;OP108;GVBUS - SIND. DAS EMP. DE TRANP. METROP. DA GRANDE VITÓRIA;DF218;Subst. Do Monitor;2
01/02/2026;COT24;GVBUS;EQ28;ATM;OP108;GVBUS - SIND. DAS EMP. DE TRANP. METROP. DA GRANDE VITÓRIA;DF227;Subst. Do PC ATM;2
01/02/2026;COT24;GVBUS;EQ28;ATM;OP108;GVBUS - SIND. DAS EMP. DE TRANP. METROP. DA GRANDE VITÓRIA;DF284;Manutenção PC ATM;2
01/02/2026;COT24;GVBUS;EQ28;ATM;OP108;GVBUS - SIND. DAS EMP. DE TRANP. METROP. DA GRANDE VITÓRIA;DF231;Subst. Do PINpad;3
01/02/2026;COT2;Transcard;EQ28;ATM;OP61;Setps (Transcard);DF143;Subst. da Impressora;1
01/02/2026;COT2;Transcard;EQ28;ATM;OP61;Setps (Transcard);DF237;Subst. Do Validador de Notas;5
01/02/2026;COT2;Transcard;EQ28;ATM;OP61;Setps (Transcard);DF284;Manutenção PC ATM;2
01/02/2026;COT2;Transcard;EQ28;ATM;OP61;Setps (Transcard);DF218;Subst. Do Monitor;2
01/02/2026;COT2;Transcard;EQ28;ATM;OP61;Setps (Transcard);DF142;Subst. Da Fonte Lambda ATM;1
01/02/2026;COT6;Metro-Bahia;EQ28;ATM;OP63;METRO-BAHIA;DF218;Subst. Do Monitor;2
01/02/2026;COT6;Metro-Bahia;EQ28;ATM;OP63;METRO-BAHIA;DF143;Subst. da Impressora;2
01/02/2026;COT6;Metro-Bahia;EQ28;ATM;OP63;METRO-BAHIA;DF237;Subst. Do Validador de Notas;6
01/02/2026;COT6;Metro-Bahia;EQ28;ATM;OP63;METRO-BAHIA;DF228;Subst. Do PDV ATM;1
01/02/2026;COT6;Metro-Bahia;EQ28;ATM;OP63;METRO-BAHIA;DF332;Reconfiguração Portas COM;1
01/02/2026;COT6;Metro-Bahia;EQ28;ATM;OP63;METRO-BAHIA;DF284;Manutenção PC ATM;2
01/02/2026;COT3;TEU;EQ43;CCIT 5.0 ;;;DF60;Limpeza de cache;38
01/02/2026;COT3;TEU;EQ43;CCIT 5.0 ;;;DF36;Defeito não encontrado e subst. FW;2
01/02/2026;COT18;Sindpautras;EQ6;CCIT 4.0 FRONTAL H2.1;OP48;SINDPAUTRAS-SIND. PERM. AUT. TRANSP. SU;DF210;Subst. Do Display CCIT;3
01/02/2026;COT18;Sindpautras;EQ6;CCIT 4.0 FRONTAL H2.1;OP48;SINDPAUTRAS-SIND. PERM. AUT. TRANSP. SU;DF21;Atualização de FW ;4
01/02/2026;COT18;Sindpautras;EQ6;CCIT 4.0 FRONTAL H2.1;OP48;SINDPAUTRAS-SIND. PERM. AUT. TRANSP. SU;DF20;Atualização de data;4
01/02/2026;COT33;FLORIANÓPOLIS;EQ8;CCIT 4.0 FRONTAL JI21 SEM BATERIA;;;DF41;Envio para manutenção central-CTG;13
01/02/2026;COT33;FLORIANÓPOLIS;EQ8;CCIT 4.0 FRONTAL JI21 SEM BATERIA;;;DF46;Formatação da memória e subst. FW;10
01/02/2026;COT33;FLORIANÓPOLIS;EQ8;CCIT 4.0 FRONTAL JI21 SEM BATERIA;;;DF21;Atualização de FW ;19
01/02/2026;COT1;Transfacil;EQ6;CCIT 4.0 FRONTAL H2.1;;;DF234;Subst. Do SIMCARD (chip GPRS);1
01/02/2026;COT1;Transfacil;EQ6;CCIT 4.0 FRONTAL H2.1;;;DF306;Retirada da bateria;2
01/02/2026;COT1;Transfacil;EQ6;CCIT 4.0 FRONTAL H2.1;;;DF136;Subst. Da Carcaça inferior;6
01/02/2026;COT1;Transfacil;EQ6;CCIT 4.0 FRONTAL H2.1;;;DF26;Atualização do PIC;7
01/02/2026;COT1;Transfacil;EQ6;CCIT 4.0 FRONTAL H2.1;;;DF101;Ressolda Mbccit;9
01/02/2026;COT1;Transfacil;EQ6;CCIT 4.0 FRONTAL H2.1;;;DF238;Subst. Do Vidro CCIT V4.0;12
01/02/2026;COT1;Transfacil;EQ6;CCIT 4.0 FRONTAL H2.1;;;DF51;Gravação BootLoader;19
01/02/2026;COT1;Transfacil;EQ6;CCIT 4.0 FRONTAL H2.1;;;DF217;Subst. Do Módulo H2.1;27
01/02/2026;COT1;Transfacil;EQ6;CCIT 4.0 FRONTAL H2.1;;;DF210;Subst. Do Display CCIT;33
01/02/2026;COT1;Transfacil;EQ6;CCIT 4.0 FRONTAL H2.1;;;DF198;Subst. Do componente eletrônico;38
01/02/2026;COT1;Transfacil;EQ6;CCIT 4.0 FRONTAL H2.1;;;DF272;Subst. Do Touchscreen do módulo;45
01/02/2026;COT1;Transfacil;EQ6;CCIT 4.0 FRONTAL H2.1;;;DF20;Atualização de data;154
01/02/2026;COT1;Transfacil;EQ6;CCIT 4.0 FRONTAL H2.1;;;DF21;Atualização de FW ;267
01/02/2026;COT1;Transfacil;EQ6;CCIT 4.0 FRONTAL H2.1;;;DF322;Restore do módulo;270
01/02/2026;COT1;Transfacil;EQ6;CCIT 4.0 FRONTAL H2.1;;;DF63;Lista restaurada;279
01/02/2026;COT1;Transfacil;EQ6;CCIT 4.0 FRONTAL H2.1;OP13;Estações BRT Move;DF20;Atualização de data;19
01/02/2026;COT1;Transfacil;EQ6;CCIT 4.0 FRONTAL H2.1;OP13;Estações BRT Move;DF21;Atualização de FW ;31
01/02/2026;COT1;Transfacil;EQ6;CCIT 4.0 FRONTAL H2.1;OP13;Estações BRT Move;DF51;Gravação BootLoader;2
01/02/2026;COT1;Transfacil;EQ6;CCIT 4.0 FRONTAL H2.1;OP13;Estações BRT Move;DF61;Limpeza e testes;12
01/02/2026;COT1;Transfacil;EQ6;CCIT 4.0 FRONTAL H2.1;OP13;Estações BRT Move;DF63;Lista restaurada;30
01/02/2026;COT1;Transfacil;EQ6;CCIT 4.0 FRONTAL H2.1;OP13;Estações BRT Move;DF322;Restore do módulo;28
01/02/2026;COT1;Transfacil;EQ6;CCIT 4.0 FRONTAL H2.1;OP13;Estações BRT Move;DF136;Subst. Da Carcaça inferior;2
01/02/2026;COT1;Transfacil;EQ6;CCIT 4.0 FRONTAL H2.1;OP13;Estações BRT Move;DF198;Subst. Do componente eletrônico;5
01/02/2026;COT1;Transfacil;EQ6;CCIT 4.0 FRONTAL H2.1;OP13;Estações BRT Move;DF210;Subst. Do Display CCIT;3
01/02/2026;COT1;Transfacil;EQ6;CCIT 4.0 FRONTAL H2.1;OP13;Estações BRT Move;DF217;Subst. Do Módulo H2.1;2
01/02/2026;COT1;Transfacil;EQ6;CCIT 4.0 FRONTAL H2.1;OP13;Estações BRT Move;DF272;Subst. Do Touchscreen do módulo;5
01/02/2026;COT1;Transfacil;EQ6;CCIT 4.0 FRONTAL H2.1;OP13;Estações BRT Move;DF238;Subst. Do Vidro CCIT V4.0;1
01/02/2026;COT18;Sindpautras;EQ6;CCIT 4.0 FRONTAL H2.1;OP48;SINDPAUTRAS-SIND. PERM. AUT. TRANSP. SU;DF51;Gravação BootLoader;25
01/02/2026;COT18;Sindpautras;EQ6;CCIT 4.0 FRONTAL H2.1;OP48;SINDPAUTRAS-SIND. PERM. AUT. TRANSP. SU;DF322;Restore do módulo;29
01/02/2026;COT18;Sindpautras;EQ6;CCIT 4.0 FRONTAL H2.1;OP48;SINDPAUTRAS-SIND. PERM. AUT. TRANSP. SU;DF63;Lista restaurada;29
01/02/2026;COT16;Via Ouro;EQ6;CCIT 4.0 FRONTAL H2.1;OP49;VIA OURO COLETIVOS LTDA;DF51;Gravação BootLoader;1
01/02/2026;COT16;Via Ouro;EQ6;CCIT 4.0 FRONTAL H2.1;OP49;VIA OURO COLETIVOS LTDA;DF20;Atualização de data;1
01/02/2026;COT16;Via Ouro;EQ6;CCIT 4.0 FRONTAL H2.1;OP49;VIA OURO COLETIVOS LTDA;DF26;Atualização do PIC;1
01/02/2026;COT16;Via Ouro;EQ6;CCIT 4.0 FRONTAL H2.1;OP49;VIA OURO COLETIVOS LTDA;DF21;Atualização de FW ;1
01/02/2026;COT16;Via Ouro;EQ6;CCIT 4.0 FRONTAL H2.1;OP49;VIA OURO COLETIVOS LTDA;DF61;Limpeza e testes;1
01/02/2026;COT16;Via Ouro;EQ6;CCIT 4.0 FRONTAL H2.1;OP49;VIA OURO COLETIVOS LTDA;DF63;Lista restaurada;2
01/02/2026;COT16;Via Ouro;EQ6;CCIT 4.0 FRONTAL H2.1;OP49;VIA OURO COLETIVOS LTDA;DF322;Restore do módulo;2
01/02/2026;COT16;Via Ouro;EQ6;CCIT 4.0 FRONTAL H2.1;OP49;VIA OURO COLETIVOS LTDA;DF169;Subst. De Componente eletrônico;2
01/02/2026;COT14;TURIN OURO PRETO;EQ6;CCIT 4.0 FRONTAL H2.1;OP52;VIAÇÃO TURIN OURO PRETO;DF135;Subst. Da Carcaça frontal;1
01/02/2026;COT14;TURIN OURO PRETO;EQ6;CCIT 4.0 FRONTAL H2.1;OP52;VIAÇÃO TURIN OURO PRETO;DF136;Subst. Da Carcaça inferior;1
01/02/2026;COT14;TURIN OURO PRETO;EQ6;CCIT 4.0 FRONTAL H2.1;OP52;VIAÇÃO TURIN OURO PRETO;DF272;Subst. Do Touchscreen do módulo;2
01/02/2026;COT14;TURIN OURO PRETO;EQ6;CCIT 4.0 FRONTAL H2.1;OP52;VIAÇÃO TURIN OURO PRETO;DF51;Gravação BootLoader;7
01/02/2026;COT14;TURIN OURO PRETO;EQ6;CCIT 4.0 FRONTAL H2.1;OP52;VIAÇÃO TURIN OURO PRETO;DF63;Lista restaurada;7
01/02/2026;COT14;TURIN OURO PRETO;EQ6;CCIT 4.0 FRONTAL H2.1;OP52;VIAÇÃO TURIN OURO PRETO;DF322;Restore do módulo;7
01/02/2026;COT11;Gov. Valadares;EQ6;CCIT 4.0 FRONTAL H2.1;OP53;VIAÇÃO MOBI;DF209;Subst. Do Display;1
01/02/2026;COT11;Gov. Valadares;EQ6;CCIT 4.0 FRONTAL H2.1;OP53;VIAÇÃO MOBI;DF272;Subst. Do Touchscreen do módulo;1
01/02/2026;COT11;Gov. Valadares;EQ6;CCIT 4.0 FRONTAL H2.1;OP53;VIAÇÃO MOBI;DF51;Gravação BootLoader;10
01/02/2026;COT11;Gov. Valadares;EQ6;CCIT 4.0 FRONTAL H2.1;OP53;VIAÇÃO MOBI;DF322;Restore do módulo;10
01/02/2026;COT11;Gov. Valadares;EQ6;CCIT 4.0 FRONTAL H2.1;OP53;VIAÇÃO MOBI;DF63;Lista restaurada;10
01/02/2026;COT11;Gov. Valadares;EQ6;CCIT 4.0 FRONTAL H2.1;OP53;VIAÇÃO MOBI;DF136;Subst. Da Carcaça inferior;3
01/02/2026;COT12;DIVPASS;EQ6;CCIT 4.0 FRONTAL H2.1;OP124;DIVPASS;DF271;Subst. Do Vidro;1
01/02/2026;COT12;DIVPASS;EQ6;CCIT 4.0 FRONTAL H2.1;OP124;DIVPASS;DF136;Subst. Da Carcaça inferior;2
01/02/2026;COT12;DIVPASS;EQ6;CCIT 4.0 FRONTAL H2.1;OP124;DIVPASS;DF217;Subst. Do Módulo H3.1;2
01/02/2026;COT12;DIVPASS;EQ6;CCIT 4.0 FRONTAL H2.1;OP124;DIVPASS;DF209;Subst. Do Display;3
01/02/2026;COT12;DIVPASS;EQ6;CCIT 4.0 FRONTAL H2.1;OP124;DIVPASS;DF61;Limpeza e testes;3
01/02/2026;COT12;DIVPASS;EQ6;CCIT 4.0 FRONTAL H2.1;OP124;DIVPASS;DF272;Subst. Do Touchscreen do módulo;3
01/02/2026;COT12;DIVPASS;EQ6;CCIT 4.0 FRONTAL H2.1;OP124;DIVPASS;DF33;Defeito não encontrado - testes e liberação;3
01/02/2026;COT12;DIVPASS;EQ6;CCIT 4.0 FRONTAL H2.1;OP124;DIVPASS;DF51;Gravação BootLoader;4
01/02/2026;COT12;DIVPASS;EQ6;CCIT 4.0 FRONTAL H2.1;OP124;DIVPASS;DF20;Atualização de data;4
01/02/2026;COT12;DIVPASS;EQ6;CCIT 4.0 FRONTAL H2.1;OP124;DIVPASS;DF63;Lista restaurada;9
01/02/2026;COT12;DIVPASS;EQ6;CCIT 4.0 FRONTAL H2.1;OP124;DIVPASS;DF322;Restore do módulo;10
01/02/2026;COT40;VALE DO MUCURY;EQ5;CCIT 4.0 FRONTAL;OP147;VALE DO MUCURY;DF20;Atualização de data;3
01/02/2026;COT40;VALE DO MUCURY;EQ5;CCIT 4.0 FRONTAL;OP147;VALE DO MUCURY;DF210;Subst. Do Display CCIT;1
01/02/2026;COT40;VALE DO MUCURY;EQ5;CCIT 4.0 FRONTAL;OP147;VALE DO MUCURY;DF272;Subst. Do Touchscreen do módulo;2
01/02/2026;COT40;VALE DO MUCURY;EQ5;CCIT 4.0 FRONTAL;OP147;VALE DO MUCURY;DF21;Atualização de FW ;5
01/02/2026;COT40;VALE DO MUCURY;EQ5;CCIT 4.0 FRONTAL;OP147;VALE DO MUCURY;DF63;Lista restaurada;5
01/02/2026;COT40;VALE DO MUCURY;EQ5;CCIT 4.0 FRONTAL;OP147;VALE DO MUCURY;DF322;Restore do módulo;5
01/02/2026;COT40;VALE DO MUCURY;EQ5;CCIT 4.0 FRONTAL;OP147;VALE DO MUCURY;DF61;Limpeza e testes;2
01/02/2026;COT24;GVBUS;EQ6;CCIT 4.0 FRONTAL H2.1;;;DF322;Restore do módulo;9
01/02/2026;COT24;GVBUS;EQ6;CCIT 4.0 FRONTAL H2.1;;;DF21;Atualização de FW ;90
01/02/2026;COT2;Transcard;EQ6;CCIT 4.0 FRONTAL H2.1;;;DF210;Subst. Do Display CCIT;22
01/02/2026;COT2;Transcard;EQ6;CCIT 4.0 FRONTAL H2.1;;;DF272;Subst. Do Touchscreen do módulo;28
01/02/2026;COT2;Transcard;EQ6;CCIT 4.0 FRONTAL H2.1;;;DF114;Restaura RAM via pendrive;41
01/02/2026;COT2;Transcard;EQ6;CCIT 4.0 FRONTAL H2.1;;;DF113;Restaura RAM via PC;254
01/02/2026;COT6;METRO-BAHIA;EQ6;CCIT 4.0 FRONTAL H2.1;OP64;METROPOLITANO SSA;DF272;Subst. Do Touchscreen do módulo;5
01/02/2026;COT6;METRO-BAHIA;EQ6;CCIT 4.0 FRONTAL H2.1;OP64;METROPOLITANO SSA;DF113;Restaura RAM via PC;14
01/02/2026;COT10;Metropolitano-Bahia;EQ6;CCIT 4.0 FRONTAL H2.1;OP64;METROPOLITANO SSA;DF113;Restaura RAM via PC;48
01/02/2026;COT10;Metropolitano-Bahia;EQ6;CCIT 4.0 FRONTAL H2.1;OP64;METROPOLITANO SSA;DF113;Restaura RAM via PC;2
01/02/2026;COT19;SÃO JOÃO;EQ36;CCIT 4.0 FRONTAL H1 COM BATERIA;OP67;SÃO JOÃO;DF113;Restaura RAM via PC;7
01/02/2026;COT20;ROSA TURISMO;EQ36;CCIT 4.0 FRONTAL H1 COM BATERIA;OP66;ROSA TURISMO;DF113;Restaura RAM via PC;7
01/02/2026;COT7;Alagoinhas;EQ34;CCIT 4.0 FRONTAL H2.1 C SEM BATERIA;OP68;ALAGOINHAS;DF113;Restaura RAM via PC;4
01/02/2026;COT4;Setut;EQ6;CCIT 4.0 FRONTAL H2.1;;;DF51;Gravação BootLoader;1
01/02/2026;COT5;METROFOR/ VLT FORTALEZA;EQ38;CCIT 4.0 METROFOR;OP105;METROFOR LINHA SUL;DF46;Formatação da memória e subst. FW;3
01/02/2026;COT23;UTB;EQ6;CCIT 4.0 FRONTAL H2.1;OP83;UTB;DF217;Subst. Do Módulo H3.1;4
01/02/2026;COT23;UTB;EQ6;CCIT 4.0 FRONTAL H2.1;OP83;UTB;DF136;Subst. Da Carcaça inferior;1
01/02/2026;COT23;UTB;EQ6;CCIT 4.0 FRONTAL H2.1;OP83;UTB;DF272;Subst. Do Touchscreen do módulo;7
01/02/2026;COT23;UTB;EQ6;CCIT 4.0 FRONTAL H2.1;OP83;UTB;DF209;Subst. Do Display;9
01/02/2026;COT23;UTB;EQ6;CCIT 4.0 FRONTAL H2.1;OP83;UTB;DF51;Gravação BootLoader;12
01/02/2026;COT22;Taguatur;EQ35;CCIT 4.0 FRONTAL H2 COM BATERIA;OP82;TAGUATUR;DF209;Subst. Do Display;3
01/02/2026;COT22;Taguatur;EQ35;CCIT 4.0 FRONTAL H2 COM BATERIA;OP82;TAGUATUR;DF272;Subst. Do Touchscreen do módulo;8
01/02/2026;COT22;Taguatur;EQ35;CCIT 4.0 FRONTAL H2 COM BATERIA;OP82;TAGUATUR;DF217;Subst. Do Módulo H3.1;1
01/02/2026;COT22;Taguatur;EQ35;CCIT 4.0 FRONTAL H2 COM BATERIA;OP82;TAGUATUR;DF51;Gravação BootLoader;2
01/02/2026;COT22;Taguatur;EQ35;CCIT 4.0 FRONTAL H2 COM BATERIA;OP82;TAGUATUR;DF278;Modificação circuito catraca;1
01/02/2026;COT5;METROFOR/ VLT FORTALEZA;EQ38;CCIT 4.0 METROFOR;OP105;METROFOR LINHA SUL;DF326;Subst. Bateria do Módulo;2
01/02/2026;COT5;METROFOR/ VLT FORTALEZA;EQ38;CCIT 4.0 METROFOR;OP105;METROFOR LINHA SUL;DF272;Subst. Do Touchscreen do módulo;6
01/02/2026;COT5;METROFOR/ VLT FORTALEZA;EQ38;CCIT 4.0 METROFOR;OP105;METROFOR LINHA SUL;DF209;Subst. Do Display;1
01/02/2026;COT20;ROSA TURISMO;EQ36;CCIT 4.0 FRONTAL H1 COM BATERIA;OP66;ROSA TURISMO;DF217;Subst. Do Módulo H3.1;8
01/02/2026;COT19;SÃO JOÃO;EQ36;CCIT 4.0 FRONTAL H1 COM BATERIA;OP67;SÃO JOÃO;DF217;Subst. Do Módulo H3.1;11
01/02/2026;COT20;ROSA TURISMO;EQ36;CCIT 4.0 FRONTAL H1 COM BATERIA;OP66;ROSA TURISMO;DF209;Subst. Do Display;1
01/02/2026;COT24;GVBUS;EQ6;CCIT 4.0 FRONTAL H2.1;;;DF51;Gravação BootLoader;12
01/02/2026;COT24;GVBUS;EQ6;CCIT 4.0 FRONTAL H2.1;;;DF217;Subst. Do Módulo H3.1;20
01/02/2026;COT24;GVBUS;EQ6;CCIT 4.0 FRONTAL H2.1;;;DF322;Restore do módulo;1
01/02/2026;COT24;GVBUS;EQ6;CCIT 4.0 FRONTAL H2.1;;;DF272;Subst. Do Touchscreen do módulo;50
01/02/2026;COT24;GVBUS;EQ6;CCIT 4.0 FRONTAL H2.1;;;DF209;Subst. Do Display;30
01/02/2026;COT24;GVBUS;EQ6;CCIT 4.0 FRONTAL H2.1;;;DF136;Subst. Da Carcaça inferior;10
01/02/2026;COT24;GVBUS;EQ6;CCIT 4.0 FRONTAL H2.1;;;DF101;Ressolda Mbccit;7
01/02/2026;COT24;GVBUS;EQ6;CCIT 4.0 FRONTAL H2.1;;;DF198;Subst. Do componente eletrônico;1
01/02/2026;COT24;GVBUS;EQ6;CCIT 4.0 FRONTAL H2.1;;;DF36;Defeito não encontrado e subst. FW;1
01/02/2026;COT4;Setut;EQ6;CCIT 4.0 FRONTAL H2.1;;;DF115;Restauração da ROM via PC;4
01/02/2026;COT4;Setut;EQ6;CCIT 4.0 FRONTAL H2.1;;;DF217;Subst. Do Módulo H3.1;4
01/02/2026;COT4;Setut;EQ6;CCIT 4.0 FRONTAL H2.1;;;DF272;Subst. Do Touchscreen do módulo;5
01/02/2026;COT2;Transcard;EQ6;CCIT 4.0 FRONTAL H2.1;;;DF51;Gravação BootLoader;16
01/02/2026;COT2;Transcard;EQ6;CCIT 4.0 FRONTAL H2.1;;;DF217;Subst. Do Módulo H3.1;43
01/02/2026;COT2;Transcard;EQ6;CCIT 4.0 FRONTAL H2.1;;;DF198;Subst. Do componente eletrônico;1
01/02/2026;COT33;FLORIANÓPOLIS;EQ15;DMX200L SEM BATERIA;;;DF21;Atualização de FW ;4
01/02/2026;COT33;FLORIANÓPOLIS;EQ15;DMX200L SEM BATERIA;;;DF115;Restauração da ROM via PC;2
01/02/2026;COT33;FLORIANÓPOLIS;EQ15;DMX200L SEM BATERIA;;;DF9;Ajuste e aperto de conexão;1
01/02/2026;COT3;TEU;EQ14;DMX200 MOD H3.1;;;DF21;Atualização de FW ;2
01/02/2026;COT3;TEU;EQ45;DMX500;;;DF89;Reparo com Formatação e Subst. De FW;4
01/02/2026;COT3;TEU;EQ45;DMX500;;;DF115;Restauração da ROM via PC;1
01/02/2026;COT1;Transfacil;EQ39;DMX200L JI21 SEM BATERIA;;;DF209;Subst. Do Display;1
01/02/2026;COT1;Transfacil;EQ39;DMX200L JI21 SEM BATERIA;;;DF315;Colagem de Tela;2
01/02/2026;COT1;Transfacil;EQ39;DMX200L JI21 SEM BATERIA;;;DF272;Subst. Do Touchscreen do módulo;4
01/02/2026;COT1;Transfacil;EQ39;DMX200L JI21 SEM BATERIA;;;DF321;Subst. Antena GPRS;41
01/02/2026;COT1;Transfacil;EQ39;DMX200L JI21 SEM BATERIA;;;DF206;Subst. Do Conector USB;46
01/02/2026;COT1;Transfacil;EQ39;DMX200L JI21 SEM BATERIA;;;DF21;Atualização de FW ;47
01/02/2026;COT1;Transfacil;EQ14;DMX200 MOD H3.1;;;DF272;Subst. Do Touchscreen do módulo;2
01/02/2026;COT1;Transfacil;EQ14;DMX200 MOD H3.1;;;DF243;Subst. Placa Principal do PM;2
01/02/2026;COT1;Transfacil;EQ14;DMX200 MOD H3.1;;;DF315;Colagem de Tela;3
01/02/2026;COT1;Transfacil;EQ14;DMX200 MOD H3.1;;;DF321;Subst. Antena GPRS;55
01/02/2026;COT1;Transfacil;EQ14;DMX200 MOD H3.1;;;DF206;Subst. Do Conector USB;60
01/02/2026;COT1;Transfacil;EQ14;DMX200 MOD H3.1;;;DF21;Atualização de FW ;63
01/02/2026;COT18;Sindpautras;EQ6;DMX200L;OP138;SINDPAUTRAS-SIND. PERM. AUT. TRANSP. SU;DF273;Subst. Cabo USB;1
01/02/2026;COT18;Sindpautras;EQ6;DMX200L;OP138;SINDPAUTRAS-SIND. PERM. AUT. TRANSP. SU;DF61;Limpeza e testes;1
01/02/2026;COT18;Sindpautras;EQ6;DMX200L;OP138;SINDPAUTRAS-SIND. PERM. AUT. TRANSP. SU;DF315;Colagem de Tela;2
01/02/2026;COT18;Sindpautras;EQ6;DMX200L;OP138;SINDPAUTRAS-SIND. PERM. AUT. TRANSP. SU;DF21;Atualização de FW ;12
01/02/2026;COT16;Via Ouro;EQ39;DMX200L JI21 SEM BATERIA;;;DF21;Atualização de FW ;1
01/02/2026;COT17;São Jorge;EQ14;DMX200 MOD H3.1;OP50;SÃO JORGE AUTO ONIBUS ;DF127;Subst. Conector USB;2
01/02/2026;COT17;São Jorge;EQ14;DMX200 MOD H3.1;OP50;SÃO JORGE AUTO ONIBUS ;DF21;Atualização de FW ;9
01/02/2026;COT17;São Jorge;EQ14;DMX200 MOD H3.1;OP50;SÃO JORGE AUTO ONIBUS ;DF273;Subst. Cabo USB;2
01/02/2026;COT17;São Jorge;EQ14;DMX200 MOD H3.1;OP50;SÃO JORGE AUTO ONIBUS ;DF127;Subst. Conector USB;1
01/02/2026;COT11;Gov. Valadares;EQ13;DMX200L;OP53;VIAÇÃO MOBI;DF21;Atualização de FW ;1
01/02/2026;COT11;Gov. Valadares;EQ13;DMX200L;OP53;VIAÇÃO MOBI;DF127;Subst. Conector USB;1
01/02/2026;COT12;DIVPASS;EQ13;DMX200L;OP124;DIVPASS;DF21;Atualização de FW ;8
01/02/2026;COT12;DIVPASS;EQ13;DMX200L;OP124;DIVPASS;DF321;Subst. Antena GPRS;3
01/02/2026;COT12;DIVPASS;EQ13;DMX200L;OP124;DIVPASS;DF243;Subst. Placa Principal do PM;1
01/02/2026;COT35;TURIN CONGONHAS;EQ13;DMX200L;OP138;VIAÇÃO TURIN CONGONHAS;DF127;Subst. Conector USB;1
01/02/2026;COT35;TURIN CONGONHAS;EQ13;DMX200L;OP138;VIAÇÃO TURIN CONGONHAS;DF21;Atualização de FW ;2
01/02/2026;COT35;TURIN CONGONHAS;EQ13;DMX200L;OP138;VIAÇÃO TURIN CONGONHAS;DF321;Subst. Antena GPRS;1
01/02/2026;COT41;SÃO JOÃO DEL REI;EQ13;DMX200L;OP149;VIAÇÃO PRESIDENTE;DF21;Atualização de FW ;1
01/02/2026;COT41;SÃO JOÃO DEL REI;EQ13;DMX200L;OP149;VIAÇÃO PRESIDENTE;DF272;Subst. Do Touchscreen do módulo;1
01/02/2026;COT24;GVBUS;EQ14;DMX200 MOD H3.1;;;DF292;Ressolda conector USB;8
01/02/2026;COT24;GVBUS;EQ14;DMX200 MOD H3.1;;;DF21;Atualização de FW ;28
01/02/2026;COT24;GVBUS;EQ14;DMX200 MOD H3.1;;;DF41;Envio para manutenção central-CTG;129
01/02/2026;COT36;CAMACARI;EQ39;DMX200L JI21 SEM BATERIA;OP139;PREFEITURA DE CAMAÇARI;DF21;Atualização de FW ;4
01/02/2026;COT23;UTB;EQ40;DMX200L JI21 COM BATERIA;OP83;UTB;DF46;Formatação da memória e subst. FW;3
01/02/2026;COT23;UTB;EQ40;DMX200L JI21 COM BATERIA;OP83;UTB;DF21;Atualização de FW ;9
01/02/2026;COT39;ROTA DO SOL;EQ40;DMX200L JI21 COM BATERIA;OP146;ROTA DO SOL;DF21;Atualização de FW ;4
01/02/2026;COT37;CATEDRAL;EQ6;DMX200L JI21 COM BATERIA;OP144;CATEDRAL;DF21;Atualização de FW ;15
01/02/2026;COT4;Setut;EQ14;DMX200 MOD H3.1;;;DF21;Atualização de FW ;17
01/02/2026;COT3;TEU;EQ45;DMX500;;;DF21;Atualização de FW ;2
01/02/2026;COT33;FLORIANÓPOLIS;EQ10;CONNECTION CCIT 4.0;;;DF256;Substituição de fusível;2
01/02/2026;COT33;FLORIANÓPOLIS;EQ10;CONNECTION CCIT 4.0;;;DF41;Envio para manutenção central-CTG;3
01/02/2026;COT3;TEU;EQ44;CONNECTION CCIT 5.0;;;DF35;Defeito não encontrado / testes e liberação;40
01/02/2026;COT3;TEU;EQ44;CONNECTION CCIT 5.0;;;DF41;Envio para manutenção central-CTG;32
01/02/2026;COT1;Transfacil;EQ10;CONNECTION CCIT 4.0;;;DF256;Substituição de fusível;3
01/02/2026;COT1;Transfacil;EQ10;CONNECTION CCIT 4.0;;;DF92;Reparo na Connection;1
01/02/2026;COT1;Transfacil;EQ10;CONNECTION CCIT 4.0;;;DF278;Modificação circuito catraca;3
01/02/2026;COT1;Transfacil;EQ10;CONNECTION CCIT 4.0;;;DF51;Gravação BootLoader;11
01/02/2026;COT1;Transfacil;EQ10;CONNECTION CCIT 4.0;;;DF107;Ressolda no circuito connections;5
01/02/2026;COT1;Transfacil;EQ10;CONNECTION CCIT 4.0;;;DF26;Atualização do PIC;18
01/02/2026;COT1;Transfacil;EQ10;CONNECTION CCIT 4.0;;;DF169;Subst. De Componente eletrônico;9
01/02/2026;COT24;GVBUS;EQ10;CONNECTION CCIT 4.0;;;DF278;Modificação circuito catraca;5
01/02/2026;COT24;GVBUS;EQ10;CONNECTION CCIT 4.0;;;DF211;Subst. Do Equipamento completo;1
01/02/2026;COT2;Transcard;EQ10;CONNECTION CCIT 4.0;;;DF102;Ressolda na Placa Connection;10
01/02/2026;COT2;Transcard;EQ10;CONNECTION CCIT 4.0;;;DF278;Modificação circuito catraca;13
01/02/2026;COT2;Transcard;EQ10;CONNECTION CCIT 4.0;;;DF88;Reparo com formatação e reinst. FW/SW;57
01/02/2026;COT6;METRO-BAHIA;EQ10;CONNECTION CCIT 4.0;;;DF90;Reparo com formatação e subst. FW/SW;3
01/02/2026;COT10;Metropolitano-Bahia;EQ10;CONNECTION CCIT 4.0;OP64;METROPOLITANO SSA;DF278;Modificação circuito catraca;10
01/02/2026;COT10;Metropolitano-Bahia;EQ10;CONNECTION CCIT 4.0;OP64;METROPOLITANO SSA;DF89;Reparo com Formatação e Subst. De FW;18
01/02/2026;COT19;SÃO JOÃO;EQ10;CONNECTION CCIT 4.0;OP67;SÃO JOÃO;DF50;FW Restaurado;3
01/02/2026;COT19;ROSA TURISMO;EQ10;CONNECTION CCIT 4.0;OP66;ROSA TURISMO;DF50;FW Restaurado;1
01/02/2026;COT36;CAMACARI;EQ10;CONNECTION CCIT 4.0;OP139;PREFEITURA DE CAMAÇARI;DF21;Atualização de FW ;2
01/02/2026;COT4;Setut;EQ10;CONNECTION CCIT 4.0;;;DF41;Envio para manutenção central-CTG;2
01/02/2026;COT19;SÃO JOÃO;EQ10;CONNECTION CCIT 4.0;OP67;SÃO JOÃO;DF102;Ressolda na Placa Connection;1
01/02/2026;COT19;SÃO JOÃO;EQ10;CONNECTION CCIT 4.0;OP67;SÃO JOÃO;DF278;Modificação circuito catraca;5
01/02/2026;COT19;ROSA TURISMO;EQ10;CONNECTION CCIT 4.0;OP66;ROSA TURISMO;DF278;Modificação circuito catraca;5
01/02/2026;COT24;GVBUS;EQ10;CONNECTION CCIT 4.0;;;DF51;Gravação BootLoader;4
01/02/2026;COT24;GVBUS;EQ10;CONNECTION CCIT 4.0;;;DF277;Subst. Da Connections;2
01/02/2026;COT24;GVBUS;EQ10;CONNECTION CCIT 4.0;;;DF304;Subst. De conector P1;2
01/02/2026;COT24;GVBUS;EQ10;CONNECTION CCIT 4.0;;;DF107;Ressolda no circuito connections;2
01/02/2026;COT24;GVBUS;EQ10;CONNECTION CCIT 4.0;;;DF136;Subst. Da Carcaça inferior;2
01/02/2026;COT10;Metropolitano-Bahia;EQ10;CONNECTION CCIT 4.0;OP64;METROPOLITANO SSA;DF102;Ressolda na Placa Connection;3
01/02/2026;COT33;FLORIANÓPOLIS;EQ26;V3000M DVR;;;DF48;Formatação do cartão SD;1
01/02/2026;COT33;FLORIANÓPOLIS;EQ26;V3000M DVR;;;DF21;Atualização de FW ;3
01/02/2026;COT33;FLORIANÓPOLIS;EQ26;V3000M DVR;;;DF21;Atualização de FW ;4
01/02/2026;COT3;TEU;EQ26;V3000M;;;DF115;Restauração da ROM via PC;2
01/02/2026;COT3;TEU;EQ26;V3000M;;;DF21;Atualização de FW ;2
01/02/2026;COT3;TEU;EQ26;V3000M DVR;;;DF47;Formatação de SDCARD;1
01/02/2026;COT3;TEU;EQ26;V3000M DVR;;;DF21;Atualização de FW ;1
01/02/2026;COT3;TEU;EQ26;V3000M DVR;;;DF247;Subst.Do SDCARD;1
01/02/2026;COT3;TEU;EQ26;V3000M DVR;;;DF9;Ajuste e aperto de conexão;1
01/02/2026;COT1;Transfacil;EQ19;VH-200;;;DF108;Ressolda no circuito da placa-mãe;257
01/02/2026;COT1;Transfacil;EQ18;VH-200;;;DF198;Subst. Do componente eletrônico;153
01/02/2026;COT1;Transfacil;EQ19;VH-200;;;DF21;Atualização de FW ;73
01/02/2026;COT1;Transfacil;EQ19;VH-200;;;DF304;Subst. De conector P1;53
01/02/2026;COT1;Transfacil;EQ19;VH-200;;;DF212;Subst. Do HD;51
01/02/2026;COT1;Transfacil;EQ18;VH-200;;;DF214;Subst. Do Módulo do GPRS;36
01/02/2026;COT1;Transfacil;EQ18;VH-200;;;DF321;Subst. Antena GPRS;27
01/02/2026;COT1;Transfacil;EQ18;VH-200;;;DF323;Subst. De cabo;21
01/02/2026;COT1;Transfacil;EQ19;VH-200;;;DF165;Subst. Da Placa-mãe;16
01/02/2026;COT1;Transfacil;EQ19;VH-200;;;DF33;Defeito não encontrado - testes e liberação;3
01/02/2026;COT1;Transfacil;EQ19;VH-200;;;DF46;Formatação da memória e subst. FW;2
01/02/2026;COT1;Transfacil;EQ19;VH-200;;;DF97;Ressolda;2
01/02/2026;COT1;Transfacil;EQ18;VH-200;;;DF144;Subst. Da Memória;9
01/02/2026;COT1;Transfacil;EQ18;VH-200;;;DF9;Ajuste e aperto de conexão;1
01/02/2026;COT1;Transfacil;EQ26;V3000M DVR;;;DF36;Defeito não encontrado e subst. FW;1
01/02/2026;COT1;Transfacil;EQ26;V3000M DVR;;;DF21;Atualização de FW ;5
01/02/2026;COT1;Transfacil;EQ26;V3000M DVR;;;DF169;Subst. De Componente eletrônico;3
01/02/2026;COT1;Transfacil;EQ26;V3000M DVR;;;DF48;Formatação do cartão SD;5
01/02/2026;COT1;Transfacil;EQ26;V3000M DVR;;;DF232;Subst. Do SDCard;6
01/02/2026;COT1;Transfacil;EQ19;V2000;;;DF46;Formatação da memória e subst. FW;21
01/02/2026;COT1;Transfacil;EQ19;V2000;;;DF266;Subst. Do cooler;1
01/02/2026;COT18;Sindpautras;EQ21;V3000L;OP48;SINDPAUTRAS-SIND. PERM. AUT. TRANSP. SU;DF186;Subst. Do cartão SD 32 GB;1
01/02/2026;COT16;Via Ouro;EQ26;V3000M DVR;OP49;VIA OURO COLETIVOS LTDA;DF21;Atualização de FW ;1
01/02/2026;COT24;GVBUS;EQ26;V3000M DVR;;;DF151;Subst. Da placa DVR;18
01/02/2026;COT24;GVBUS;EQ26;V3000M DVR;;;DF186;Subst. Do cartão SD 32 GB;28
01/02/2026;COT24;GVBUS;EQ26;V3000M DVR;;;DF48;Formatação do cartão SD;21
01/02/2026;COT2;Transcard;EQ26;V3000M DVR;;;DF151;Subst. Da placa DVR;3
01/02/2026;COT2;Transcard;EQ26;V3000M DVR;;;DF186;Subst. Do cartão SD 32 GB;8
01/02/2026;COT2;Transcard;EQ26;V3000M DVR;;;DF21;Atualização de FW ;10
01/02/2026;COT2;Transcard;EQ26;V3000M DVR;;;DF47;Formatação de SDCARD;17
01/02/2026;COT7;Alagoinhas;EQ26;V3000M DVR;OP68;ALAGOINHAS;DF48;Formatação do cartão SD;2
01/02/2026;COT5;METROFOR;EQ19;V2000;OP105;METROFOR LINHA SUL;DF46;Formatação da memória e subst. FW;3
01/02/2026;COT24;GVBUS;EQ26;V3000M DVR;;;DF198;Subst. Do componente eletrônico;1
01/02/2026;COT24;GVBUS;EQ26;V3000M DVR;;;DF21;Atualização de FW ;22
01/02/2026;COT24;GVBUS;EQ33;POS MOVE 2500;;;DF41;Envio para manutenção central-CTG;7
01/03/2026;COT2;Transcard;EQ28;ATM;OP61;Setps (Transcard);DF237;Subst. Do Validador de Notas;4
01/03/2026;COT2;Transcard;EQ28;ATM;OP61;Setps (Transcard);DF228;Subst. Do PDV ATM;2
01/03/2026;COT2;Transcard;EQ28;ATM;OP61;Setps (Transcard);DF218;Subst. Do Monitor;2
01/03/2026;COT2;Transcard;EQ28;ATM;OP61;Setps (Transcard);DF284;Manutenção PC ATM;2
01/03/2026;COT2;Transcard;EQ28;ATM;OP61;Setps (Transcard);DF142;Subst. Da Fonte Lambda ATM;1
01/03/2026;COT6;Metro-Bahia;EQ28;ATM;OP63;METRO-BAHIA;DF237;Subst. Do Validador de Notas;5
01/03/2026;COT6;Metro-Bahia;EQ28;ATM;OP63;METRO-BAHIA;DF228;Subst. Do PDV ATM;1
01/03/2026;COT6;Metro-Bahia;EQ28;ATM;OP63;METRO-BAHIA;DF332;Reconfiguração Portas COM;1
01/03/2026;COT6;Metro-Bahia;EQ28;ATM;OP63;METRO-BAHIA;DF284;Manutenção PC ATM;1
01/03/2026;COT1;Transfacil;EQ28;ATM;OP27;TRANSFÁCIL;DF10;Ajuste mecânico fechadura Porta Interna;1
01/03/2026;COT1;Transfacil;EQ28;ATM;OP27;TRANSFÁCIL;DF236;Subst. Do Teclado de Metal Frontal;1
01/03/2026;COT1;Transfacil;EQ28;ATM;OP27;TRANSFÁCIL;DF142;Subst. Da Fonte Lambda ATM;1
01/03/2026;COT1;Transfacil;EQ28;ATM;OP27;TRANSFÁCIL;DF314;Ajustes Cabo VGA;1
01/03/2026;COT1;Transfacil;EQ28;ATM;OP27;TRANSFÁCIL;DF207;Subst. Do Conversor Serial;1
01/03/2026;COT1;Transfacil;EQ28;ATM;OP27;TRANSFÁCIL;DF258;Subst. Da Cabeça de Impressão;2
01/03/2026;COT1;Transfacil;EQ28;ATM;OP27;TRANSFÁCIL;DF281;Subst. Fechadura Digital;2
01/03/2026;COT1;Transfacil;EQ28;ATM;OP27;TRANSFÁCIL;DF5;Ajuste da porta Externa;2
01/03/2026;COT1;Transfacil;EQ28;ATM;OP27;TRANSFÁCIL;DF68;Manutenção no Dispenser;2
01/03/2026;COT1;Transfacil;EQ28;ATM;OP27;TRANSFÁCIL;DF197;Subst. Do Cofre;2
01/03/2026;COT1;Transfacil;EQ28;ATM;OP27;TRANSFÁCIL;DF143;Subst. da Impressora;5
01/03/2026;COT1;Transfacil;EQ28;ATM;OP27;TRANSFÁCIL;DF237;Subst. Do Validador de Notas;5
01/03/2026;COT1;Transfacil;EQ28;ATM;OP27;TRANSFÁCIL;DF227;Subst. Do PC ATM;5
01/03/2026;COT24;GVBUS;EQ28;ATM;OP108;GVBUS - SIND. DAS EMP. DE TRANP. METROP. DA GRANDE VITÓRIA;DF218;Subst. Do Monitor;1
01/03/2026;COT24;GVBUS;EQ28;ATM;OP108;GVBUS - SIND. DAS EMP. DE TRANP. METROP. DA GRANDE VITÓRIA;DF227;Subst. Do PC ATM;2
01/03/2026;COT24;GVBUS;EQ28;ATM;OP108;GVBUS - SIND. DAS EMP. DE TRANP. METROP. DA GRANDE VITÓRIA;DF284;Manutenção PC ATM;2
01/03/2026;COT24;GVBUS;EQ28;ATM;OP108;GVBUS - SIND. DAS EMP. DE TRANP. METROP. DA GRANDE VITÓRIA;DF68;Manutenção no Dispenser;4
01/03/2026;COT24;GVBUS;EQ28;ATM;OP108;GVBUS - SIND. DAS EMP. DE TRANP. METROP. DA GRANDE VITÓRIA;DF257;Manut. no Validador de Notas;4
01/03/2026;COT24;GVBUS;EQ28;ATM;OP108;GVBUS - SIND. DAS EMP. DE TRANP. METROP. DA GRANDE VITÓRIA;DF296;ATM - sem conexão com internet;6
01/03/2026;COT3;TEU;EQ43;CCIT 5.0 ;;;DF60;Limpeza de cache;37
01/03/2026;COT3;TEU;EQ43;CCIT 5.0 ;;;DF41;Envio para manutenção central-CTG;2
01/03/2026;COT18;Sindpautras;EQ6;CCIT 4.0 FRONTAL H2.1;OP48;SINDPAUTRAS-SIND. PERM. AUT. TRANSP. SU;DF20;Atualização de data;2
01/03/2026;COT1;Transfacil;EQ6;CCIT 4.0 FRONTAL H2.1;;;DF20;Atualização de data;189
01/03/2026;COT1;Transfacil;EQ6;CCIT 4.0 FRONTAL H2.1;OP13;Estações BRT Move;DF20;Atualização de data;27
01/03/2026;COT12;DIVPASS;EQ6;CCIT 4.0 FRONTAL H2.1;OP124;DIVPASS;DF21;Atualização de FW ;3
01/03/2026;COT33;FLORIANÓPOLIS;EQ8;CCIT 4.0 FRONTAL JI21 SEM BATERIA;;;DF21;Atualização de FW ;18
01/03/2026;COT24;GVBUS;EQ6;CCIT 4.0 FRONTAL H2.1;;;DF21;Atualização de FW ;159
01/03/2026;COT20;ROSA TURISMO;EQ36;CCIT 4.0 FRONTAL H1 COM BATERIA;OP66;ROSA TURISMO;DF21;Atualização de FW ;1
01/03/2026;COT19;SÃO JOÃO;EQ36;CCIT 4.0 FRONTAL H1 COM BATERIA;OP67;SÃO JOÃO;DF21;Atualização de FW ;1
01/03/2026;COT18;Sindpautras;EQ6;CCIT 4.0 FRONTAL H2.1;OP48;SINDPAUTRAS-SIND. PERM. AUT. TRANSP. SU;DF21;Atualização de FW ;6
01/03/2026;COT22;Taguatur;EQ35;CCIT 4.0 FRONTAL H2 COM BATERIA;OP82;TAGUATUR;DF21;Atualização de FW ;3
01/03/2026;COT1;Transfacil;EQ6;CCIT 4.0 FRONTAL H2.1;;;DF21;Atualização de FW ;318
01/03/2026;COT1;Transfacil;EQ6;CCIT 4.0 FRONTAL H2.1;OP13;Estações BRT Move;DF21;Atualização de FW ;43
01/03/2026;COT35;TURIN CONGONHAS;EQ5;CCIT 4.0 FRONTAL;OP138;VIAÇÃO TURIN CONGONHAS;DF21;Atualização de FW ;1
01/03/2026;COT14;TURIN OURO PRETO;EQ6;CCIT 4.0 FRONTAL H2.1;OP52;VIAÇÃO TURIN OURO PRETO;DF21;Atualização de FW ;5
01/03/2026;COT23;UTB;EQ6;CCIT 4.0 FRONTAL H2.1;OP83;UTB;DF21;Atualização de FW ;19
01/03/2026;COT33;FLORIANÓPOLIS;EQ8;CCIT 4.0 FRONTAL JI21 SEM BATERIA;;;DF46;Formatação da memória e subst. FW;18
01/03/2026;COT5;METROFOR/ VLT FORTALEZA;EQ38;CCIT 4.0 METROFOR;OP105;METROFOR LINHA SUL;DF46;Formatação da memória e subst. FW;5
01/03/2026;COT12;DIVPASS;EQ6;CCIT 4.0 FRONTAL H2.1;OP124;DIVPASS;DF51;Gravação BootLoader;9
01/03/2026;COT11;Gov. Valadares;EQ6;CCIT 4.0 FRONTAL H2.1;OP53;VIAÇÃO MOBI;DF51;Gravação BootLoader;3
01/03/2026;COT24;GVBUS;EQ6;CCIT 4.0 FRONTAL H2.1;;;DF51;Gravação BootLoader;14
01/03/2026;COT17;São Jorge;EQ6;CCIT 4.0 FRONTAL H2.1;OP50;SÃO JORGE AUTO ONIBUS ;DF51;Gravação BootLoader;4
01/03/2026;COT4;Setut;EQ6;CCIT 4.0 FRONTAL H2.1;;;DF51;Gravação BootLoader;1
01/03/2026;COT18;Sindpautras;EQ6;CCIT 4.0 FRONTAL H2.1;OP48;SINDPAUTRAS-SIND. PERM. AUT. TRANSP. SU;DF51;Gravação BootLoader;64
01/03/2026;COT22;Taguatur;EQ35;CCIT 4.0 FRONTAL H2 COM BATERIA;OP82;TAGUATUR;DF51;Gravação BootLoader;9
01/03/2026;COT2;Transcard;EQ6;CCIT 4.0 FRONTAL H2.1;;;DF51;Gravação BootLoader;9
01/03/2026;COT1;Transfacil;EQ6;CCIT 4.0 FRONTAL H2.1;;;DF51;Gravação BootLoader;7
01/03/2026;COT35;TURIN CONGONHAS;EQ5;CCIT 4.0 FRONTAL;OP138;VIAÇÃO TURIN CONGONHAS;DF51;Gravação BootLoader;1
01/03/2026;COT14;TURIN OURO PRETO;EQ6;CCIT 4.0 FRONTAL H2.1;OP52;VIAÇÃO TURIN OURO PRETO;DF51;Gravação BootLoader;5
01/03/2026;COT23;UTB;EQ6;CCIT 4.0 FRONTAL H2.1;OP83;UTB;DF51;Gravação BootLoader;7
01/03/2026;COT12;DIVPASS;EQ6;CCIT 4.0 FRONTAL H2.1;OP124;DIVPASS;DF61;Limpeza e testes;3
01/03/2026;COT1;Transfacil;EQ6;CCIT 4.0 FRONTAL H2.1;OP13;Estações BRT Move;DF61;Limpeza e testes;17
01/03/2026;COT14;TURIN OURO PRETO;EQ6;CCIT 4.0 FRONTAL H2.1;OP52;VIAÇÃO TURIN OURO PRETO;DF61;Limpeza e testes;1
01/03/2026;COT16;Via Ouro;EQ6;CCIT 4.0 FRONTAL H2.1;OP49;VIA OURO COLETIVOS LTDA;DF61;Limpeza e testes;1
01/03/2026;COT12;DIVPASS;EQ6;CCIT 4.0 FRONTAL H2.1;OP124;DIVPASS;DF63;Lista restaurada;12
01/03/2026;COT11;Gov. Valadares;EQ6;CCIT 4.0 FRONTAL H2.1;OP53;VIAÇÃO MOBI;DF63;Lista restaurada;3
01/03/2026;COT17;São Jorge;EQ6;CCIT 4.0 FRONTAL H2.1;OP50;SÃO JORGE AUTO ONIBUS ;DF63;Lista restaurada;4
01/03/2026;COT18;Sindpautras;EQ6;CCIT 4.0 FRONTAL H2.1;OP48;SINDPAUTRAS-SIND. PERM. AUT. TRANSP. SU;DF63;Lista restaurada;70
01/03/2026;COT1;Transfacil;EQ6;CCIT 4.0 FRONTAL H2.1;;;DF63;Lista restaurada;319
01/03/2026;COT1;Transfacil;EQ6;CCIT 4.0 FRONTAL H2.1;OP13;Estações BRT Move;DF63;Lista restaurada;43
01/03/2026;COT35;TURIN CONGONHAS;EQ5;CCIT 4.0 FRONTAL;OP138;VIAÇÃO TURIN CONGONHAS;DF63;Lista restaurada;1
01/03/2026;COT14;TURIN OURO PRETO;EQ6;CCIT 4.0 FRONTAL H2.1;OP52;VIAÇÃO TURIN OURO PRETO;DF63;Lista restaurada;6
01/03/2026;COT16;Via Ouro;EQ6;CCIT 4.0 FRONTAL H2.1;OP49;VIA OURO COLETIVOS LTDA;DF63;Lista restaurada;1
01/03/2026;COT1;Transfacil;EQ6;CCIT 4.0 FRONTAL H2.1;;;DF91;Reparo com Gravação de PIC e reinst. Do FW;1
01/03/2026;COT1;Transfacil;EQ6;CCIT 4.0 FRONTAL H2.1;OP13;Estações BRT Move;DF97;Ressolda;1
01/03/2026;COT1;Transfacil;EQ6;CCIT 4.0 FRONTAL H2.1;;;DF101;Ressolda Mbccit;7
01/03/2026;COT7;Alagoinhas;EQ34;CCIT 4.0 FRONTAL H2.1 C SEM BATERIA;OP68;ALAGOINHAS;DF113;Restaura RAM via PC;8
01/03/2026;COT36;CAMACARI;EQ34;CCIT 4.0 FRONTAL H2.1 C SEM BATERIA;OP139;PREFEITURA DE CAMAÇARI;DF113;Restaura RAM via PC;3
01/03/2026;COT6;METRO-BAHIA;EQ6;CCIT 4.0 FRONTAL H2.1;OP64;METROPOLITANO SSA;DF113;Restaura RAM via PC;4
01/03/2026;COT10;Metropolitano-Bahia;EQ6;CCIT 4.0 FRONTAL H2.1;OP64;METROPOLITANO SSA;DF113;Restaura RAM via PC;47
01/03/2026;COT20;ROSA TURISMO;EQ36;CCIT 4.0 FRONTAL H1 COM BATERIA;OP66;ROSA TURISMO;DF113;Restaura RAM via PC;8
01/03/2026;COT19;SÃO JOÃO;EQ36;CCIT 4.0 FRONTAL H1 COM BATERIA;OP67;SÃO JOÃO;DF113;Restaura RAM via PC;10
01/03/2026;COT2;Transcard;EQ6;CCIT 4.0 FRONTAL H2.1;;;DF113;Restaura RAM via PC;289
01/03/2026;COT2;Transcard;EQ6;CCIT 4.0 FRONTAL H2.1;;;DF114;Restaura RAM via pendrive;51
01/03/2026;COT12;DIVPASS;EQ6;CCIT 4.0 FRONTAL H2.1;OP124;DIVPASS;DF322;Restore do módulo;15
01/03/2026;COT11;Gov. Valadares;EQ6;CCIT 4.0 FRONTAL H2.1;OP53;VIAÇÃO MOBI;DF322;Restore do módulo;3
01/03/2026;COT24;GVBUS;EQ6;CCIT 4.0 FRONTAL H2.1;;;DF322;Restore do módulo;45
01/03/2026;COT20;ROSA TURISMO;EQ36;CCIT 4.0 FRONTAL H1 COM BATERIA;OP66;ROSA TURISMO;DF322;Restore do módulo;1
01/03/2026;COT19;SÃO JOÃO;EQ36;CCIT 4.0 FRONTAL H1 COM BATERIA;OP67;SÃO JOÃO;DF322;Restore do módulo;1
01/03/2026;COT17;São Jorge;EQ6;CCIT 4.0 FRONTAL H2.1;OP50;SÃO JORGE AUTO ONIBUS ;DF322;Restore do módulo;4
01/03/2026;COT18;Sindpautras;EQ6;CCIT 4.0 FRONTAL H2.1;OP48;SINDPAUTRAS-SIND. PERM. AUT. TRANSP. SU;DF322;Restore do módulo;70
01/03/2026;COT22;Taguatur;EQ35;CCIT 4.0 FRONTAL H2 COM BATERIA;OP82;TAGUATUR;DF322;Restore do módulo;3
01/03/2026;COT1;Transfacil;EQ6;CCIT 4.0 FRONTAL H2.1;;;DF322;Restore do módulo;316
01/03/2026;COT1;Transfacil;EQ6;CCIT 4.0 FRONTAL H2.1;OP13;Estações BRT Move;DF322;Restore do módulo;42
01/03/2026;COT35;TURIN CONGONHAS;EQ5;CCIT 4.0 FRONTAL;OP138;VIAÇÃO TURIN CONGONHAS;DF322;Restore do módulo;2
01/03/2026;COT14;TURIN OURO PRETO;EQ6;CCIT 4.0 FRONTAL H2.1;OP52;VIAÇÃO TURIN OURO PRETO;DF322;Restore do módulo;10
01/03/2026;COT23;UTB;EQ6;CCIT 4.0 FRONTAL H2.1;OP83;UTB;DF322;Restore do módulo;19
01/03/2026;COT16;Via Ouro;EQ6;CCIT 4.0 FRONTAL H2.1;OP49;VIA OURO COLETIVOS LTDA;DF322;Restore do módulo;1
01/03/2026;COT22;Taguatur;EQ35;CCIT 4.0 FRONTAL H2 COM BATERIA;OP82;TAGUATUR;DF306;Retirada da bateria;1
01/03/2026;COT1;Transfacil;EQ6;CCIT 4.0 FRONTAL H2.1;;;DF306;Retirada da bateria;2
01/03/2026;COT1;Transfacil;EQ6;CCIT 4.0 FRONTAL H2.1;OP13;Estações BRT Move;DF306;Retirada da bateria;1
01/03/2026;COT23;UTB;EQ6;CCIT 4.0 FRONTAL H2.1;OP83;UTB;DF306;Retirada da bateria;2
01/03/2026;COT5;METROFOR/ VLT FORTALEZA;EQ38;CCIT 4.0 METROFOR;OP105;METROFOR LINHA SUL;DF326;Subst. Bateria do Módulo;7
01/03/2026;COT1;Transfacil;EQ6;CCIT 4.0 FRONTAL H2.1;;;DF326;Subst. Bateria do Módulo;1
01/03/2026;COT12;DIVPASS;EQ6;CCIT 4.0 FRONTAL H2.1;OP124;DIVPASS;DF136;Subst. Da Carcaça inferior;1
01/03/2026;COT33;FLORIANÓPOLIS;EQ8;CCIT 4.0 FRONTAL JI21 SEM BATERIA;;;DF136;Subst. Da Carcaça inferior;3
01/03/2026;COT24;GVBUS;EQ6;CCIT 4.0 FRONTAL H2.1;;;DF136;Subst. Da Carcaça inferior;7
01/03/2026;COT18;Sindpautras;EQ6;CCIT 4.0 FRONTAL H2.1;OP48;SINDPAUTRAS-SIND. PERM. AUT. TRANSP. SU;DF136;Subst. Da Carcaça inferior;7
01/03/2026;COT2;Transcard;EQ6;CCIT 4.0 FRONTAL H2.1;;;DF136;Subst. Da Carcaça inferior;2
01/03/2026;COT1;Transfacil;EQ6;CCIT 4.0 FRONTAL H2.1;;;DF136;Subst. Da Carcaça inferior;12
01/03/2026;COT14;TURIN OURO PRETO;EQ6;CCIT 4.0 FRONTAL H2.1;OP52;VIAÇÃO TURIN OURO PRETO;DF136;Subst. Da Carcaça inferior;2
01/03/2026;COT23;UTB;EQ6;CCIT 4.0 FRONTAL H2.1;OP83;UTB;DF136;Subst. Da Carcaça inferior;4
01/03/2026;COT1;Transfacil;EQ6;CCIT 4.0 FRONTAL H2.1;OP13;Estações BRT Move;DF149;Subst. Da Placa de Patrimonio;1
01/03/2026;COT1;Transfacil;EQ6;CCIT 4.0 FRONTAL H2.1;;;DF162;Subst. Da Placa Mbccit;1
01/03/2026;COT1;Transfacil;EQ6;CCIT 4.0 FRONTAL H2.1;;;DF198;Subst. Do componente eletrônico;24
01/03/2026;COT1;Transfacil;EQ6;CCIT 4.0 FRONTAL H2.1;OP13;Estações BRT Move;DF198;Subst. Do componente eletrônico;5
01/03/2026;COT23;UTB;EQ6;CCIT 4.0 FRONTAL H2.1;OP83;UTB;DF198;Subst. Do componente eletrônico;3
01/03/2026;COT12;DIVPASS;EQ6;CCIT 4.0 FRONTAL H2.1;OP124;DIVPASS;DF209;Subst. Do Display;1
01/03/2026;COT24;GVBUS;EQ6;CCIT 4.0 FRONTAL H2.1;;;DF209;Subst. Do Display;8
01/03/2026;COT17;São Jorge;EQ6;CCIT 4.0 FRONTAL H2.1;OP50;SÃO JORGE AUTO ONIBUS ;DF209;Subst. Do Display;1
01/03/2026;COT22;Taguatur;EQ35;CCIT 4.0 FRONTAL H2 COM BATERIA;OP82;TAGUATUR;DF209;Subst. Do Display;4
01/03/2026;COT14;TURIN OURO PRETO;EQ6;CCIT 4.0 FRONTAL H2.1;OP52;VIAÇÃO TURIN OURO PRETO;DF209;Subst. Do Display;1
01/03/2026;COT23;UTB;EQ6;CCIT 4.0 FRONTAL H2.1;OP83;UTB;DF209;Subst. Do Display;3
01/03/2026;COT2;Transcard;EQ6;CCIT 4.0 FRONTAL H2.1;;;DF210;Subst. Do Display CCIT;12
01/03/2026;COT1;Transfacil;EQ6;CCIT 4.0 FRONTAL H2.1;;;DF210;Subst. Do Display CCIT;21
01/03/2026;COT1;Transfacil;EQ6;CCIT 4.0 FRONTAL H2.1;OP13;Estações BRT Move;DF210;Subst. Do Display CCIT;3
01/03/2026;COT18;Sindpautras;EQ6;CCIT 4.0 FRONTAL H2.1;OP48;SINDPAUTRAS-SIND. PERM. AUT. TRANSP. SU;DF211;Subst. Do Equipamento completo;1
01/03/2026;COT1;Transfacil;EQ6;CCIT 4.0 FRONTAL H2.1;;;DF217;Subst. Do Módulo H2.1;32
01/03/2026;COT1;Transfacil;EQ6;CCIT 4.0 FRONTAL H2.1;OP13;Estações BRT Move;DF217;Subst. Do Módulo H2.1;3
01/03/2026;COT12;DIVPASS;EQ6;CCIT 4.0 FRONTAL H2.1;OP124;DIVPASS;DF217;Subst. Do Módulo H3.1;2
01/03/2026;COT11;Gov. Valadares;EQ6;CCIT 4.0 FRONTAL H2.1;OP53;VIAÇÃO MOBI;DF217;Subst. Do Módulo H3.1;5
01/03/2026;COT24;GVBUS;EQ6;CCIT 4.0 FRONTAL H2.1;;;DF217;Subst. Do Módulo H3.1;21
01/03/2026;COT17;São Jorge;EQ6;CCIT 4.0 FRONTAL H2.1;OP50;SÃO JORGE AUTO ONIBUS ;DF217;Subst. Do Módulo H3.1;1
01/03/2026;COT22;Taguatur;EQ35;CCIT 4.0 FRONTAL H2 COM BATERIA;OP82;TAGUATUR;DF217;Subst. Do Módulo H3.1;2
01/03/2026;COT2;Transcard;EQ6;CCIT 4.0 FRONTAL H2.1;;;DF217;Subst. Do Módulo H3.1;10
01/03/2026;COT35;TURIN CONGONHAS;EQ5;CCIT 4.0 FRONTAL;OP138;VIAÇÃO TURIN CONGONHAS;DF217;Subst. Do Módulo H3.1;1
01/03/2026;COT14;TURIN OURO PRETO;EQ6;CCIT 4.0 FRONTAL H2.1;OP52;VIAÇÃO TURIN OURO PRETO;DF217;Subst. Do Módulo H3.1;4
01/03/2026;COT16;Via Ouro;EQ6;CCIT 4.0 FRONTAL H2.1;OP49;VIA OURO COLETIVOS LTDA;DF217;Subst. Do Módulo H3.1;1
01/03/2026;COT1;Transfacil;EQ6;CCIT 4.0 FRONTAL H2.1;;;DF219;Subst. Do nº de patrimônio do CCIT;1
01/03/2026;COT12;DIVPASS;EQ6;CCIT 4.0 FRONTAL H2.1;OP124;DIVPASS;DF272;Subst. Do Touchscreen do módulo;4
01/03/2026;COT24;GVBUS;EQ6;CCIT 4.0 FRONTAL H2.1;;;DF272;Subst. Do Touchscreen do módulo;28
01/03/2026;COT6;METRO-BAHIA;EQ6;CCIT 4.0 FRONTAL H2.1;OP64;METROPOLITANO SSA;DF272;Subst. Do Touchscreen do módulo;3
01/03/2026;COT17;São Jorge;EQ6;CCIT 4.0 FRONTAL H2.1;OP50;SÃO JORGE AUTO ONIBUS ;DF272;Subst. Do Touchscreen do módulo;3
01/03/2026;COT4;Setut;EQ6;CCIT 4.0 FRONTAL H2.1;;;DF272;Subst. Do Touchscreen do módulo;1
01/03/2026;COT18;Sindpautras;EQ6;CCIT 4.0 FRONTAL H2.1;OP48;SINDPAUTRAS-SIND. PERM. AUT. TRANSP. SU;DF272;Subst. Do Touchscreen do módulo;4
01/03/2026;COT22;Taguatur;EQ35;CCIT 4.0 FRONTAL H2 COM BATERIA;OP82;TAGUATUR;DF272;Subst. Do Touchscreen do módulo;1
01/03/2026;COT2;Transcard;EQ6;CCIT 4.0 FRONTAL H2.1;;;DF272;Subst. Do Touchscreen do módulo;29
01/03/2026;COT1;Transfacil;EQ6;CCIT 4.0 FRONTAL H2.1;;;DF272;Subst. Do Touchscreen do módulo;44
01/03/2026;COT1;Transfacil;EQ6;CCIT 4.0 FRONTAL H2.1;OP13;Estações BRT Move;DF272;Subst. Do Touchscreen do módulo;4
01/03/2026;COT23;UTB;EQ6;CCIT 4.0 FRONTAL H2.1;OP83;UTB;DF272;Subst. Do Touchscreen do módulo;6
01/03/2026;COT16;Via Ouro;EQ6;CCIT 4.0 FRONTAL H2.1;OP49;VIA OURO COLETIVOS LTDA;DF272;Subst. Do Touchscreen do módulo;1
01/03/2026;COT1;Transfacil;EQ6;CCIT 4.0 FRONTAL H2.1;;;DF238;Subst. Do Vidro CCIT V4.0;7
01/03/2026;COT1;Transfacil;EQ39;DMX200L JI21 SEM BATERIA;;;DF21;Atualização de FW ;51
01/03/2026;COT1;Transfacil;EQ14;DMX200 MOD H3.1;;;DF21;Atualização de FW ;45
01/03/2026;COT18;Sindpautras;EQ6;DMX200L;OP138;SINDPAUTRAS-SIND. PERM. AUT. TRANSP. SU;DF21;Atualização de FW ;14
01/03/2026;COT16;Via Ouro;EQ39;DMX200L JI21 SEM BATERIA;;;DF21;Atualização de FW ;1
01/03/2026;COT12;DIVPASS;EQ13;DMX200L;OP124;DIVPASS;DF21;Atualização de FW ;5
01/03/2026;COT35;TURIN CONGONHAS;EQ13;DMX200L;OP138;VIAÇÃO TURIN CONGONHAS;DF21;Atualização de FW ;2
01/03/2026;COT41;SÃO JOÃO DEL REI;EQ13;DMX200L;OP149;VIAÇÃO PRESIDENTE;DF21;Atualização de FW ;2
01/03/2026;COT24;GVBUS;EQ14;DMX200 MOD H3.1;;;DF21;Atualização de FW ;66
01/03/2026;COT33;FLORIANÓPOLIS;EQ45;DMX500;;;DF21;Atualização de FW ;1
01/03/2026;COT23;UTB;EQ40;DMX200L JI21 COM BATERIA;OP83;UTB;DF21;Atualização de FW ;10
01/03/2026;COT22;Taguatur;EQ40;DMX200L JI21 COM BATERIA;OP82;TAGUATUR;DF21;Atualização de FW ;32
01/03/2026;COT4;Setut;EQ14;DMX200 MOD H3.1;;;DF21;Atualização de FW ;10
01/03/2026;COT24;GVBUS;EQ14;DMX200 MOD H3.1;;;DF21;Atualização de FW ;78
01/03/2026;COT1;Transfacil;EQ39;DMX200L JI21 SEM BATERIA;;;DF315;Colagem de Tela;3
01/03/2026;COT1;Transfacil;EQ14;DMX200 MOD H3.1;;;DF315;Colagem de Tela;5
01/03/2026;COT18;Sindpautras;EQ6;DMX200L;OP138;SINDPAUTRAS-SIND. PERM. AUT. TRANSP. SU;DF315;Colagem de Tela;1
01/03/2026;COT24;GVBUS;EQ14;DMX200 MOD H3.1;;;DF315;Colagem de Tela;1
01/03/2026;COT23;UTB;EQ40;DMX200L JI21 COM BATERIA;OP83;UTB;DF33;Defeito não encontrado - testes e liberação;1
01/03/2026;COT22;Taguatur;EQ40;DMX200L JI21 COM BATERIA;OP82;TAGUATUR;DF33;Defeito não encontrado - testes e liberação;15
01/03/2026;COT36;CAMACARI;EQ39;DMX200L JI21 SEM BATERIA;OP139;PREFEITURA DE CAMAÇARI;DF41;Envio para manutenção central-CTG;2
01/03/2026;COT3;TEU;EQ14;DMX200 MOD H3.1;;;DF41;Envio para manutenção central-CTG;2
01/03/2026;COT33;FLORIANÓPOLIS;EQ45;DMX500;;;DF41;Envio para manutenção central-CTG;2
01/03/2026;COT4;Setut;EQ14;DMX200 MOD H3.1;;;DF46;Formatação da memória e subst. FW;7
01/03/2026;COT23;UTB;EQ40;DMX200L JI21 COM BATERIA;OP83;UTB;DF46;Formatação da memória e subst. FW;2
01/03/2026;COT24;GVBUS;EQ14;DMX200 MOD H3.1;;;DF61;Limpeza e testes;8
01/03/2026;COT3;TEU;EQ45;DMX500;;;DF89;Reparo com Formatação e Subst. De FW;9
01/03/2026;COT36;CAMACARI;EQ39;DMX200L JI21 SEM BATERIA;OP139;PREFEITURA DE CAMAÇARI;DF333;Ressolda Antena GPS;2
01/03/2026;COT24;GVBUS;EQ14;DMX200 MOD H3.1;;;DF292;Ressolda conector USB;15
01/03/2026;COT36;CAMACARI;EQ39;DMX200L JI21 SEM BATERIA;OP139;PREFEITURA DE CAMAÇARI;DF115;Restauração da ROM via PC;1
01/03/2026;COT33;FLORIANÓPOLIS;EQ45;DMX500;;;DF115;Restauração da ROM via PC;1
01/03/2026;COT1;Transfacil;EQ39;DMX200L JI21 SEM BATERIA;;;DF321;Subst. Antena GPRS;35
01/03/2026;COT1;Transfacil;EQ14;DMX200 MOD H3.1;;;DF321;Subst. Antena GPRS;26
01/03/2026;COT35;TURIN CONGONHAS;EQ13;DMX200L;OP138;VIAÇÃO TURIN CONGONHAS;DF127;Subst. Conector USB;1
01/03/2026;COT22;Taguatur;EQ40;DMX200L JI21 COM BATERIA;OP82;TAGUATUR;DF135;Subst. Da Carcaça frontal;1
01/03/2026;COT24;GVBUS;EQ14;DMX200 MOD H3.1;;;DF136;Subst. Da Carcaça inferior;1
01/03/2026;COT1;Transfacil;EQ39;DMX200L JI21 SEM BATERIA;;;DF206;Subst. Do Conector USB;48
01/03/2026;COT1;Transfacil;EQ14;DMX200 MOD H3.1;;;DF206;Subst. Do Conector USB;43
01/03/2026;COT41;SÃO JOÃO DEL REI;EQ13;DMX200L;OP149;VIAÇÃO PRESIDENTE;DF206;Subst. Do Conector USB;1
01/03/2026;COT1;Transfacil;EQ14;DMX200 MOD H3.1;;;DF209;Subst. Do Display;1
01/03/2026;COT24;GVBUS;EQ14;DMX200 MOD H3.1;;;DF209;Subst. Do Display;1
01/03/2026;COT1;Transfacil;EQ39;DMX200L JI21 SEM BATERIA;;;DF234;Subst. Do SIMCARD (chip GPRS);1
01/03/2026;COT1;Transfacil;EQ39;DMX200L JI21 SEM BATERIA;;;DF272;Subst. Do Touchscreen do módulo;3
01/03/2026;COT1;Transfacil;EQ14;DMX200 MOD H3.1;;;DF272;Subst. Do Touchscreen do módulo;3
01/03/2026;COT41;SÃO JOÃO DEL REI;EQ13;DMX200L;OP149;VIAÇÃO PRESIDENTE;DF272;Subst. Do Touchscreen do módulo;1
01/03/2026;COT33;FLORIANÓPOLIS;EQ10;CONNECTION CCIT 4.0;;;DF33;Defeito não encontrado - testes e liberação;3
01/03/2026;COT33;FLORIANÓPOLIS;EQ10;CONNECTION CCIT 4.0;;;DF107;Ressolda no circuito connections;51
01/03/2026;COT24;GVBUS;EQ10;CONNECTION CCIT 4.0;;;DF278;Modificação circuito catraca;17
01/03/2026;COT10;Metropolitano-Bahia;EQ10;CONNECTION CCIT 4.0;OP64;METROPOLITANO SSA;DF89;Reparo com Formatação e Subst. De FW;9
01/03/2026;COT10;Metropolitano-Bahia;EQ10;CONNECTION CCIT 4.0;OP64;METROPOLITANO SSA;DF41;Envio para manutenção central-CTG;2
01/03/2026;COT19;ROSA TURISMO;EQ10;CONNECTION CCIT 4.0;OP66;ROSA TURISMO;DF50;FW Restaurado;4
01/03/2026;COT19;SÃO JOÃO;EQ10;CONNECTION CCIT 4.0;OP67;SÃO JOÃO;DF50;FW Restaurado;5
01/03/2026;COT4;Setut;EQ10;CONNECTION CCIT 4.0;;;DF41;Envio para manutenção central-CTG;2
01/03/2026;COT3;TEU;EQ44;CONNECTION CCIT 5.0;;;DF35;Defeito não encontrado / testes e liberação;37
01/03/2026;COT3;TEU;EQ44;CONNECTION CCIT 5.0;;;DF41;Envio para manutenção central-CTG;26
01/03/2026;COT2;Transcard;EQ10;CONNECTION CCIT 4.0;;;DF88;Reparo com formatação e reinst. FW/SW;82
01/03/2026;COT2;Transcard;EQ10;CONNECTION CCIT 4.0;;;DF278;Modificação circuito catraca;9
01/03/2026;COT2;Transcard;EQ10;CONNECTION CCIT 4.0;;;DF102;Ressolda na Placa Connection;22
01/03/2026;COT2;Transcard;EQ10;CONNECTION CCIT 4.0;;;DF198;Subst. Do componente eletrônico;2
01/03/2026;COT1;Transfacil;EQ10;CONNECTION CCIT 4.0;;;DF26;Atualização do PIC;23
01/03/2026;COT1;Transfacil;EQ10;CONNECTION CCIT 4.0;;;DF51;Gravação BootLoader;16
01/03/2026;COT1;Transfacil;EQ10;CONNECTION CCIT 4.0;;;DF278;Modificação circuito catraca;2
01/03/2026;COT1;Transfacil;EQ10;CONNECTION CCIT 4.0;;;DF107;Ressolda no circuito connections;8
01/03/2026;COT1;Transfacil;EQ10;CONNECTION CCIT 4.0;;;DF169;Subst. De Componente eletrônico;30
01/03/2026;COT1;Transfacil;EQ10;CONNECTION CCIT 4.0;;;DF256;Substituição de fusível;1
01/03/2026;COT1;Transfacil;EQ10;CONNECTION CCIT 4.0;;;DF21;Atualização de FW ;1
01/03/2026;COT1;Transfacil;EQ10;CONNECTION CCIT 4.0;;;DF136;Subst. Da Carcaça inferior;1
01/03/2026;COT1;Transfacil;EQ10;CONNECTION CCIT 4.0;;;DF277;Subst. Da Connections;1
01/03/2026;COT1;Transfacil;EQ18;VH-200;;;DF9;Ajuste e aperto de conexão;1
01/03/2026;COT3;TEU;EQ26;V3000M DVR;;;DF9;Ajuste e aperto de conexão;1
01/03/2026;COT33;FLORIANÓPOLIS;EQ26;V3000M DVR;;;DF21;Atualização de FW ;4
01/03/2026;COT1;Transfacil;EQ19;VH-200;;;DF21;Atualização de FW ;80
01/03/2026;COT1;Transfacil;EQ26;V3000M DVR;;;DF21;Atualização de FW ;16
01/03/2026;COT16;Via Ouro;EQ26;V3000M DVR;OP49;VIA OURO COLETIVOS LTDA;DF21;Atualização de FW ;2
01/03/2026;COT3;TEU;EQ26;V3000M DVR;;;DF21;Atualização de FW ;8
01/03/2026;COT1;Transfacil;EQ19;VH-200;;;DF33;Defeito não encontrado - testes e liberação;1
01/03/2026;COT5;METROFOR;EQ19;V2000;OP105;METROFOR LINHA SUL;DF46;Formatação da memória e subst. FW;18
01/03/2026;COT1;Transfacil;EQ19;V2000;;;DF46;Formatação da memória e subst. FW;8
01/03/2026;COT2;Transcard;EQ26;V3000M DVR;;;DF47;Formatação de SDCARD;51
01/03/2026;COT3;TEU;EQ26;V3000M DVR;;;DF47;Formatação de SDCARD;8
01/03/2026;COT7;Alagoinhas;EQ26;V3000M DVR;OP68;ALAGOINHAS;DF48;Formatação do cartão SD;1
01/03/2026;COT24;GVBUS;EQ26;V3000M DVR;;;DF48;Formatação do cartão SD;51
01/03/2026;COT1;Transfacil;EQ19;VH-200;;;DF97;Ressolda;38
01/03/2026;COT1;Transfacil;EQ19;VH-200;;;DF108;Ressolda no circuito da placa-mãe;223
01/03/2026;COT1;Transfacil;EQ18;VH-200;;;DF321;Subst. Antena GPRS;31
01/03/2026;COT1;Transfacil;EQ18;VH-200;;;DF132;Subst. Da Bateria de Lithium;1
01/03/2026;COT1;Transfacil;EQ18;VH-200;;;DF136;Subst. Da Carcaça inferior;1
01/03/2026;COT1;Transfacil;EQ18;VH-200;;;DF144;Subst. Da Memória;4
01/03/2026;COT2;Transcard;EQ26;V3000M DVR;;;DF151;Subst. Da placa DVR;9
01/03/2026;COT24;GVBUS;EQ26;V3000M DVR;;;DF151;Subst. Da placa DVR;14
01/03/2026;COT1;Transfacil;EQ18;VH-200;;;DF153;Subst. Da Placa Fonte;2
01/03/2026;COT1;Transfacil;EQ19;VH-200;;;DF165;Subst. Da Placa-mãe;7
01/03/2026;COT1;Transfacil;EQ18;VH-200;;;DF323;Subst. De cabo;30
01/03/2026;COT1;Transfacil;EQ19;VH-200;;;DF304;Subst. De conector P1;35
01/03/2026;COT2;Transcard;EQ26;V3000M DVR;;;DF186;Subst. Do cartão SD 32 GB;15
01/03/2026;COT24;GVBUS;EQ26;V3000M DVR;;;DF186;Subst. Do cartão SD 32 GB;26
01/03/2026;COT1;Transfacil;EQ18;VH-200;;;DF198;Subst. Do componente eletrônico;143
01/03/2026;COT1;Transfacil;EQ26;V3000M DVR;;;DF211;Subst. Do Equipamento completo;1
01/03/2026;COT1;Transfacil;EQ19;VH-200;;;DF212;Subst. Do HD;38
01/03/2026;COT1;Transfacil;EQ18;VH-200;;;DF214;Subst. Do Módulo do GPRS;44
01/03/2026;COT1;Transfacil;EQ18;VH-200;;;DF234;Subst. Do SIMCARD (chip GPRS);4
01/03/2026;COT3;TEU;EQ26;V3000M DVR;;;DF247;Subst.Do SDCARD;1
01/03/2026;COT24;GVBUS;EQ33;POS MOVE 2500;;;DF41;Envio para manutenção central-CTG;9
01/04/2026;COT2;Transcard;EQ28;ATM;OP61;Setps (Transcard);DF237;Subst. Do Validador de Notas;5
01/04/2026;COT2;Transcard;EQ28;ATM;OP61;Setps (Transcard);DF228;Subst. Do PDV ATM;2
01/04/2026;COT2;Transcard;EQ28;ATM;OP61;Setps (Transcard);DF128;Subst. Da antena Cless;1
01/04/2026;COT2;Transcard;EQ28;ATM;OP61;Setps (Transcard);DF284;Manutenção PC ATM;3
01/04/2026;COT2;Transcard;EQ28;ATM;OP61;Setps (Transcard);DF142;Subst. Da Fonte Lambda ATM;1
01/04/2026;COT6;Metro-Bahia;EQ28;ATM;OP63;METRO-BAHIA;DF237;Subst. Do Validador de Notas;8
01/04/2026;COT6;Metro-Bahia;EQ28;ATM;OP63;METRO-BAHIA;DF332;Reconfiguração Portas COM;2
01/04/2026;COT6;Metro-Bahia;EQ28;ATM;OP63;METRO-BAHIA;DF284;Manutenção PC ATM;1
01/04/2026;COT1;Transfacil;EQ28;ATM;OP27;TRANSFÁCIL;DF68;Manutenção no Dispenser;1
01/04/2026;COT1;Transfacil;EQ28;ATM;OP27;TRANSFÁCIL;DF208;Subst. Do Dispenser do cartão;1
01/04/2026;COT1;Transfacil;EQ28;ATM;OP27;TRANSFÁCIL;DF235;Subst. Do Suporte de Acrílico PDV;1
01/04/2026;COT1;Transfacil;EQ28;ATM;OP27;TRANSFÁCIL;DF218;Subst. Do Monitor;1
01/04/2026;COT1;Transfacil;EQ28;ATM;OP27;TRANSFÁCIL;DF284;Manutenção PC ATM;2
01/04/2026;COT1;Transfacil;EQ28;ATM;OP27;TRANSFÁCIL;DF280;Manutenção no Validador de Notas;2
01/04/2026;COT1;Transfacil;EQ28;ATM;OP27;TRANSFÁCIL;DF5;Ajuste da porta Externa;3
01/04/2026;COT1;Transfacil;EQ28;ATM;OP27;TRANSFÁCIL;DF237;Subst. Do Validador de Notas;5
01/04/2026;COT24;GVBUS;EQ28;ATM;OP108;GVBUS - SIND. DAS EMP. DE TRANP. METROP. DA GRANDE VITÓRIA;DF296;ATM - sem conexão com internet;1
01/04/2026;COT24;GVBUS;EQ28;ATM;OP108;GVBUS - SIND. DAS EMP. DE TRANP. METROP. DA GRANDE VITÓRIA;DF257;Manut. no Validador de Notas;2
01/04/2026;COT24;GVBUS;EQ28;ATM;OP108;GVBUS - SIND. DAS EMP. DE TRANP. METROP. DA GRANDE VITÓRIA;DF284;Manutenção PC ATM;2
01/04/2026;COT24;GVBUS;EQ28;ATM;OP108;GVBUS - SIND. DAS EMP. DE TRANP. METROP. DA GRANDE VITÓRIA;DF70;Manutenção PDV;1
01/04/2026;COT24;GVBUS;EQ28;ATM;OP108;GVBUS - SIND. DAS EMP. DE TRANP. METROP. DA GRANDE VITÓRIA;DF218;Subst. Do Monitor;1
01/04/2026;COT24;GVBUS;EQ28;ATM;OP108;GVBUS - SIND. DAS EMP. DE TRANP. METROP. DA GRANDE VITÓRIA;DF69;Manutenção no Sensor de Porta;1
01/04/2026;COT3;TEU;EQ43;CCIT 5.0 ;;;DF60;Limpeza de cache;23
01/04/2026;COT3;TEU;EQ43;CCIT 5.0 ;;;DF113;Restaura RAM via PC;1
01/04/2026;COT12;DIVPASS;EQ6;CCIT 4.0 FRONTAL H2.1;OP124;DIVPASS;DF209;Subst. Do Display;1
01/04/2026;COT12;DIVPASS;EQ6;CCIT 4.0 FRONTAL H2.1;OP124;DIVPASS;DF136;Subst. Da Carcaça inferior;2
01/04/2026;COT17;São Jorge;EQ6;CCIT 4.0 FRONTAL H2.1;OP50;SÃO JORGE AUTO ONIBUS ;DF51;Gravação BootLoader;1
01/04/2026;COT17;São Jorge;EQ6;CCIT 4.0 FRONTAL H2.1;OP50;SÃO JORGE AUTO ONIBUS ;DF63;Lista restaurada;1
01/04/2026;COT12;DIVPASS;EQ6;CCIT 4.0 FRONTAL H2.1;OP124;DIVPASS;DF198;Subst. Do componente eletrônico;3
01/04/2026;COT17;São Jorge;EQ6;CCIT 4.0 FRONTAL H2.1;OP50;SÃO JORGE AUTO ONIBUS ;DF322;Restore do módulo;1
01/04/2026;COT17;São Jorge;EQ6;CCIT 4.0 FRONTAL H2.1;OP50;SÃO JORGE AUTO ONIBUS ;DF272;Subst. Do Touchscreen do módulo;1
01/04/2026;COT2;Transcard;EQ6;CCIT 4.0 FRONTAL H2.1;;;DF113;Restaura RAM via PC;297
01/04/2026;COT2;Transcard;EQ6;CCIT 4.0 FRONTAL H2.1;;;DF114;Restaura RAM via pendrive;51
01/04/2026;COT7;Alagoinhas;EQ34;CCIT 4.0 FRONTAL H2.1 C SEM BATERIA;OP68;ALAGOINHAS;DF41;Envio para manutenção central-CTG;1
01/04/2026;COT2;Transcard;EQ6;CCIT 4.0 FRONTAL H2.1;;;DF272;Subst. Do Touchscreen do módulo;21
01/04/2026;COT2;Transcard;EQ6;CCIT 4.0 FRONTAL H2.1;;;DF210;Subst. Do Display CCIT;27
01/04/2026;COT6;METRO-BAHIA;EQ6;CCIT 4.0 FRONTAL H2.1;OP64;METROPOLITANO SSA;DF113;Restaura RAM via PC;12
01/04/2026;COT6;METRO-BAHIA;EQ6;CCIT 4.0 FRONTAL H2.1;OP64;METROPOLITANO SSA;DF272;Subst. Do Touchscreen do módulo;4
01/04/2026;COT10;Metropolitano-Bahia;EQ6;CCIT 4.0 FRONTAL H2.1;OP64;METROPOLITANO SSA;DF113;Restaura RAM via PC;48
01/04/2026;COT24;GVBUS;EQ6;CCIT 4.0 FRONTAL H2.1;;;DF41;Envio para manutenção central-CTG;35
01/04/2026;COT5;METROFOR/ VLT FORTALEZA;EQ38;CCIT 4.0 METROFOR;OP105;METROFOR LINHA SUL;DF41;Envio para manutenção central-CTG;25
01/04/2026;COT19;SÃO JOÃO;EQ36;CCIT 4.0 FRONTAL H1 COM BATERIA;OP67;SÃO JOÃO;DF113;Restaura RAM via PC;5
01/04/2026;COT20;ROSA TURISMO;EQ36;CCIT 4.0 FRONTAL H1 COM BATERIA;OP66;ROSA TURISMO;DF113;Restaura RAM via PC;8
01/04/2026;COT7;Alagoinhas;EQ34;CCIT 4.0 FRONTAL H2.1 C SEM BATERIA;OP68;ALAGOINHAS;DF113;Restaura RAM via PC;6
01/04/2026;COT10;Metropolitano-Bahia;EQ6;CCIT 4.0 FRONTAL H2.1;OP64;METROPOLITANO SSA;DF272;Subst. Do Touchscreen do módulo;7
01/04/2026;COT4;Setut;EQ6;CCIT 4.0 FRONTAL H2.1;;;DF115;Restauração da ROM via PC;2
01/04/2026;COT5;METROFOR/ VLT FORTALEZA;EQ38;CCIT 4.0 METROFOR;OP105;METROFOR LINHA SUL;DF46;Formatação da memória e subst. FW;6
01/04/2026;COT1;Transfacil;EQ6;CCIT 4.0 FRONTAL H2.1;;;DF162;Subst. Da Placa Mbccit;1
01/04/2026;COT1;Transfacil;EQ6;CCIT 4.0 FRONTAL H2.1;;;DF51;Gravação BootLoader;6
01/04/2026;COT1;Transfacil;EQ6;CCIT 4.0 FRONTAL H2.1;;;DF101;Ressolda Mbccit;6
01/04/2026;COT1;Transfacil;EQ6;CCIT 4.0 FRONTAL H2.1;;;DF26;Atualização do PIC;8
01/04/2026;COT1;Transfacil;EQ6;CCIT 4.0 FRONTAL H2.1;;;DF238;Subst. Do Vidro CCIT V4.0;9
01/04/2026;COT1;Transfacil;EQ6;CCIT 4.0 FRONTAL H2.1;;;DF136;Subst. Da Carcaça inferior;22
01/04/2026;COT1;Transfacil;EQ6;CCIT 4.0 FRONTAL H2.1;;;DF217;Subst. Do Módulo H2.1;22
01/04/2026;COT1;Transfacil;EQ6;CCIT 4.0 FRONTAL H2.1;;;DF272;Subst. Do Touchscreen do módulo;32
01/04/2026;COT1;Transfacil;EQ6;CCIT 4.0 FRONTAL H2.1;;;DF210;Subst. Do Display CCIT;35
01/04/2026;COT1;Transfacil;EQ6;CCIT 4.0 FRONTAL H2.1;;;DF198;Subst. Do componente eletrônico;38
01/04/2026;COT1;Transfacil;EQ6;CCIT 4.0 FRONTAL H2.1;;;DF20;Atualização de data;174
01/04/2026;COT1;Transfacil;EQ6;CCIT 4.0 FRONTAL H2.1;;;DF322;Restore do módulo;284
01/04/2026;COT1;Transfacil;EQ6;CCIT 4.0 FRONTAL H2.1;;;DF21;Atualização de FW ;286
01/04/2026;COT1;Transfacil;EQ6;CCIT 4.0 FRONTAL H2.1;;;DF63;Lista restaurada;293
01/04/2026;COT1;Transfacil;EQ6;CCIT 4.0 FRONTAL H2.1;OP13;Estações BRT Move;DF198;Subst. Do componente eletrônico;1
01/04/2026;COT1;Transfacil;EQ6;CCIT 4.0 FRONTAL H2.1;OP13;Estações BRT Move;DF272;Subst. Do Touchscreen do módulo;1
01/04/2026;COT1;Transfacil;EQ6;CCIT 4.0 FRONTAL H2.1;OP13;Estações BRT Move;DF26;Atualização do PIC;1
01/04/2026;COT1;Transfacil;EQ6;CCIT 4.0 FRONTAL H2.1;OP13;Estações BRT Move;DF210;Subst. Do Display CCIT;2
01/04/2026;COT1;Transfacil;EQ6;CCIT 4.0 FRONTAL H2.1;OP13;Estações BRT Move;DF51;Gravação BootLoader;2
01/04/2026;COT1;Transfacil;EQ6;CCIT 4.0 FRONTAL H2.1;OP13;Estações BRT Move;DF136;Subst. Da Carcaça inferior;3
01/04/2026;COT1;Transfacil;EQ6;CCIT 4.0 FRONTAL H2.1;OP13;Estações BRT Move;DF61;Limpeza e testes;15
01/04/2026;COT1;Transfacil;EQ6;CCIT 4.0 FRONTAL H2.1;OP13;Estações BRT Move;DF20;Atualização de data;18
01/04/2026;COT1;Transfacil;EQ6;CCIT 4.0 FRONTAL H2.1;OP13;Estações BRT Move;DF322;Restore do módulo;32
01/04/2026;COT1;Transfacil;EQ6;CCIT 4.0 FRONTAL H2.1;OP13;Estações BRT Move;DF21;Atualização de FW ;33
01/04/2026;COT1;Transfacil;EQ6;CCIT 4.0 FRONTAL H2.1;OP13;Estações BRT Move;DF63;Lista restaurada;34
01/04/2026;COT18;Sindpautras;EQ6;CCIT 4.0 FRONTAL H2.1;OP48;SINDPAUTRAS-SIND. PERM. AUT. TRANSP. SU;DF21;Atualização de FW ;4
01/04/2026;COT18;Sindpautras;EQ6;CCIT 4.0 FRONTAL H2.1;OP48;SINDPAUTRAS-SIND. PERM. AUT. TRANSP. SU;DF51;Gravação BootLoader;79
01/04/2026;COT18;Sindpautras;EQ6;CCIT 4.0 FRONTAL H2.1;OP48;SINDPAUTRAS-SIND. PERM. AUT. TRANSP. SU;DF63;Lista restaurada;79
01/04/2026;COT18;Sindpautras;EQ6;CCIT 4.0 FRONTAL H2.1;OP48;SINDPAUTRAS-SIND. PERM. AUT. TRANSP. SU;DF322;Restore do módulo;79
01/04/2026;COT18;Sindpautras;EQ6;CCIT 4.0 FRONTAL H2.1;OP48;SINDPAUTRAS-SIND. PERM. AUT. TRANSP. SU;DF198;Subst. Do componente eletrônico;1
01/04/2026;COT18;Sindpautras;EQ6;CCIT 4.0 FRONTAL H2.1;OP48;SINDPAUTRAS-SIND. PERM. AUT. TRANSP. SU;DF209;Subst. Do Display;1
01/04/2026;COT16;Via Ouro;EQ6;CCIT 4.0 FRONTAL H2.1;OP49;VIA OURO COLETIVOS LTDA;DF51;Gravação BootLoader;1
01/04/2026;COT16;Via Ouro;EQ6;CCIT 4.0 FRONTAL H2.1;OP49;VIA OURO COLETIVOS LTDA;DF63;Lista restaurada;1
01/04/2026;COT16;Via Ouro;EQ6;CCIT 4.0 FRONTAL H2.1;OP49;VIA OURO COLETIVOS LTDA;DF322;Restore do módulo;1
01/04/2026;COT16;Via Ouro;EQ6;CCIT 4.0 FRONTAL H2.1;OP49;VIA OURO COLETIVOS LTDA;DF272;Subst. Do Touchscreen do módulo;1
01/04/2026;COT14;TURIN OURO PRETO;EQ6;CCIT 4.0 FRONTAL H2.1;OP52;VIAÇÃO TURIN OURO PRETO;DF51;Gravação BootLoader;5
01/04/2026;COT14;TURIN OURO PRETO;EQ6;CCIT 4.0 FRONTAL H2.1;OP52;VIAÇÃO TURIN OURO PRETO;DF63;Lista restaurada;5
01/04/2026;COT14;TURIN OURO PRETO;EQ6;CCIT 4.0 FRONTAL H2.1;OP52;VIAÇÃO TURIN OURO PRETO;DF322;Restore do módulo;5
01/04/2026;COT14;TURIN OURO PRETO;EQ6;CCIT 4.0 FRONTAL H2.1;OP52;VIAÇÃO TURIN OURO PRETO;DF209;Subst. Do Display;1
01/04/2026;COT11;Gov. Valadares;EQ6;CCIT 4.0 FRONTAL H2.1;;;DF51;Gravação BootLoader;3
01/04/2026;COT11;Gov. Valadares;EQ6;CCIT 4.0 FRONTAL H2.1;;;DF63;Lista restaurada;4
01/04/2026;COT11;Gov. Valadares;EQ6;CCIT 4.0 FRONTAL H2.1;;;DF322;Restore do módulo;4
01/04/2026;COT11;Gov. Valadares;EQ6;CCIT 4.0 FRONTAL H2.1;;;DF209;Subst. Do Display;1
01/04/2026;COT11;Gov. Valadares;EQ6;CCIT 4.0 FRONTAL H2.1;;;DF20;Atualização de data;1
01/04/2026;COT11;Gov. Valadares;EQ6;CCIT 4.0 FRONTAL H2.1;;;DF136;Subst. Da Carcaça inferior;2
01/04/2026;COT11;Gov. Valadares;EQ6;CCIT 4.0 FRONTAL H2.1;;;DF272;Subst. Do Touchscreen do módulo;1
01/04/2026;COT12;DIVPASS;EQ6;CCIT 4.0 FRONTAL H2.1;OP124;DIVPASS;DF51;Gravação BootLoader;13
01/04/2026;COT12;DIVPASS;EQ6;CCIT 4.0 FRONTAL H2.1;OP124;DIVPASS;DF61;Limpeza e testes;13
01/04/2026;COT12;DIVPASS;EQ6;CCIT 4.0 FRONTAL H2.1;OP124;DIVPASS;DF322;Restore do módulo;13
01/04/2026;COT35;TURIN CONGONHAS;EQ5;CCIT 4.0 FRONTAL;OP138;VIAÇÃO TURIN CONGONHAS;DF51;Gravação BootLoader;1
01/04/2026;COT35;TURIN CONGONHAS;EQ5;CCIT 4.0 FRONTAL;OP138;VIAÇÃO TURIN CONGONHAS;DF63;Lista restaurada;1
01/04/2026;COT35;TURIN CONGONHAS;EQ5;CCIT 4.0 FRONTAL;OP138;VIAÇÃO TURIN CONGONHAS;DF322;Restore do módulo;1
01/04/2026;COT40;VALE DO MUCURY;EQ5;CCIT 4.0 FRONTAL;OP147;VALE DO MUCURY;DF51;Gravação BootLoader;3
01/04/2026;COT40;VALE DO MUCURY;EQ5;CCIT 4.0 FRONTAL;OP147;VALE DO MUCURY;DF322;Restore do módulo;3
01/04/2026;COT40;VALE DO MUCURY;EQ5;CCIT 4.0 FRONTAL;OP147;VALE DO MUCURY;DF272;Subst. Do Touchscreen do módulo;2
01/04/2026;COT40;VALE DO MUCURY;EQ5;CCIT 4.0 FRONTAL;OP147;VALE DO MUCURY;DF63;Lista restaurada;3
01/04/2026;COT24;GVBUS;EQ6;CCIT 4.0 FRONTAL H2.1;;;DF21;Atualização de FW ;89
01/04/2026;COT24;GVBUS;EQ6;CCIT 4.0 FRONTAL H2.1;;;DF322;Restore do módulo;55
01/04/2026;COT33;FLORIANÓPOLIS;EQ8;CCIT 4.0 FRONTAL JI21 SEM BATERIA;;;DF21;Atualização de FW ;14
01/04/2026;COT33;FLORIANÓPOLIS;EQ8;CCIT 4.0 FRONTAL JI21 SEM BATERIA;;;DF46;Formatação da memória e subst. FW;8
01/04/2026;COT33;FLORIANÓPOLIS;EQ8;CCIT 4.0 FRONTAL JI21 SEM BATERIA;;;DF15;Ajustes de parafusos e conexões;3
01/04/2026;COT24;GVBUS;EQ6;CCIT 4.0 FRONTAL H2.1;;;DF51;Gravação BootLoader;3
01/04/2026;COT24;GVBUS;EQ6;CCIT 4.0 FRONTAL H2.1;;;DF217;Subst. Do Módulo H3.1;2
01/04/2026;COT24;GVBUS;EQ6;CCIT 4.0 FRONTAL H2.1;;;DF210;Subst. Do Display CCIT;8
01/04/2026;COT24;GVBUS;EQ6;CCIT 4.0 FRONTAL H2.1;;;DF272;Subst. Do Touchscreen do módulo;6
01/04/2026;COT23;UTB;EQ6;CCIT 4.0 FRONTAL H2.1;OP83;UTB;DF21;Atualização de FW ;9
01/04/2026;COT23;UTB;EQ6;CCIT 4.0 FRONTAL H2.1;OP83;UTB;DF51;Gravação BootLoader;13
01/04/2026;COT23;UTB;EQ6;CCIT 4.0 FRONTAL H2.1;OP83;UTB;DF322;Restore do módulo;9
01/04/2026;COT23;UTB;EQ6;CCIT 4.0 FRONTAL H2.1;OP83;UTB;DF198;Subst. Do componente eletrônico;1
01/04/2026;COT23;UTB;EQ6;CCIT 4.0 FRONTAL H2.1;OP83;UTB;DF209;Subst. Do Display;1
01/04/2026;COT23;UTB;EQ6;CCIT 4.0 FRONTAL H2.1;OP83;UTB;DF272;Subst. Do Touchscreen do módulo;2
01/04/2026;COT22;Taguatur;EQ35;CCIT 4.0 FRONTAL H2 COM BATERIA;OP82;TAGUATUR;DF51;Gravação BootLoader;11
01/04/2026;COT22;Taguatur;EQ35;CCIT 4.0 FRONTAL H2 COM BATERIA;OP82;TAGUATUR;DF272;Subst. Do Touchscreen do módulo;5
01/04/2026;COT22;Taguatur;EQ35;CCIT 4.0 FRONTAL H2 COM BATERIA;OP82;TAGUATUR;DF217;Subst. Do Módulo H3.1;5
01/04/2026;COT33;FLORIANÓPOLIS;EQ8;CCIT 4.0 FRONTAL JI21 SEM BATERIA;;;DF322;Restore do módulo;6
01/04/2026;COT33;FLORIANÓPOLIS;EQ8;CCIT 4.0 FRONTAL JI21 SEM BATERIA;;;DF217;Subst. Do Módulo H3.1;2
01/04/2026;COT33;FLORIANÓPOLIS;EQ8;CCIT 4.0 FRONTAL JI21 SEM BATERIA;;;DF272;Subst. Do Touchscreen do módulo;16
01/04/2026;COT20;ROSA TURISMO;EQ36;CCIT 4.0 FRONTAL H1 COM BATERIA;OP66;ROSA TURISMO;DF21;Atualização de FW ;1
01/04/2026;COT19;SÃO JOÃO;EQ36;CCIT 4.0 FRONTAL H1 COM BATERIA;OP67;SÃO JOÃO;DF21;Atualização de FW ;1
01/04/2026;COT20;ROSA TURISMO;EQ36;CCIT 4.0 FRONTAL H1 COM BATERIA;OP66;ROSA TURISMO;DF322;Restore do módulo;1
01/04/2026;COT19;SÃO JOÃO;EQ36;CCIT 4.0 FRONTAL H1 COM BATERIA;OP67;SÃO JOÃO;DF322;Restore do módulo;1
01/04/2026;COT4;Setut;EQ6;CCIT 4.0 FRONTAL H2.1;;;DF51;Gravação BootLoader;2
01/04/2026;COT4;Setut;EQ6;CCIT 4.0 FRONTAL H2.1;;;DF217;Subst. Do Módulo H3.1;4
01/04/2026;COT4;Setut;EQ6;CCIT 4.0 FRONTAL H2.1;;;DF136;Subst. Da Carcaça inferior;2
01/04/2026;COT4;Setut;EQ6;CCIT 4.0 FRONTAL H2.1;;;DF272;Subst. Do Touchscreen do módulo;6
01/04/2026;COT4;Setut;EQ6;CCIT 4.0 FRONTAL H2.1;;;DF209;Subst. Do Display;5
01/04/2026;COT5;METROFOR/ VLT FORTALEZA;EQ38;CCIT 4.0 METROFOR;OP105;METROFOR LINHA SUL;DF326;Subst. Bateria do Módulo;2
01/04/2026;COT37;AC TRANSPORTES;EQ6;CCIT 4.0 FRONTAL H2.1;OP144;CT EXPRESSO;DF41;Envio para manutenção central-CTG;7
01/04/2026;COT1;Transfacil;EQ39;DMX200L JI21 SEM BATERIA;;;DF21;Atualização de FW ;41
01/04/2026;COT1;Transfacil;EQ14;DMX200 MOD H3.1;;;DF21;Atualização de FW ;30
01/04/2026;COT18;Sindpautras;EQ6;DMX200L;OP138;SINDPAUTRAS-SIND. PERM. AUT. TRANSP. SU;DF21;Atualização de FW ;3
01/04/2026;COT11;Gov. Valadares;EQ13;DMX200L;OP53;VIAÇÃO MOBI;DF21;Atualização de FW ;12
01/04/2026;COT12;DIVPASS;EQ13;DMX200L;OP124;DIVPASS;DF21;Atualização de FW ;14
01/04/2026;COT35;TURIN CONGONHAS;EQ13;DMX200L;OP138;VIAÇÃO TURIN CONGONHAS;DF21;Atualização de FW ;7
01/04/2026;COT40;VALE DO MUCURY;EQ13;DMX200L;OP147;VALE DO MUCURY;DF21;Atualização de FW ;10
01/04/2026;COT24;GVBUS;EQ14;DMX200 MOD H3.1;;;DF21;Atualização de FW ;63
01/04/2026;COT3;TEU;EQ45;DMX500;;;DF21;Atualização de FW ;6
01/04/2026;COT33;FLORIANÓPOLIS;EQ45;DMX500;;;DF21;Atualização de FW ;8
01/04/2026;COT22;Taguatur;EQ40;DMX200L JI21 COM BATERIA;OP82;TAGUATUR;DF21;Atualização de FW ;2
01/04/2026;COT1;Transfacil;EQ39;DMX200L JI21 SEM BATERIA;;;DF315;Colagem de Tela;2
01/04/2026;COT1;Transfacil;EQ14;DMX200 MOD H3.1;;;DF315;Colagem de Tela;2
01/04/2026;COT24;GVBUS;EQ14;DMX200 MOD H3.1;;;DF315;Colagem de Tela;1
01/04/2026;COT3;TEU;EQ14;DMX200 MOD H3.1;;;DF41;Envio para manutenção central-CTG;6
01/04/2026;COT3;TEU;EQ45;DMX500;;;DF88;Reparo com formatação e reinst. FW/SW;1
01/04/2026;COT33;FLORIANÓPOLIS;EQ45;DMX500;;;DF88;Reparo com formatação e reinst. FW/SW;1
01/04/2026;COT22;Taguatur;EQ40;DMX200L JI21 COM BATERIA;OP82;TAGUATUR;DF46;Formatação da memória e subst. FW;22
01/04/2026;COT18;Sindpautras;EQ6;DMX200L;OP138;SINDPAUTRAS-SIND. PERM. AUT. TRANSP. SU;DF61;Limpeza e testes;3
01/04/2026;COT11;Gov. Valadares;EQ13;DMX200L;OP53;VIAÇÃO MOBI;DF61;Limpeza e testes;12
01/04/2026;COT12;DIVPASS;EQ13;DMX200L;OP124;DIVPASS;DF61;Limpeza e testes;13
01/04/2026;COT35;TURIN CONGONHAS;EQ13;DMX200L;OP138;VIAÇÃO TURIN CONGONHAS;DF61;Limpeza e testes;4
01/04/2026;COT24;GVBUS;EQ14;DMX200 MOD H3.1;;;DF61;Limpeza e testes;8
01/04/2026;COT22;Taguatur;EQ40;DMX200L JI21 COM BATERIA;OP82;TAGUATUR;DF61;Limpeza e testes;13
01/04/2026;COT3;TEU;EQ45;DMX500;;;DF89;Reparo com Formatação e Subst. De FW;9
01/04/2026;COT36;CAMACARI;EQ39;DMX200L JI21 SEM BATERIA;OP139;PREFEITURA DE CAMAÇARI;DF333;Ressolda Antena GPS;1
01/04/2026;COT24;GVBUS;EQ14;DMX200 MOD H3.1;;;DF292;Ressolda conector USB;16
01/04/2026;COT3;TEU;EQ45;DMX500;;;DF292;Ressolda conector USB;1
01/04/2026;COT36;CAMACARI;EQ39;DMX200L JI21 SEM BATERIA;OP139;PREFEITURA DE CAMAÇARI;DF115;Restauração da ROM via PC;1
01/04/2026;COT3;TEU;EQ45;DMX500;;;DF115;Restauração da ROM via PC;2
01/04/2026;COT33;FLORIANÓPOLIS;EQ45;DMX500;;;DF115;Restauração da ROM via PC;6
01/04/2026;COT11;Gov. Valadares;EQ13;DMX200L;OP53;VIAÇÃO MOBI;DF123;Serviço Placa Principal do PM;1
01/04/2026;COT1;Transfacil;EQ39;DMX200L JI21 SEM BATERIA;;;DF321;Subst. Antena GPRS;11
01/04/2026;COT1;Transfacil;EQ14;DMX200 MOD H3.1;;;DF321;Subst. Antena GPRS;12
01/04/2026;COT22;Taguatur;EQ40;DMX200L JI21 COM BATERIA;OP82;TAGUATUR;DF324;Subst. CI Memoria MLC Nand Flash;1
01/04/2026;COT18;Sindpautras;EQ6;DMX200L;OP138;SINDPAUTRAS-SIND. PERM. AUT. TRANSP. SU;DF127;Subst. Conector USB;1
01/04/2026;COT35;TURIN CONGONHAS;EQ13;DMX200L;OP138;VIAÇÃO TURIN CONGONHAS;DF127;Subst. Conector USB;3
01/04/2026;COT1;Transfacil;EQ39;DMX200L JI21 SEM BATERIA;;;DF206;Subst. Do Conector USB;40
01/04/2026;COT1;Transfacil;EQ14;DMX200 MOD H3.1;;;DF206;Subst. Do Conector USB;29
01/04/2026;COT24;GVBUS;EQ14;DMX200 MOD H3.1;;;DF209;Subst. Do Display;1
01/04/2026;COT22;Taguatur;EQ40;DMX200L JI21 COM BATERIA;OP82;TAGUATUR;DF209;Subst. Do Display;2
01/04/2026;COT1;Transfacil;EQ39;DMX200L JI21 SEM BATERIA;;;DF234;Subst. Do SIMCARD (chip GPRS);1
01/04/2026;COT1;Transfacil;EQ39;DMX200L JI21 SEM BATERIA;;;DF272;Subst. Do Touchscreen do módulo;3
01/04/2026;COT12;DIVPASS;EQ13;DMX200L;OP124;DIVPASS;DF272;Subst. Do Touchscreen do módulo;1
01/04/2026;COT1;Transfacil;EQ14;DMX200 MOD H3.1;;;DF271;Subst. Do Vidro;1
01/04/2026;COT1;Transfacil;EQ39;DMX200L JI21 SEM BATERIA;;;DF271;Subst. Do Vidro;1
01/04/2026;COT33;FLORIANÓPOLIS;EQ45;DMX500;;;DF297;Subst. PMS;1
01/04/2026;COT22;Taguatur;EQ40;DMX200L JI21 COM BATERIA;OP82;TAGUATUR;DF329;Teste de GPS;1
01/04/2026;COT4;Setut;EQ14;DMX200 MOD H3.1;;;DF21;Atualização de FW ;19
01/04/2026;COT4;Setut;EQ14;DMX200 MOD H3.1;;;DF61;Limpeza e testes;17
01/04/2026;COT4;Setut;EQ14;DMX200 MOD H3.1;;;DF198;Subst. Do componente eletrônico;2
01/04/2026;COT23;UTB;EQ40;DMX200L JI21 COM BATERIA;OP83;UTB;DF21;Atualização de FW ;19
01/04/2026;COT23;UTB;EQ40;DMX200L JI21 COM BATERIA;OP83;UTB;DF33;Defeito não encontrado - testes e liberação;1
01/04/2026;COT23;UTB;EQ40;DMX200L JI21 COM BATERIA;OP83;UTB;DF61;Limpeza e testes;10
01/04/2026;COT23;UTB;EQ40;DMX200L JI21 COM BATERIA;OP83;UTB;DF292;Ressolda conector USB;1
01/04/2026;COT23;UTB;EQ40;DMX200L JI21 COM BATERIA;OP83;UTB;DF321;Subst. Antena GPRS;2
01/04/2026;COT23;UTB;EQ40;DMX200L JI21 COM BATERIA;OP83;UTB;DF209;Subst. Do Display;1
01/04/2026;COT23;UTB;EQ40;DMX200L JI21 COM BATERIA;OP83;UTB;DF272;Subst. Do Touchscreen do módulo;2
01/04/2026;COT23;UTB;EQ40;DMX200L JI21 COM BATERIA;OP83;UTB;DF243;Subst. Placa Principal do PM;2
01/04/2026;COT37;AC TRANSPORTES;EQ40;DMX200L JI21 COM BATERIA;OP144;CT EXPRESSO;DF89;Reparo com Formatação e Subst. De FW;17
01/04/2026;COT37;AC TRANSPORTES;EQ40;DMX200L JI21 COM BATERIA;OP144;CT EXPRESSO;DF211;Subst. Do Equipamento completo;1
01/04/2026;COT36;CAMACARI;EQ10;CONNECTION CCIT 4.0;OP139;PREFEITURA DE CAMAÇARI;DF21;Atualização de FW ;2
01/04/2026;COT33;FLORIANÓPOLIS;EQ10;CONNECTION CCIT 4.0;;;DF102;Ressolda na Placa Connection;1
01/04/2026;COT33;FLORIANÓPOLIS;EQ10;CONNECTION CCIT 4.0;;;DF33;Defeito não encontrado - testes e liberação;2
01/04/2026;COT10;Metropolitano-Bahia;EQ10;CONNECTION CCIT 4.0;OP64;METROPOLITANO SSA;DF89;Reparo com Formatação e Subst. De FW;9
01/04/2026;COT10;Metropolitano-Bahia;EQ10;CONNECTION CCIT 4.0;OP64;METROPOLITANO SSA;DF107;Ressolda no circuito connections;1
01/04/2026;COT19;ROSA TURISMO;EQ10;CONNECTION CCIT 4.0;OP66;ROSA TURISMO;DF50;FW Restaurado;2
01/04/2026;COT19;SÃO JOÃO;EQ10;CONNECTION CCIT 4.0;OP67;SÃO JOÃO;DF50;FW Restaurado;1
01/04/2026;COT4;Setut;EQ10;CONNECTION CCIT 4.0;;;DF41;Envio para manutenção central-CTG;2
01/04/2026;COT3;TEU;EQ44;CONNECTION CCIT 5.0;;;DF35;Defeito não encontrado / testes e liberação;19
01/04/2026;COT3;TEU;EQ44;CONNECTION CCIT 5.0;;;DF102;Ressolda na Placa Connection;20
01/04/2026;COT2;Transcard;EQ10;CONNECTION CCIT 4.0;;;DF88;Reparo com formatação e reinst. FW/SW;95
01/04/2026;COT1;Transfacil;EQ10;CONNECTION CCIT 4.0;;;DF278;Modificação circuito catraca;1
01/04/2026;COT1;Transfacil;EQ10;CONNECTION CCIT 4.0;;;DF136;Subst. Da Carcaça inferior;1
01/04/2026;COT1;Transfacil;EQ10;CONNECTION CCIT 4.0;;;DF256;Substituição de fusível;2
01/04/2026;COT1;Transfacil;EQ10;CONNECTION CCIT 4.0;;;DF277;Subst. Da Connections;2
01/04/2026;COT1;Transfacil;EQ10;CONNECTION CCIT 4.0;;;DF304;Subst. De conector P1;2
01/04/2026;COT1;Transfacil;EQ10;CONNECTION CCIT 4.0;;;DF107;Ressolda no circuito connections;6
01/04/2026;COT1;Transfacil;EQ10;CONNECTION CCIT 4.0;;;DF169;Subst. De Componente eletrônico;11
01/04/2026;COT1;Transfacil;EQ10;CONNECTION CCIT 4.0;;;DF51;Gravação BootLoader;15
01/04/2026;COT1;Transfacil;EQ10;CONNECTION CCIT 4.0;;;DF26;Atualização do PIC;24
01/04/2026;COT1;Transfacil;EQ10;CONNECTION CCIT 4.0;;;DF37;Defeito não encontrado e subst. FW/SW;5
01/04/2026;COT1;Transfacil;EQ10;CONNECTION CCIT 4.0;;;DF15;Ajustes de parafusos e conexões;1
01/04/2026;COT2;Transcard;EQ10;CONNECTION CCIT 4.0;;;DF107;Ressolda no circuito connections;21
01/04/2026;COT2;Transcard;EQ10;CONNECTION CCIT 4.0;;;DF278;Modificação circuito catraca;9
01/04/2026;COT2;Transcard;EQ10;CONNECTION CCIT 4.0;;;DF198;Subst. Do componente eletrônico;2
01/04/2026;COT2;Transcard;EQ26;V3000M DVR;;;DF47;Formatação de SDCARD;37
01/04/2026;COT2;Transcard;EQ26;V3000M DVR;;;DF151;Subst. Da placa DVR;3
01/04/2026;COT2;Transcard;EQ26;V3000M DVR;;;DF186;Subst. Do cartão SD 32 GB;7
01/04/2026;COT7;Alagoinhas;EQ26;V3000M DVR;OP68;ALAGOINHAS;DF48;Formatação do cartão SD;3
01/04/2026;COT7;Alagoinhas;EQ26;V3000M DVR;OP68;;DF232;Subst. Do SDCard;2
01/04/2026;COT5;METROFOR;EQ19;V2000;OP105;METROFOR LINHA SUL;DF41;Envio para manutenção central-CTG;4
01/04/2026;COT1;Transfacil;EQ18;VH-200;;;DF209;Subst. Do Display;1
01/04/2026;COT1;Transfacil;EQ18;VH-200;;;DF9;Ajuste e aperto de conexão;3
01/04/2026;COT1;Transfacil;EQ18;VH-200;;;DF153;Subst. Da Placa Fonte;3
01/04/2026;COT1;Transfacil;EQ18;VH-200;;;DF214;Subst. Do Módulo do GPRS;3
01/04/2026;COT1;Transfacil;EQ18;VH-200;;;DF46;Formatação da memória e subst. FW;3
01/04/2026;COT1;Transfacil;EQ18;VH-200;;;DF232;Subst. Do SDCard;3
01/04/2026;COT1;Transfacil;EQ18;VH-200;;;DF33;Defeito não encontrado - testes e liberação;7
01/04/2026;COT1;Transfacil;EQ18;VH-200;;;DF21;Atualização de FW ;8
01/04/2026;COT1;Transfacil;EQ18;VH-200;;;DF165;Subst. Da Placa-mãe;8
01/04/2026;COT1;Transfacil;EQ18;VH-200;;;DF321;Subst. Antena GPRS;19
01/04/2026;COT1;Transfacil;EQ18;VH-200;;;DF304;Subst. De conector P1;22
01/04/2026;COT1;Transfacil;EQ18;VH-200;;;DF212;Subst. Do HD;25
01/04/2026;COT1;Transfacil;EQ18;VH-200;;;DF323;Subst. De cabo;38
01/04/2026;COT1;Transfacil;EQ18;VH-200;;;DF97;Ressolda;42
01/04/2026;COT1;Transfacil;EQ18;VH-200;;;DF214;Subst. Do Módulo do GPRS;43
01/04/2026;COT1;Transfacil;EQ18;VH-200;;;DF198;Subst. Do componente eletrônico;102
01/04/2026;COT1;Transfacil;EQ18;VH-200;;;DF108;Ressolda no circuito da placa-mãe;195
01/04/2026;COT1;Transfacil;EQ19;V2000;;;DF46;Formatação da memória e subst. FW;8
01/04/2026;COT24;GVBUS;EQ26;V3000M DVR;;;DF48;Formatação do cartão SD;32
01/04/2026;COT24;GVBUS;EQ26;V3000M DVR;;;DF151;Subst. Da placa DVR;13
01/04/2026;COT24;GVBUS;EQ26;V3000M DVR;;;DF186;Subst. Do cartão SD 32 GB;19
01/04/2026;COT1;Transfacil;EQ26;V3000M DVR;;;DF21;Atualização de FW ;18
01/04/2026;COT1;Transfacil;EQ26;V3000M DVR;;;DF33;Defeito não encontrado - testes e liberação;4
01/04/2026;COT1;Transfacil;EQ26;V3000M DVR;;;DF186;Subst. Do cartão SD 32 GB;1
01/04/2026;COT1;Transfacil;EQ26;V3000M DVR;;;DF47;Formatação de SDCARD;8
01/04/2026;COT1;Transfacil;EQ26;V3000M DVR;;;DF130;Subst. Da Antena WLAN;1
01/04/2026;COT1;Transfacil;EQ26;V3000M DVR;;;DF198;Subst. Do componente eletrônico;1
01/04/2026;COT33;FLORIANÓPOLIS;EQ26;V3000M DVR;;;DF21;Atualização de FW ;9
01/04/2026;COT33;FLORIANÓPOLIS;EQ26;V3000M DVR;;;DF88;Reparo com formatação e reinst. FW/SW;3
01/04/2026;COT24;GVBUS;EQ26;V3000M DVR;;;DF21;Atualização de FW ;11
01/04/2026;COT24;GVBUS;EQ26;V3000M DVR;;;DF211;Subst. Do Equipamento completo;1
01/04/2026;COT24;GVBUS;EQ26;V3000M DVR;;;DF37;Defeito não encontrado e subst. FW/SW;2
01/04/2026;COT2;Transcard;EQ26;V3000M DVR;;;DF52;Gravação Supervisor;3
01/04/2026;COT2;Transcard;EQ26;V3000M DVR;;;DF108;Ressolda no circuito da placa-mãe;3
01/04/2026;COT2;Transcard;EQ26;V3000M DVR;;;DF198;Subst. Do componente eletrônico;11
01/04/2026;COT2;Transcard;EQ33;POS MOVE 2500;;;DF41;Envio para manutenção central-CTG;13
01/04/2026;COT2;Transcard;EQ33;POS MOVE 2500;;;DF7;Ajuste do Módulo de Impressão;3
01/04/2026;COT24;GVBUS;EQ33;POS MOVE 2500;;;DF41;Envio para manutenção central-CTG;19
;;;;;;;;;
;;;;;;;;;
;;;;;;;;;
;;;;;;;;;
;;;;;;;;;
;;;;;;;;;
;;;;;;;;;
;;;;;;;;;
;;;;;;;;;
;;;;;;;;;
;;;;;;;;;
;;;;;;;;;
;;;;;;;;;
;;;;;;;;;
;;;;;;;;;
;;;;;;;;;
;;;;;;;;;
;;;;;;;;;
;;;;;;;;;
;;;;;;;;;
;;;;;;;;;
;;;;;;;;;
;;;;;;;;;
;;;;;;;;;
;;;;;;;;;
;;;;;;;;;
;;;;;;;;;
;;;;;;;;;
;;;;;;;;;
;;;;;;;;;
;;;;;;;;;
;;;;;;;;;
;;;;;;;;;
;;;;;;;;;
;;;;;;;;;
;;;;;;;;;
;;;;;;;;;
;;;;;;;;;
;;;;;;;;;
;;;;;;;;;
;;;;;;;;;
;;;;;;;;;
;;;;;;;;;
;;;;;;;;;
;;;;;;;;;
;;;;;;;;;
;;;;;;;;;
;;;;;;;;;
;;;;;;;;;
;;;;;;;;;
;;;;;;;;;
;;;;;;;;;
;;;;;;;;;
;;;;;;;;;
;;;;;;;;;
;;;;;;;;;
;;;;;;;;;
;;;;;;;;;
;;;;;;;;;
;;;;;;;;;
;;;;;;;;;
;;;;;;;;;
;;;;;;;;;
;;;;;;;;;
;;;;;;;;;
;;;;;;;;;
;;;;;;;;;
;;;;;;;;;
;;;;;;;;;
;;;;;;;;;
;;;;;;;;;
;;;;;;;;;
;;;;;;;;;
;;;;;;;;;
;;;;;;;;;
;;;;;;;;;
;;;;;;;;;
;;;;;;;;;
;;;;;;;;;
;;;;;;;;;
;;;;;;;;;
;;;;;;;;;
;;;;;;;;;
;;;;;;;;;
;;;;;;;;;
;;;;;;;;;
;;;;;;;;;
;;;;;;;;;
;;;;;;;;;
;;;;;;;;;
;;;;;;;;;
;;;;;;;;;
;;;;;;;;;
;;;;;;;;;
;;;;;;;;;
;;;;;;;;;
;;;;;;;;;
;;;;;;;;;
;;;;;;;;;
;;;;;;;;;
;;;;;;;;;
;;;;;;;;;
;;;;;;;;;
;;;;;;;;;
;;;;;;;;;
;;;;;;;;;
;;;;;;;;;
;;;;;;;;;
;;;;;;;;;
;;;;;;;;;
;;;;;;;;;
;;;;;;;;;
;;;;;;;;;
;;;;;;;;;
;;;;;;;;;
;;;;;;;;;
;;;;;;;;;
;;;;;;;;;
;;;;;;;;;
;;;;;;;;;
;;;;;;;;;
;;;;;;;;;
;;;;;;;;;
;;;;;;;;;
;;;;;;;;;
;;;;;;;;;
;;;;;;;;;
;;;;;;;;;
;;;;;;;;;
;;;;;;;;;
;;;;;;;;;
;;;;;;;;;
;;;;;;;;;
;;;;;;;;;
;;;;;;;;;
;;;;;;;;;
;;;;;;;;;
;;;;;;;;;
;;;;;;;;;
;;;;;;;;;
;;;;;;;;;
;;;;;;;;;
;;;;;;;;;
;;;;;;;;;
;;;;;;;;;
;;;;;;;;;
;;;;;;;;;
;;;;;;;;;
;;;;;;;;;
;;;;;;;;;
;;;;;;;;;
;;;;;;;;;
;;;;;;;;;
;;;;;;;;;
;;;;;;;;;
;;;;;;;;;
;;;;;;;;;
;;;;;;;;;
;;;;;;;;;
;;;;;;;;;
;;;;;;;;;
;;;;;;;;;
;;;;;;;;;
;;;;;;;;;
;;;;;;;;;
;;;;;;;;;
;;;;;;;;;
;;;;;;;;;
;;;;;;;;;
;;;;;;;;;
;;;;;;;;;
;;;;;;;;;
;;;;;;;;;
;;;;;;;;;
;;;;;;;;;
;;;;;;;;;
;;;;;;;;;
;;;;;;;;;
;;;;;;;;;
;;;;;;;;;
;;;;;;;;;
;;;;;;;;;
;;;;;;;;;
;;;;;;;;;
;;;;;;;;;
;;;;;;;;;
;;;;;;;;;
;;;;;;;;;
;;;;;;;;;
;;;;;;;;;
;;;;;;;;;
;;;;;;;;;
;;;;;;;;;
;;;;;;;;;
;;;;;;;;;
;;;;;;;;;
;;;;;;;;;
;;;;;;;;;
;;;;;;;;;
;;;;;;;;;
;;;;;;;;;
;;;;;;;;;
;;;;;;;;;
;;;;;;;;;
;;;;;;;;;
;;;;;;;;;
;;;;;;;;;
;;;;;;;;;
;;;;;;;;;
;;;;;;;;;
;;;;;;;;;
;;;;;;;;;
;;;;;;;;;
;;;;;;;;;
;;;;;;;;;
;;;;;;;;;
;;;;;;;;;
;;;;;;;;;
;;;;;;;;;
;;;;;;;;;
;;;;;;;;;
;;;;;;;;;
;;;;;;;;;
;;;;;;;;;
;;;;;;;;;
;;;;;;;;;
;;;;;;;;;
;;;;;;;;;
;;;;;;;;;
;;;;;;;;;
;;;;;;;;;
;;;;;;;;;
;;;;;;;;;
;;;;;;;;;
;;;;;;;;;
;;;;;;;;;
;;;;;;;;;
;;;;;;;;;
;;;;;;;;;
;;;;;;;;;
;;;;;;;;;
;;;;;;;;;
;;;;;;;;;
;;;;;;;;;
;;;;;;;;;
;;;;;;;;;
;;;;;;;;;
;;;;;;;;;
;;;;;;;;;
;;;;;;;;;
;;;;;;;;;
;;;;;;;;;
;;;;;;;;;
;;;;;;;;;
;;;;;;;;;
;;;;;;;;;
;;;;;;;;;
;;;;;;;;;
;;;;;;;;;
;;;;;;;;;
;;;;;;;;;
;;;;;;;;;
;;;;;;;;;
;;;;;;;;;
;;;;;;;;;
;;;;;;;;;
;;;;;;;;;
;;;;;;;;;
;;;;;;;;;
;;;;;;;;;
;;;;;;;;;
;;;;;;;;;
;;;;;;;;;
;;;;;;;;;
;;;;;;;;;
;;;;;;;;;
;;;;;;;;;
;;;;;;;;;
;;;;;;;;;
;;;;;;;;;
;;;;;;;;;
;;;;;;;;;
;;;;;;;;;
;;;;;;;;;
;;;;;;;;;
;;;;;;;;;
;;;;;;;;;
;;;;;;;;;
;;;;;;;;;
;;;;;;;;;
;;;;;;;;;
;;;;;;;;;
;;;;;;;;;
;;;;;;;;;
;;;;;;;;;
;;;;;;;;;
;;;;;;;;;
;;;;;;;;;
;;;;;;;;;
;;;;;;;;;
;;;;;;;;;
;;;;;;;;;
;;;;;;;;;
;;;;;;;;;
;;;;;;;;;
;;;;;;;;;
;;;;;;;;;
;;;;;;;;;
;;;;;;;;;
;;;;;;;;;
;;;;;;;;;
;;;;;;;;;
;;;;;;;;;
;;;;;;;;;
;;;;;;;;;
;;;;;;;;;
;;;;;;;;;
;;;;;;;;;
;;;;;;;;;
;;;;;;;;;
;;;;;;;;;
;;;;;;;;;
;;;;;;;;;
;;;;;;;;;
;;;;;;;;;
;;;;;;;;;
;;;;;;;;;
;;;;;;;;;
;;;;;;;;;
;;;;;;;;;
;;;;;;;;;
;;;;;;;;;
;;;;;;;;;
;;;;;;;;;
;;;;;;;;;
;;;;;;;;;
;;;;;;;;;
;;;;;;;;;
;;;;;;;;;
;;;;;;;;;
;;;;;;;;;
;;;;;;;;;
;;;;;;;;;
;;;;;;;;;
;;;;;;;;;
;;;;;;;;;
;;;;;;;;;
;;;;;;;;;
;;;;;;;;;
;;;;;;;;;
;;;;;;;;;
;;;;;;;;;
;;;;;;;;;
;;;;;;;;;
;;;;;;;;;
;;;;;;;;;
;;;;;;;;;
;;;;;;;;;
;;;;;;;;;
;;;;;;;;;
;;;;;;;;;
;;;;;;;;;
;;;;;;;;;
;;;;;;;;;
;;;;;;;;;
;;;;;;;;;
;;;;;;;;;
;;;;;;;;;
;;;;;;;;;
;;;;;;;;;
;;;;;;;;;
;;;;;;;;;
;;;;;;;;;
;;;;;;;;;
;;;;;;;;;
;;;;;;;;;
;;;;;;;;;
;;;;;;;;;
;;;;;;;;;
;;;;;;;;;
;;;;;;;;;
;;;;;;;;;
;;;;;;;;;
;;;;;;;;;
;;;;;;;;;
;;;;;;;;;
;;;;;;;;;
;;;;;;;;;
;;;;;;;;;
;;;;;;;;;
;;;;;;;;;
;;;;;;;;;
;;;;;;;;;
;;;;;;;;;
;;;;;;;;;
;;;;;;;;;
;;;;;;;;;
;;;;;;;;;
;;;;;;;;;
;;;;;;;;;
;;;;;;;;;
;;;;;;;;;
;;;;;;;;;
;;;;;;;;;
;;;;;;;;;
;;;;;;;;;
;;;;;;;;;
;;;;;;;;;
;;;;;;;;;
;;;;;;;;;
;;;;;;;;;
;;;;;;;;;
;;;;;;;;;
;;;;;;;;;
;;;;;;;;;
;;;;;;;;;
;;;;;;;;;
;;;;;;;;;
;;;;;;;;;
;;;;;;;;;
;;;;;;;;;
;;;;;;;;;
;;;;;;;;;
;;;;;;;;;
;;;;;;;;;
;;;;;;;;;
;;;;;;;;;
;;;;;;;;;
;;;;;;;;;
;;;;;;;;;
;;;;;;;;;
;;;;;;;;;
;;;;;;;;;
;;;;;;;;;
;;;;;;;;;
;;;;;;;;;
;;;;;;;;;
;;;;;;;;;
;;;;;;;;;
;;;;;;;;;
;;;;;;;;;
;;;;;;;;;
;;;;;;;;;
;;;;;;;;;
;;;;;;;;;
;;;;;;;;;
;;;;;;;;;
;;;;;;;;;
;;;;;;;;;
;;;;;;;;;
;;;;;;;;;
;;;;;;;;;
;;;;;;;;;
;;;;;;;;;
;;;;;;;;;
;;;;;;;;;
;;;;;;;;;
;;;;;;;;;
;;;;;;;;;
;;;;;;;;;
;;;;;;;;;
;;;;;;;;;
;;;;;;;;;
;;;;;;;;;
;;;;;;;;;
;;;;;;;;;
;;;;;;;;;
;;;;;;;;;
;;;;;;;;;
;;;;;;;;;
;;;;;;;;;
;;;;;;;;;
;;;;;;;;;
;;;;;;;;;
;;;;;;;;;
;;;;;;;;;
;;;;;;;;;
;;;;;;;;;
;;;;;;;;;
;;;;;;;;;
;;;;;;;;;
;;;;;;;;;
;;;;;;;;;
;;;;;;;;;
;;;;;;;;;
;;;;;;;;;
;;;;;;;;;
;;;;;;;;;
;;;;;;;;;
;;;;;;;;;
;;;;;;;;;
;;;;;;;;;
;;;;;;;;;
;;;;;;;;;
;;;;;;;;;
;;;;;;;;;
;;;;;;;;;
;;;;;;;;;
;;;;;;;;;
;;;;;;;;;
;;;;;;;;;
;;;;;;;;;
;;;;;;;;;
;;;;;;;;;
;;;;;;;;;
;;;;;;;;;
;;;;;;;;;
;;;;;;;;;
;;;;;;;;;
;;;;;;;;;
;;;;;;;;;
;;;;;;;;;
;;;;;;;;;
;;;;;;;;;
;;;;;;;;;
;;;;;;;;;
;;;;;;;;;
;;;;;;;;;
;;;;;;;;;
;;;;;;;;;
;;;;;;;;;
;;;;;;;;;
;;;;;;;;;
;;;;;;;;;
;;;;;;;;;
;;;;;;;;;
;;;;;;;;;
;;;;;;;;;
;;;;;;;;;
;;;;;;;;;
;;;;;;;;;
;;;;;;;;;
;;;;;;;;;
;;;;;;;;;
;;;;;;;;;
;;;;;;;;;
;;;;;;;;;
;;;;;;;;;
;;;;;;;;;
;;;;;;;;;
;;;;;;;;;
;;;;;;;;;
;;;;;;;;;
;;;;;;;;;
;;;;;;;;;
;;;;;;;;;
;;;;;;;;;
;;;;;;;;;
;;;;;;;;;
;;;;;;;;;
;;;;;;;;;
;;;;;;;;;
;;;;;;;;;
;;;;;;;;;
;;;;;;;;;
;;;;;;;;;
;;;;;;;;;
;;;;;;;;;
;;;;;;;;;
;;;;;;;;;
;;;;;;;;;
;;;;;;;;;
;;;;;;;;;
;;;;;;;;;
;;;;;;;;;
;;;;;;;;;
;;;;;;;;;
;;;;;;;;;
;;;;;;;;;
;;;;;;;;;
;;;;;;;;;
;;;;;;;;;
;;;;;;;;;
;;;;;;;;;
;;;;;;;;;
;;;;;;;;;
;;;;;;;;;
;;;;;;;;;
;;;;;;;;;
;;;;;;;;;
;;;;;;;;;
;;;;;;;;;
;;;;;;;;;
;;;;;;;;;
;;;;;;;;;
;;;;;;;;;
;;;;;;;;;
;;;;;;;;;
;;;;;;;;;
;;;;;;;;;
;;;;;;;;;
;;;;;;;;;
;;;;;;;;;
;;;;;;;;;
;;;;;;;;;
;;;;;;;;;
;;;;;;;;;
;;;;;;;;;
;;;;;;;;;
;;;;;;;;;
;;;;;;;;;
;;;;;;;;;
;;;;;;;;;
;;;;;;;;;
;;;;;;;;;
;;;;;;;;;
;;;;;;;;;
;;;;;;;;;
;;;;;;;;;
;;;;;;;;;
;;;;;;;;;
;;;;;;;;;
;;;;;;;;;
;;;;;;;;;
;;;;;;;;;
;;;;;;;;;
;;;;;;;;;
;;;;;;;;;
;;;;;;;;;
;;;;;;;;;
;;;;;;;;;
;;;;;;;;;
;;;;;;;;;
;;;;;;;;;
;;;;;;;;;
;;;;;;;;;
;;;;;;;;;
;;;;;;;;;
;;;;;;;;;
;;;;;;;;;
;;;;;;;;;
;;;;;;;;;
;;;;;;;;;
;;;;;;;;;
;;;;;;;;;
;;;;;;;;;
;;;;;;;;;
;;;;;;;;;
;;;;;;;;;
;;;;;;;;;
;;;;;;;;;
;;;;;;;;;
;;;;;;;;;
;;;;;;;;;
;;;;;;;;;
;;;;;;;;;
;;;;;;;;;
;;;;;;;;;
;;;;;;;;;
;;;;;;;;;
;;;;;;;;;
;;;;;;;;;
;;;;;;;;;
;;;;;;;;;
;;;;;;;;;
;;;;;;;;;
;;;;;;;;;
;;;;;;;;;
;;;;;;;;;
;;;;;;;;;
;;;;;;;;;
;;;;;;;;;
;;;;;;;;;
;;;;;;;;;
;;;;;;;;;
;;;;;;;;;
;;;;;;;;;
;;;;;;;;;
;;;;;;;;;
;;;;;;;;;
;;;;;;;;;
;;;;;;;;;
;;;;;;;;;
;;;;;;;;;
;;;;;;;;;
;;;;;;;;;
;;;;;;;;;
;;;;;;;;;
;;;;;;;;;
;;;;;;;;;
;;;;;;;;;
;;;;;;;;;
;;;;;;;;;
;;;;;;;;;
;;;;;;;;;
;;;;;;;;;
;;;;;;;;;
;;;;;;;;;
;;;;;;;;;
;;;;;;;;;
;;;;;;;;;
;;;;;;;;;
;;;;;;;;;
;;;;;;;;;
;;;;;;;;;
;;;;;;;;;
;;;;;;;;;
;;;;;;;;;
;;;;;;;;;
;;;;;;;;;
;;;;;;;;;
;;;;;;;;;
;;;;;;;;;
;;;;;;;;;
;;;;;;;;;
;;;;;;;;;
;;;;;;;;;
;;;;;;;;;
;;;;;;;;;
;;;;;;;;;
;;;;;;;;;
;;;;;;;;;
;;;;;;;;;
;;;;;;;;;
;;;;;;;;;
;;;;;;;;;
;;;;;;;;;
;;;;;;;;;
;;;;;;;;;
;;;;;;;;;
;;;;;;;;;
;;;;;;;;;
;;;;;;;;;
;;;;;;;;;
;;;;;;;;;
;;;;;;;;;
;;;;;;;;;
;;;;;;;;;
;;;;;;;;;
;;;;;;;;;
;;;;;;;;;
;;;;;;;;;
;;;;;;;;;
;;;;;;;;;
;;;;;;;;;
;;;;;;;;;
;;;;;;;;;
;;;;;;;;;
;;;;;;;;;
;;;;;;;;;
;;;;;;;;;
;;;;;;;;;
;;;;;;;;;
;;;;;;;;;
;;;;;;;;;
;;;;;;;;;
;;;;;;;;;
;;;;;;;;;
;;;;;;;;;
;;;;;;;;;
;;;;;;;;;
;;;;;;;;;
;;;;;;;;;
;;;;;;;;;
;;;;;;;;;
;;;;;;;;;
;;;;;;;;;
;;;;;;;;;
;;;;;;;;;
;;;;;;;;;
;;;;;;;;;
;;;;;;;;;
;;;;;;;;;
;;;;;;;;;
;;;;;;;;;
;;;;;;;;;
;;;;;;;;;
;;;;;;;;;
;;;;;;;;;
;;;;;;;;;
;;;;;;;;;
;;;;;;;;;
;;;;;;;;;
;;;;;;;;;
;;;;;;;;;
;;;;;;;;;
;;;;;;;;;
;;;;;;;;;
;;;;;;;;;
;;;;;;;;;
;;;;;;;;;
;;;;;;;;;
;;;;;;;;;
;;;;;;;;;
;;;;;;;;;
;;;;;;;;;
;;;;;;;;;
;;;;;;;;;
;;;;;;;;;
;;;;;;;;;
;;;;;;;;;
;;;;;;;;;
;;;;;;;;;
;;;;;;;;;
;;;;;;;;;
;;;;;;;;;
;;;;;;;;;
;;;;;;;;;
;;;;;;;;;
;;;;;;;;;
;;;;;;;;;
;;;;;;;;;
;;;;;;;;;
;;;;;;;;;
;;;;;;;;;
;;;;;;;;;
;;;;;;;;;
;;;;;;;;;
;;;;;;;;;
;;;;;;;;;
;;;;;;;;;
;;;;;;;;;
;;;;;;;;;
;;;;;;;;;
;;;;;;;;;
;;;;;;;;;
;;;;;;;;;
;;;;;;;;;
;;;;;;;;;
;;;;;;;;;
;;;;;;;;;
;;;;;;;;;
;;;;;;;;;
;;;;;;;;;
;;;;;;;;;
;;;;;;;;;
;;;;;;;;;
;;;;;;;;;
;;;;;;;;;
;;;;;;;;;
;;;;;;;;;
;;;;;;;;;
;;;;;;;;;
;;;;;;;;;
;;;;;;;;;
;;;;;;;;;
;;;;;;;;;
;;;;;;;;;
;;;;;;;;;
;;;;;;;;;
;;;;;;;;;
;;;;;;;;;
;;;;;;;;;
;;;;;;;;;
;;;;;;;;;
;;;;;;;;;
;;;;;;;;;
;;;;;;;;;
;;;;;;;;;
;;;;;;;;;
;;;;;;;;;
;;;;;;;;;
;;;;;;;;;
;;;;;;;;;
;;;;;;;;;
;;;;;;;;;
;;;;;;;;;
;;;;;;;;;
;;;;;;;;;
;;;;;;;;;
;;;;;;;;;
;;;;;;;;;
;;;;;;;;;
;;;;;;;;;
;;;;;;;;;
;;;;;;;;;
;;;;;;;;;
;;;;;;;;;
;;;;;;;;;
;;;;;;;;;
;;;;;;;;;
;;;;;;;;;
;;;;;;;;;
;;;;;;;;;
;;;;;;;;;
;;;;;;;;;
;;;;;;;;;
;;;;;;;;;
;;;;;;;;;
;;;;;;;;;
;;;;;;;;;
;;;;;;;;;
;;;;;;;;;
;;;;;;;;;
;;;;;;;;;
;;;;;;;;;
;;;;;;;;;
;;;;;;;;;
;;;;;;;;;
;;;;;;;;;
;;;;;;;;;
;;;;;;;;;
;;;;;;;;;
;;;;;;;;;
;;;;;;;;;
;;;;;;;;;
;;;;;;;;;
;;;;;;;;;
;;;;;;;;;
;;;;;;;;;
;;;;;;;;;
;;;;;;;;;
;;;;;;;;;
;;;;;;;;;
;;;;;;;;;
;;;;;;;;;
;;;;;;;;;
;;;;;;;;;
;;;;;;;;;
;;;;;;;;;
;;;;;;;;;
;;;;;;;;;
;;;;;;;;;
;;;;;;;;;
;;;;;;;;;
;;;;;;;;;
;;;;;;;;;
;;;;;;;;;
;;;;;;;;;
;;;;;;;;;
;;;;;;;;;
;;;;;;;;;
;;;;;;;;;
;;;;;;;;;
;;;;;;;;;
;;;;;;;;;
;;;;;;;;;
;;;;;;;;;
;;;;;;;;;
;;;;;;;;;
;;;;;;;;;
;;;;;;;;;
;;;;;;;;;
;;;;;;;;;
;;;;;;;;;
;;;;;;;;;
;;;;;;;;;
;;;;;;;;;
;;;;;;;;;
;;;;;;;;;
;;;;;;;;;
;;;;;;;;;
;;;;;;;;;
;;;;;;;;;
;;;;;;;;;
;;;;;;;;;
;;;;;;;;;
;;;;;;;;;
;;;;;;;;;
;;;;;;;;;
;;;;;;;;;
;;;;;;;;;
;;;;;;;;;
;;;;;;;;;
;;;;;;;;;
;;;;;;;;;
;;;;;;;;;
;;;;;;;;;
;;;;;;;;;
;;;;;;;;;
;;;;;;;;;
;;;;;;;;;
;;;;;;;;;
;;;;;;;;;
;;;;;;;;;
;;;;;;;;;
;;;;;;;;;
;;;;;;;;;
;;;;;;;;;
;;;;;;;;;
;;;;;;;;;
;;;;;;;;;
;;;;;;;;;
;;;;;;;;;
;;;;;;;;;
;;;;;;;;;
;;;;;;;;;
;;;;;;;;;
;;;;;;;;;
;;;;;;;;;
;;;;;;;;;
;;;;;;;;;
;;;;;;;;;
;;;;;;;;;
;;;;;;;;;
;;;;;;;;;
;;;;;;;;;
;;;;;;;;;
;;;;;;;;;
;;;;;;;;;
;;;;;;;;;
;;;;;;;;;
;;;;;;;;;
;;;;;;;;;
;;;;;;;;;
;;;;;;;;;
;;;;;;;;;
;;;;;;;;;
;;;;;;;;;
;;;;;;;;;
;;;;;;;;;
;;;;;;;;;
;;;;;;;;;
;;;;;;;;;
;;;;;;;;;
;;;;;;;;;
;;;;;;;;;
;;;;;;;;;
;;;;;;;;;
;;;;;;;;;
;;;;;;;;;
;;;;;;;;;
;;;;;;;;;
;;;;;;;;;
;;;;;;;;;
;;;;;;;;;
;;;;;;;;;
;;;;;;;;;
;;;;;;;;;
;;;;;;;;;
;;;;;;;;;
;;;;;;;;;
;;;;;;;;;
;;;;;;;;;
;;;;;;;;;
;;;;;;;;;
;;;;;;;;;
;;;;;;;;;
;;;;;;;;;
;;;;;;;;;
;;;;;;;;;
;;;;;;;;;
;;;;;;;;;
;;;;;;;;;
;;;;;;;;;
;;;;;;;;;
;;;;;;;;;
;;;;;;;;;
;;;;;;;;;
;;;;;;;;;
;;;;;;;;;
;;;;;;;;;
;;;;;;;;;
;;;;;;;;;
;;;;;;;;;
;;;;;;;;;
;;;;;;;;;
;;;;;;;;;
;;;;;;;;;
;;;;;;;;;
;;;;;;;;;
;;;;;;;;;
;;;;;;;;;
;;;;;;;;;
;;;;;;;;;
;;;;;;;;;
;;;;;;;;;
;;;;;;;;;
;;;;;;;;;
;;;;;;;;;
;;;;;;;;;
;;;;;;;;;
;;;;;;;;;
;;;;;;;;;
;;;;;;;;;
;;;;;;;;;
;;;;;;;;;
;;;;;;;;;
;;;;;;;;;
;;;;;;;;;
;;;;;;;;;
;;;;;;;;;
;;;;;;;;;
;;;;;;;;;
;;;;;;;;;
;;;;;;;;;
;;;;;;;;;
;;;;;;;;;
;;;;;;;;;
;;;;;;;;;
;;;;;;;;;
;;;;;;;;;
;;;;;;;;;
;;;;;;;;;
;;;;;;;;;
;;;;;;;;;
;;;;;;;;;
;;;;;;;;;
;;;;;;;;;
;;;;;;;;;
;;;;;;;;;
;;;;;;;;;
;;;;;;;;;
;;;;;;;;;
;;;;;;;;;
;;;;;;;;;
;;;;;;;;;
;;;;;;;;;
;;;;;;;;;
;;;;;;;;;
;;;;;;;;;
;;;;;;;;;
;;;;;;;;;
;;;;;;;;;
;;;;;;;;;
;;;;;;;;;
;;;;;;;;;
;;;;;;;;;
;;;;;;;;;
;;;;;;;;;
;;;;;;;;;
;;;;;;;;;
;;;;;;;;;
;;;;;;;;;
;;;;;;;;;
;;;;;;;;;
;;;;;;;;;
;;;;;;;;;
;;;;;;;;;
;;;;;;;;;
;;;;;;;;;
;;;;;;;;;
;;;;;;;;;
;;;;;;;;;
;;;;;;;;;
;;;;;;;;;
;;;;;;;;;
;;;;;;;;;
;;;;;;;;;
;;;;;;;;;
;;;;;;;;;
;;;;;;;;;
;;;;;;;;;
;;;;;;;;;
;;;;;;;;;
;;;;;;;;;
;;;;;;;;;
;;;;;;;;;
;;;;;;;;;
;;;;;;;;;
;;;;;;;;;
;;;;;;;;;
;;;;;;;;;
;;;;;;;;;
;;;;;;;;;
;;;;;;;;;
;;;;;;;;;
;;;;;;;;;
;;;;;;;;;
;;;;;;;;;
;;;;;;;;;
;;;;;;;;;
;;;;;;;;;
;;;;;;;;;
;;;;;;;;;
;;;;;;;;;
;;;;;;;;;
;;;;;;;;;
;;;;;;;;;
;;;;;;;;;
;;;;;;;;;
;;;;;;;;;
;;;;;;;;;
;;;;;;;;;
;;;;;;;;;
;;;;;;;;;
;;;;;;;;;
;;;;;;;;;
;;;;;;;;;
;;;;;;;;;
;;;;;;;;;
;;;;;;;;;
;;;;;;;;;
;;;;;;;;;
;;;;;;;;;
;;;;;;;;;
;;;;;;;;;
;;;;;;;;;
;;;;;;;;;
;;;;;;;;;
;;;;;;;;;
;;;;;;;;;
;;;;;;;;;
;;;;;;;;;
;;;;;;;;;
;;;;;;;;;
;;;;;;;;;
;;;;;;;;;
;;;;;;;;;
;;;;;;;;;
;;;;;;;;;
;;;;;;;;;
;;;;;;;;;
;;;;;;;;;
;;;;;;;;;
;;;;;;;;;
;;;;;;;;;
;;;;;;;;;
;;;;;;;;;
;;;;;;;;;
;;;;;;;;;
;;;;;;;;;
;;;;;;;;;
;;;;;;;;;
;;;;;;;;;
;;;;;;;;;
;;;;;;;;;
;;;;;;;;;
;;;;;;;;;
;;;;;;;;;
;;;;;;;;;
;;;;;;;;;
;;;;;;;;;
;;;;;;;;;
;;;;;;;;;
;;;;;;;;;
;;;;;;;;;
;;;;;;;;;
;;;;;;;;;
;;;;;;;;;
;;;;;;;;;
;;;;;;;;;
;;;;;;;;;
;;;;;;;;;
;;;;;;;;;
;;;;;;;;;
;;;;;;;;;
;;;;;;;;;
;;;;;;;;;
;;;;;;;;;
;;;;;;;;;
;;;;;;;;;
;;;;;;;;;
;;;;;;;;;
;;;;;;;;;
;;;;;;;;;
;;;;;;;;;
;;;;;;;;;
;;;;;;;;;
;;;;;;;;;
;;;;;;;;;
;;;;;;;;;
;;;;;;;;;
;;;;;;;;;
;;;;;;;;;
;;;;;;;;;
;;;;;;;;;
;;;;;;;;;
;;;;;;;;;
;;;;;;;;;
;;;;;;;;;
;;;;;;;;;
;;;;;;;;;
;;;;;;;;;
;;;;;;;;;
;;;;;;;;;
;;;;;;;;;
;;;;;;;;;
;;;;;;;;;
;;;;;;;;;
;;;;;;;;;
;;;;;;;;;
;;;;;;;;;
;;;;;;;;;
;;;;;;;;;
;;;;;;;;;
;;;;;;;;;
;;;;;;;;;
;;;;;;;;;
;;;;;;;;;
;;;;;;;;;
;;;;;;;;;
;;;;;;;;;
;;;;;;;;;
;;;;;;;;;
;;;;;;;;;
;;;;;;;;;
;;;;;;;;;
;;;;;;;;;
;;;;;;;;;
;;;;;;;;;
;;;;;;;;;
;;;;;;;;;
;;;;;;;;;
;;;;;;;;;
;;;;;;;;;
;;;;;;;;;
;;;;;;;;;
;;;;;;;;;
;;;;;;;;;
;;;;;;;;;
;;;;;;;;;
;;;;;;;;;
;;;;;;;;;
;;;;;;;;;
;;;;;;;;;
;;;;;;;;;
;;;;;;;;;
;;;;;;;;;
;;;;;;;;;
;;;;;;;;;
;;;;;;;;;
;;;;;;;;;
;;;;;;;;;
;;;;;;;;;
;;;;;;;;;
;;;;;;;;;
;;;;;;;;;
;;;;;;;;;
;;;;;;;;;
;;;;;;;;;
;;;;;;;;;
;;;;;;;;;
;;;;;;;;;
;;;;;;;;;
;;;;;;;;;
;;;;;;;;;
;;;;;;;;;
;;;;;;;;;
;;;;;;;;;
;;;;;;;;;
;;;;;;;;;
;;;;;;;;;
;;;;;;;;;
;;;;;;;;;
;;;;;;;;;
;;;;;;;;;
;;;;;;;;;
;;;;;;;;;
;;;;;;;;;
;;;;;;;;;
;;;;;;;;;
;;;;;;;;;
;;;;;;;;;
;;;;;;;;;
;;;;;;;;;
;;;;;;;;;
;;;;;;;;;
;;;;;;;;;
;;;;;;;;;
;;;;;;;;;
;;;;;;;;;
;;;;;;;;;
;;;;;;;;;
;;;;;;;;;
;;;;;;;;;
;;;;;;;;;
;;;;;;;;;
;;;;;;;;;
;;;;;;;;;
;;;;;;;;;
;;;;;;;;;
;;;;;;;;;
;;;;;;;;;
;;;;;;;;;
;;;;;;;;;
;;;;;;;;;
;;;;;;;;;
;;;;;;;;;
;;;;;;;;;
;;;;;;;;;
;;;;;;;;;
;;;;;;;;;
;;;;;;;;;
;;;;;;;;;
;;;;;;;;;
;;;;;;;;;
;;;;;;;;;
;;;;;;;;;
;;;;;;;;;
;;;;;;;;;
;;;;;;;;;
;;;;;;;;;
;;;;;;;;;
;;;;;;;;;
;;;;;;;;;
;;;;;;;;;
;;;;;;;;;
;;;;;;;;;
;;;;;;;;;
;;;;;;;;;
;;;;;;;;;
;;;;;;;;;
;;;;;;;;;
;;;;;;;;;
;;;;;;;;;
;;;;;;;;;
;;;;;;;;;
;;;;;;;;;
;;;;;;;;;
;;;;;;;;;
;;;;;;;;;
;;;;;;;;;
;;;;;;;;;
;;;;;;;;;
;;;;;;;;;
;;;;;;;;;
;;;;;;;;;
;;;;;;;;;
;;;;;;;;;
;;;;;;;;;
;;;;;;;;;
;;;;;;;;;
;;;;;;;;;
;;;;;;;;;
;;;;;;;;;
;;;;;;;;;
;;;;;;;;;
;;;;;;;;;
;;;;;;;;;
;;;;;;;;;
;;;;;;;;;
;;;;;;;;;
;;;;;;;;;
;;;;;;;;;
;;;;;;;;;
;;;;;;;;;
;;;;;;;;;
;;;;;;;;;
;;;;;;;;;
;;;;;;;;;
;;;;;;;;;
;;;;;;;;;
;;;;;;;;;
;;;;;;;;;
;;;;;;;;;
;;;;;;;;;
;;;;;;;;;
;;;;;;;;;
;;;;;;;;;
;;;;;;;;;
;;;;;;;;;
;;;;;;;;;
;;;;;;;;;
;;;;;;;;;
;;;;;;;;;
;;;;;;;;;
;;;;;;;;;
;;;;;;;;;
;;;;;;;;;
;;;;;;;;;
;;;;;;;;;
;;;;;;;;;
;;;;;;;;;
;;;;;;;;;
;;;;;;;;;
;;;;;;;;;
;;;;;;;;;
;;;;;;;;;
;;;;;;;;;
;;;;;;;;;
;;;;;;;;;
;;;;;;;;;
;;;;;;;;;
;;;;;;;;;
;;;;;;;;;
;;;;;;;;;
;;;;;;;;;
;;;;;;;;;
;;;;;;;;;
;;;;;;;;;
;;;;;;;;;
;;;;;;;;;
;;;;;;;;;
;;;;;;;;;
;;;;;;;;;
;;;;;;;;;
;;;;;;;;;
;;;;;;;;;
;;;;;;;;;
;;;;;;;;;
;;;;;;;;;
;;;;;;;;;
;;;;;;;;;
;;;;;;;;;
;;;;;;;;;
;;;;;;;;;
;;;;;;;;;
;;;;;;;;;
;;;;;;;;;
;;;;;;;;;
;;;;;;;;;
;;;;;;;;;
;;;;;;;;;
;;;;;;;;;
;;;;;;;;;
;;;;;;;;;
;;;;;;;;;
;;;;;;;;;
;;;;;;;;;
;;;;;;;;;
;;;;;;;;;
;;;;;;;;;
;;;;;;;;;
;;;;;;;;;
;;;;;;;;;
;;;;;;;;;
;;;;;;;;;
;;;;;;;;;
;;;;;;;;;
;;;;;;;;;
;;;;;;;;;
;;;;;;;;;
;;;;;;;;;
;;;;;;;;;
;;;;;;;;;
;;;;;;;;;
;;;;;;;;;
;;;;;;;;;
;;;;;;;;;
;;;;;;;;;
;;;;;;;;;
;;;;;;;;;
;;;;;;;;;
;;;;;;;;;
;;;;;;;;;
;;;;;;;;;
;;;;;;;;;
;;;;;;;;;
;;;;;;;;;
;;;;;;;;;
;;;;;;;;;
;;;;;;;;;
;;;;;;;;;
;;;;;;;;;
;;;;;;;;;
;;;;;;;;;
;;;;;;;;;
;;;;;;;;;
;;;;;;;;;
;;;;;;;;;
;;;;;;;;;
;;;;;;;;;
;;;;;;;;;
;;;;;;;;;
;;;;;;;;;
;;;;;;;;;
;;;;;;;;;
;;;;;;;;;
;;;;;;;;;
;;;;;;;;;
;;;;;;;;;
;;;;;;;;;
;;;;;;;;;
;;;;;;;;;
;;;;;;;;;
;;;;;;;;;
;;;;;;;;;
;;;;;;;;;
;;;;;;;;;
;;;;;;;;;
;;;;;;;;;
;;;;;;;;;
;;;;;;;;;
;;;;;;;;;
;;;;;;;;;
;;;;;;;;;
;;;;;;;;;
;;;;;;;;;
;;;;;;;;;
;;;;;;;;;
;;;;;;;;;
;;;;;;;;;
;;;;;;;;;
;;;;;;;;;
;;;;;;;;;
;;;;;;;;;
;;;;;;;;;
;;;;;;;;;
;;;;;;;;;
;;;;;;;;;
;;;;;;;;;
;;;;;;;;;
;;;;;;;;;
;;;;;;;;;
;;;;;;;;;
;;;;;;;;;
;;;;;;;;;
;;;;;;;;;
;;;;;;;;;
;;;;;;;;;
;;;;;;;;;
;;;;;;;;;
;;;;;;;;;
;;;;;;;;;
;;;;;;;;;
;;;;;;;;;
;;;;;;;;;
;;;;;;;;;
;;;;;;;;;
;;;;;;;;;
;;;;;;;;;
;;;;;;;;;
;;;;;;;;;
;;;;;;;;;
;;;;;;;;;
;;;;;;;;;
;;;;;;;;;
;;;;;;;;;
;;;;;;;;;
;;;;;;;;;
;;;;;;;;;
;;;;;;;;;
;;;;;;;;;
;;;;;;;;;
;;;;;;;;;
;;;;;;;;;
;;;;;;;;;
;;;;;;;;;
;;;;;;;;;
;;;;;;;;;
;;;;;;;;;
;;;;;;;;;
;;;;;;;;;
;;;;;;;;;
;;;;;;;;;
;;;;;;;;;
;;;;;;;;;
;;;;;;;;;
;;;;;;;;;
;;;;;;;;;
;;;;;;;;;
;;;;;;;;;
;;;;;;;;;
;;;;;;;;;
;;;;;;;;;
;;;;;;;;;
;;;;;;;;;
;;;;;;;;;
;;;;;;;;;
;;;;;;;;;
;;;;;;;;;
;;;;;;;;;
;;;;;;;;;
;;;;;;;;;
;;;;;;;;;
;;;;;;;;;
;;;;;;;;;
;;;;;;;;;
;;;;;;;;;
;;;;;;;;;
;;;;;;;;;
;;;;;;;;;
;;;;;;;;;
;;;;;;;;;
;;;;;;;;;
;;;;;;;;;
;;;;;;;;;
;;;;;;;;;
;;;;;;;;;
;;;;;;;;;
;;;;;;;;;
;;;;;;;;;
;;;;;;;;;
;;;;;;;;;
;;;;;;;;;
;;;;;;;;;
;;;;;;;;;
;;;;;;;;;
;;;;;;;;;
;;;;;;;;;
;;;;;;;;;
;;;;;;;;;
;;;;;;;;;
;;;;;;;;;
;;;;;;;;;
;;;;;;;;;
;;;;;;;;;
;;;;;;;;;
;;;;;;;;;
;;;;;;;;;
;;;;;;;;;
;;;;;;;;;
;;;;;;;;;
;;;;;;;;;
;;;;;;;;;
;;;;;;;;;
;;;;;;;;;
;;;;;;;;;
;;;;;;;;;
;;;;;;;;;
;;;;;;;;;
;;;;;;;;;
;;;;;;;;;
;;;;;;;;;
;;;;;;;;;
;;;;;;;;;
;;;;;;;;;
;;;;;;;;;
;;;;;;;;;
;;;;;;;;;
;;;;;;;;;
;;;;;;;;;
;;;;;;;;;
;;;;;;;;;
;;;;;;;;;
;;;;;;;;;
;;;;;;;;;
;;;;;;;;;
;;;;;;;;;
;;;;;;;;;
;;;;;;;;;
;;;;;;;;;
;;;;;;;;;
;;;;;;;;;
;;;;;;;;;
;;;;;;;;;
;;;;;;;;;
;;;;;;;;;
;;;;;;;;;
;;;;;;;;;
;;;;;;;;;
;;;;;;;;;
;;;;;;;;;
;;;;;;;;;
;;;;;;;;;
;;;;;;;;;
;;;;;;;;;
;;;;;;;;;
;;;;;;;;;
;;;;;;;;;
;;;;;;;;;
;;;;;;;;;
;;;;;;;;;
;;;;;;;;;
;;;;;;;;;
;;;;;;;;;
;;;;;;;;;
;;;;;;;;;
;;;;;;;;;
;;;;;;;;;
;;;;;;;;;
;;;;;;;;;
;;;;;;;;;
;;;;;;;;;
;;;;;;;;;
;;;;;;;;;
;;;;;;;;;
;;;;;;;;;
;;;;;;;;;
;;;;;;;;;
;;;;;;;;;
;;;;;;;;;
;;;;;;;;;
;;;;;;;;;
;;;;;;;;;
;;;;;;;;;
;;;;;;;;;
;;;;;;;;;
;;;;;;;;;
;;;;;;;;;
;;;;;;;;;
;;;;;;;;;
;;;;;;;;;
;;;;;;;;;
;;;;;;;;;
;;;;;;;;;
;;;;;;;;;
;;;;;;;;;
;;;;;;;;;
;;;;;;;;;
;;;;;;;;;
;;;;;;;;;
;;;;;;;;;
;;;;;;;;;
;;;;;;;;;
;;;;;;;;;
;;;;;;;;;
;;;;;;;;;
;;;;;;;;;
;;;;;;;;;
;;;;;;;;;
;;;;;;;;;
;;;;;;;;;
;;;;;;;;;
;;;;;;;;;
;;;;;;;;;
;;;;;;;;;
;;;;;;;;;
;;;;;;;;;
;;;;;;;;;
;;;;;;;;;
;;;;;;;;;
;;;;;;;;;
;;;;;;;;;
;;;;;;;;;
;;;;;;;;;
;;;;;;;;;
;;;;;;;;;
;;;;;;;;;
;;;;;;;;;
;;;;;;;;;
;;;;;;;;;
;;;;;;;;;
;;;;;;;;;
;;;;;;;;;
;;;;;;;;;
;;;;;;;;;
;;;;;;;;;
;;;;;;;;;
;;;;;;;;;
;;;;;;;;;
;;;;;;;;;
;;;;;;;;;
;;;;;;;;;
;;;;;;;;;
;;;;;;;;;
;;;;;;;;;
;;;;;;;;;
;;;;;;;;;
;;;;;;;;;
;;;;;;;;;
;;;;;;;;;
;;;;;;;;;
;;;;;;;;;
;;;;;;;;;
;;;;;;;;;
;;;;;;;;;
;;;;;;;;;
;;;;;;;;;
;;;;;;;;;
;;;;;;;;;
;;;;;;;;;
;;;;;;;;;
;;;;;;;;;
;;;;;;;;;
;;;;;;;;;
;;;;;;;;;
;;;;;;;;;
;;;;;;;;;
;;;;;;;;;
;;;;;;;;;
;;;;;;;;;
;;;;;;;;;
;;;;;;;;;
;;;;;;;;;
;;;;;;;;;
;;;;;;;;;
;;;;;;;;;
;;;;;;;;;
;;;;;;;;;
;;;;;;;;;
;;;;;;;;;
;;;;;;;;;
;;;;;;;;;
;;;;;;;;;
;;;;;;;;;
;;;;;;;;;
;;;;;;;;;
;;;;;;;;;
;;;;;;;;;
;;;;;;;;;
;;;;;;;;;
;;;;;;;;;
;;;;;;;;;
;;;;;;;;;
;;;;;;;;;
;;;;;;;;;
;;;;;;;;;
;;;;;;;;;
;;;;;;;;;
;;;;;;;;;
;;;;;;;;;
;;;;;;;;;
;;;;;;;;;
;;;;;;;;;
;;;;;;;;;
;;;;;;;;;
;;;;;;;;;
;;;;;;;;;
;;;;;;;;;
;;;;;;;;;
;;;;;;;;;
;;;;;;;;;
;;;;;;;;;
;;;;;;;;;
;;;;;;;;;
;;;;;;;;;
;;;;;;;;;
;;;;;;;;;
;;;;;;;;;
;;;;;;;;;
;;;;;;;;;
;;;;;;;;;
;;;;;;;;;
;;;;;;;;;
;;;;;;;;;
;;;;;;;;;
;;;;;;;;;
;;;;;;;;;
;;;;;;;;;
;;;;;;;;;
;;;;;;;;;
;;;;;;;;;
;;;;;;;;;
;;;;;;;;;
;;;;;;;;;
;;;;;;;;;
;;;;;;;;;
;;;;;;;;;
;;;;;;;;;
;;;;;;;;;
;;;;;;;;;
;;;;;;;;;
;;;;;;;;;
;;;;;;;;;
;;;;;;;;;
;;;;;;;;;
;;;;;;;;;
;;;;;;;;;
;;;;;;;;;
;;;;;;;;;
;;;;;;;;;
;;;;;;;;;
;;;;;;;;;
;;;;;;;;;
;;;;;;;;;
;;;;;;;;;
;;;;;;;;;
;;;;;;;;;
;;;;;;;;;
;;;;;;;;;
;;;;;;;;;
;;;;;;;;;
;;;;;;;;;
;;;;;;;;;
;;;;;;;;;
;;;;;;;;;
;;;;;;;;;
;;;;;;;;;
;;;;;;;;;
;;;;;;;;;
;;;;;;;;;
;;;;;;;;;
;;;;;;;;;
;;;;;;;;;
;;;;;;;;;
;;;;;;;;;
;;;;;;;;;
;;;;;;;;;
;;;;;;;;;
;;;;;;;;;
;;;;;;;;;
;;;;;;;;;
;;;;;;;;;
;;;;;;;;;
;;;;;;;;;
;;;;;;;;;
;;;;;;;;;
;;;;;;;;;
;;;;;;;;;
;;;;;;;;;
;;;;;;;;;
;;;;;;;;;
;;;;;;;;;
;;;;;;;;;
;;;;;;;;;
;;;;;;;;;
;;;;;;;;;
;;;;;;;;;
;;;;;;;;;
;;;;;;;;;
;;;;;;;;;
;;;;;;;;;
;;;;;;;;;
;;;;;;;;;
;;;;;;;;;
;;;;;;;;;
;;;;;;;;;
;;;;;;;;;
;;;;;;;;;
;;;;;;;;;
;;;;;;;;;
;;;;;;;;;
;;;;;;;;;
;;;;;;;;;
;;;;;;;;;
;;;;;;;;;
;;;;;;;;;
;;;;;;;;;
;;;;;;;;;
;;;;;;;;;
;;;;;;;;;
;;;;;;;;;
;;;;;;;;;
;;;;;;;;;
;;;;;;;;;
;;;;;;;;;
;;;;;;;;;
;;;;;;;;;
;;;;;;;;;
;;;;;;;;;
;;;;;;;;;
;;;;;;;;;
;;;;;;;;;
;;;;;;;;;
;;;;;;;;;
;;;;;;;;;
;;;;;;;;;
;;;;;;;;;
;;;;;;;;;
;;;;;;;;;
;;;;;;;;;
;;;;;;;;;
;;;;;;;;;
;;;;;;;;;
;;;;;;;;;
;;;;;;;;;
;;;;;;;;;
;;;;;;;;;
;;;;;;;;;
;;;;;;;;;
;;;;;;;;;
;;;;;;;;;
;;;;;;;;;
;;;;;;;;;
;;;;;;;;;
;;;;;;;;;
;;;;;;;;;
;;;;;;;;;
;;;;;;;;;
;;;;;;;;;
;;;;;;;;;
;;;;;;;;;
;;;;;;;;;
;;;;;;;;;
;;;;;;;;;
;;;;;;;;;
;;;;;;;;;
;;;;;;;;;
;;;;;;;;;
;;;;;;;;;
;;;;;;;;;
;;;;;;;;;
;;;;;;;;;
;;;;;;;;;
;;;;;;;;;
;;;;;;;;;
;;;;;;;;;
;;;;;;;;;
;;;;;;;;;
;;;;;;;;;
;;;;;;;;;
;;;;;;;;;
;;;;;;;;;
;;;;;;;;;
;;;;;;;;;
;;;;;;;;;
;;;;;;;;;
;;;;;;;;;
;;;;;;;;;
;;;;;;;;;
;;;;;;;;;
;;;;;;;;;
;;;;;;;;;
;;;;;;;;;
;;;;;;;;;
;;;;;;;;;
;;;;;;;;;
;;;;;;;;;
;;;;;;;;;
;;;;;;;;;
;;;;;;;;;
;;;;;;;;;
;;;;;;;;;
;;;;;;;;;
;;;;;;;;;
;;;;;;;;;
;;;;;;;;;
;;;;;;;;;
;;;;;;;;;
;;;;;;;;;
;;;;;;;;;
;;;;;;;;;
;;;;;;;;;
;;;;;;;;;
;;;;;;;;;
;;;;;;;;;
;;;;;;;;;
;;;;;;;;;
;;;;;;;;;
;;;;;;;;;
;;;;;;;;;
;;;;;;;;;
;;;;;;;;;
;;;;;;;;;
;;;;;;;;;
;;;;;;;;;
;;;;;;;;;
;;;;;;;;;
;;;;;;;;;
;;;;;;;;;
;;;;;;;;;
;;;;;;;;;
;;;;;;;;;
;;;;;;;;;
;;;;;;;;;
;;;;;;;;;
;;;;;;;;;
;;;;;;;;;
;;;;;;;;;
;;;;;;;;;
;;;;;;;;;
;;;;;;;;;
;;;;;;;;;
;;;;;;;;;
;;;;;;;;;
;;;;;;;;;
;;;;;;;;;
;;;;;;;;;
;;;;;;;;;
;;;;;;;;;
;;;;;;;;;
;;;;;;;;;
;;;;;;;;;
;;;;;;;;;
;;;;;;;;;
;;;;;;;;;
;;;;;;;;;
;;;;;;;;;
;;;;;;;;;
;;;;;;;;;
;;;;;;;;;
;;;;;;;;;
;;;;;;;;;
;;;;;;;;;
;;;;;;;;;
;;;;;;;;;
;;;;;;;;;
;;;;;;;;;
;;;;;;;;;
;;;;;;;;;
;;;;;;;;;
;;;;;;;;;
;;;;;;;;;
;;;;;;;;;
;;;;;;;;;
;;;;;;;;;
;;;;;;;;;
;;;;;;;;;
;;;;;;;;;
;;;;;;;;;
;;;;;;;;;
;;;;;;;;;
;;;;;;;;;
;;;;;;;;;
;;;;;;;;;
;;;;;;;;;
;;;;;;;;;
;;;;;;;;;
;;;;;;;;;
;;;;;;;;;
;;;;;;;;;
;;;;;;;;;
;;;;;;;;;
;;;;;;;;;
;;;;;;;;;
;;;;;;;;;
;;;;;;;;;
;;;;;;;;;
;;;;;;;;;
;;;;;;;;;
;;;;;;;;;
;;;;;;;;;
;;;;;;;;;
;;;;;;;;;
;;;;;;;;;
;;;;;;;;;
;;;;;;;;;
;;;;;;;;;
;;;;;;;;;
;;;;;;;;;
;;;;;;;;;
;;;;;;;;;
;;;;;;;;;
;;;;;;;;;
;;;;;;;;;
;;;;;;;;;
;;;;;;;;;
;;;;;;;;;
;;;;;;;;;
;;;;;;;;;
;;;;;;;;;
;;;;;;;;;
;;;;;;;;;
;;;;;;;;;
;;;;;;;;;
;;;;;;;;;
;;;;;;;;;
;;;;;;;;;
;;;;;;;;;
;;;;;;;;;
;;;;;;;;;
;;;;;;;;;
;;;;;;;;;
;;;;;;;;;
;;;;;;;;;
;;;;;;;;;
;;;;;;;;;
;;;;;;;;;
;;;;;;;;;
;;;;;;;;;
;;;;;;;;;
;;;;;;;;;
;;;;;;;;;
;;;;;;;;;
;;;;;;;;;
;;;;;;;;;
;;;;;;;;;
;;;;;;;;;
;;;;;;;;;
;;;;;;;;;
;;;;;;;;;
;;;;;;;;;
;;;;;;;;;
;;;;;;;;;
;;;;;;;;;
;;;;;;;;;
;;;;;;;;;
;;;;;;;;;
;;;;;;;;;
;;;;;;;;;
;;;;;;;;;
;;;;;;;;;
;;;;;;;;;
;;;;;;;;;
;;;;;;;;;
;;;;;;;;;
;;;;;;;;;
;;;;;;;;;
;;;;;;;;;
;;;;;;;;;
;;;;;;;;;
;;;;;;;;;
;;;;;;;;;
;;;;;;;;;
;;;;;;;;;
;;;;;;;;;
;;;;;;;;;
;;;;;;;;;
;;;;;;;;;
;;;;;;;;;
;;;;;;;;;
;;;;;;;;;
;;;;;;;;;
;;;;;;;;;
;;;;;;;;;
;;;;;;;;;
;;;;;;;;;
;;;;;;;;;
;;;;;;;;;
;;;;;;;;;
;;;;;;;;;
;;;;;;;;;
;;;;;;;;;
;;;;;;;;;
;;;;;;;;;
;;;;;;;;;
;;;;;;;;;
;;;;;;;;;
;;;;;;;;;
;;;;;;;;;
;;;;;;;;;
;;;;;;;;;
;;;;;;;;;
;;;;;;;;;
;;;;;;;;;
;;;;;;;;;
;;;;;;;;;
;;;;;;;;;
;;;;;;;;;
;;;;;;;;;
;;;;;;;;;
;;;;;;;;;
;;;;;;;;;
;;;;;;;;;
;;;;;;;;;
;;;;;;;;;
;;;;;;;;;
;;;;;;;;;
;;;;;;;;;
;;;;;;;;;
;;;;;;;;;
;;;;;;;;;
;;;;;;;;;
;;;;;;;;;
;;;;;;;;;
;;;;;;;;;
;;;;;;;;;
;;;;;;;;;
;;;;;;;;;
;;;;;;;;;
;;;;;;;;;
;;;;;;;;;
;;;;;;;;;
;;;;;;;;;
;;;;;;;;;
;;;;;;;;;
;;;;;;;;;
;;;;;;;;;
;;;;;;;;;
;;;;;;;;;
;;;;;;;;;
;;;;;;;;;
;;;;;;;;;
;;;;;;;;;
;;;;;;;;;
;;;;;;;;;
;;;;;;;;;
;;;;;;;;;
;;;;;;;;;
;;;;;;;;;
;;;;;;;;;
;;;;;;;;;
;;;;;;;;;
;;;;;;;;;
;;;;;;;;;
;;;;;;;;;
;;;;;;;;;
;;;;;;;;;
;;;;;;;;;
;;;;;;;;;
;;;;;;;;;
;;;;;;;;;
;;;;;;;;;
;;;;;;;;;
;;;;;;;;;
;;;;;;;;;
;;;;;;;;;
;;;;;;;;;
;;;;;;;;;
;;;;;;;;;
;;;;;;;;;
;;;;;;;;;
;;;;;;;;;
;;;;;;;;;
;;;;;;;;;
;;;;;;;;;
;;;;;;;;;
;;;;;;;;;
;;;;;;;;;
;;;;;;;;;
;;;;;;;;;
;;;;;;;;;
;;;;;;;;;
;;;;;;;;;
;;;;;;;;;
;;;;;;;;;
;;;;;;;;;
;;;;;;;;;
;;;;;;;;;
;;;;;;;;;
;;;;;;;;;
;;;;;;;;;
;;;;;;;;;
;;;;;;;;;
;;;;;;;;;
;;;;;;;;;
;;;;;;;;;
;;;;;;;;;
;;;;;;;;;
;;;;;;;;;
;;;;;;;;;
;;;;;;;;;
;;;;;;;;;
;;;;;;;;;
;;;;;;;;;
;;;;;;;;;
;;;;;;;;;
;;;;;;;;;
;;;;;;;;;
;;;;;;;;;
;;;;;;;;;
;;;;;;;;;
;;;;;;;;;
;;;;;;;;;
;;;;;;;;;
;;;;;;;;;
;;;;;;;;;
;;;;;;;;;
;;;;;;;;;
;;;;;;;;;
;;;;;;;;;
;;;;;;;;;
;;;;;;;;;
;;;;;;;;;
;;;;;;;;;
;;;;;;;;;
;;;;;;;;;
;;;;;;;;;
;;;;;;;;;
;;;;;;;;;
;;;;;;;;;
;;;;;;;;;
;;;;;;;;;
;;;;;;;;;
;;;;;;;;;
;;;;;;;;;
;;;;;;;;;
;;;;;;;;;
;;;;;;;;;
;;;;;;;;;
;;;;;;;;;
;;;;;;;;;
;;;;;;;;;
;;;;;;;;;
;;;;;;;;;
;;;;;;;;;
;;;;;;;;;
;;;;;;;;;
;;;;;;;;;
;;;;;;;;;
;;;;;;;;;
;;;;;;;;;
;;;;;;;;;
;;;;;;;;;
;;;;;;;;;
;;;;;;;;;
;;;;;;;;;
;;;;;;;;;
;;;;;;;;;
;;;;;;;;;
;;;;;;;;;
;;;;;;;;;
;;;;;;;;;
;;;;;;;;;
;;;;;;;;;
;;;;;;;;;
;;;;;;;;;
;;;;;;;;;
;;;;;;;;;
;;;;;;;;;
;;;;;;;;;
;;;;;;;;;
;;;;;;;;;
;;;;;;;;;
;;;;;;;;;
;;;;;;;;;
;;;;;;;;;
;;;;;;;;;
;;;;;;;;;
;;;;;;;;;
;;;;;;;;;
;;;;;;;;;
;;;;;;;;;
;;;;;;;;;
;;;;;;;;;
;;;;;;;;;
;;;;;;;;;
;;;;;;;;;
;;;;;;;;;
;;;;;;;;;
;;;;;;;;;
;;;;;;;;;
;;;;;;;;;
;;;;;;;;;
;;;;;;;;;
;;;;;;;;;
;;;;;;;;;
;;;;;;;;;
;;;;;;;;;
;;;;;;;;;
;;;;;;;;;
;;;;;;;;;
;;;;;;;;;
;;;;;;;;;
;;;;;;;;;
;;;;;;;;;
;;;;;;;;;
;;;;;;;;;
;;;;;;;;;
;;;;;;;;;
;;;;;;;;;
;;;;;;;;;
;;;;;;;;;
;;;;;;;;;
;;;;;;;;;
;;;;;;;;;
;;;;;;;;;
;;;;;;;;;
;;;;;;;;;
;;;;;;;;;
;;;;;;;;;
;;;;;;;;;
;;;;;;;;;
;;;;;;;;;
;;;;;;;;;
;;;;;;;;;
;;;;;;;;;
;;;;;;;;;
;;;;;;;;;
;;;;;;;;;
;;;;;;;;;
;;;;;;;;;
;;;;;;;;;
;;;;;;;;;
;;;;;;;;;
;;;;;;;;;
;;;;;;;;;
;;;;;;;;;
;;;;;;;;;
;;;;;;;;;
;;;;;;;;;
;;;;;;;;;
;;;;;;;;;
;;;;;;;;;
;;;;;;;;;
;;;;;;;;;
;;;;;;;;;
;;;;;;;;;
;;;;;;;;;
;;;;;;;;;
;;;;;;;;;
;;;;;;;;;
;;;;;;;;;
;;;;;;;;;
;;;;;;;;;
;;;;;;;;;
;;;;;;;;;
;;;;;;;;;
;;;;;;;;;
;;;;;;;;;
;;;;;;;;;
;;;;;;;;;
;;;;;;;;;
;;;;;;;;;
;;;;;;;;;
;;;;;;;;;
;;;;;;;;;
;;;;;;;;;
;;;;;;;;;
;;;;;;;;;
;;;;;;;;;
;;;;;;;;;
;;;;;;;;;
;;;;;;;;;
;;;;;;;;;
;;;;;;;;;
;;;;;;;;;
;;;;;;;;;
;;;;;;;;;
;;;;;;;;;
;;;;;;;;;
;;;;;;;;;
;;;;;;;;;
;;;;;;;;;
;;;;;;;;;
;;;;;;;;;
;;;;;;;;;
;;;;;;;;;
;;;;;;;;;
;;;;;;;;;
;;;;;;;;;
;;;;;;;;;
;;;;;;;;;
;;;;;;;;;
;;;;;;;;;
;;;;;;;;;
;;;;;;;;;
;;;;;;;;;
;;;;;;;;;
;;;;;;;;;
;;;;;;;;;
;;;;;;;;;
;;;;;;;;;
;;;;;;;;;
;;;;;;;;;
;;;;;;;;;
;;;;;;;;;
;;;;;;;;;
;;;;;;;;;
;;;;;;;;;
;;;;;;;;;
;;;;;;;;;
;;;;;;;;;
;;;;;;;;;
;;;;;;;;;
;;;;;;;;;
;;;;;;;;;
;;;;;;;;;
;;;;;;;;;
;;;;;;;;;
;;;;;;;;;
;;;;;;;;;
;;;;;;;;;
;;;;;;;;;
;;;;;;;;;
;;;;;;;;;
;;;;;;;;;
;;;;;;;;;
;;;;;;;;;
;;;;;;;;;
;;;;;;;;;
;;;;;;;;;
;;;;;;;;;
;;;;;;;;;
;;;;;;;;;
;;;;;;;;;
;;;;;;;;;
;;;;;;;;;
;;;;;;;;;
;;;;;;;;;
;;;;;;;;;
;;;;;;;;;
;;;;;;;;;
;;;;;;;;;
;;;;;;;;;
;;;;;;;;;
;;;;;;;;;
;;;;;;;;;
;;;;;;;;;
;;;;;;;;;
;;;;;;;;;
;;;;;;;;;
;;;;;;;;;
;;;;;;;;;
;;;;;;;;;
;;;;;;;;;
;;;;;;;;;
;;;;;;;;;
;;;;;;;;;
;;;;;;;;;
;;;;;;;;;
;;;;;;;;;
;;;;;;;;;
;;;;;;;;;
;;;;;;;;;
;;;;;;;;;
;;;;;;;;;
;;;;;;;;;
;;;;;;;;;
;;;;;;;;;
;;;;;;;;;
;;;;;;;;;
;;;;;;;;;
;;;;;;;;;
;;;;;;;;;
;;;;;;;;;
;;;;;;;;;
;;;;;;;;;
;;;;;;;;;
;;;;;;;;;
;;;;;;;;;
;;;;;;;;;
;;;;;;;;;
;;;;;;;;;
;;;;;;;;;
;;;;;;;;;
;;;;;;;;;
;;;;;;;;;
;;;;;;;;;
;;;;;;;;;
;;;;;;;;;
;;;;;;;;;
;;;;;;;;;
;;;;;;;;;
;;;;;;;;;
;;;;;;;;;
;;;;;;;;;
;;;;;;;;;
;;;;;;;;;
;;;;;;;;;
;;;;;;;;;
;;;;;;;;;
;;;;;;;;;
;;;;;;;;;
;;;;;;;;;
;;;;;;;;;
;;;;;;;;;
;;;;;;;;;
;;;;;;;;;
;;;;;;;;;
;;;;;;;;;
;;;;;;;;;
;;;;;;;;;
;;;;;;;;;
;;;;;;;;;
;;;;;;;;;
;;;;;;;;;
;;;;;;;;;
;;;;;;;;;
;;;;;;;;;
;;;;;;;;;
;;;;;;;;;
;;;;;;;;;
;;;;;;;;;
;;;;;;;;;
;;;;;;;;;
;;;;;;;;;
;;;;;;;;;
;;;;;;;;;
;;;;;;;;;
;;;;;;;;;
;;;;;;;;;
;;;;;;;;;
;;;;;;;;;
;;;;;;;;;
;;;;;;;;;
;;;;;;;;;
;;;;;;;;;
;;;;;;;;;
;;;;;;;;;
;;;;;;;;;
;;;;;;;;;
;;;;;;;;;
;;;;;;;;;
;;;;;;;;;
;;;;;;;;;
;;;;;;;;;
;;;;;;;;;
;;;;;;;;;
;;;;;;;;;
;;;;;;;;;
;;;;;;;;;
;;;;;;;;;
;;;;;;;;;
;;;;;;;;;
;;;;;;;;;
;;;;;;;;;
;;;;;;;;;
;;;;;;;;;
;;;;;;;;;
;;;;;;;;;
;;;;;;;;;
;;;;;;;;;
;;;;;;;;;
;;;;;;;;;
;;;;;;;;;
;;;;;;;;;
;;;;;;;;;
;;;;;;;;;
;;;;;;;;;
;;;;;;;;;
;;;;;;;;;
;;;;;;;;;
;;;;;;;;;
;;;;;;;;;
;;;;;;;;;
;;;;;;;;;
;;;;;;;;;
;;;;;;;;;
;;;;;;;;;
;;;;;;;;;
;;;;;;;;;
;;;;;;;;;
;;;;;;;;;
;;;;;;;;;
;;;;;;;;;
;;;;;;;;;
;;;;;;;;;
;;;;;;;;;
;;;;;;;;;
;;;;;;;;;
;;;;;;;;;
;;;;;;;;;
;;;;;;;;;
;;;;;;;;;
;;;;;;;;;
;;;;;;;;;
;;;;;;;;;
;;;;;;;;;
;;;;;;;;;
;;;;;;;;;
;;;;;;;;;
;;;;;;;;;
;;;;;;;;;
;;;;;;;;;
;;;;;;;;;
;;;;;;;;;
;;;;;;;;;
;;;;;;;;;
;;;;;;;;;
;;;;;;;;;
;;;;;;;;;
;;;;;;;;;
;;;;;;;;;
;;;;;;;;;
;;;;;;;;;
;;;;;;;;;
;;;;;;;;;
;;;;;;;;;
;;;;;;;;;
;;;;;;;;;
;;;;;;;;;
;;;;;;;;;
;;;;;;;;;
;;;;;;;;;
;;;;;;;;;
;;;;;;;;;
;;;;;;;;;
;;;;;;;;;
;;;;;;;;;
;;;;;;;;;
;;;;;;;;;
;;;;;;;;;
;;;;;;;;;
;;;;;;;;;
;;;;;;;;;
;;;;;;;;;
;;;;;;;;;
;;;;;;;;;
;;;;;;;;;
;;;;;;;;;
;;;;;;;;;
;;;;;;;;;
;;;;;;;;;
;;;;;;;;;
;;;;;;;;;
;;;;;;;;;
;;;;;;;;;
;;;;;;;;;
;;;;;;;;;
;;;;;;;;;
;;;;;;;;;
;;;;;;;;;
;;;;;;;;;
;;;;;;;;;
;;;;;;;;;
;;;;;;;;;
;;;;;;;;;
;;;;;;;;;
;;;;;;;;;
;;;;;;;;;
;;;;;;;;;
;;;;;;;;;
;;;;;;;;;
;;;;;;;;;
;;;;;;;;;
;;;;;;;;;
;;;;;;;;;
;;;;;;;;;
;;;;;;;;;
;;;;;;;;;
;;;;;;;;;
;;;;;;;;;
;;;;;;;;;
;;;;;;;;;
;;;;;;;;;
;;;;;;;;;
;;;;;;;;;
;;;;;;;;;
;;;;;;;;;
;;;;;;;;;
;;;;;;;;;
;;;;;;;;;
;;;;;;;;;
;;;;;;;;;
;;;;;;;;;
;;;;;;;;;
;;;;;;;;;
;;;;;;;;;
;;;;;;;;;
;;;;;;;;;
;;;;;;;;;
;;;;;;;;;
;;;;;;;;;
;;;;;;;;;
;;;;;;;;;
;;;;;;;;;
;;;;;;;;;
;;;;;;;;;
;;;;;;;;;
;;;;;;;;;
;;;;;;;;;
;;;;;;;;;
;;;;;;;;;
;;;;;;;;;
;;;;;;;;;
;;;;;;;;;
;;;;;;;;;
;;;;;;;;;
;;;;;;;;;
;;;;;;;;;
;;;;;;;;;
;;;;;;;;;
;;;;;;;;;
;;;;;;;;;
;;;;;;;;;
;;;;;;;;;
;;;;;;;;;
;;;;;;;;;
;;;;;;;;;
;;;;;;;;;
;;;;;;;;;
;;;;;;;;;
;;;;;;;;;
;;;;;;;;;
;;;;;;;;;
;;;;;;;;;
;;;;;;;;;
;;;;;;;;;
;;;;;;;;;
;;;;;;;;;
;;;;;;;;;
;;;;;;;;;
;;;;;;;;;
;;;;;;;;;
;;;;;;;;;
;;;;;;;;;
;;;;;;;;;
;;;;;;;;;
;;;;;;;;;
;;;;;;;;;
;;;;;;;;;
;;;;;;;;;
;;;;;;;;;
;;;;;;;;;
;;;;;;;;;
;;;;;;;;;
;;;;;;;;;
;;;;;;;;;
;;;;;;;;;
;;;;;;;;;
;;;;;;;;;
;;;;;;;;;
;;;;;;;;;
;;;;;;;;;
;;;;;;;;;
;;;;;;;;;
;;;;;;;;;
;;;;;;;;;
;;;;;;;;;
;;;;;;;;;
;;;;;;;;;
;;;;;;;;;
;;;;;;;;;
;;;;;;;;;
;;;;;;;;;
;;;;;;;;;
;;;;;;;;;
;;;;;;;;;
;;;;;;;;;
;;;;;;;;;
;;;;;;;;;
;;;;;;;;;
;;;;;;;;;
;;;;;;;;;
;;;;;;;;;
;;;;;;;;;
;;;;;;;;;
;;;;;;;;;
;;;;;;;;;
;;;;;;;;;
;;;;;;;;;
;;;;;;;;;
;;;;;;;;;
;;;;;;;;;
;;;;;;;;;
;;;;;;;;;
;;;;;;;;;
;;;;;;;;;
;;;;;;;;;
;;;;;;;;;
;;;;;;;;;
;;;;;;;;;
;;;;;;;;;
;;;;;;;;;
;;;;;;;;;
;;;;;;;;;
;;;;;;;;;
;;;;;;;;;
;;;;;;;;;
;;;;;;;;;
;;;;;;;;;
;;;;;;;;;
;;;;;;;;;
;;;;;;;;;
;;;;;;;;;
;;;;;;;;;
;;;;;;;;;
;;;;;;;;;
;;;;;;;;;
;;;;;;;;;
;;;;;;;;;
;;;;;;;;;
;;;;;;;;;
;;;;;;;;;
;;;;;;;;;
;;;;;;;;;
;;;;;;;;;
;;;;;;;;;
;;;;;;;;;
;;;;;;;;;
;;;;;;;;;
;;;;;;;;;
;;;;;;;;;
;;;;;;;;;
;;;;;;;;;
;;;;;;;;;
;;;;;;;;;
;;;;;;;;;
;;;;;;;;;
;;;;;;;;;
;;;;;;;;;
;;;;;;;;;
;;;;;;;;;
;;;;;;;;;
;;;;;;;;;
;;;;;;;;;
;;;;;;;;;
;;;;;;;;;
;;;;;;;;;
;;;;;;;;;
;;;;;;;;;
;;;;;;;;;
;;;;;;;;;
;;;;;;;;;
;;;;;;;;;
;;;;;;;;;
;;;;;;;;;
;;;;;;;;;
;;;;;;;;;
;;;;;;;;;
;;;;;;;;;
;;;;;;;;;
;;;;;;;;;
;;;;;;;;;
;;;;;;;;;
;;;;;;;;;
;;;;;;;;;
;;;;;;;;;
;;;;;;;;;
;;;;;;;;;
;;;;;;;;;
;;;;;;;;;
;;;;;;;;;
;;;;;;;;;
;;;;;;;;;
;;;;;;;;;
;;;;;;;;;
;;;;;;;;;
;;;;;;;;;
;;;;;;;;;
;;;;;;;;;
;;;;;;;;;
;;;;;;;;;
;;;;;;;;;
;;;;;;;;;
;;;;;;;;;
;;;;;;;;;
;;;;;;;;;
;;;;;;;;;
;;;;;;;;;
;;;;;;;;;
;;;;;;;;;
;;;;;;;;;
;;;;;;;;;
;;;;;;;;;
;;;;;;;;;
;;;;;;;;;
;;;;;;;;;
;;;;;;;;;
;;;;;;;;;
;;;;;;;;;
;;;;;;;;;
;;;;;;;;;
;;;;;;;;;
;;;;;;;;;
;;;;;;;;;
;;;;;;;;;
;;;;;;;;;
;;;;;;;;;
;;;;;;;;;
;;;;;;;;;
;;;;;;;;;
;;;;;;;;;
;;;;;;;;;
;;;;;;;;;
;;;;;;;;;
;;;;;;;;;
;;;;;;;;;
;;;;;;;;;
;;;;;;;;;
;;;;;;;;;
;;;;;;;;;
;;;;;;;;;
;;;;;;;;;
;;;;;;;;;
;;;;;;;;;
;;;;;;;;;
;;;;;;;;;
;;;;;;;;;
;;;;;;;;;
;;;;;;;;;
;;;;;;;;;
;;;;;;;;;
;;;;;;;;;
;;;;;;;;;
;;;;;;;;;
;;;;;;;;;
;;;;;;;;;
;;;;;;;;;
;;;;;;;;;
;;;;;;;;;
;;;;;;;;;
;;;;;;;;;
;;;;;;;;;
;;;;;;;;;
;;;;;;;;;
;;;;;;;;;
;;;;;;;;;
;;;;;;;;;
;;;;;;;;;
;;;;;;;;;
;;;;;;;;;
;;;;;;;;;
;;;;;;;;;
;;;;;;;;;
;;;;;;;;;
;;;;;;;;;
;;;;;;;;;
;;;;;;;;;
;;;;;;;;;
;;;;;;;;;
;;;;;;;;;
;;;;;;;;;
;;;;;;;;;
;;;;;;;;;
;;;;;;;;;
;;;;;;;;;
;;;;;;;;;
;;;;;;;;;
;;;;;;;;;
;;;;;;;;;
;;;;;;;;;
;;;;;;;;;
;;;;;;;;;
;;;;;;;;;
;;;;;;;;;
;;;;;;;;;
;;;;;;;;;
;;;;;;;;;
;;;;;;;;;
;;;;;;;;;
;;;;;;;;;
;;;;;;;;;
;;;;;;;;;
;;;;;;;;;
;;;;;;;;;
;;;;;;;;;
;;;;;;;;;
;;;;;;;;;
;;;;;;;;;
;;;;;;;;;
;;;;;;;;;
;;;;;;;;;
;;;;;;;;;
;;;;;;;;;
;;;;;;;;;
;;;;;;;;;
;;;;;;;;;
;;;;;;;;;
;;;;;;;;;
;;;;;;;;;
;;;;;;;;;
;;;;;;;;;
;;;;;;;;;
;;;;;;;;;
;;;;;;;;;
;;;;;;;;;
;;;;;;;;;
;;;;;;;;;
;;;;;;;;;
;;;;;;;;;
;;;;;;;;;
;;;;;;;;;
;;;;;;;;;
;;;;;;;;;
;;;;;;;;;
;;;;;;;;;
;;;;;;;;;
;;;;;;;;;
;;;;;;;;;
;;;;;;;;;
;;;;;;;;;
;;;;;;;;;
;;;;;;;;;
;;;;;;;;;
;;;;;;;;;
;;;;;;;;;
;;;;;;;;;
;;;;;;;;;
;;;;;;;;;
;;;;;;;;;
;;;;;;;;;
;;;;;;;;;
;;;;;;;;;
;;;;;;;;;
;;;;;;;;;
;;;;;;;;;
;;;;;;;;;
;;;;;;;;;
;;;;;;;;;
;;;;;;;;;
;;;;;;;;;
;;;;;;;;;
;;;;;;;;;
;;;;;;;;;
;;;;;;;;;
;;;;;;;;;
;;;;;;;;;
;;;;;;;;;
;;;;;;;;;
;;;;;;;;;
;;;;;;;;;
;;;;;;;;;
;;;;;;;;;
;;;;;;;;;
;;;;;;;;;
;;;;;;;;;
;;;;;;;;;
;;;;;;;;;
;;;;;;;;;
;;;;;;;;;
;;;;;;;;;
;;;;;;;;;
;;;;;;;;;
;;;;;;;;;
;;;;;;;;;
;;;;;;;;;
;;;;;;;;;
;;;;;;;;;
;;;;;;;;;
;;;;;;;;;
;;;;;;;;;
;;;;;;;;;
;;;;;;;;;
;;;;;;;;;
;;;;;;;;;
;;;;;;;;;
;;;;;;;;;
;;;;;;;;;
;;;;;;;;;
;;;;;;;;;
;;;;;;;;;
;;;;;;;;;
;;;;;;;;;
;;;;;;;;;
;;;;;;;;;
;;;;;;;;;
;;;;;;;;;
;;;;;;;;;
;;;;;;;;;
;;;;;;;;;
;;;;;;;;;
;;;;;;;;;
;;;;;;;;;
;;;;;;;;;
;;;;;;;;;
;;;;;;;;;
;;;;;;;;;
;;;;;;;;;
;;;;;;;;;
;;;;;;;;;
;;;;;;;;;
;;;;;;;;;
;;;;;;;;;
;;;;;;;;;
;;;;;;;;;
;;;;;;;;;
;;;;;;;;;
;;;;;;;;;
;;;;;;;;;
;;;;;;;;;
;;;;;;;;;
;;;;;;;;;
;;;;;;;;;
;;;;;;;;;
;;;;;;;;;
;;;;;;;;;
;;;;;;;;;
;;;;;;;;;
;;;;;;;;;
;;;;;;;;;
;;;;;;;;;
;;;;;;;;;
;;;;;;;;;
;;;;;;;;;
;;;;;;;;;
;;;;;;;;;
;;;;;;;;;
;;;;;;;;;
;;;;;;;;;
;;;;;;;;;
;;;;;;;;;
;;;;;;;;;
;;;;;;;;;
;;;;;;;;;
;;;;;;;;;
;;;;;;;;;
;;;;;;;;;
;;;;;;;;;
;;;;;;;;;
;;;;;;;;;
;;;;;;;;;
;;;;;;;;;
;;;;;;;;;
;;;;;;;;;
;;;;;;;;;
;;;;;;;;;
;;;;;;;;;
;;;;;;;;;
;;;;;;;;;
;;;;;;;;;
;;;;;;;;;
;;;;;;;;;
;;;;;;;;;
;;;;;;;;;
;;;;;;;;;
;;;;;;;;;
;;;;;;;;;
;;;;;;;;;
;;;;;;;;;
;;;;;;;;;
;;;;;;;;;
;;;;;;;;;
;;;;;;;;;
;;;;;;;;;
;;;;;;;;;
;;;;;;;;;
;;;;;;;;;
;;;;;;;;;
;;;;;;;;;
;;;;;;;;;
;;;;;;;;;
;;;;;;;;;
;;;;;;;;;
;;;;;;;;;
;;;;;;;;;
;;;;;;;;;
;;;;;;;;;
;;;;;;;;;
;;;;;;;;;
;;;;;;;;;
;;;;;;;;;
;;;;;;;;;
;;;;;;;;;
;;;;;;;;;
;;;;;;;;;
;;;;;;;;;
;;;;;;;;;
;;;;;;;;;
;;;;;;;;;
;;;;;;;;;
;;;;;;;;;
;;;;;;;;;
;;;;;;;;;
;;;;;;;;;
;;;;;;;;;
;;;;;;;;;
;;;;;;;;;
;;;;;;;;;
;;;;;;;;;
;;;;;;;;;
;;;;;;;;;
;;;;;;;;;
;;;;;;;;;
;;;;;;;;;
;;;;;;;;;
;;;;;;;;;
;;;;;;;;;
;;;;;;;;;
;;;;;;;;;
;;;;;;;;;
;;;;;;;;;
;;;;;;;;;
;;;;;;;;;
;;;;;;;;;
;;;;;;;;;
;;;;;;;;;
;;;;;;;;;
;;;;;;;;;
;;;;;;;;;
;;;;;;;;;
;;;;;;;;;
;;;;;;;;;
;;;;;;;;;
;;;;;;;;;
;;;;;;;;;
;;;;;;;;;
;;;;;;;;;
;;;;;;;;;
;;;;;;;;;
;;;;;;;;;
;;;;;;;;;
;;;;;;;;;
;;;;;;;;;
;;;;;;;;;
;;;;;;;;;
;;;;;;;;;
;;;;;;;;;
;;;;;;;;;
;;;;;;;;;
;;;;;;;;;
;;;;;;;;;
;;;;;;;;;
;;;;;;;;;
;;;;;;;;;
;;;;;;;;;
;;;;;;;;;
;;;;;;;;;
;;;;;;;;;
;;;;;;;;;
;;;;;;;;;
;;;;;;;;;
;;;;;;;;;
;;;;;;;;;
;;;;;;;;;
;;;;;;;;;
;;;;;;;;;
;;;;;;;;;
;;;;;;;;;
;;;;;;;;;
;;;;;;;;;
;;;;;;;;;
;;;;;;;;;
;;;;;;;;;
;;;;;;;;;
;;;;;;;;;
;;;;;;;;;
;;;;;;;;;
;;;;;;;;;
;;;;;;;;;
;;;;;;;;;
;;;;;;;;;
;;;;;;;;;
;;;;;;;;;
;;;;;;;;;
;;;;;;;;;
;;;;;;;;;
;;;;;;;;;
;;;;;;;;;
;;;;;;;;;
;;;;;;;;;
;;;;;;;;;
;;;;;;;;;
;;;;;;;;;
;;;;;;;;;
;;;;;;;;;
;;;;;;;;;
;;;;;;;;;
;;;;;;;;;
;;;;;;;;;
;;;;;;;;;
;;;;;;;;;
;;;;;;;;;
;;;;;;;;;
;;;;;;;;;
;;;;;;;;;
;;;;;;;;;
;;;;;;;;;
;;;;;;;;;
;;;;;;;;;
;;;;;;;;;
;;;;;;;;;
;;;;;;;;;
;;;;;;;;;
;;;;;;;;;
;;;;;;;;;
;;;;;;;;;
;;;;;;;;;
;;;;;;;;;
;;;;;;;;;
;;;;;;;;;
;;;;;;;;;
;;;;;;;;;
;;;;;;;;;
;;;;;;;;;
;;;;;;;;;
;;;;;;;;;
;;;;;;;;;
;;;;;;;;;
;;;;;;;;;
;;;;;;;;;
;;;;;;;;;
;;;;;;;;;
;;;;;;;;;
;;;;;;;;;
;;;;;;;;;
;;;;;;;;;
;;;;;;;;;
;;;;;;;;;
;;;;;;;;;
;;;;;;;;;
;;;;;;;;;
;;;;;;;;;
;;;;;;;;;
;;;;;;;;;
;;;;;;;;;
;;;;;;;;;
;;;;;;;;;
;;;;;;;;;
;;;;;;;;;
;;;;;;;;;
;;;;;;;;;
;;;;;;;;;
;;;;;;;;;
;;;;;;;;;
;;;;;;;;;
;;;;;;;;;
;;;;;;;;;
;;;;;;;;;
;;;;;;;;;
;;;;;;;;;
;;;;;;;;;
;;;;;;;;;
;;;;;;;;;
;;;;;;;;;
;;;;;;;;;
;;;;;;;;;
;;;;;;;;;
;;;;;;;;;
;;;;;;;;;
;;;;;;;;;
;;;;;;;;;
;;;;;;;;;
;;;;;;;;;
;;;;;;;;;
;;;;;;;;;
;;;;;;;;;
;;;;;;;;;
;;;;;;;;;
;;;;;;;;;
;;;;;;;;;
;;;;;;;;;
;;;;;;;;;
;;;;;;;;;
;;;;;;;;;
;;;;;;;;;
;;;;;;;;;
;;;;;;;;;
;;;;;;;;;
;;;;;;;;;
;;;;;;;;;
;;;;;;;;;
;;;;;;;;;
;;;;;;;;;
;;;;;;;;;
;;;;;;;;;
;;;;;;;;;
;;;;;;;;;
;;;;;;;;;
;;;;;;;;;
;;;;;;;;;
;;;;;;;;;
;;;;;;;;;
;;;;;;;;;
;;;;;;;;;
;;;;;;;;;
;;;;;;;;;
;;;;;;;;;
;;;;;;;;;
;;;;;;;;;
;;;;;;;;;
;;;;;;;;;
;;;;;;;;;
;;;;;;;;;
;;;;;;;;;
;;;;;;;;;
;;;;;;;;;
;;;;;;;;;
;;;;;;;;;
;;;;;;;;;
;;;;;;;;;
;;;;;;;;;
;;;;;;;;;
;;;;;;;;;
;;;;;;;;;
;;;;;;;;;
;;;;;;;;;
;;;;;;;;;
;;;;;;;;;
;;;;;;;;;
;;;;;;;;;
;;;;;;;;;
;;;;;;;;;
;;;;;;;;;
;;;;;;;;;
;;;;;;;;;
;;;;;;;;;
;;;;;;;;;
;;;;;;;;;
;;;;;;;;;
;;;;;;;;;
;;;;;;;;;
;;;;;;;;;
;;;;;;;;;
;;;;;;;;;
;;;;;;;;;
;;;;;;;;;
;;;;;;;;;
;;;;;;;;;
;;;;;;;;;
;;;;;;;;;
;;;;;;;;;
;;;;;;;;;
;;;;;;;;;
;;;;;;;;;
;;;;;;;;;
;;;;;;;;;
;;;;;;;;;
;;;;;;;;;
;;;;;;;;;
;;;;;;;;;
;;;;;;;;;
;;;;;;;;;
;;;;;;;;;
;;;;;;;;;
;;;;;;;;;
;;;;;;;;;
;;;;;;;;;
;;;;;;;;;
;;;;;;;;;
;;;;;;;;;
;;;;;;;;;
;;;;;;;;;
;;;;;;;;;
;;;;;;;;;
;;;;;;;;;
;;;;;;;;;
;;;;;;;;;
;;;;;;;;;
;;;;;;;;;
;;;;;;;;;
;;;;;;;;;
;;;;;;;;;
;;;;;;;;;
;;;;;;;;;
;;;;;;;;;
;;;;;;;;;
;;;;;;;;;
;;;;;;;;;
;;;;;;;;;
;;;;;;;;;
;;;;;;;;;
;;;;;;;;;
;;;;;;;;;
;;;;;;;;;
;;;;;;;;;
;;;;;;;;;
;;;;;;;;;
;;;;;;;;;
;;;;;;;;;
;;;;;;;;;
;;;;;;;;;
;;;;;;;;;
;;;;;;;;;
;;;;;;;;;
;;;;;;;;;
;;;;;;;;;
;;;;;;;;;
;;;;;;;;;
;;;;;;;;;
;;;;;;;;;
;;;;;;;;;
;;;;;;;;;
;;;;;;;;;
;;;;;;;;;
;;;;;;;;;
;;;;;;;;;
;;;;;;;;;
;;;;;;;;;
;;;;;;;;;
;;;;;;;;;
;;;;;;;;;
;;;;;;;;;
;;;;;;;;;
;;;;;;;;;
;;;;;;;;;
;;;;;;;;;
;;;;;;;;;
;;;;;;;;;
;;;;;;;;;
;;;;;;;;;
;;;;;;;;;
;;;;;;;;;
;;;;;;;;;
;;;;;;;;;
;;;;;;;;;
;;;;;;;;;
;;;;;;;;;
;;;;;;;;;
;;;;;;;;;
;;;;;;;;;
;;;;;;;;;
;;;;;;;;;
;;;;;;;;;
;;;;;;;;;
;;;;;;;;;
;;;;;;;;;
;;;;;;;;;
;;;;;;;;;
;;;;;;;;;
;;;;;;;;;
;;;;;;;;;
;;;;;;;;;
;;;;;;;;;
;;;;;;;;;
;;;;;;;;;
;;;;;;;;;
;;;;;;;;;
;;;;;;;;;
;;;;;;;;;
;;;;;;;;;
;;;;;;;;;
;;;;;;;;;
;;;;;;;;;
;;;;;;;;;
;;;;;;;;;
;;;;;;;;;
;;;;;;;;;
;;;;;;;;;
;;;;;;;;;
;;;;;;;;;
;;;;;;;;;
;;;;;;;;;
;;;;;;;;;
;;;;;;;;;
;;;;;;;;;
;;;;;;;;;
;;;;;;;;;
;;;;;;;;;
;;;;;;;;;
;;;;;;;;;
;;;;;;;;;
;;;;;;;;;
;;;;;;;;;
;;;;;;;;;
;;;;;;;;;
;;;;;;;;;
;;;;;;;;;
;;;;;;;;;
;;;;;;;;;
;;;;;;;;;
;;;;;;;;;
;;;;;;;;;
;;;;;;;;;
;;;;;;;;;
;;;;;;;;;
;;;;;;;;;
;;;;;;;;;
;;;;;;;;;
;;;;;;;;;
;;;;;;;;;
;;;;;;;;;
;;;;;;;;;
;;;;;;;;;
;;;;;;;;;
;;;;;;;;;
;;;;;;;;;
;;;;;;;;;
;;;;;;;;;
;;;;;;;;;
;;;;;;;;;
;;;;;;;;;
;;;;;;;;;
;;;;;;;;;
;;;;;;;;;
;;;;;;;;;
;;;;;;;;;
;;;;;;;;;
;;;;;;;;;
;;;;;;;;;
;;;;;;;;;
;;;;;;;;;
;;;;;;;;;
;;;;;;;;;
;;;;;;;;;
;;;;;;;;;
;;;;;;;;;
;;;;;;;;;
;;;;;;;;;
;;;;;;;;;
;;;;;;;;;
;;;;;;;;;
;;;;;;;;;
;;;;;;;;;
;;;;;;;;;
;;;;;;;;;
;;;;;;;;;
;;;;;;;;;
;;;;;;;;;
;;;;;;;;;
;;;;;;;;;
;;;;;;;;;
;;;;;;;;;
;;;;;;;;;
;;;;;;;;;
;;;;;;;;;
;;;;;;;;;
;;;;;;;;;
;;;;;;;;;
;;;;;;;;;
;;;;;;;;;
;;;;;;;;;
;;;;;;;;;
;;;;;;;;;
;;;;;;;;;
;;;;;;;;;
;;;;;;;;;
;;;;;;;;;
;;;;;;;;;
;;;;;;;;;
;;;;;;;;;
;;;;;;;;;
;;;;;;;;;
;;;;;;;;;
;;;;;;;;;
;;;;;;;;;
;;;;;;;;;
;;;;;;;;;
;;;;;;;;;
;;;;;;;;;
;;;;;;;;;
;;;;;;;;;
;;;;;;;;;
;;;;;;;;;
;;;;;;;;;
;;;;;;;;;
;;;;;;;;;
;;;;;;;;;
;;;;;;;;;
;;;;;;;;;
;;;;;;;;;
;;;;;;;;;
;;;;;;;;;
;;;;;;;;;
;;;;;;;;;
;;;;;;;;;
;;;;;;;;;
;;;;;;;;;
;;;;;;;;;
;;;;;;;;;
;;;;;;;;;
;;;;;;;;;
;;;;;;;;;
;;;;;;;;;
;;;;;;;;;
;;;;;;;;;
;;;;;;;;;
;;;;;;;;;
;;;;;;;;;
;;;;;;;;;
;;;;;;;;;
;;;;;;;;;
;;;;;;;;;
;;;;;;;;;
;;;;;;;;;
;;;;;;;;;
;;;;;;;;;
;;;;;;;;;
;;;;;;;;;
;;;;;;;;;
;;;;;;;;;
;;;;;;;;;
;;;;;;;;;
;;;;;;;;;
;;;;;;;;;
;;;;;;;;;
;;;;;;;;;
;;;;;;;;;
;;;;;;;;;
;;;;;;;;;
;;;;;;;;;
;;;;;;;;;
;;;;;;;;;
;;;;;;;;;
;;;;;;;;;
;;;;;;;;;
;;;;;;;;;
;;;;;;;;;
;;;;;;;;;
;;;;;;;;;
;;;;;;;;;
;;;;;;;;;
;;;;;;;;;
;;;;;;;;;
;;;;;;;;;
;;;;;;;;;
;;;;;;;;;
;;;;;;;;;
;;;;;;;;;
;;;;;;;;;
;;;;;;;;;
;;;;;;;;;
;;;;;;;;;
;;;;;;;;;
;;;;;;;;;
;;;;;;;;;
;;;;;;;;;
;;;;;;;;;
;;;;;;;;;
;;;;;;;;;
;;;;;;;;;
;;;;;;;;;
;;;;;;;;;
;;;;;;;;;
;;;;;;;;;
;;;;;;;;;
;;;;;;;;;
;;;;;;;;;
;;;;;;;;;
;;;;;;;;;
;;;;;;;;;
;;;;;;;;;
;;;;;;;;;
;;;;;;;;;
;;;;;;;;;
;;;;;;;;;
;;;;;;;;;
;;;;;;;;;
;;;;;;;;;
;;;;;;;;;
;;;;;;;;;
;;;;;;;;;
;;;;;;;;;
;;;;;;;;;
;;;;;;;;;
;;;;;;;;;
;;;;;;;;;
;;;;;;;;;
;;;;;;;;;
;;;;;;;;;
;;;;;;;;;
;;;;;;;;;
;;;;;;;;;
;;;;;;;;;
;;;;;;;;;
;;;;;;;;;
;;;;;;;;;
;;;;;;;;;
;;;;;;;;;
;;;;;;;;;
;;;;;;;;;
;;;;;;;;;
;;;;;;;;;
;;;;;;;;;
;;;;;;;;;
;;;;;;;;;
;;;;;;;;;
;;;;;;;;;
;;;;;;;;;
;;;;;;;;;
;;;;;;;;;
;;;;;;;;;
;;;;;;;;;
;;;;;;;;;
;;;;;;;;;
;;;;;;;;;
;;;;;;;;;
;;;;;;;;;
;;;;;;;;;
;;;;;;;;;
;;;;;;;;;
;;;;;;;;;
;;;;;;;;;
;;;;;;;;;
;;;;;;;;;
;;;;;;;;;
;;;;;;;;;
;;;;;;;;;
;;;;;;;;;
;;;;;;;;;
;;;;;;;;;
;;;;;;;;;
;;;;;;;;;
;;;;;;;;;
;;;;;;;;;
;;;;;;;;;
;;;;;;;;;
;;;;;;;;;
;;;;;;;;;
;;;;;;;;;
;;;;;;;;;
;;;;;;;;;
;;;;;;;;;
;;;;;;;;;
;;;;;;;;;
;;;;;;;;;
;;;;;;;;;
;;;;;;;;;
;;;;;;;;;
;;;;;;;;;
;;;;;;;;;
;;;;;;;;;
;;;;;;;;;
;;;;;;;;;
;;;;;;;;;
;;;;;;;;;
;;;;;;;;;
;;;;;;;;;
;;;;;;;;;
;;;;;;;;;
;;;;;;;;;
;;;;;;;;;
;;;;;;;;;
;;;;;;;;;
;;;;;;;;;
;;;;;;;;;
;;;;;;;;;
;;;;;;;;;
;;;;;;;;;
;;;;;;;;;
;;;;;;;;;
;;;;;;;;;
;;;;;;;;;
;;;;;;;;;
;;;;;;;;;
;;;;;;;;;
;;;;;;;;;
;;;;;;;;;
;;;;;;;;;
;;;;;;;;;
;;;;;;;;;
;;;;;;;;;
;;;;;;;;;
;;;;;;;;;
;;;;;;;;;
;;;;;;;;;
;;;;;;;;;
;;;;;;;;;
;;;;;;;;;
;;;;;;;;;
;;;;;;;;;
;;;;;;;;;
;;;;;;;;;
;;;;;;;;;
;;;;;;;;;
;;;;;;;;;
;;;;;;;;;
;;;;;;;;;
;;;;;;;;;
;;;;;;;;;
;;;;;;;;;
;;;;;;;;;
;;;;;;;;;
;;;;;;;;;
;;;;;;;;;
;;;;;;;;;
;;;;;;;;;
;;;;;;;;;
;;;;;;;;;
;;;;;;;;;
;;;;;;;;;
;;;;;;;;;
;;;;;;;;;
;;;;;;;;;
;;;;;;;;;
;;;;;;;;;
;;;;;;;;;
;;;;;;;;;
;;;;;;;;;
;;;;;;;;;
;;;;;;;;;
;;;;;;;;;
;;;;;;;;;
;;;;;;;;;
;;;;;;;;;
;;;;;;;;;
;;;;;;;;;
;;;;;;;;;
;;;;;;;;;
;;;;;;;;;
;;;;;;;;;
;;;;;;;;;
;;;;;;;;;
;;;;;;;;;
;;;;;;;;;
;;;;;;;;;
;;;;;;;;;
;;;;;;;;;
;;;;;;;;;
;;;;;;;;;
;;;;;;;;;
;;;;;;;;;
;;;;;;;;;
;;;;;;;;;
;;;;;;;;;
;;;;;;;;;
;;;;;;;;;
;;;;;;;;;
;;;;;;;;;
;;;;;;;;;
;;;;;;;;;
;;;;;;;;;
;;;;;;;;;
;;;;;;;;;
;;;;;;;;;
;;;;;;;;;
;;;;;;;;;
;;;;;;;;;
;;;;;;;;;
;;;;;;;;;
;;;;;;;;;
;;;;;;;;;
;;;;;;;;;
;;;;;;;;;
;;;;;;;;;
;;;;;;;;;
;;;;;;;;;
;;;;;;;;;
;;;;;;;;;
;;;;;;;;;
;;;;;;;;;
;;;;;;;;;
;;;;;;;;;
;;;;;;;;;
;;;;;;;;;
;;;;;;;;;
;;;;;;;;;
;;;;;;;;;
;;;;;;;;;
;;;;;;;;;
;;;;;;;;;
;;;;;;;;;
;;;;;;;;;
;;;;;;;;;
;;;;;;;;;
;;;;;;;;;
;;;;;;;;;
;;;;;;;;;
;;;;;;;;;
;;;;;;;;;
;;;;;;;;;
;;;;;;;;;
;;;;;;;;;
;;;;;;;;;
;;;;;;;;;
;;;;;;;;;
;;;;;;;;;
;;;;;;;;;
;;;;;;;;;
;;;;;;;;;
;;;;;;;;;
;;;;;;;;;
;;;;;;;;;
;;;;;;;;;
;;;;;;;;;
;;;;;;;;;
;;;;;;;;;
;;;;;;;;;
;;;;;;;;;
;;;;;;;;;
;;;;;;;;;
;;;;;;;;;
;;;;;;;;;
;;;;;;;;;
;;;;;;;;;
;;;;;;;;;
;;;;;;;;;
;;;;;;;;;
;;;;;;;;;
;;;;;;;;;
;;;;;;;;;
;;;;;;;;;
;;;;;;;;;
;;;;;;;;;
;;;;;;;;;
;;;;;;;;;
;;;;;;;;;
;;;;;;;;;
;;;;;;;;;
;;;;;;;;;
;;;;;;;;;
;;;;;;;;;
;;;;;;;;;
;;;;;;;;;
;;;;;;;;;
;;;;;;;;;
;;;;;;;;;
;;;;;;;;;
;;;;;;;;;
;;;;;;;;;
;;;;;;;;;
;;;;;;;;;
;;;;;;;;;
;;;;;;;;;
;;;;;;;;;
;;;;;;;;;
;;;;;;;;;
;;;;;;;;;
;;;;;;;;;
;;;;;;;;;
;;;;;;;;;
;;;;;;;;;
;;;;;;;;;
;;;;;;;;;
;;;;;;;;;
;;;;;;;;;
;;;;;;;;;
;;;;;;;;;
;;;;;;;;;
;;;;;;;;;
;;;;;;;;;
;;;;;;;;;
;;;;;;;;;
;;;;;;;;;
;;;;;;;;;
;;;;;;;;;
;;;;;;;;;
;;;;;;;;;
;;;;;;;;;
;;;;;;;;;
;;;;;;;;;
;;;;;;;;;
;;;;;;;;;
;;;;;;;;;
;;;;;;;;;
;;;;;;;;;
;;;;;;;;;
;;;;;;;;;
;;;;;;;;;
;;;;;;;;;
;;;;;;;;;
;;;;;;;;;
;;;;;;;;;
;;;;;;;;;
;;;;;;;;;
;;;;;;;;;
;;;;;;;;;
;;;;;;;;;
;;;;;;;;;
;;;;;;;;;
;;;;;;;;;
;;;;;;;;;
;;;;;;;;;
;;;;;;;;;
;;;;;;;;;
;;;;;;;;;
;;;;;;;;;
;;;;;;;;;
;;;;;;;;;
;;;;;;;;;
;;;;;;;;;
;;;;;;;;;
;;;;;;;;;
;;;;;;;;;
;;;;;;;;;
;;;;;;;;;
;;;;;;;;;
;;;;;;;;;
;;;;;;;;;
;;;;;;;;;
;;;;;;;;;
;;;;;;;;;
;;;;;;;;;
;;;;;;;;;
;;;;;;;;;
;;;;;;;;;
;;;;;;;;;
;;;;;;;;;
;;;;;;;;;
;;;;;;;;;
;;;;;;;;;
;;;;;;;;;
;;;;;;;;;
;;;;;;;;;
;;;;;;;;;
;;;;;;;;;
;;;;;;;;;
;;;;;;;;;
;;;;;;;;;
;;;;;;;;;
;;;;;;;;;
;;;;;;;;;
;;;;;;;;;
;;;;;;;;;
;;;;;;;;;
;;;;;;;;;
;;;;;;;;;
;;;;;;;;;
;;;;;;;;;
;;;;;;;;;
;;;;;;;;;
;;;;;;;;;
;;;;;;;;;
;;;;;;;;;
;;;;;;;;;
;;;;;;;;;
;;;;;;;;;
;;;;;;;;;
;;;;;;;;;
;;;;;;;;;
;;;;;;;;;
;;;;;;;;;
;;;;;;;;;
;;;;;;;;;
;;;;;;;;;
;;;;;;;;;
;;;;;;;;;
;;;;;;;;;
;;;;;;;;;
;;;;;;;;;
;;;;;;;;;
;;;;;;;;;
;;;;;;;;;
;;;;;;;;;
;;;;;;;;;
;;;;;;;;;
;;;;;;;;;
;;;;;;;;;
;;;;;;;;;
;;;;;;;;;
;;;;;;;;;
;;;;;;;;;
;;;;;;;;;
;;;;;;;;;
;;;;;;;;;
;;;;;;;;;
;;;;;;;;;
;;;;;;;;;
;;;;;;;;;
;;;;;;;;;
;;;;;;;;;
;;;;;;;;;
;;;;;;;;;
;;;;;;;;;
;;;;;;;;;
;;;;;;;;;
;;;;;;;;;
;;;;;;;;;
;;;;;;;;;
;;;;;;;;;
;;;;;;;;;
;;;;;;;;;
;;;;;;;;;
;;;;;;;;;
;;;;;;;;;
;;;;;;;;;
;;;;;;;;;
;;;;;;;;;
;;;;;;;;;
;;;;;;;;;
;;;;;;;;;
;;;;;;;;;
;;;;;;;;;
;;;;;;;;;
;;;;;;;;;
;;;;;;;;;
;;;;;;;;;
;;;;;;;;;
;;;;;;;;;
;;;;;;;;;
;;;;;;;;;
;;;;;;;;;
;;;;;;;;;
;;;;;;;;;
;;;;;;;;;
;;;;;;;;;
;;;;;;;;;
;;;;;;;;;
;;;;;;;;;
;;;;;;;;;
;;;;;;;;;
;;;;;;;;;
;;;;;;;;;
;;;;;;;;;
;;;;;;;;;
;;;;;;;;;
;;;;;;;;;
;;;;;;;;;
;;;;;;;;;
;;;;;;;;;
;;;;;;;;;
;;;;;;;;;
;;;;;;;;;
;;;;;;;;;
;;;;;;;;;
;;;;;;;;;
;;;;;;;;;
;;;;;;;;;
;;;;;;;;;
;;;;;;;;;
;;;;;;;;;
;;;;;;;;;
;;;;;;;;;
;;;;;;;;;
;;;;;;;;;
;;;;;;;;;
;;;;;;;;;
;;;;;;;;;
;;;;;;;;;
;;;;;;;;;
;;;;;;;;;
;;;;;;;;;
;;;;;;;;;
;;;;;;;;;
;;;;;;;;;
;;;;;;;;;
;;;;;;;;;
;;;;;;;;;
;;;;;;;;;
;;;;;;;;;
;;;;;;;;;
;;;;;;;;;
;;;;;;;;;
;;;;;;;;;
;;;;;;;;;
;;;;;;;;;
;;;;;;;;;
;;;;;;;;;
;;;;;;;;;
;;;;;;;;;
;;;;;;;;;
;;;;;;;;;
;;;;;;;;;
;;;;;;;;;
;;;;;;;;;
;;;;;;;;;
;;;;;;;;;
;;;;;;;;;
;;;;;;;;;
;;;;;;;;;
;;;;;;;;;
;;;;;;;;;
;;;;;;;;;
;;;;;;;;;
;;;;;;;;;
;;;;;;;;;
;;;;;;;;;
;;;;;;;;;
;;;;;;;;;
;;;;;;;;;
;;;;;;;;;
;;;;;;;;;
;;;;;;;;;
;;;;;;;;;
;;;;;;;;;
;;;;;;;;;
;;;;;;;;;
;;;;;;;;;
;;;;;;;;;
;;;;;;;;;
;;;;;;;;;
;;;;;;;;;
;;;;;;;;;
;;;;;;;;;
;;;;;;;;;
;;;;;;;;;
;;;;;;;;;
;;;;;;;;;
;;;;;;;;;
;;;;;;;;;
;;;;;;;;;
;;;;;;;;;
;;;;;;;;;
;;;;;;;;;
;;;;;;;;;
;;;;;;;;;
;;;;;;;;;
;;;;;;;;;
;;;;;;;;;
;;;;;;;;;
;;;;;;;;;
;;;;;;;;;
;;;;;;;;;
;;;;;;;;;
;;;;;;;;;
;;;;;;;;;
;;;;;;;;;
;;;;;;;;;
;;;;;;;;;
;;;;;;;;;
;;;;;;;;;
;;;;;;;;;
;;;;;;;;;
;;;;;;;;;
;;;;;;;;;
;;;;;;;;;
;;;;;;;;;
;;;;;;;;;
;;;;;;;;;
;;;;;;;;;
;;;;;;;;;
;;;;;;;;;
;;;;;;;;;
;;;;;;;;;
;;;;;;;;;
;;;;;;;;;
;;;;;;;;;
;;;;;;;;;
;;;;;;;;;
;;;;;;;;;
;;;;;;;;;
;;;;;;;;;
;;;;;;;;;
;;;;;;;;;
;;;;;;;;;
;;;;;;;;;
;;;;;;;;;
;;;;;;;;;
;;;;;;;;;
;;;;;;;;;
;;;;;;;;;
;;;;;;;;;
;;;;;;;;;
;;;;;;;;;
;;;;;;;;;
;;;;;;;;;
;;;;;;;;;
;;;;;;;;;
;;;;;;;;;
;;;;;;;;;
;;;;;;;;;
;;;;;;;;;
;;;;;;;;;
;;;;;;;;;
;;;;;;;;;
;;;;;;;;;
;;;;;;;;;
;;;;;;;;;
;;;;;;;;;
;;;;;;;;;
;;;;;;;;;
;;;;;;;;;
;;;;;;;;;
;;;;;;;;;
;;;;;;;;;
;;;;;;;;;
;;;;;;;;;
;;;;;;;;;
;;;;;;;;;
;;;;;;;;;
;;;;;;;;;
;;;;;;;;;
;;;;;;;;;
;;;;;;;;;
;;;;;;;;;
;;;;;;;;;
;;;;;;;;;
;;;;;;;;;
;;;;;;;;;
;;;;;;;;;
;;;;;;;;;
;;;;;;;;;
;;;;;;;;;
;;;;;;;;;
;;;;;;;;;
;;;;;;;;;
;;;;;;;;;
;;;;;;;;;
;;;;;;;;;
;;;;;;;;;
;;;;;;;;;
;;;;;;;;;
;;;;;;;;;
;;;;;;;;;
;;;;;;;;;
;;;;;;;;;
;;;;;;;;;
;;;;;;;;;
;;;;;;;;;
;;;;;;;;;
;;;;;;;;;
;;;;;;;;;
;;;;;;;;;
;;;;;;;;;
;;;;;;;;;
;;;;;;;;;
;;;;;;;;;
;;;;;;;;;
;;;;;;;;;
;;;;;;;;;
;;;;;;;;;
;;;;;;;;;
;;;;;;;;;
;;;;;;;;;
;;;;;;;;;
;;;;;;;;;
;;;;;;;;;
;;;;;;;;;
;;;;;;;;;
;;;;;;;;;
;;;;;;;;;
;;;;;;;;;
;;;;;;;;;
;;;;;;;;;
;;;;;;;;;
;;;;;;;;;
;;;;;;;;;
;;;;;;;;;
;;;;;;;;;
;;;;;;;;;
;;;;;;;;;
;;;;;;;;;
;;;;;;;;;
;;;;;;;;;
;;;;;;;;;
;;;;;;;;;
;;;;;;;;;
;;;;;;;;;
;;;;;;;;;
;;;;;;;;;
;;;;;;;;;
;;;;;;;;;
;;;;;;;;;
;;;;;;;;;
;;;;;;;;;
;;;;;;;;;
;;;;;;;;;
;;;;;;;;;
;;;;;;;;;
;;;;;;;;;
;;;;;;;;;
;;;;;;;;;
;;;;;;;;;
;;;;;;;;;
;;;;;;;;;
;;;;;;;;;
;;;;;;;;;
;;;;;;;;;
;;;;;;;;;
;;;;;;;;;
;;;;;;;;;
;;;;;;;;;
;;;;;;;;;
;;;;;;;;;
;;;;;;;;;
;;;;;;;;;
;;;;;;;;;
;;;;;;;;;
;;;;;;;;;
;;;;;;;;;
;;;;;;;;;
;;;;;;;;;
;;;;;;;;;
;;;;;;;;;
;;;;;;;;;
;;;;;;;;;
;;;;;;;;;
;;;;;;;;;
;;;;;;;;;
;;;;;;;;;
;;;;;;;;;
;;;;;;;;;
;;;;;;;;;
;;;;;;;;;
;;;;;;;;;
;;;;;;;;;
;;;;;;;;;
;;;;;;;;;
;;;;;;;;;
;;;;;;;;;
;;;;;;;;;
;;;;;;;;;
;;;;;;;;;
;;;;;;;;;
;;;;;;;;;
;;;;;;;;;
;;;;;;;;;
;;;;;;;;;
;;;;;;;;;
;;;;;;;;;
;;;;;;;;;
;;;;;;;;;
;;;;;;;;;
;;;;;;;;;
;;;;;;;;;
;;;;;;;;;
;;;;;;;;;
;;;;;;;;;
;;;;;;;;;
;;;;;;;;;
;;;;;;;;;
;;;;;;;;;
;;;;;;;;;
;;;;;;;;;
;;;;;;;;;
;;;;;;;;;
;;;;;;;;;
;;;;;;;;;
;;;;;;;;;
;;;;;;;;;
;;;;;;;;;
;;;;;;;;;
;;;;;;;;;
;;;;;;;;;
;;;;;;;;;
;;;;;;;;;
;;;;;;;;;
;;;;;;;;;
;;;;;;;;;
;;;;;;;;;
;;;;;;;;;
;;;;;;;;;
;;;;;;;;;
;;;;;;;;;
;;;;;;;;;
;;;;;;;;;
;;;;;;;;;
;;;;;;;;;
;;;;;;;;;
;;;;;;;;;
;;;;;;;;;
;;;;;;;;;
;;;;;;;;;
;;;;;;;;;
;;;;;;;;;
;;;;;;;;;
;;;;;;;;;
;;;;;;;;;
;;;;;;;;;
;;;;;;;;;
;;;;;;;;;
;;;;;;;;;
;;;;;;;;;
;;;;;;;;;
;;;;;;;;;
;;;;;;;;;
;;;;;;;;;
;;;;;;;;;
;;;;;;;;;
;;;;;;;;;
;;;;;;;;;
;;;;;;;;;
;;;;;;;;;
;;;;;;;;;
;;;;;;;;;
;;;;;;;;;
;;;;;;;;;
;;;;;;;;;
;;;;;;;;;
;;;;;;;;;
;;;;;;;;;
;;;;;;;;;
;;;;;;;;;
;;;;;;;;;
;;;;;;;;;
;;;;;;;;;
;;;;;;;;;
;;;;;;;;;
;;;;;;;;;
;;;;;;;;;
;;;;;;;;;
;;;;;;;;;
;;;;;;;;;
;;;;;;;;;
;;;;;;;;;
;;;;;;;;;
;;;;;;;;;
;;;;;;;;;
;;;;;;;;;
;;;;;;;;;
;;;;;;;;;
;;;;;;;;;
;;;;;;;;;
;;;;;;;;;
;;;;;;;;;
;;;;;;;;;
;;;;;;;;;
;;;;;;;;;
;;;;;;;;;
;;;;;;;;;
;;;;;;;;;
;;;;;;;;;
;;;;;;;;;
;;;;;;;;;
;;;;;;;;;
;;;;;;;;;
;;;;;;;;;
;;;;;;;;;
;;;;;;;;;
;;;;;;;;;
;;;;;;;;;
;;;;;;;;;
;;;;;;;;;
;;;;;;;;;
;;;;;;;;;
;;;;;;;;;
;;;;;;;;;
;;;;;;;;;
;;;;;;;;;
;;;;;;;;;
;;;;;;;;;
;;;;;;;;;
;;;;;;;;;
;;;;;;;;;
;;;;;;;;;
;;;;;;;;;
;;;;;;;;;
;;;;;;;;;
;;;;;;;;;
;;;;;;;;;
;;;;;;;;;
;;;;;;;;;
;;;;;;;;;
;;;;;;;;;
;;;;;;;;;
;;;;;;;;;
;;;;;;;;;
;;;;;;;;;
;;;;;;;;;
;;;;;;;;;
;;;;;;;;;
;;;;;;;;;
;;;;;;;;;
;;;;;;;;;
;;;;;;;;;
;;;;;;;;;
;;;;;;;;;
;;;;;;;;;
;;;;;;;;;
;;;;;;;;;
;;;;;;;;;
;;;;;;;;;
;;;;;;;;;
;;;;;;;;;
;;;;;;;;;
;;;;;;;;;
;;;;;;;;;
;;;;;;;;;
;;;;;;;;;
;;;;;;;;;
;;;;;;;;;
;;;;;;;;;
;;;;;;;;;
;;;;;;;;;
;;;;;;;;;
;;;;;;;;;
;;;;;;;;;
;;;;;;;;;
;;;;;;;;;
;;;;;;;;;
;;;;;;;;;
;;;;;;;;;
;;;;;;;;;
;;;;;;;;;
;;;;;;;;;
;;;;;;;;;
;;;;;;;;;
;;;;;;;;;
;;;;;;;;;
;;;;;;;;;
;;;;;;;;;
;;;;;;;;;
;;;;;;;;;
;;;;;;;;;
;;;;;;;;;
;;;;;;;;;
;;;;;;;;;
;;;;;;;;;
;;;;;;;;;
;;;;;;;;;
;;;;;;;;;
;;;;;;;;;
;;;;;;;;;
;;;;;;;;;
;;;;;;;;;
;;;;;;;;;
;;;;;;;;;
;;;;;;;;;
;;;;;;;;;
;;;;;;;;;
;;;;;;;;;
;;;;;;;;;
;;;;;;;;;
;;;;;;;;;
;;;;;;;;;
;;;;;;;;;
;;;;;;;;;
;;;;;;;;;
;;;;;;;;;
;;;;;;;;;
;;;;;;;;;
;;;;;;;;;
;;;;;;;;;
;;;;;;;;;
;;;;;;;;;
;;;;;;;;;
;;;;;;;;;
;;;;;;;;;
;;;;;;;;;
;;;;;;;;;
;;;;;;;;;
;;;;;;;;;
;;;;;;;;;
;;;;;;;;;
;;;;;;;;;
;;;;;;;;;
;;;;;;;;;
;;;;;;;;;
;;;;;;;;;
;;;;;;;;;
;;;;;;;;;
;;;;;;;;;
;;;;;;;;;
;;;;;;;;;
;;;;;;;;;
;;;;;;;;;
;;;;;;;;;
;;;;;;;;;
;;;;;;;;;
;;;;;;;;;
;;;;;;;;;
;;;;;;;;;
;;;;;;;;;
;;;;;;;;;
;;;;;;;;;
;;;;;;;;;
;;;;;;;;;
;;;;;;;;;
;;;;;;;;;
;;;;;;;;;
;;;;;;;;;
;;;;;;;;;
;;;;;;;;;
;;;;;;;;;
;;;;;;;;;
;;;;;;;;;
;;;;;;;;;
;;;;;;;;;
;;;;;;;;;
;;;;;;;;;
;;;;;;;;;
;;;;;;;;;
;;;;;;;;;
;;;;;;;;;
;;;;;;;;;
;;;;;;;;;
;;;;;;;;;
;;;;;;;;;
;;;;;;;;;
;;;;;;;;;
;;;;;;;;;
;;;;;;;;;
;;;;;;;;;
;;;;;;;;;
;;;;;;;;;
;;;;;;;;;
;;;;;;;;;
;;;;;;;;;
;;;;;;;;;
;;;;;;;;;
;;;;;;;;;
;;;;;;;;;
;;;;;;;;;
;;;;;;;;;
;;;;;;;;;
;;;;;;;;;
;;;;;;;;;
;;;;;;;;;
;;;;;;;;;
;;;;;;;;;
;;;;;;;;;
;;;;;;;;;
;;;;;;;;;
;;;;;;;;;
;;;;;;;;;
;;;;;;;;;
;;;;;;;;;
;;;;;;;;;
;;;;;;;;;
;;;;;;;;;
;;;;;;;;;
;;;;;;;;;
;;;;;;;;;
;;;;;;;;;
;;;;;;;;;
;;;;;;;;;
;;;;;;;;;
;;;;;;;;;
;;;;;;;;;
;;;;;;;;;
;;;;;;;;;
;;;;;;;;;
;;;;;;;;;
;;;;;;;;;
;;;;;;;;;
;;;;;;;;;
;;;;;;;;;
;;;;;;;;;
;;;;;;;;;
;;;;;;;;;
;;;;;;;;;
;;;;;;;;;
;;;;;;;;;
;;;;;;;;;
;;;;;;;;;
;;;;;;;;;
;;;;;;;;;
;;;;;;;;;
;;;;;;;;;
;;;;;;;;;
;;;;;;;;;
;;;;;;;;;
;;;;;;;;;
;;;;;;;;;
;;;;;;;;;
;;;;;;;;;
;;;;;;;;;
;;;;;;;;;
;;;;;;;;;
;;;;;;;;;
;;;;;;;;;
;;;;;;;;;
;;;;;;;;;
;;;;;;;;;
;;;;;;;;;
;;;;;;;;;
;;;;;;;;;
;;;;;;;;;
;;;;;;;;;
;;;;;;;;;
;;;;;;;;;
;;;;;;;;;
;;;;;;;;;
;;;;;;;;;
;;;;;;;;;
;;;;;;;;;
;;;;;;;;;
;;;;;;;;;
;;;;;;;;;
;;;;;;;;;
;;;;;;;;;
;;;;;;;;;
;;;;;;;;;
;;;;;;;;;
;;;;;;;;;
;;;;;;;;;
;;;;;;;;;
;;;;;;;;;
;;;;;;;;;
;;;;;;;;;
;;;;;;;;;
;;;;;;;;;
;;;;;;;;;
;;;;;;;;;
;;;;;;;;;
;;;;;;;;;
;;;;;;;;;
;;;;;;;;;
;;;;;;;;;
;;;;;;;;;
;;;;;;;;;
;;;;;;;;;
;;;;;;;;;
;;;;;;;;;
;;;;;;;;;
;;;;;;;;;
;;;;;;;;;
;;;;;;;;;
;;;;;;;;;
;;;;;;;;;
;;;;;;;;;
;;;;;;;;;
;;;;;;;;;
;;;;;;;;;
;;;;;;;;;
;;;;;;;;;
;;;;;;;;;
;;;;;;;;;
;;;;;;;;;
;;;;;;;;;
;;;;;;;;;
;;;;;;;;;
;;;;;;;;;
;;;;;;;;;
;;;;;;;;;
;;;;;;;;;
;;;;;;;;;
;;;;;;;;;
;;;;;;;;;
;;;;;;;;;
;;;;;;;;;
;;;;;;;;;
;;;;;;;;;
;;;;;;;;;
;;;;;;;;;
;;;;;;;;;
;;;;;;;;;
;;;;;;;;;
;;;;;;;;;
;;;;;;;;;
;;;;;;;;;
;;;;;;;;;
;;;;;;;;;
;;;;;;;;;
;;;;;;;;;
;;;;;;;;;
;;;;;;;;;
;;;;;;;;;
;;;;;;;;;
;;;;;;;;;
;;;;;;;;;
;;;;;;;;;
;;;;;;;;;
;;;;;;;;;
;;;;;;;;;
;;;;;;;;;
;;;;;;;;;
;;;;;;;;;
;;;;;;;;;
;;;;;;;;;
;;;;;;;;;
;;;;;;;;;
;;;;;;;;;
;;;;;;;;;
;;;;;;;;;
;;;;;;;;;
;;;;;;;;;
;;;;;;;;;
;;;;;;;;;
;;;;;;;;;
;;;;;;;;;
;;;;;;;;;
;;;;;;;;;
;;;;;;;;;
;;;;;;;;;
;;;;;;;;;
;;;;;;;;;
;;;;;;;;;
;;;;;;;;;
;;;;;;;;;
;;;;;;;;;
;;;;;;;;;
;;;;;;;;;
;;;;;;;;;
;;;;;;;;;
;;;;;;;;;
;;;;;;;;;
;;;;;;;;;
;;;;;;;;;
;;;;;;;;;
;;;;;;;;;
;;;;;;;;;
;;;;;;;;;
;;;;;;;;;
;;;;;;;;;
;;;;;;;;;
;;;;;;;;;
;;;;;;;;;
;;;;;;;;;
;;;;;;;;;
;;;;;;;;;
;;;;;;;;;
;;;;;;;;;
;;;;;;;;;
;;;;;;;;;
;;;;;;;;;
;;;;;;;;;
;;;;;;;;;
;;;;;;;;;
;;;;;;;;;
;;;;;;;;;
;;;;;;;;;
;;;;;;;;;
;;;;;;;;;
;;;;;;;;;
;;;;;;;;;
;;;;;;;;;
;;;;;;;;;
;;;;;;;;;
;;;;;;;;;
;;;;;;;;;
;;;;;;;;;
;;;;;;;;;
;;;;;;;;;
;;;;;;;;;
;;;;;;;;;
;;;;;;;;;
;;;;;;;;;
;;;;;;;;;
;;;;;;;;;
;;;;;;;;;
;;;;;;;;;
;;;;;;;;;
;;;;;;;;;
;;;;;;;;;
;;;;;;;;;
;;;;;;;;;
;;;;;;;;;
;;;;;;;;;
;;;;;;;;;
;;;;;;;;;
;;;;;;;;;
;;;;;;;;;
;;;;;;;;;
;;;;;;;;;
;;;;;;;;;
;;;;;;;;;
;;;;;;;;;
;;;;;;;;;
;;;;;;;;;
;;;;;;;;;
;;;;;;;;;
;;;;;;;;;
;;;;;;;;;
;;;;;;;;;
;;;;;;;;;
;;;;;;;;;
;;;;;;;;;
;;;;;;;;;
;;;;;;;;;
;;;;;;;;;
;;;;;;;;;
;;;;;;;;;
;;;;;;;;;
;;;;;;;;;
;;;;;;;;;
;;;;;;;;;
;;;;;;;;;
;;;;;;;;;
;;;;;;;;;
;;;;;;;;;
;;;;;;;;;
;;;;;;;;;
;;;;;;;;;
;;;;;;;;;
;;;;;;;;;
;;;;;;;;;
;;;;;;;;;
;;;;;;;;;
;;;;;;;;;
;;;;;;;;;
;;;;;;;;;
;;;;;;;;;
;;;;;;;;;
;;;;;;;;;
;;;;;;;;;
;;;;;;;;;
;;;;;;;;;
;;;;;;;;;
;;;;;;;;;
;;;;;;;;;
;;;;;;;;;
;;;;;;;;;
;;;;;;;;;
;;;;;;;;;
;;;;;;;;;
;;;;;;;;;
;;;;;;;;;
;;;;;;;;;
;;;;;;;;;
;;;;;;;;;
;;;;;;;;;
;;;;;;;;;
;;;;;;;;;
;;;;;;;;;
;;;;;;;;;
;;;;;;;;;
;;;;;;;;;
;;;;;;;;;
;;;;;;;;;
;;;;;;;;;
;;;;;;;;;
;;;;;;;;;
;;;;;;;;;
;;;;;;;;;
;;;;;;;;;
;;;;;;;;;
;;;;;;;;;
;;;;;;;;;
;;;;;;;;;
;;;;;;;;;
;;;;;;;;;
;;;;;;;;;
;;;;;;;;;
;;;;;;;;;
;;;;;;;;;
;;;;;;;;;
;;;;;;;;;
;;;;;;;;;
;;;;;;;;;
;;;;;;;;;
;;;;;;;;;
;;;;;;;;;
;;;;;;;;;
;;;;;;;;;
;;;;;;;;;
;;;;;;;;;
;;;;;;;;;
;;;;;;;;;
;;;;;;;;;
;;;;;;;;;
;;;;;;;;;
;;;;;;;;;
;;;;;;;;;
;;;;;;;;;
;;;;;;;;;
;;;;;;;;;
;;;;;;;;;
;;;;;;;;;
;;;;;;;;;
;;;;;;;;;
;;;;;;;;;
;;;;;;;;;
;;;;;;;;;
;;;;;;;;;
;;;;;;;;;
;;;;;;;;;
;;;;;;;;;
;;;;;;;;;
;;;;;;;;;
;;;;;;;;;
;;;;;;;;;
;;;;;;;;;
;;;;;;;;;
;;;;;;;;;
;;;;;;;;;
;;;;;;;;;
;;;;;;;;;
;;;;;;;;;
;;;;;;;;;
;;;;;;;;;
;;;;;;;;;
;;;;;;;;;
;;;;;;;;;
;;;;;;;;;
;;;;;;;;;
;;;;;;;;;
;;;;;;;;;
;;;;;;;;;
;;;;;;;;;
;;;;;;;;;
;;;;;;;;;
;;;;;;;;;
;;;;;;;;;
;;;;;;;;;
;;;;;;;;;
;;;;;;;;;
;;;;;;;;;
;;;;;;;;;
;;;;;;;;;
;;;;;;;;;
;;;;;;;;;
;;;;;;;;;
;;;;;;;;;
;;;;;;;;;
;;;;;;;;;
;;;;;;;;;
;;;;;;;;;
;;;;;;;;;
;;;;;;;;;
;;;;;;;;;
;;;;;;;;;
;;;;;;;;;
;;;;;;;;;
;;;;;;;;;
;;;;;;;;;
;;;;;;;;;
;;;;;;;;;
;;;;;;;;;
;;;;;;;;;
;;;;;;;;;
;;;;;;;;;
;;;;;;;;;
;;;;;;;;;
;;;;;;;;;
;;;;;;;;;
;;;;;;;;;
;;;;;;;;;
;;;;;;;;;
;;;;;;;;;
;;;;;;;;;
;;;;;;;;;
;;;;;;;;;
;;;;;;;;;
;;;;;;;;;
;;;;;;;;;
;;;;;;;;;
;;;;;;;;;
;;;;;;;;;
;;;;;;;;;
;;;;;;;;;
;;;;;;;;;
;;;;;;;;;
;;;;;;;;;
;;;;;;;;;
;;;;;;;;;
;;;;;;;;;
;;;;;;;;;
;;;;;;;;;
;;;;;;;;;
;;;;;;;;;
;;;;;;;;;
;;;;;;;;;
;;;;;;;;;
;;;;;;;;;
;;;;;;;;;
;;;;;;;;;
;;;;;;;;;
;;;;;;;;;
;;;;;;;;;
;;;;;;;;;
;;;;;;;;;
;;;;;;;;;
;;;;;;;;;
;;;;;;;;;
;;;;;;;;;
;;;;;;;;;
;;;;;;;;;
;;;;;;;;;
;;;;;;;;;
;;;;;;;;;
;;;;;;;;;
;;;;;;;;;
;;;;;;;;;
;;;;;;;;;
;;;;;;;;;
;;;;;;;;;
;;;;;;;;;
;;;;;;;;;
;;;;;;;;;
;;;;;;;;;
;;;;;;;;;
;;;;;;;;;
;;;;;;;;;
;;;;;;;;;
;;;;;;;;;
;;;;;;;;;
;;;;;;;;;
;;;;;;;;;
;;;;;;;;;
;;;;;;;;;
;;;;;;;;;
;;;;;;;;;
;;;;;;;;;
;;;;;;;;;
;;;;;;;;;
;;;;;;;;;
;;;;;;;;;
;;;;;;;;;
;;;;;;;;;
;;;;;;;;;
;;;;;;;;;
;;;;;;;;;
;;;;;;;;;
;;;;;;;;;
;;;;;;;;;
;;;;;;;;;
;;;;;;;;;
;;;;;;;;;
;;;;;;;;;
;;;;;;;;;
;;;;;;;;;
;;;;;;;;;
;;;;;;;;;
;;;;;;;;;
;;;;;;;;;
;;;;;;;;;
;;;;;;;;;
;;;;;;;;;
;;;;;;;;;
;;;;;;;;;
;;;;;;;;;
;;;;;;;;;
;;;;;;;;;
;;;;;;;;;
;;;;;;;;;
;;;;;;;;;
;;;;;;;;;
;;;;;;;;;
;;;;;;;;;
;;;;;;;;;
;;;;;;;;;
;;;;;;;;;
;;;;;;;;;
;;;;;;;;;
;;;;;;;;;
;;;;;;;;;
;;;;;;;;;
;;;;;;;;;
;;;;;;;;;
;;;;;;;;;
;;;;;;;;;
;;;;;;;;;
;;;;;;;;;
;;;;;;;;;
;;;;;;;;;
;;;;;;;;;
;;;;;;;;;
;;;;;;;;;
;;;;;;;;;
;;;;;;;;;
;;;;;;;;;
;;;;;;;;;
;;;;;;;;;
;;;;;;;;;
;;;;;;;;;
;;;;;;;;;
;;;;;;;;;
;;;;;;;;;
;;;;;;;;;
;;;;;;;;;
;;;;;;;;;
;;;;;;;;;
;;;;;;;;;
;;;;;;;;;
;;;;;;;;;
;;;;;;;;;
;;;;;;;;;
;;;;;;;;;
;;;;;;;;;
;;;;;;;;;
;;;;;;;;;
;;;;;;;;;
;;;;;;;;;
;;;;;;;;;
;;;;;;;;;
;;;;;;;;;
;;;;;;;;;
;;;;;;;;;
;;;;;;;;;
;;;;;;;;;
;;;;;;;;;
;;;;;;;;;
;;;;;;;;;
;;;;;;;;;
;;;;;;;;;
;;;;;;;;;
;;;;;;;;;
;;;;;;;;;
;;;;;;;;;
;;;;;;;;;
;;;;;;;;;
;;;;;;;;;
;;;;;;;;;
;;;;;;;;;
;;;;;;;;;
;;;;;;;;;
;;;;;;;;;
;;;;;;;;;
;;;;;;;;;
;;;;;;;;;
;;;;;;;;;
;;;;;;;;;
;;;;;;;;;
;;;;;;;;;
;;;;;;;;;
;;;;;;;;;
;;;;;;;;;
;;;;;;;;;
;;;;;;;;;
;;;;;;;;;
;;;;;;;;;
;;;;;;;;;
;;;;;;;;;
;;;;;;;;;
;;;;;;;;;
;;;;;;;;;
;;;;;;;;;
;;;;;;;;;
;;;;;;;;;
;;;;;;;;;
;;;;;;;;;
;;;;;;;;;
;;;;;;;;;
;;;;;;;;;
;;;;;;;;;
;;;;;;;;;
;;;;;;;;;
;;;;;;;;;
;;;;;;;;;
;;;;;;;;;
;;;;;;;;;
;;;;;;;;;
;;;;;;;;;
;;;;;;;;;
;;;;;;;;;
;;;;;;;;;
;;;;;;;;;
;;;;;;;;;
;;;;;;;;;
;;;;;;;;;
;;;;;;;;;
;;;;;;;;;
;;;;;;;;;
;;;;;;;;;
;;;;;;;;;
;;;;;;;;;
;;;;;;;;;
;;;;;;;;;
;;;;;;;;;
;;;;;;;;;
;;;;;;;;;
;;;;;;;;;
;;;;;;;;;
;;;;;;;;;
;;;;;;;;;
;;;;;;;;;
;;;;;;;;;
;;;;;;;;;
;;;;;;;;;
;;;;;;;;;
;;;;;;;;;
;;;;;;;;;
;;;;;;;;;
;;;;;;;;;
;;;;;;;;;
;;;;;;;;;
;;;;;;;;;
;;;;;;;;;
;;;;;;;;;
;;;;;;;;;
;;;;;;;;;
;;;;;;;;;
;;;;;;;;;
;;;;;;;;;
;;;;;;;;;
;;;;;;;;;
;;;;;;;;;
;;;;;;;;;
;;;;;;;;;
;;;;;;;;;
;;;;;;;;;
;;;;;;;;;
;;;;;;;;;
;;;;;;;;;
;;;;;;;;;
;;;;;;;;;
;;;;;;;;;
;;;;;;;;;
;;;;;;;;;
;;;;;;;;;
;;;;;;;;;
;;;;;;;;;
;;;;;;;;;
;;;;;;;;;
;;;;;;;;;
;;;;;;;;;
;;;;;;;;;
;;;;;;;;;
;;;;;;;;;
;;;;;;;;;
;;;;;;;;;
;;;;;;;;;
;;;;;;;;;
;;;;;;;;;
;;;;;;;;;
;;;;;;;;;
;;;;;;;;;
;;;;;;;;;
;;;;;;;;;
;;;;;;;;;
;;;;;;;;;
;;;;;;;;;
;;;;;;;;;
;;;;;;;;;
;;;;;;;;;
;;;;;;;;;
;;;;;;;;;
;;;;;;;;;
;;;;;;;;;
;;;;;;;;;
;;;;;;;;;
;;;;;;;;;
;;;;;;;;;
;;;;;;;;;
;;;;;;;;;
;;;;;;;;;
;;;;;;;;;
;;;;;;;;;
;;;;;;;;;
;;;;;;;;;
;;;;;;;;;
;;;;;;;;;
;;;;;;;;;
;;;;;;;;;
;;;;;;;;;
;;;;;;;;;
;;;;;;;;;
;;;;;;;;;
;;;;;;;;;
;;;;;;;;;
;;;;;;;;;
;;;;;;;;;
;;;;;;;;;
;;;;;;;;;
;;;;;;;;;
;;;;;;;;;
;;;;;;;;;
;;;;;;;;;
;;;;;;;;;
;;;;;;;;;
;;;;;;;;;
;;;;;;;;;
;;;;;;;;;
;;;;;;;;;
;;;;;;;;;
;;;;;;;;;
;;;;;;;;;
;;;;;;;;;
;;;;;;;;;
;;;;;;;;;
;;;;;;;;;
;;;;;;;;;
;;;;;;;;;
;;;;;;;;;
;;;;;;;;;
;;;;;;;;;
;;;;;;;;;
;;;;;;;;;
;;;;;;;;;
;;;;;;;;;
;;;;;;;;;
;;;;;;;;;
;;;;;;;;;
;;;;;;;;;
;;;;;;;;;
;;;;;;;;;
;;;;;;;;;
;;;;;;;;;
;;;;;;;;;
;;;;;;;;;
;;;;;;;;;
;;;;;;;;;
;;;;;;;;;
;;;;;;;;;
;;;;;;;;;
;;;;;;;;;
;;;;;;;;;
;;;;;;;;;
;;;;;;;;;
;;;;;;;;;
;;;;;;;;;
;;;;;;;;;
;;;;;;;;;
;;;;;;;;;
;;;;;;;;;
;;;;;;;;;
;;;;;;;;;
;;;;;;;;;
;;;;;;;;;
;;;;;;;;;
;;;;;;;;;
;;;;;;;;;
;;;;;;;;;
;;;;;;;;;
;;;;;;;;;
;;;;;;;;;
;;;;;;;;;
;;;;;;;;;
;;;;;;;;;
;;;;;;;;;
;;;;;;;;;
;;;;;;;;;
;;;;;;;;;
;;;;;;;;;
;;;;;;;;;
;;;;;;;;;
;;;;;;;;;
;;;;;;;;;
;;;;;;;;;
;;;;;;;;;
;;;;;;;;;
;;;;;;;;;
;;;;;;;;;
;;;;;;;;;
;;;;;;;;;
;;;;;;;;;
;;;;;;;;;
;;;;;;;;;
;;;;;;;;;
;;;;;;;;;
;;;;;;;;;
;;;;;;;;;
;;;;;;;;;
;;;;;;;;;
;;;;;;;;;
;;;;;;;;;
;;;;;;;;;
;;;;;;;;;
;;;;;;;;;
;;;;;;;;;
;;;;;;;;;
;;;;;;;;;
;;;;;;;;;
;;;;;;;;;
;;;;;;;;;
;;;;;;;;;
;;;;;;;;;
;;;;;;;;;
;;;;;;;;;
;;;;;;;;;
;;;;;;;;;
;;;;;;;;;
;;;;;;;;;
;;;;;;;;;
;;;;;;;;;
;;;;;;;;;
;;;;;;;;;
;;;;;;;;;
;;;;;;;;;
;;;;;;;;;
;;;;;;;;;
;;;;;;;;;
;;;;;;;;;
;;;;;;;;;
;;;;;;;;;
;;;;;;;;;
;;;;;;;;;
;;;;;;;;;
;;;;;;;;;
;;;;;;;;;
;;;;;;;;;
;;;;;;;;;
;;;;;;;;;
;;;;;;;;;
;;;;;;;;;
;;;;;;;;;
;;;;;;;;;
;;;;;;;;;
;;;;;;;;;
;;;;;;;;;
;;;;;;;;;
;;;;;;;;;
;;;;;;;;;
;;;;;;;;;
;;;;;;;;;
;;;;;;;;;
;;;;;;;;;
;;;;;;;;;
;;;;;;;;;
;;;;;;;;;
;;;;;;;;;
;;;;;;;;;
;;;;;;;;;
;;;;;;;;;
;;;;;;;;;
;;;;;;;;;
;;;;;;;;;
;;;;;;;;;
;;;;;;;;;
;;;;;;;;;
;;;;;;;;;
;;;;;;;;;
;;;;;;;;;
;;;;;;;;;
;;;;;;;;;
;;;;;;;;;
;;;;;;;;;
;;;;;;;;;
;;;;;;;;;
;;;;;;;;;
;;;;;;;;;
;;;;;;;;;
;;;;;;;;;
;;;;;;;;;
;;;;;;;;;
;;;;;;;;;
;;;;;;;;;
;;;;;;;;;
;;;;;;;;;
;;;;;;;;;
;;;;;;;;;
;;;;;;;;;
;;;;;;;;;
;;;;;;;;;
;;;;;;;;;
;;;;;;;;;
;;;;;;;;;
;;;;;;;;;
;;;;;;;;;
;;;;;;;;;
;;;;;;;;;
;;;;;;;;;
;;;;;;;;;
;;;;;;;;;
;;;;;;;;;
;;;;;;;;;
;;;;;;;;;
;;;;;;;;;
;;;;;;;;;
;;;;;;;;;
;;;;;;;;;
;;;;;;;;;
;;;;;;;;;
;;;;;;;;;
;;;;;;;;;
;;;;;;;;;
;;;;;;;;;
;;;;;;;;;
;;;;;;;;;
;;;;;;;;;
;;;;;;;;;
;;;;;;;;;
;;;;;;;;;
;;;;;;;;;
;;;;;;;;;
;;;;;;;;;
;;;;;;;;;
;;;;;;;;;
;;;;;;;;;
;;;;;;;;;
;;;;;;;;;
;;;;;;;;;
;;;;;;;;;
;;;;;;;;;
;;;;;;;;;
;;;;;;;;;
;;;;;;;;;
;;;;;;;;;
;;;;;;;;;
;;;;;;;;;
;;;;;;;;;
;;;;;;;;;
;;;;;;;;;
;;;;;;;;;
;;;;;;;;;
;;;;;;;;;
;;;;;;;;;
;;;;;;;;;
;;;;;;;;;
;;;;;;;;;
;;;;;;;;;
;;;;;;;;;
;;;;;;;;;
;;;;;;;;;
;;;;;;;;;
;;;;;;;;;
;;;;;;;;;
;;;;;;;;;
;;;;;;;;;
;;;;;;;;;
;;;;;;;;;
;;;;;;;;;
;;;;;;;;;
;;;;;;;;;
;;;;;;;;;
;;;;;;;;;
;;;;;;;;;
;;;;;;;;;
;;;;;;;;;
;;;;;;;;;
;;;;;;;;;
;;;;;;;;;
;;;;;;;;;
;;;;;;;;;
;;;;;;;;;
;;;;;;;;;
;;;;;;;;;
;;;;;;;;;
;;;;;;;;;
;;;;;;;;;
;;;;;;;;;
;;;;;;;;;
;;;;;;;;;
;;;;;;;;;
;;;;;;;;;
;;;;;;;;;
;;;;;;;;;
;;;;;;;;;
;;;;;;;;;
;;;;;;;;;
;;;;;;;;;
;;;;;;;;;
;;;;;;;;;
;;;;;;;;;
;;;;;;;;;
;;;;;;;;;
;;;;;;;;;
;;;;;;;;;
;;;;;;;;;
;;;;;;;;;
;;;;;;;;;
;;;;;;;;;
;;;;;;;;;
;;;;;;;;;
;;;;;;;;;
;;;;;;;;;
;;;;;;;;;
;;;;;;;;;
;;;;;;;;;
;;;;;;;;;
;;;;;;;;;
;;;;;;;;;
;;;;;;;;;
;;;;;;;;;
;;;;;;;;;
;;;;;;;;;
;;;;;;;;;
;;;;;;;;;
;;;;;;;;;
;;;;;;;;;
;;;;;;;;;
;;;;;;;;;
;;;;;;;;;
;;;;;;;;;
;;;;;;;;;
;;;;;;;;;
;;;;;;;;;
;;;;;;;;;
;;;;;;;;;
;;;;;;;;;
;;;;;;;;;
;;;;;;;;;
;;;;;;;;;
;;;;;;;;;
;;;;;;;;;
;;;;;;;;;
;;;;;;;;;
;;;;;;;;;
;;;;;;;;;
;;;;;;;;;
;;;;;;;;;
;;;;;;;;;
;;;;;;;;;
;;;;;;;;;
;;;;;;;;;
;;;;;;;;;
;;;;;;;;;
;;;;;;;;;
;;;;;;;;;
;;;;;;;;;
;;;;;;;;;
;;;;;;;;;
;;;;;;;;;
;;;;;;;;;
;;;;;;;;;
;;;;;;;;;
;;;;;;;;;
;;;;;;;;;
;;;;;;;;;
;;;;;;;;;
;;;;;;;;;
;;;;;;;;;
;;;;;;;;;
;;;;;;;;;
;;;;;;;;;
;;;;;;;;;
;;;;;;;;;
;;;;;;;;;
;;;;;;;;;
;;;;;;;;;
;;;;;;;;;
;;;;;;;;;
;;;;;;;;;
;;;;;;;;;
;;;;;;;;;
;;;;;;;;;
;;;;;;;;;
;;;;;;;;;
;;;;;;;;;
;;;;;;;;;
;;;;;;;;;
;;;;;;;;;
;;;;;;;;;
;;;;;;;;;
;;;;;;;;;
;;;;;;;;;
;;;;;;;;;
;;;;;;;;;
;;;;;;;;;
;;;;;;;;;
;;;;;;;;;
;;;;;;;;;
;;;;;;;;;
;;;;;;;;;
;;;;;;;;;
;;;;;;;;;
;;;;;;;;;
;;;;;;;;;
;;;;;;;;;
;;;;;;;;;
;;;;;;;;;
;;;;;;;;;
;;;;;;;;;
;;;;;;;;;
;;;;;;;;;
;;;;;;;;;
;;;;;;;;;
;;;;;;;;;
;;;;;;;;;
;;;;;;;;;
;;;;;;;;;
;;;;;;;;;
;;;;;;;;;
;;;;;;;;;
;;;;;;;;;
;;;;;;;;;
;;;;;;;;;
;;;;;;;;;
;;;;;;;;;
;;;;;;;;;
;;;;;;;;;
;;;;;;;;;
;;;;;;;;;
;;;;;;;;;
;;;;;;;;;
;;;;;;;;;
;;;;;;;;;
;;;;;;;;;
;;;;;;;;;
;;;;;;;;;
;;;;;;;;;
;;;;;;;;;
;;;;;;;;;
;;;;;;;;;
;;;;;;;;;
;;;;;;;;;
;;;;;;;;;
;;;;;;;;;
;;;;;;;;;
;;;;;;;;;
;;;;;;;;;
;;;;;;;;;
;;;;;;;;;
;;;;;;;;;
;;;;;;;;;
;;;;;;;;;
;;;;;;;;;
;;;;;;;;;
;;;;;;;;;
;;;;;;;;;
;;;;;;;;;
;;;;;;;;;
;;;;;;;;;
;;;;;;;;;
;;;;;;;;;
;;;;;;;;;
;;;;;;;;;
;;;;;;;;;
;;;;;;;;;
;;;;;;;;;
;;;;;;;;;
;;;;;;;;;
;;;;;;;;;
;;;;;;;;;
;;;;;;;;;
;;;;;;;;;
;;;;;;;;;
;;;;;;;;;
;;;;;;;;;
;;;;;;;;;
;;;;;;;;;
;;;;;;;;;
;;;;;;;;;
;;;;;;;;;
;;;;;;;;;
;;;;;;;;;
;;;;;;;;;
;;;;;;;;;
;;;;;;;;;
;;;;;;;;;
;;;;;;;;;
;;;;;;;;;
;;;;;;;;;
;;;;;;;;;
;;;;;;;;;
;;;;;;;;;
;;;;;;;;;
;;;;;;;;;
;;;;;;;;;
;;;;;;;;;
;;;;;;;;;
;;;;;;;;;
;;;;;;;;;
;;;;;;;;;
;;;;;;;;;
;;;;;;;;;
;;;;;;;;;
;;;;;;;;;
;;;;;;;;;
;;;;;;;;;
;;;;;;;;;
;;;;;;;;;
;;;;;;;;;
;;;;;;;;;
;;;;;;;;;
;;;;;;;;;
;;;;;;;;;
;;;;;;;;;
;;;;;;;;;
;;;;;;;;;
;;;;;;;;;
;;;;;;;;;
;;;;;;;;;
;;;;;;;;;
;;;;;;;;;
;;;;;;;;;
;;;;;;;;;
;;;;;;;;;
;;;;;;;;;
;;;;;;;;;
;;;;;;;;;
;;;;;;;;;
;;;;;;;;;
;;;;;;;;;
;;;;;;;;;
;;;;;;;;;
;;;;;;;;;
;;;;;;;;;
;;;;;;;;;
;;;;;;;;;
;;;;;;;;;
;;;;;;;;;
;;;;;;;;;
;;;;;;;;;
;;;;;;;;;
;;;;;;;;;
;;;;;;;;;
;;;;;;;;;
;;;;;;;;;
;;;;;;;;;
;;;;;;;;;
;;;;;;;;;
;;;;;;;;;
;;;;;;;;;
;;;;;;;;;
;;;;;;;;;
;;;;;;;;;
;;;;;;;;;
;;;;;;;;;
;;;;;;;;;
;;;;;;;;;
;;;;;;;;;
;;;;;;;;;
;;;;;;;;;
;;;;;;;;;
;;;;;;;;;
;;;;;;;;;
;;;;;;;;;
;;;;;;;;;
;;;;;;;;;
;;;;;;;;;
;;;;;;;;;
;;;;;;;;;
;;;;;;;;;
;;;;;;;;;
;;;;;;;;;
;;;;;;;;;
;;;;;;;;;
;;;;;;;;;
;;;;;;;;;
;;;;;;;;;
;;;;;;;;;
;;;;;;;;;
;;;;;;;;;
;;;;;;;;;
;;;;;;;;;
;;;;;;;;;
;;;;;;;;;
;;;;;;;;;
;;;;;;;;;
;;;;;;;;;
;;;;;;;;;
;;;;;;;;;
;;;;;;;;;
;;;;;;;;;
;;;;;;;;;
;;;;;;;;;
;;;;;;;;;
;;;;;;;;;
;;;;;;;;;
;;;;;;;;;
;;;;;;;;;
;;;;;;;;;
;;;;;;;;;
;;;;;;;;;
;;;;;;;;;
;;;;;;;;;
;;;;;;;;;
;;;;;;;;;
;;;;;;;;;
;;;;;;;;;
;;;;;;;;;
;;;;;;;;;
;;;;;;;;;
;;;;;;;;;
;;;;;;;;;
;;;;;;;;;
;;;;;;;;;
;;;;;;;;;
;;;;;;;;;
;;;;;;;;;
;;;;;;;;;
;;;;;;;;;
;;;;;;;;;
;;;;;;;;;
;;;;;;;;;
;;;;;;;;;
;;;;;;;;;
;;;;;;;;;
;;;;;;;;;
;;;;;;;;;
;;;;;;;;;
;;;;;;;;;
;;;;;;;;;
;;;;;;;;;
;;;;;;;;;
;;;;;;;;;
;;;;;;;;;
;;;;;;;;;
;;;;;;;;;
;;;;;;;;;
;;;;;;;;;
;;;;;;;;;
;;;;;;;;;
;;;;;;;;;
;;;;;;;;;
;;;;;;;;;
;;;;;;;;;
;;;;;;;;;
;;;;;;;;;
;;;;;;;;;
;;;;;;;;;
;;;;;;;;;
;;;;;;;;;
;;;;;;;;;
;;;;;;;;;
;;;;;;;;;
;;;;;;;;;
;;;;;;;;;
;;;;;;;;;
;;;;;;;;;
;;;;;;;;;
;;;;;;;;;
;;;;;;;;;
;;;;;;;;;
;;;;;;;;;
;;;;;;;;;
;;;;;;;;;
;;;;;;;;;
;;;;;;;;;
;;;;;;;;;
;;;;;;;;;
;;;;;;;;;
;;;;;;;;;
;;;;;;;;;
;;;;;;;;;
;;;;;;;;;
;;;;;;;;;
;;;;;;;;;
;;;;;;;;;
;;;;;;;;;
;;;;;;;;;
;;;;;;;;;
;;;;;;;;;
;;;;;;;;;
;;;;;;;;;
;;;;;;;;;
;;;;;;;;;
;;;;;;;;;
;;;;;;;;;
;;;;;;;;;
;;;;;;;;;
;;;;;;;;;
;;;;;;;;;
;;;;;;;;;
;;;;;;;;;
;;;;;;;;;
;;;;;;;;;
;;;;;;;;;
;;;;;;;;;
;;;;;;;;;
;;;;;;;;;
;;;;;;;;;
;;;;;;;;;
;;;;;;;;;
;;;;;;;;;
;;;;;;;;;
;;;;;;;;;
;;;;;;;;;
;;;;;;;;;
;;;;;;;;;
;;;;;;;;;
;;;;;;;;;
;;;;;;;;;
;;;;;;;;;
;;;;;;;;;
;;;;;;;;;
;;;;;;;;;
;;;;;;;;;
;;;;;;;;;
;;;;;;;;;
;;;;;;;;;
;;;;;;;;;
;;;;;;;;;
;;;;;;;;;
;;;;;;;;;
;;;;;;;;;
;;;;;;;;;
;;;;;;;;;
;;;;;;;;;
;;;;;;;;;
;;;;;;;;;
;;;;;;;;;
;;;;;;;;;
;;;;;;;;;
;;;;;;;;;
;;;;;;;;;
;;;;;;;;;
;;;;;;;;;
;;;;;;;;;
;;;;;;;;;
;;;;;;;;;
;;;;;;;;;
;;;;;;;;;
;;;;;;;;;
;;;;;;;;;
;;;;;;;;;
;;;;;;;;;
;;;;;;;;;
;;;;;;;;;
;;;;;;;;;
;;;;;;;;;
;;;;;;;;;
;;;;;;;;;
;;;;;;;;;
;;;;;;;;;
;;;;;;;;;
;;;;;;;;;
;;;;;;;;;
;;;;;;;;;
;;;;;;;;;
;;;;;;;;;
;;;;;;;;;
;;;;;;;;;
;;;;;;;;;
;;;;;;;;;
;;;;;;;;;
;;;;;;;;;
;;;;;;;;;
;;;;;;;;;
;;;;;;;;;
;;;;;;;;;
;;;;;;;;;
;;;;;;;;;
;;;;;;;;;
;;;;;;;;;
;;;;;;;;;
;;;;;;;;;
;;;;;;;;;
;;;;;;;;;
;;;;;;;;;
;;;;;;;;;
;;;;;;;;;
;;;;;;;;;
;;;;;;;;;
;;;;;;;;;
;;;;;;;;;
;;;;;;;;;
;;;;;;;;;
;;;;;;;;;
;;;;;;;;;
;;;;;;;;;
;;;;;;;;;
;;;;;;;;;
;;;;;;;;;
;;;;;;;;;
;;;;;;;;;
;;;;;;;;;
;;;;;;;;;
;;;;;;;;;
;;;;;;;;;
;;;;;;;;;
;;;;;;;;;
;;;;;;;;;
;;;;;;;;;
;;;;;;;;;
;;;;;;;;;
;;;;;;;;;
;;;;;;;;;
;;;;;;;;;
;;;;;;;;;
;;;;;;;;;
;;;;;;;;;
;;;;;;;;;
;;;;;;;;;
;;;;;;;;;
;;;;;;;;;
;;;;;;;;;
;;;;;;;;;
;;;;;;;;;
;;;;;;;;;
;;;;;;;;;
;;;;;;;;;
;;;;;;;;;
;;;;;;;;;
;;;;;;;;;
;;;;;;;;;
;;;;;;;;;
;;;;;;;;;
;;;;;;;;;
;;;;;;;;;
;;;;;;;;;
;;;;;;;;;
;;;;;;;;;
;;;;;;;;;
;;;;;;;;;
;;;;;;;;;
;;;;;;;;;
;;;;;;;;;
;;;;;;;;;
;;;;;;;;;
;;;;;;;;;
;;;;;;;;;
;;;;;;;;;
;;;;;;;;;
;;;;;;;;;
;;;;;;;;;
;;;;;;;;;
;;;;;;;;;
;;;;;;;;;
;;;;;;;;;
;;;;;;;;;
;;;;;;;;;
;;;;;;;;;
;;;;;;;;;
;;;;;;;;;
;;;;;;;;;
;;;;;;;;;
;;;;;;;;;
;;;;;;;;;
;;;;;;;;;
;;;;;;;;;
;;;;;;;;;
;;;;;;;;;
;;;;;;;;;
;;;;;;;;;
;;;;;;;;;
;;;;;;;;;
;;;;;;;;;
;;;;;;;;;
;;;;;;;;;
;;;;;;;;;
;;;;;;;;;
;;;;;;;;;
;;;;;;;;;
;;;;;;;;;
;;;;;;;;;
;;;;;;;;;
;;;;;;;;;
;;;;;;;;;
;;;;;;;;;
;;;;;;;;;
;;;;;;;;;
;;;;;;;;;
;;;;;;;;;
;;;;;;;;;
;;;;;;;;;
;;;;;;;;;
;;;;;;;;;
;;;;;;;;;
;;;;;;;;;
;;;;;;;;;
;;;;;;;;;
;;;;;;;;;
;;;;;;;;;
;;;;;;;;;
;;;;;;;;;
;;;;;;;;;
;;;;;;;;;
;;;;;;;;;
;;;;;;;;;
;;;;;;;;;
;;;;;;;;;
;;;;;;;;;
;;;;;;;;;
;;;;;;;;;
;;;;;;;;;
;;;;;;;;;
;;;;;;;;;
;;;;;;;;;
;;;;;;;;;
;;;;;;;;;
;;;;;;;;;
;;;;;;;;;
;;;;;;;;;
;;;;;;;;;
;;;;;;;;;
;;;;;;;;;
;;;;;;;;;
;;;;;;;;;
;;;;;;;;;
;;;;;;;;;
;;;;;;;;;
;;;;;;;;;
;;;;;;;;;
;;;;;;;;;
;;;;;;;;;
;;;;;;;;;
;;;;;;;;;
;;;;;;;;;
;;;;;;;;;
;;;;;;;;;
;;;;;;;;;
;;;;;;;;;
;;;;;;;;;
;;;;;;;;;
;;;;;;;;;
;;;;;;;;;
;;;;;;;;;
;;;;;;;;;
;;;;;;;;;
;;;;;;;;;
;;;;;;;;;
;;;;;;;;;
;;;;;;;;;
;;;;;;;;;
;;;;;;;;;
;;;;;;;;;
;;;;;;;;;
;;;;;;;;;
;;;;;;;;;
;;;;;;;;;
;;;;;;;;;
;;;;;;;;;
;;;;;;;;;
;;;;;;;;;
;;;;;;;;;
;;;;;;;;;
;;;;;;;;;
;;;;;;;;;
;;;;;;;;;
;;;;;;;;;
;;;;;;;;;
;;;;;;;;;
;;;;;;;;;
;;;;;;;;;
;;;;;;;;;
;;;;;;;;;
;;;;;;;;;
;;;;;;;;;
;;;;;;;;;
;;;;;;;;;
;;;;;;;;;
;;;;;;;;;
;;;;;;;;;
;;;;;;;;;
;;;;;;;;;
;;;;;;;;;
;;;;;;;;;
;;;;;;;;;
;;;;;;;;;
;;;;;;;;;
;;;;;;;;;
;;;;;;;;;
;;;;;;;;;
;;;;;;;;;
;;;;;;;;;
;;;;;;;;;
;;;;;;;;;
;;;;;;;;;
;;;;;;;;;
;;;;;;;;;
;;;;;;;;;
;;;;;;;;;
;;;;;;;;;
;;;;;;;;;
;;;;;;;;;
;;;;;;;;;
;;;;;;;;;
;;;;;;;;;
;;;;;;;;;
;;;;;;;;;
;;;;;;;;;
;;;;;;;;;
;;;;;;;;;
;;;;;;;;;
;;;;;;;;;
;;;;;;;;;
;;;;;;;;;
;;;;;;;;;
;;;;;;;;;
;;;;;;;;;
;;;;;;;;;
;;;;;;;;;
;;;;;;;;;
;;;;;;;;;
;;;;;;;;;
;;;;;;;;;
;;;;;;;;;
;;;;;;;;;
;;;;;;;;;
;;;;;;;;;
;;;;;;;;;
;;;;;;;;;
;;;;;;;;;
;;;;;;;;;
;;;;;;;;;
;;;;;;;;;
;;;;;;;;;
;;;;;;;;;
;;;;;;;;;
;;;;;;;;;
;;;;;;;;;
;;;;;;;;;
;;;;;;;;;
;;;;;;;;;
;;;;;;;;;
;;;;;;;;;
;;;;;;;;;
;;;;;;;;;
;;;;;;;;;
;;;;;;;;;
;;;;;;;;;
;;;;;;;;;
;;;;;;;;;
;;;;;;;;;
;;;;;;;;;
;;;;;;;;;
;;;;;;;;;
;;;;;;;;;
;;;;;;;;;
;;;;;;;;;
;;;;;;;;;
;;;;;;;;;
;;;;;;;;;
;;;;;;;;;
;;;;;;;;;
;;;;;;;;;
;;;;;;;;;
;;;;;;;;;
;;;;;;;;;
;;;;;;;;;
;;;;;;;;;
;;;;;;;;;
;;;;;;;;;
;;;;;;;;;
;;;;;;;;;
;;;;;;;;;
;;;;;;;;;
;;;;;;;;;
;;;;;;;;;
;;;;;;;;;
;;;;;;;;;
;;;;;;;;;
;;;;;;;;;
;;;;;;;;;
;;;;;;;;;
;;;;;;;;;
;;;;;;;;;
;;;;;;;;;
;;;;;;;;;
;;;;;;;;;
;;;;;;;;;
;;;;;;;;;
;;;;;;;;;
;;;;;;;;;
;;;;;;;;;
;;;;;;;;;
;;;;;;;;;
;;;;;;;;;
;;;;;;;;;
;;;;;;;;;
;;;;;;;;;
;;;;;;;;;
;;;;;;;;;
;;;;;;;;;
;;;;;;;;;
;;;;;;;;;
;;;;;;;;;
;;;;;;;;;
;;;;;;;;;
;;;;;;;;;
;;;;;;;;;
;;;;;;;;;
;;;;;;;;;
;;;;;;;;;
;;;;;;;;;
;;;;;;;;;
;;;;;;;;;
;;;;;;;;;
;;;;;;;;;
;;;;;;;;;
;;;;;;;;;
;;;;;;;;;
;;;;;;;;;
;;;;;;;;;
;;;;;;;;;
;;;;;;;;;
;;;;;;;;;
;;;;;;;;;
;;;;;;;;;
;;;;;;;;;
;;;;;;;;;
;;;;;;;;;
;;;;;;;;;
;;;;;;;;;
;;;;;;;;;
;;;;;;;;;
;;;;;;;;;
;;;;;;;;;
;;;;;;;;;
;;;;;;;;;
;;;;;;;;;
;;;;;;;;;
;;;;;;;;;
;;;;;;;;;
;;;;;;;;;
;;;;;;;;;
;;;;;;;;;
;;;;;;;;;
;;;;;;;;;
;;;;;;;;;
;;;;;;;;;
;;;;;;;;;
;;;;;;;;;
;;;;;;;;;
;;;;;;;;;
;;;;;;;;;
;;;;;;;;;
;;;;;;;;;
;;;;;;;;;
;;;;;;;;;
;;;;;;;;;
;;;;;;;;;
;;;;;;;;;
;;;;;;;;;
;;;;;;;;;
;;;;;;;;;
;;;;;;;;;
;;;;;;;;;
;;;;;;;;;
;;;;;;;;;
;;;;;;;;;
;;;;;;;;;
;;;;;;;;;
;;;;;;;;;
;;;;;;;;;
;;;;;;;;;
;;;;;;;;;
;;;;;;;;;
;;;;;;;;;
;;;;;;;;;
;;;;;;;;;
;;;;;;;;;
;;;;;;;;;
;;;;;;;;;
;;;;;;;;;
;;;;;;;;;
;;;;;;;;;
;;;;;;;;;
;;;;;;;;;
;;;;;;;;;
;;;;;;;;;
;;;;;;;;;
;;;;;;;;;
;;;;;;;;;
;;;;;;;;;
;;;;;;;;;
;;;;;;;;;
;;;;;;;;;
;;;;;;;;;
;;;;;;;;;
;;;;;;;;;
;;;;;;;;;
;;;;;;;;;
;;;;;;;;;
;;;;;;;;;
;;;;;;;;;
;;;;;;;;;
;;;;;;;;;
;;;;;;;;;
;;;;;;;;;
;;;;;;;;;
;;;;;;;;;
;;;;;;;;;
;;;;;;;;;
;;;;;;;;;
;;;;;;;;;
;;;;;;;;;
;;;;;;;;;
;;;;;;;;;
;;;;;;;;;
;;;;;;;;;
;;;;;;;;;
;;;;;;;;;
;;;;;;;;;
;;;;;;;;;
;;;;;;;;;
;;;;;;;;;
;;;;;;;;;
;;;;;;;;;
;;;;;;;;;
;;;;;;;;;
;;;;;;;;;
;;;;;;;;;
;;;;;;;;;
;;;;;;;;;
;;;;;;;;;
;;;;;;;;;
;;;;;;;;;
;;;;;;;;;
;;;;;;;;;
;;;;;;;;;
;;;;;;;;;
;;;;;;;;;
;;;;;;;;;
;;;;;;;;;
;;;;;;;;;
;;;;;;;;;
;;;;;;;;;
;;;;;;;;;
;;;;;;;;;
;;;;;;;;;
;;;;;;;;;
;;;;;;;;;
;;;;;;;;;
;;;;;;;;;
;;;;;;;;;
;;;;;;;;;
;;;;;;;;;
;;;;;;;;;
;;;;;;;;;
;;;;;;;;;
;;;;;;;;;
;;;;;;;;;
;;;;;;;;;
;;;;;;;;;
;;;;;;;;;
;;;;;;;;;
;;;;;;;;;
;;;;;;;;;
;;;;;;;;;
;;;;;;;;;
;;;;;;;;;
;;;;;;;;;
;;;;;;;;;
;;;;;;;;;
;;;;;;;;;
;;;;;;;;;
;;;;;;;;;
;;;;;;;;;
;;;;;;;;;
;;;;;;;;;
;;;;;;;;;
;;;;;;;;;
;;;;;;;;;
;;;;;;;;;
;;;;;;;;;
;;;;;;;;;
;;;;;;;;;
;;;;;;;;;
;;;;;;;;;
;;;;;;;;;
;;;;;;;;;
;;;;;;;;;
;;;;;;;;;
;;;;;;;;;
;;;;;;;;;
;;;;;;;;;
;;;;;;;;;
;;;;;;;;;
;;;;;;;;;
;;;;;;;;;
;;;;;;;;;
;;;;;;;;;
;;;;;;;;;
;;;;;;;;;
;;;;;;;;;
;;;;;;;;;
;;;;;;;;;
;;;;;;;;;
;;;;;;;;;
;;;;;;;;;
;;;;;;;;;
;;;;;;;;;
;;;;;;;;;
;;;;;;;;;
;;;;;;;;;
;;;;;;;;;
;;;;;;;;;
;;;;;;;;;
;;;;;;;;;
;;;;;;;;;
;;;;;;;;;
;;;;;;;;;
;;;;;;;;;
;;;;;;;;;
;;;;;;;;;
;;;;;;;;;
;;;;;;;;;
;;;;;;;;;
;;;;;;;;;
;;;;;;;;;
;;;;;;;;;
;;;;;;;;;
;;;;;;;;;
;;;;;;;;;
;;;;;;;;;
;;;;;;;;;
;;;;;;;;;
;;;;;;;;;
;;;;;;;;;
;;;;;;;;;
;;;;;;;;;
;;;;;;;;;
;;;;;;;;;
;;;;;;;;;
;;;;;;;;;
;;;;;;;;;
;;;;;;;;;
;;;;;;;;;
;;;;;;;;;
;;;;;;;;;
;;;;;;;;;
;;;;;;;;;
;;;;;;;;;
;;;;;;;;;
;;;;;;;;;
;;;;;;;;;
;;;;;;;;;
;;;;;;;;;
;;;;;;;;;
;;;;;;;;;
;;;;;;;;;
;;;;;;;;;
;;;;;;;;;
;;;;;;;;;
;;;;;;;;;
;;;;;;;;;
;;;;;;;;;
;;;;;;;;;
;;;;;;;;;
;;;;;;;;;
;;;;;;;;;
;;;;;;;;;
;;;;;;;;;
;;;;;;;;;
;;;;;;;;;
;;;;;;;;;
;;;;;;;;;
;;;;;;;;;
;;;;;;;;;
;;;;;;;;;
;;;;;;;;;
;;;;;;;;;
;;;;;;;;;
;;;;;;;;;
;;;;;;;;;
;;;;;;;;;
;;;;;;;;;
;;;;;;;;;
;;;;;;;;;
;;;;;;;;;
;;;;;;;;;
;;;;;;;;;
;;;;;;;;;
;;;;;;;;;
;;;;;;;;;
;;;;;;;;;
;;;;;;;;;
;;;;;;;;;
;;;;;;;;;
;;;;;;;;;
;;;;;;;;;
;;;;;;;;;
;;;;;;;;;
;;;;;;;;;
;;;;;;;;;
;;;;;;;;;
;;;;;;;;;
;;;;;;;;;
;;;;;;;;;
;;;;;;;;;
;;;;;;;;;
;;;;;;;;;
;;;;;;;;;
;;;;;;;;;
;;;;;;;;;
;;;;;;;;;
;;;;;;;;;
;;;;;;;;;
;;;;;;;;;
;;;;;;;;;
;;;;;;;;;
;;;;;;;;;
;;;;;;;;;
;;;;;;;;;
;;;;;;;;;
;;;;;;;;;
;;;;;;;;;
;;;;;;;;;
;;;;;;;;;
;;;;;;;;;
;;;;;;;;;
;;;;;;;;;
;;;;;;;;;
;;;;;;;;;
;;;;;;;;;
;;;;;;;;;
;;;;;;;;;
;;;;;;;;;
;;;;;;;;;
;;;;;;;;;
;;;;;;;;;
;;;;;;;;;
;;;;;;;;;
;;;;;;;;;
;;;;;;;;;
;;;;;;;;;
;;;;;;;;;
;;;;;;;;;
;;;;;;;;;
;;;;;;;;;
;;;;;;;;;
;;;;;;;;;
;;;;;;;;;
;;;;;;;;;
;;;;;;;;;
;;;;;;;;;
;;;;;;;;;
;;;;;;;;;
;;;;;;;;;
;;;;;;;;;
;;;;;;;;;
;;;;;;;;;
;;;;;;;;;
;;;;;;;;;
;;;;;;;;;
;;;;;;;;;
;;;;;;;;;
;;;;;;;;;
;;;;;;;;;
;;;;;;;;;
;;;;;;;;;
;;;;;;;;;
;;;;;;;;;
;;;;;;;;;
;;;;;;;;;
;;;;;;;;;
;;;;;;;;;
;;;;;;;;;
;;;;;;;;;
;;;;;;;;;
;;;;;;;;;
;;;;;;;;;
;;;;;;;;;
;;;;;;;;;
;;;;;;;;;
;;;;;;;;;
;;;;;;;;;
;;;;;;;;;
;;;;;;;;;
;;;;;;;;;
;;;;;;;;;
;;;;;;;;;
;;;;;;;;;
;;;;;;;;;
;;;;;;;;;
;;;;;;;;;
;;;;;;;;;
;;;;;;;;;
;;;;;;;;;
;;;;;;;;;
;;;;;;;;;
;;;;;;;;;
;;;;;;;;;
;;;;;;;;;
;;;;;;;;;
;;;;;;;;;
;;;;;;;;;
;;;;;;;;;
;;;;;;;;;
;;;;;;;;;
;;;;;;;;;
;;;;;;;;;
;;;;;;;;;
;;;;;;;;;
;;;;;;;;;
;;;;;;;;;
;;;;;;;;;
;;;;;;;;;
;;;;;;;;;
;;;;;;;;;
;;;;;;;;;
;;;;;;;;;
;;;;;;;;;
;;;;;;;;;
;;;;;;;;;
;;;;;;;;;
;;;;;;;;;
;;;;;;;;;
;;;;;;;;;
;;;;;;;;;
;;;;;;;;;
;;;;;;;;;
;;;;;;;;;
;;;;;;;;;
;;;;;;;;;
;;;;;;;;;
;;;;;;;;;
;;;;;;;;;
;;;;;;;;;
;;;;;;;;;
;;;;;;;;;
;;;;;;;;;
;;;;;;;;;
;;;;;;;;;
;;;;;;;;;
;;;;;;;;;
;;;;;;;;;
;;;;;;;;;
;;;;;;;;;
;;;;;;;;;
;;;;;;;;;
;;;;;;;;;
;;;;;;;;;
;;;;;;;;;
;;;;;;;;;
;;;;;;;;;
;;;;;;;;;
;;;;;;;;;
;;;;;;;;;
;;;;;;;;;
;;;;;;;;;
;;;;;;;;;
;;;;;;;;;
;;;;;;;;;
;;;;;;;;;
;;;;;;;;;
;;;;;;;;;
;;;;;;;;;
;;;;;;;;;
;;;;;;;;;
;;;;;;;;;
;;;;;;;;;
;;;;;;;;;
;;;;;;;;;
;;;;;;;;;
;;;;;;;;;
;;;;;;;;;
;;;;;;;;;
;;;;;;;;;
;;;;;;;;;
;;;;;;;;;
;;;;;;;;;
;;;;;;;;;
;;;;;;;;;
;;;;;;;;;
;;;;;;;;;
;;;;;;;;;
;;;;;;;;;
;;;;;;;;;
;;;;;;;;;
;;;;;;;;;
;;;;;;;;;
;;;;;;;;;
;;;;;;;;;
;;;;;;;;;
;;;;;;;;;
;;;;;;;;;
;;;;;;;;;
;;;;;;;;;
;;;;;;;;;
;;;;;;;;;
;;;;;;;;;
;;;;;;;;;
;;;;;;;;;
;;;;;;;;;
;;;;;;;;;
;;;;;;;;;
;;;;;;;;;
;;;;;;;;;
;;;;;;;;;
;;;;;;;;;
;;;;;;;;;
;;;;;;;;;
;;;;;;;;;
;;;;;;;;;
;;;;;;;;;
;;;;;;;;;
;;;;;;;;;
;;;;;;;;;
;;;;;;;;;
;;;;;;;;;
;;;;;;;;;
;;;;;;;;;
;;;;;;;;;
;;;;;;;;;
;;;;;;;;;
;;;;;;;;;
;;;;;;;;;
;;;;;;;;;
;;;;;;;;;
;;;;;;;;;
;;;;;;;;;
;;;;;;;;;
;;;;;;;;;
;;;;;;;;;
;;;;;;;;;
;;;;;;;;;
;;;;;;;;;
;;;;;;;;;
;;;;;;;;;
;;;;;;;;;
;;;;;;;;;
;;;;;;;;;
;;;;;;;;;
;;;;;;;;;
;;;;;;;;;
;;;;;;;;;
;;;;;;;;;
;;;;;;;;;
;;;;;;;;;
;;;;;;;;;
;;;;;;;;;
;;;;;;;;;
;;;;;;;;;
;;;;;;;;;
;;;;;;;;;
;;;;;;;;;
;;;;;;;;;
;;;;;;;;;
;;;;;;;;;
;;;;;;;;;
;;;;;;;;;
;;;;;;;;;
;;;;;;;;;
;;;;;;;;;
;;;;;;;;;
;;;;;;;;;
;;;;;;;;;
;;;;;;;;;
;;;;;;;;;
;;;;;;;;;
;;;;;;;;;
;;;;;;;;;
;;;;;;;;;
;;;;;;;;;
;;;;;;;;;
;;;;;;;;;
;;;;;;;;;
;;;;;;;;;
;;;;;;;;;
;;;;;;;;;
;;;;;;;;;
;;;;;;;;;
;;;;;;;;;
;;;;;;;;;
;;;;;;;;;
;;;;;;;;;
;;;;;;;;;
;;;;;;;;;
;;;;;;;;;
;;;;;;;;;
;;;;;;;;;
;;;;;;;;;
;;;;;;;;;
;;;;;;;;;
;;;;;;;;;
;;;;;;;;;
;;;;;;;;;
;;;;;;;;;
;;;;;;;;;
;;;;;;;;;
;;;;;;;;;
;;;;;;;;;
;;;;;;;;;
;;;;;;;;;
;;;;;;;;;
;;;;;;;;;
;;;;;;;;;
;;;;;;;;;
;;;;;;;;;
;;;;;;;;;
;;;;;;;;;
;;;;;;;;;
;;;;;;;;;
;;;;;;;;;
;;;;;;;;;
;;;;;;;;;
;;;;;;;;;
;;;;;;;;;
;;;;;;;;;
;;;;;;;;;
;;;;;;;;;
;;;;;;;;;
;;;;;;;;;
;;;;;;;;;
;;;;;;;;;
;;;;;;;;;
;;;;;;;;;
;;;;;;;;;
;;;;;;;;;
;;;;;;;;;
;;;;;;;;;
;;;;;;;;;
;;;;;;;;;
;;;;;;;;;
;;;;;;;;;
;;;;;;;;;
;;;;;;;;;
;;;;;;;;;
;;;;;;;;;
;;;;;;;;;
;;;;;;;;;
;;;;;;;;;
;;;;;;;;;
;;;;;;;;;
;;;;;;;;;
;;;;;;;;;
;;;;;;;;;
;;;;;;;;;
;;;;;;;;;
;;;;;;;;;
;;;;;;;;;
;;;;;;;;;
;;;;;;;;;
;;;;;;;;;
;;;;;;;;;
;;;;;;;;;
;;;;;;;;;
;;;;;;;;;
;;;;;;;;;
;;;;;;;;;
;;;;;;;;;
;;;;;;;;;
;;;;;;;;;
;;;;;;;;;
;;;;;;;;;
;;;;;;;;;
;;;;;;;;;
;;;;;;;;;
;;;;;;;;;
;;;;;;;;;
;;;;;;;;;
;;;;;;;;;
;;;;;;;;;
;;;;;;;;;
;;;;;;;;;
;;;;;;;;;
;;;;;;;;;
;;;;;;;;;
;;;;;;;;;
;;;;;;;;;
;;;;;;;;;
;;;;;;;;;
;;;;;;;;;
;;;;;;;;;
;;;;;;;;;
;;;;;;;;;
;;;;;;;;;
;;;;;;;;;
;;;;;;;;;
;;;;;;;;;
;;;;;;;;;
;;;;;;;;;
;;;;;;;;;
;;;;;;;;;
;;;;;;;;;
;;;;;;;;;
;;;;;;;;;
;;;;;;;;;
;;;;;;;;;
;;;;;;;;;
;;;;;;;;;
;;;;;;;;;
;;;;;;;;;
;;;;;;;;;
;;;;;;;;;
;;;;;;;;;
;;;;;;;;;
;;;;;;;;;
;;;;;;;;;
;;;;;;;;;
;;;;;;;;;
;;;;;;;;;
;;;;;;;;;
;;;;;;;;;
;;;;;;;;;
;;;;;;;;;
;;;;;;;;;
;;;;;;;;;
;;;;;;;;;
;;;;;;;;;
;;;;;;;;;
;;;;;;;;;
;;;;;;;;;
;;;;;;;;;
;;;;;;;;;
;;;;;;;;;
;;;;;;;;;
;;;;;;;;;
;;;;;;;;;
;;;;;;;;;
;;;;;;;;;
;;;;;;;;;
;;;;;;;;;
;;;;;;;;;
;;;;;;;;;
;;;;;;;;;
;;;;;;;;;
;;;;;;;;;
;;;;;;;;;
;;;;;;;;;
;;;;;;;;;
;;;;;;;;;
;;;;;;;;;
;;;;;;;;;
;;;;;;;;;
;;;;;;;;;
;;;;;;;;;
;;;;;;;;;
;;;;;;;;;
;;;;;;;;;
;;;;;;;;;
;;;;;;;;;
;;;;;;;;;
;;;;;;;;;
;;;;;;;;;
;;;;;;;;;
;;;;;;;;;
;;;;;;;;;
;;;;;;;;;
;;;;;;;;;
;;;;;;;;;
;;;;;;;;;
;;;;;;;;;
;;;;;;;;;
;;;;;;;;;
;;;;;;;;;
;;;;;;;;;
;;;;;;;;;
;;;;;;;;;
;;;;;;;;;
;;;;;;;;;
;;;;;;;;;
;;;;;;;;;
;;;;;;;;;
;;;;;;;;;
;;;;;;;;;
;;;;;;;;;
;;;;;;;;;
;;;;;;;;;
;;;;;;;;;
;;;;;;;;;
;;;;;;;;;
;;;;;;;;;
;;;;;;;;;
;;;;;;;;;
;;;;;;;;;
;;;;;;;;;
;;;;;;;;;
;;;;;;;;;
;;;;;;;;;
;;;;;;;;;
;;;;;;;;;
;;;;;;;;;
;;;;;;;;;
;;;;;;;;;
;;;;;;;;;
;;;;;;;;;
;;;;;;;;;
;;;;;;;;;
;;;;;;;;;
;;;;;;;;;
;;;;;;;;;
;;;;;;;;;
;;;;;;;;;
;;;;;;;;;
;;;;;;;;;
;;;;;;;;;
;;;;;;;;;
;;;;;;;;;
;;;;;;;;;
;;;;;;;;;
;;;;;;;;;
;;;;;;;;;
;;;;;;;;;
;;;;;;;;;
;;;;;;;;;
;;;;;;;;;
;;;;;;;;;
;;;;;;;;;
;;;;;;;;;
;;;;;;;;;
;;;;;;;;;
;;;;;;;;;
;;;;;;;;;
;;;;;;;;;
;;;;;;;;;
;;;;;;;;;
;;;;;;;;;
;;;;;;;;;
;;;;;;;;;
;;;;;;;;;
;;;;;;;;;
;;;;;;;;;
;;;;;;;;;
;;;;;;;;;
;;;;;;;;;
;;;;;;;;;
;;;;;;;;;
;;;;;;;;;
;;;;;;;;;
;;;;;;;;;
;;;;;;;;;
;;;;;;;;;
;;;;;;;;;
;;;;;;;;;
;;;;;;;;;
;;;;;;;;;
;;;;;;;;;
;;;;;;;;;
;;;;;;;;;
;;;;;;;;;
;;;;;;;;;
;;;;;;;;;
;;;;;;;;;
;;;;;;;;;
;;;;;;;;;
;;;;;;;;;
;;;;;;;;;
;;;;;;;;;
;;;;;;;;;
;;;;;;;;;
;;;;;;;;;
;;;;;;;;;
;;;;;;;;;
;;;;;;;;;
;;;;;;;;;
;;;;;;;;;
;;;;;;;;;
;;;;;;;;;
;;;;;;;;;
;;;;;;;;;
;;;;;;;;;
;;;;;;;;;
;;;;;;;;;
;;;;;;;;;
;;;;;;;;;
;;;;;;;;;
;;;;;;;;;
;;;;;;;;;
;;;;;;;;;
;;;;;;;;;
;;;;;;;;;
;;;;;;;;;
;;;;;;;;;
;;;;;;;;;
;;;;;;;;;
;;;;;;;;;
;;;;;;;;;
;;;;;;;;;
;;;;;;;;;
;;;;;;;;;
;;;;;;;;;
;;;;;;;;;
;;;;;;;;;
;;;;;;;;;
;;;;;;;;;
;;;;;;;;;
;;;;;;;;;
;;;;;;;;;
;;;;;;;;;
;;;;;;;;;
;;;;;;;;;
;;;;;;;;;
;;;;;;;;;
;;;;;;;;;
;;;;;;;;;
;;;;;;;;;
;;;;;;;;;
;;;;;;;;;
;;;;;;;;;
;;;;;;;;;
;;;;;;;;;
;;;;;;;;;
;;;;;;;;;
;;;;;;;;;
;;;;;;;;;
;;;;;;;;;
;;;;;;;;;
;;;;;;;;;
;;;;;;;;;
;;;;;;;;;
;;;;;;;;;
;;;;;;;;;
;;;;;;;;;
;;;;;;;;;
;;;;;;;;;
;;;;;;;;;
;;;;;;;;;
;;;;;;;;;
;;;;;;;;;
;;;;;;;;;
;;;;;;;;;
;;;;;;;;;
;;;;;;;;;
;;;;;;;;;
;;;;;;;;;
;;;;;;;;;
;;;;;;;;;
;;;;;;;;;
;;;;;;;;;
;;;;;;;;;
;;;;;;;;;
;;;;;;;;;
;;;;;;;;;
;;;;;;;;;
;;;;;;;;;
;;;;;;;;;
;;;;;;;;;
;;;;;;;;;
;;;;;;;;;
;;;;;;;;;
;;;;;;;;;
;;;;;;;;;
;;;;;;;;;
;;;;;;;;;
;;;;;;;;;
;;;;;;;;;
;;;;;;;;;
;;;;;;;;;
;;;;;;;;;
;;;;;;;;;
;;;;;;;;;
;;;;;;;;;
;;;;;;;;;
;;;;;;;;;
;;;;;;;;;
;;;;;;;;;
;;;;;;;;;
;;;;;;;;;
;;;;;;;;;
;;;;;;;;;
;;;;;;;;;
;;;;;;;;;
;;;;;;;;;
;;;;;;;;;
;;;;;;;;;
;;;;;;;;;
;;;;;;;;;
;;;;;;;;;
;;;;;;;;;
;;;;;;;;;
;;;;;;;;;
;;;;;;;;;
;;;;;;;;;
;;;;;;;;;
;;;;;;;;;
;;;;;;;;;
;;;;;;;;;
;;;;;;;;;
;;;;;;;;;
;;;;;;;;;
;;;;;;;;;
;;;;;;;;;
;;;;;;;;;
;;;;;;;;;
;;;;;;;;;
;;;;;;;;;
;;;;;;;;;
;;;;;;;;;
;;;;;;;;;
;;;;;;;;;
;;;;;;;;;
;;;;;;;;;
;;;;;;;;;
;;;;;;;;;
;;;;;;;;;
;;;;;;;;;
;;;;;;;;;
;;;;;;;;;
;;;;;;;;;
;;;;;;;;;
;;;;;;;;;
;;;;;;;;;
;;;;;;;;;
;;;;;;;;;
;;;;;;;;;
;;;;;;;;;
;;;;;;;;;
;;;;;;;;;
;;;;;;;;;
;;;;;;;;;
;;;;;;;;;
;;;;;;;;;
;;;;;;;;;
;;;;;;;;;
;;;;;;;;;
;;;;;;;;;
;;;;;;;;;
;;;;;;;;;
;;;;;;;;;
;;;;;;;;;
;;;;;;;;;
;;;;;;;;;
;;;;;;;;;
;;;;;;;;;
;;;;;;;;;
;;;;;;;;;
;;;;;;;;;
;;;;;;;;;
;;;;;;;;;
;;;;;;;;;
;;;;;;;;;
;;;;;;;;;
;;;;;;;;;
;;;;;;;;;
;;;;;;;;;
;;;;;;;;;
;;;;;;;;;
;;;;;;;;;
;;;;;;;;;
;;;;;;;;;
;;;;;;;;;
;;;;;;;;;
;;;;;;;;;
;;;;;;;;;
;;;;;;;;;
;;;;;;;;;
;;;;;;;;;
;;;;;;;;;
;;;;;;;;;
;;;;;;;;;
;;;;;;;;;
;;;;;;;;;
;;;;;;;;;
;;;;;;;;;
;;;;;;;;;
;;;;;;;;;
;;;;;;;;;
;;;;;;;;;
;;;;;;;;;
;;;;;;;;;
;;;;;;;;;
;;;;;;;;;
;;;;;;;;;
;;;;;;;;;
;;;;;;;;;
;;;;;;;;;
;;;;;;;;;
;;;;;;;;;
;;;;;;;;;
;;;;;;;;;
;;;;;;;;;
;;;;;;;;;
;;;;;;;;;
;;;;;;;;;
;;;;;;;;;
;;;;;;;;;
;;;;;;;;;
;;;;;;;;;
;;;;;;;;;
;;;;;;;;;
;;;;;;;;;
;;;;;;;;;
;;;;;;;;;
;;;;;;;;;
;;;;;;;;;
;;;;;;;;;
;;;;;;;;;
;;;;;;;;;
;;;;;;;;;
;;;;;;;;;
;;;;;;;;;
;;;;;;;;;
;;;;;;;;;
;;;;;;;;;
;;;;;;;;;
;;;;;;;;;
;;;;;;;;;
;;;;;;;;;
;;;;;;;;;
;;;;;;;;;
;;;;;;;;;
;;;;;;;;;
;;;;;;;;;
;;;;;;;;;
;;;;;;;;;
;;;;;;;;;
;;;;;;;;;
;;;;;;;;;
;;;;;;;;;
;;;;;;;;;
;;;;;;;;;
;;;;;;;;;
;;;;;;;;;
;;;;;;;;;
;;;;;;;;;
;;;;;;;;;
;;;;;;;;;
;;;;;;;;;
;;;;;;;;;
;;;;;;;;;
;;;;;;;;;
;;;;;;;;;
;;;;;;;;;
;;;;;;;;;
;;;;;;;;;
;;;;;;;;;
;;;;;;;;;
;;;;;;;;;
;;;;;;;;;
;;;;;;;;;
;;;;;;;;;
;;;;;;;;;
;;;;;;;;;
;;;;;;;;;
;;;;;;;;;
;;;;;;;;;
;;;;;;;;;
;;;;;;;;;
;;;;;;;;;
;;;;;;;;;
;;;;;;;;;
;;;;;;;;;
;;;;;;;;;
;;;;;;;;;
;;;;;;;;;
;;;;;;;;;
;;;;;;;;;
;;;;;;;;;
;;;;;;;;;
;;;;;;;;;
;;;;;;;;;
;;;;;;;;;
;;;;;;;;;
;;;;;;;;;
;;;;;;;;;
;;;;;;;;;
;;;;;;;;;
;;;;;;;;;
;;;;;;;;;
;;;;;;;;;
;;;;;;;;;
;;;;;;;;;
;;;;;;;;;
;;;;;;;;;
;;;;;;;;;
;;;;;;;;;
;;;;;;;;;
;;;;;;;;;
;;;;;;;;;
;;;;;;;;;
;;;;;;;;;
;;;;;;;;;
;;;;;;;;;
;;;;;;;;;
;;;;;;;;;
;;;;;;;;;
;;;;;;;;;
;;;;;;;;;
;;;;;;;;;
;;;;;;;;;
;;;;;;;;;
;;;;;;;;;
;;;;;;;;;
;;;;;;;;;
;;;;;;;;;
;;;;;;;;;
;;;;;;;;;
;;;;;;;;;
;;;;;;;;;
;;;;;;;;;
;;;;;;;;;
;;;;;;;;;
;;;;;;;;;
;;;;;;;;;
;;;;;;;;;
;;;;;;;;;
;;;;;;;;;
;;;;;;;;;
;;;;;;;;;
;;;;;;;;;
;;;;;;;;;
;;;;;;;;;
;;;;;;;;;
;;;;;;;;;
;;;;;;;;;
;;;;;;;;;
;;;;;;;;;
;;;;;;;;;
;;;;;;;;;
;;;;;;;;;
;;;;;;;;;
;;;;;;;;;
;;;;;;;;;
;;;;;;;;;
;;;;;;;;;
;;;;;;;;;
;;;;;;;;;
;;;;;;;;;
;;;;;;;;;
;;;;;;;;;
;;;;;;;;;
;;;;;;;;;
;;;;;;;;;
;;;;;;;;;
;;;;;;;;;
;;;;;;;;;
;;;;;;;;;
;;;;;;;;;
;;;;;;;;;
;;;;;;;;;
;;;;;;;;;
;;;;;;;;;
;;;;;;;;;
;;;;;;;;;
;;;;;;;;;
;;;;;;;;;
;;;;;;;;;
;;;;;;;;;
;;;;;;;;;
;;;;;;;;;
;;;;;;;;;
;;;;;;;;;
;;;;;;;;;
;;;;;;;;;
;;;;;;;;;
;;;;;;;;;
;;;;;;;;;
;;;;;;;;;
;;;;;;;;;
;;;;;;;;;
;;;;;;;;;
;;;;;;;;;
;;;;;;;;;
;;;;;;;;;
;;;;;;;;;
;;;;;;;;;
;;;;;;;;;
;;;;;;;;;
;;;;;;;;;
;;;;;;;;;
;;;;;;;;;
;;;;;;;;;
;;;;;;;;;
;;;;;;;;;
;;;;;;;;;
;;;;;;;;;
;;;;;;;;;
;;;;;;;;;
;;;;;;;;;
;;;;;;;;;
;;;;;;;;;
;;;;;;;;;
;;;;;;;;;
;;;;;;;;;
;;;;;;;;;
;;;;;;;;;
;;;;;;;;;
;;;;;;;;;
;;;;;;;;;
;;;;;;;;;
;;;;;;;;;
;;;;;;;;;
;;;;;;;;;
;;;;;;;;;
;;;;;;;;;
;;;;;;;;;
;;;;;;;;;
;;;;;;;;;
;;;;;;;;;
;;;;;;;;;
;;;;;;;;;
;;;;;;;;;
;;;;;;;;;
;;;;;;;;;
;;;;;;;;;
;;;;;;;;;
;;;;;;;;;
;;;;;;;;;
;;;;;;;;;
;;;;;;;;;
;;;;;;;;;
;;;;;;;;;
;;;;;;;;;
;;;;;;;;;
;;;;;;;;;
;;;;;;;;;
;;;;;;;;;
;;;;;;;;;
;;;;;;;;;
;;;;;;;;;
;;;;;;;;;
;;;;;;;;;
;;;;;;;;;
;;;;;;;;;
;;;;;;;;;
;;;;;;;;;
;;;;;;;;;
;;;;;;;;;
;;;;;;;;;
;;;;;;;;;
;;;;;;;;;
;;;;;;;;;
;;;;;;;;;
;;;;;;;;;
;;;;;;;;;
;;;;;;;;;
;;;;;;;;;
;;;;;;;;;
;;;;;;;;;
;;;;;;;;;
;;;;;;;;;
;;;;;;;;;
;;;;;;;;;
;;;;;;;;;
;;;;;;;;;
;;;;;;;;;
;;;;;;;;;
;;;;;;;;;
;;;;;;;;;
;;;;;;;;;
;;;;;;;;;
;;;;;;;;;
;;;;;;;;;
;;;;;;;;;
;;;;;;;;;
;;;;;;;;;
;;;;;;;;;
;;;;;;;;;
;;;;;;;;;
;;;;;;;;;
;;;;;;;;;
;;;;;;;;;
;;;;;;;;;
;;;;;;;;;
;;;;;;;;;
;;;;;;;;;
;;;;;;;;;
;;;;;;;;;
;;;;;;;;;
;;;;;;;;;
;;;;;;;;;
;;;;;;;;;
;;;;;;;;;
;;;;;;;;;
;;;;;;;;;
;;;;;;;;;
;;;;;;;;;
;;;;;;;;;
;;;;;;;;;
;;;;;;;;;
;;;;;;;;;
;;;;;;;;;
;;;;;;;;;
;;;;;;;;;
;;;;;;;;;
;;;;;;;;;
;;;;;;;;;
;;;;;;;;;
;;;;;;;;;
;;;;;;;;;
;;;;;;;;;
;;;;;;;;;
;;;;;;;;;
;;;;;;;;;
;;;;;;;;;
;;;;;;;;;
;;;;;;;;;
;;;;;;;;;
;;;;;;;;;
;;;;;;;;;
;;;;;;;;;
;;;;;;;;;
;;;;;;;;;
;;;;;;;;;
;;;;;;;;;
;;;;;;;;;
;;;;;;;;;
;;;;;;;;;
;;;;;;;;;
;;;;;;;;;
;;;;;;;;;
;;;;;;;;;
;;;;;;;;;
;;;;;;;;;
;;;;;;;;;
;;;;;;;;;
;;;;;;;;;
;;;;;;;;;
;;;;;;;;;
;;;;;;;;;
;;;;;;;;;
;;;;;;;;;
;;;;;;;;;
;;;;;;;;;
;;;;;;;;;
;;;;;;;;;
;;;;;;;;;
;;;;;;;;;
;;;;;;;;;
;;;;;;;;;
;;;;;;;;;
;;;;;;;;;
;;;;;;;;;
;;;;;;;;;
;;;;;;;;;
;;;;;;;;;
;;;;;;;;;
;;;;;;;;;
;;;;;;;;;
;;;;;;;;;
;;;;;;;;;
;;;;;;;;;
;;;;;;;;;
;;;;;;;;;
;;;;;;;;;
;;;;;;;;;
;;;;;;;;;
;;;;;;;;;
;;;;;;;;;
;;;;;;;;;
;;;;;;;;;
;;;;;;;;;
;;;;;;;;;
;;;;;;;;;
;;;;;;;;;
;;;;;;;;;
;;;;;;;;;
;;;;;;;;;
;;;;;;;;;
;;;;;;;;;
;;;;;;;;;
;;;;;;;;;
;;;;;;;;;
;;;;;;;;;
;;;;;;;;;
;;;;;;;;;
;;;;;;;;;
;;;;;;;;;
;;;;;;;;;
;;;;;;;;;
;;;;;;;;;
;;;;;;;;;
;;;;;;;;;
;;;;;;;;;
;;;;;;;;;
;;;;;;;;;
;;;;;;;;;
;;;;;;;;;
;;;;;;;;;
;;;;;;;;;
;;;;;;;;;
;;;;;;;;;
;;;;;;;;;
;;;;;;;;;
;;;;;;;;;
;;;;;;;;;
;;;;;;;;;
;;;;;;;;;
;;;;;;;;;
;;;;;;;;;
;;;;;;;;;
;;;;;;;;;
;;;;;;;;;
;;;;;;;;;
;;;;;;;;;
;;;;;;;;;
;;;;;;;;;
;;;;;;;;;
;;;;;;;;;
;;;;;;;;;
;;;;;;;;;
;;;;;;;;;
;;;;;;;;;
;;;;;;;;;
;;;;;;;;;
;;;;;;;;;
;;;;;;;;;
;;;;;;;;;
;;;;;;;;;
;;;;;;;;;
;;;;;;;;;
;;;;;;;;;
;;;;;;;;;
;;;;;;;;;
;;;;;;;;;
;;;;;;;;;
;;;;;;;;;
;;;;;;;;;
;;;;;;;;;
;;;;;;;;;
;;;;;;;;;
;;;;;;;;;
;;;;;;;;;
;;;;;;;;;
;;;;;;;;;
;;;;;;;;;
;;;;;;;;;
;;;;;;;;;
;;;;;;;;;
;;;;;;;;;
;;;;;;;;;
;;;;;;;;;
;;;;;;;;;
;;;;;;;;;
;;;;;;;;;
;;;;;;;;;
;;;;;;;;;
;;;;;;;;;
;;;;;;;;;
;;;;;;;;;
;;;;;;;;;
;;;;;;;;;
;;;;;;;;;
;;;;;;;;;
;;;;;;;;;
;;;;;;;;;
;;;;;;;;;
;;;;;;;;;
;;;;;;;;;
;;;;;;;;;
;;;;;;;;;
;;;;;;;;;
;;;;;;;;;
;;;;;;;;;
;;;;;;;;;
;;;;;;;;;
;;;;;;;;;
;;;;;;;;;
;;;;;;;;;
;;;;;;;;;
;;;;;;;;;
;;;;;;;;;
;;;;;;;;;
;;;;;;;;;
;;;;;;;;;
;;;;;;;;;
;;;;;;;;;
;;;;;;;;;
;;;;;;;;;
;;;;;;;;;
;;;;;;;;;
;;;;;;;;;
;;;;;;;;;
;;;;;;;;;
;;;;;;;;;
;;;;;;;;;
;;;;;;;;;
;;;;;;;;;
;;;;;;;;;
;;;;;;;;;
;;;;;;;;;
;;;;;;;;;
;;;;;;;;;
;;;;;;;;;
;;;;;;;;;
;;;;;;;;;
;;;;;;;;;
;;;;;;;;;
;;;;;;;;;
;;;;;;;;;
;;;;;;;;;
;;;;;;;;;
;;;;;;;;;
;;;;;;;;;
;;;;;;;;;
;;;;;;;;;
;;;;;;;;;
;;;;;;;;;
;;;;;;;;;
;;;;;;;;;
;;;;;;;;;
;;;;;;;;;
;;;;;;;;;
;;;;;;;;;
;;;;;;;;;
;;;;;;;;;
;;;;;;;;;
;;;;;;;;;
;;;;;;;;;
;;;;;;;;;
;;;;;;;;;
;;;;;;;;;
;;;;;;;;;
;;;;;;;;;
;;;;;;;;;
;;;;;;;;;
;;;;;;;;;
;;;;;;;;;
;;;;;;;;;
;;;;;;;;;
;;;;;;;;;
;;;;;;;;;
;;;;;;;;;
;;;;;;;;;
;;;;;;;;;
;;;;;;;;;
;;;;;;;;;
;;;;;;;;;
;;;;;;;;;
;;;;;;;;;
;;;;;;;;;
;;;;;;;;;
;;;;;;;;;
;;;;;;;;;
;;;;;;;;;
;;;;;;;;;
;;;;;;;;;
;;;;;;;;;
;;;;;;;;;
;;;;;;;;;
;;;;;;;;;
;;;;;;;;;
;;;;;;;;;
;;;;;;;;;
;;;;;;;;;
;;;;;;;;;
;;;;;;;;;
;;;;;;;;;
;;;;;;;;;
;;;;;;;;;
;;;;;;;;;
;;;;;;;;;
;;;;;;;;;
;;;;;;;;;
;;;;;;;;;
;;;;;;;;;
;;;;;;;;;
;;;;;;;;;
;;;;;;;;;
;;;;;;;;;
;;;;;;;;;
;;;;;;;;;
;;;;;;;;;
;;;;;;;;;
;;;;;;;;;
;;;;;;;;;
;;;;;;;;;
;;;;;;;;;
;;;;;;;;;
;;;;;;;;;
;;;;;;;;;
;;;;;;;;;
;;;;;;;;;
;;;;;;;;;
;;;;;;;;;
;;;;;;;;;
;;;;;;;;;
;;;;;;;;;
;;;;;;;;;
;;;;;;;;;
;;;;;;;;;
;;;;;;;;;
;;;;;;;;;
;;;;;;;;;
;;;;;;;;;
;;;;;;;;;
;;;;;;;;;
;;;;;;;;;
;;;;;;;;;
;;;;;;;;;
;;;;;;;;;
;;;;;;;;;
;;;;;;;;;
;;;;;;;;;
;;;;;;;;;
;;;;;;;;;
;;;;;;;;;
;;;;;;;;;
;;;;;;;;;
;;;;;;;;;
;;;;;;;;;
;;;;;;;;;
;;;;;;;;;
;;;;;;;;;
;;;;;;;;;
;;;;;;;;;
;;;;;;;;;
;;;;;;;;;
;;;;;;;;;
;;;;;;;;;
;;;;;;;;;
;;;;;;;;;
;;;;;;;;;
;;;;;;;;;
;;;;;;;;;
;;;;;;;;;
;;;;;;;;;
;;;;;;;;;
;;;;;;;;;
;;;;;;;;;
;;;;;;;;;
;;;;;;;;;
;;;;;;;;;
;;;;;;;;;
;;;;;;;;;
;;;;;;;;;
;;;;;;;;;
;;;;;;;;;
;;;;;;;;;
;;;;;;;;;
;;;;;;;;;
;;;;;;;;;
;;;;;;;;;
;;;;;;;;;
;;;;;;;;;
;;;;;;;;;
;;;;;;;;;
;;;;;;;;;
;;;;;;;;;
;;;;;;;;;
;;;;;;;;;
;;;;;;;;;
;;;;;;;;;
;;;;;;;;;
;;;;;;;;;
;;;;;;;;;
;;;;;;;;;
;;;;;;;;;
;;;;;;;;;
;;;;;;;;;
;;;;;;;;;
;;;;;;;;;
;;;;;;;;;
;;;;;;;;;
;;;;;;;;;
;;;;;;;;;
;;;;;;;;;
;;;;;;;;;
;;;;;;;;;
;;;;;;;;;
;;;;;;;;;
;;;;;;;;;
;;;;;;;;;
;;;;;;;;;
;;;;;;;;;
;;;;;;;;;
;;;;;;;;;
;;;;;;;;;
;;;;;;;;;
;;;;;;;;;
;;;;;;;;;
;;;;;;;;;
;;;;;;;;;
;;;;;;;;;
;;;;;;;;;
;;;;;;;;;
;;;;;;;;;
;;;;;;;;;
;;;;;;;;;
;;;;;;;;;
;;;;;;;;;
;;;;;;;;;
;;;;;;;;;
;;;;;;;;;
;;;;;;;;;
;;;;;;;;;
;;;;;;;;;
;;;;;;;;;
;;;;;;;;;
;;;;;;;;;
;;;;;;;;;
;;;;;;;;;
;;;;;;;;;
;;;;;;;;;
;;;;;;;;;
;;;;;;;;;
;;;;;;;;;
;;;;;;;;;
;;;;;;;;;
;;;;;;;;;
;;;;;;;;;
;;;;;;;;;
;;;;;;;;;
;;;;;;;;;
;;;;;;;;;
;;;;;;;;;
;;;;;;;;;
;;;;;;;;;
;;;;;;;;;
;;;;;;;;;
;;;;;;;;;
;;;;;;;;;
;;;;;;;;;
;;;;;;;;;
;;;;;;;;;
;;;;;;;;;
;;;;;;;;;
;;;;;;;;;
;;;;;;;;;
;;;;;;;;;
;;;;;;;;;
;;;;;;;;;
;;;;;;;;;
;;;;;;;;;
;;;;;;;;;
;;;;;;;;;
;;;;;;;;;
;;;;;;;;;
;;;;;;;;;
;;;;;;;;;
;;;;;;;;;
;;;;;;;;;
;;;;;;;;;
;;;;;;;;;
;;;;;;;;;
;;;;;;;;;
;;;;;;;;;
;;;;;;;;;
;;;;;;;;;
;;;;;;;;;
;;;;;;;;;
;;;;;;;;;
;;;;;;;;;
;;;;;;;;;
;;;;;;;;;
;;;;;;;;;
;;;;;;;;;
;;;;;;;;;
;;;;;;;;;
;;;;;;;;;
;;;;;;;;;
;;;;;;;;;
;;;;;;;;;
;;;;;;;;;
;;;;;;;;;
;;;;;;;;;
;;;;;;;;;
;;;;;;;;;
;;;;;;;;;
;;;;;;;;;
;;;;;;;;;
;;;;;;;;;
;;;;;;;;;
;;;;;;;;;
;;;;;;;;;
;;;;;;;;;
;;;;;;;;;
;;;;;;;;;
;;;;;;;;;
;;;;;;;;;
;;;;;;;;;
;;;;;;;;;
;;;;;;;;;
;;;;;;;;;
;;;;;;;;;
;;;;;;;;;
;;;;;;;;;
;;;;;;;;;
;;;;;;;;;
;;;;;;;;;
;;;;;;;;;
;;;;;;;;;
;;;;;;;;;
;;;;;;;;;
;;;;;;;;;
;;;;;;;;;
;;;;;;;;;
;;;;;;;;;
;;;;;;;;;
;;;;;;;;;
;;;;;;;;;
;;;;;;;;;
;;;;;;;;;
;;;;;;;;;
;;;;;;;;;
;;;;;;;;;
;;;;;;;;;
;;;;;;;;;
;;;;;;;;;
;;;;;;;;;
;;;;;;;;;
;;;;;;;;;
;;;;;;;;;
;;;;;;;;;
;;;;;;;;;
;;;;;;;;;
;;;;;;;;;
;;;;;;;;;
;;;;;;;;;
;;;;;;;;;
;;;;;;;;;
;;;;;;;;;
;;;;;;;;;
;;;;;;;;;
;;;;;;;;;
;;;;;;;;;
;;;;;;;;;
;;;;;;;;;
;;;;;;;;;
;;;;;;;;;
;;;;;;;;;
;;;;;;;;;
;;;;;;;;;
;;;;;;;;;
;;;;;;;;;
;;;;;;;;;
;;;;;;;;;
;;;;;;;;;
;;;;;;;;;
;;;;;;;;;
;;;;;;;;;
;;;;;;;;;
;;;;;;;;;
;;;;;;;;;
;;;;;;;;;
;;;;;;;;;
;;;;;;;;;
;;;;;;;;;
;;;;;;;;;
;;;;;;;;;
;;;;;;;;;
;;;;;;;;;
;;;;;;;;;
;;;;;;;;;
;;;;;;;;;
;;;;;;;;;
;;;;;;;;;
;;;;;;;;;
;;;;;;;;;
;;;;;;;;;
;;;;;;;;;
;;;;;;;;;
;;;;;;;;;
;;;;;;;;;
;;;;;;;;;
;;;;;;;;;
;;;;;;;;;
;;;;;;;;;
;;;;;;;;;
;;;;;;;;;
;;;;;;;;;
;;;;;;;;;
;;;;;;;;;
;;;;;;;;;
;;;;;;;;;
;;;;;;;;;
;;;;;;;;;
;;;;;;;;;
;;;;;;;;;
;;;;;;;;;
;;;;;;;;;
;;;;;;;;;
;;;;;;;;;
;;;;;;;;;
;;;;;;;;;
;;;;;;;;;
;;;;;;;;;
;;;;;;;;;
;;;;;;;;;
;;;;;;;;;
;;;;;;;;;
;;;;;;;;;
;;;;;;;;;
;;;;;;;;;
;;;;;;;;;
;;;;;;;;;
;;;;;;;;;
;;;;;;;;;
;;;;;;;;;
;;;;;;;;;
;;;;;;;;;
;;;;;;;;;
;;;;;;;;;
;;;;;;;;;
;;;;;;;;;
;;;;;;;;;
;;;;;;;;;
;;;;;;;;;
;;;;;;;;;
;;;;;;;;;
;;;;;;;;;
;;;;;;;;;
;;;;;;;;;
;;;;;;;;;
;;;;;;;;;
;;;;;;;;;
;;;;;;;;;
;;;;;;;;;
;;;;;;;;;
;;;;;;;;;
;;;;;;;;;
;;;;;;;;;
;;;;;;;;;
;;;;;;;;;
;;;;;;;;;
;;;;;;;;;
;;;;;;;;;
;;;;;;;;;
;;;;;;;;;
;;;;;;;;;
;;;;;;;;;
;;;;;;;;;
;;;;;;;;;
;;;;;;;;;
;;;;;;;;;
;;;;;;;;;
;;;;;;;;;
;;;;;;;;;
;;;;;;;;;
;;;;;;;;;
;;;;;;;;;
;;;;;;;;;
;;;;;;;;;
;;;;;;;;;
;;;;;;;;;
;;;;;;;;;
;;;;;;;;;
;;;;;;;;;
;;;;;;;;;
;;;;;;;;;
;;;;;;;;;
;;;;;;;;;
;;;;;;;;;
;;;;;;;;;
;;;;;;;;;
;;;;;;;;;
;;;;;;;;;
;;;;;;;;;
;;;;;;;;;
;;;;;;;;;
;;;;;;;;;
;;;;;;;;;
;;;;;;;;;
;;;;;;;;;
;;;;;;;;;
;;;;;;;;;
;;;;;;;;;
;;;;;;;;;
;;;;;;;;;
;;;;;;;;;
;;;;;;;;;
;;;;;;;;;
;;;;;;;;;
;;;;;;;;;
;;;;;;;;;
;;;;;;;;;
;;;;;;;;;
;;;;;;;;;
;;;;;;;;;
;;;;;;;;;
;;;;;;;;;
;;;;;;;;;
;;;;;;;;;
;;;;;;;;;
;;;;;;;;;
;;;;;;;;;
;;;;;;;;;
;;;;;;;;;
;;;;;;;;;
;;;;;;;;;
;;;;;;;;;
;;;;;;;;;
;;;;;;;;;
;;;;;;;;;
;;;;;;;;;
;;;;;;;;;
;;;;;;;;;
;;;;;;;;;
;;;;;;;;;
;;;;;;;;;
;;;;;;;;;
;;;;;;;;;
;;;;;;;;;
;;;;;;;;;
;;;;;;;;;
;;;;;;;;;
;;;;;;;;;
;;;;;;;;;
;;;;;;;;;
;;;;;;;;;
;;;;;;;;;
;;;;;;;;;
;;;;;;;;;
;;;;;;;;;
;;;;;;;;;
;;;;;;;;;
;;;;;;;;;
;;;;;;;;;
;;;;;;;;;
;;;;;;;;;
;;;;;;;;;
;;;;;;;;;
;;;;;;;;;
;;;;;;;;;
;;;;;;;;;
;;;;;;;;;
;;;;;;;;;
;;;;;;;;;
;;;;;;;;;
;;;;;;;;;
;;;;;;;;;
;;;;;;;;;
;;;;;;;;;
;;;;;;;;;
;;;;;;;;;
;;;;;;;;;
;;;;;;;;;
;;;;;;;;;
;;;;;;;;;
;;;;;;;;;
;;;;;;;;;
;;;;;;;;;
;;;;;;;;;
;;;;;;;;;
;;;;;;;;;
;;;;;;;;;
;;;;;;;;;
;;;;;;;;;
;;;;;;;;;
;;;;;;;;;
;;;;;;;;;
;;;;;;;;;
;;;;;;;;;
;;;;;;;;;
;;;;;;;;;
;;;;;;;;;
;;;;;;;;;
;;;;;;;;;
;;;;;;;;;
;;;;;;;;;
;;;;;;;;;
;;;;;;;;;
;;;;;;;;;
;;;;;;;;;
;;;;;;;;;
;;;;;;;;;
;;;;;;;;;
;;;;;;;;;
;;;;;;;;;
;;;;;;;;;
;;;;;;;;;
;;;;;;;;;
;;;;;;;;;
;;;;;;;;;
;;;;;;;;;
;;;;;;;;;
;;;;;;;;;
;;;;;;;;;
;;;;;;;;;
;;;;;;;;;
;;;;;;;;;
;;;;;;;;;
;;;;;;;;;
;;;;;;;;;
;;;;;;;;;
;;;;;;;;;
;;;;;;;;;
;;;;;;;;;
;;;;;;;;;
;;;;;;;;;
;;;;;;;;;
;;;;;;;;;
;;;;;;;;;
;;;;;;;;;
;;;;;;;;;
;;;;;;;;;
;;;;;;;;;
;;;;;;;;;
;;;;;;;;;
;;;;;;;;;
;;;;;;;;;
;;;;;;;;;
;;;;;;;;;
;;;;;;;;;
;;;;;;;;;
;;;;;;;;;
;;;;;;;;;
;;;;;;;;;
;;;;;;;;;
;;;;;;;;;
;;;;;;;;;
;;;;;;;;;
;;;;;;;;;
;;;;;;;;;
;;;;;;;;;
;;;;;;;;;
;;;;;;;;;
;;;;;;;;;
;;;;;;;;;
;;;;;;;;;
;;;;;;;;;
;;;;;;;;;
;;;;;;;;;
;;;;;;;;;
;;;;;;;;;
;;;;;;;;;
;;;;;;;;;
;;;;;;;;;
;;;;;;;;;
;;;;;;;;;
;;;;;;;;;
;;;;;;;;;
;;;;;;;;;
;;;;;;;;;
;;;;;;;;;
;;;;;;;;;
;;;;;;;;;
;;;;;;;;;
;;;;;;;;;
;;;;;;;;;
;;;;;;;;;
;;;;;;;;;
;;;;;;;;;
;;;;;;;;;
;;;;;;;;;
;;;;;;;;;
;;;;;;;;;
;;;;;;;;;
;;;;;;;;;
;;;;;;;;;
;;;;;;;;;
;;;;;;;;;
;;;;;;;;;
;;;;;;;;;
;;;;;;;;;
;;;;;;;;;
;;;;;;;;;
;;;;;;;;;
;;;;;;;;;
;;;;;;;;;
;;;;;;;;;
;;;;;;;;;
;;;;;;;;;
;;;;;;;;;
;;;;;;;;;
;;;;;;;;;
;;;;;;;;;
;;;;;;;;;
;;;;;;;;;
;;;;;;;;;
;;;;;;;;;
;;;;;;;;;
;;;;;;;;;
;;;;;;;;;
;;;;;;;;;
;;;;;;;;;
;;;;;;;;;
;;;;;;;;;
;;;;;;;;;
;;;;;;;;;
;;;;;;;;;
;;;;;;;;;
;;;;;;;;;
;;;;;;;;;
;;;;;;;;;
;;;;;;;;;
;;;;;;;;;
;;;;;;;;;
;;;;;;;;;
;;;;;;;;;
;;;;;;;;;
;;;;;;;;;
;;;;;;;;;
;;;;;;;;;
;;;;;;;;;
;;;;;;;;;
;;;;;;;;;
;;;;;;;;;
;;;;;;;;;
;;;;;;;;;
;;;;;;;;;
;;;;;;;;;
;;;;;;;;;
;;;;;;;;;
;;;;;;;;;
;;;;;;;;;
;;;;;;;;;
;;;;;;;;;
;;;;;;;;;
;;;;;;;;;
;;;;;;;;;
;;;;;;;;;
;;;;;;;;;
;;;;;;;;;
;;;;;;;;;
;;;;;;;;;
;;;;;;;;;
;;;;;;;;;
;;;;;;;;;
;;;;;;;;;
;;;;;;;;;
;;;;;;;;;
;;;;;;;;;
;;;;;;;;;
;;;;;;;;;
;;;;;;;;;
;;;;;;;;;
;;;;;;;;;
;;;;;;;;;
;;;;;;;;;
;;;;;;;;;
;;;;;;;;;
;;;;;;;;;
;;;;;;;;;
;;;;;;;;;
;;;;;;;;;
;;;;;;;;;
;;;;;;;;;
;;;;;;;;;
;;;;;;;;;
;;;;;;;;;
;;;;;;;;;
;;;;;;;;;
;;;;;;;;;
;;;;;;;;;
;;;;;;;;;
;;;;;;;;;
;;;;;;;;;
;;;;;;;;;
;;;;;;;;;
;;;;;;;;;
;;;;;;;;;
;;;;;;;;;
;;;;;;;;;
;;;;;;;;;
;;;;;;;;;
;;;;;;;;;
;;;;;;;;;
;;;;;;;;;
;;;;;;;;;
;;;;;;;;;
;;;;;;;;;
;;;;;;;;;
;;;;;;;;;
;;;;;;;;;
;;;;;;;;;
;;;;;;;;;
;;;;;;;;;
;;;;;;;;;
;;;;;;;;;
;;;;;;;;;
;;;;;;;;;
;;;;;;;;;
;;;;;;;;;
;;;;;;;;;
;;;;;;;;;
;;;;;;;;;
;;;;;;;;;
;;;;;;;;;
;;;;;;;;;
;;;;;;;;;
;;;;;;;;;
;;;;;;;;;
;;;;;;;;;
;;;;;;;;;
;;;;;;;;;
;;;;;;;;;
;;;;;;;;;
;;;;;;;;;
;;;;;;;;;
;;;;;;;;;
;;;;;;;;;
;;;;;;;;;
;;;;;;;;;
;;;;;;;;;
;;;;;;;;;
;;;;;;;;;
;;;;;;;;;
;;;;;;;;;
;;;;;;;;;
;;;;;;;;;
;;;;;;;;;
;;;;;;;;;
;;;;;;;;;
;;;;;;;;;
;;;;;;;;;
;;;;;;;;;
;;;;;;;;;
;;;;;;;;;
;;;;;;;;;
;;;;;;;;;
;;;;;;;;;
;;;;;;;;;
;;;;;;;;;
;;;;;;;;;
;;;;;;;;;
;;;;;;;;;
;;;;;;;;;
;;;;;;;;;
;;;;;;;;;
;;;;;;;;;
;;;;;;;;;
;;;;;;;;;
;;;;;;;;;
;;;;;;;;;
;;;;;;;;;
;;;;;;;;;
;;;;;;;;;
;;;;;;;;;
;;;;;;;;;
;;;;;;;;;
;;;;;;;;;
;;;;;;;;;
;;;;;;;;;
;;;;;;;;;
;;;;;;;;;
;;;;;;;;;
;;;;;;;;;
;;;;;;;;;
;;;;;;;;;
;;;;;;;;;
;;;;;;;;;
;;;;;;;;;
;;;;;;;;;
;;;;;;;;;
;;;;;;;;;
;;;;;;;;;
;;;;;;;;;
;;;;;;;;;
;;;;;;;;;
;;;;;;;;;
;;;;;;;;;
;;;;;;;;;
;;;;;;;;;
;;;;;;;;;
;;;;;;;;;
;;;;;;;;;
;;;;;;;;;
;;;;;;;;;
;;;;;;;;;
;;;;;;;;;
;;;;;;;;;
;;;;;;;;;
;;;;;;;;;
;;;;;;;;;
;;;;;;;;;
;;;;;;;;;
;;;;;;;;;
;;;;;;;;;
;;;;;;;;;
;;;;;;;;;
;;;;;;;;;
;;;;;;;;;
;;;;;;;;;
;;;;;;;;;
;;;;;;;;;
;;;;;;;;;
;;;;;;;;;
;;;;;;;;;
;;;;;;;;;
;;;;;;;;;
;;;;;;;;;
;;;;;;;;;
;;;;;;;;;
;;;;;;;;;
;;;;;;;;;
;;;;;;;;;
;;;;;;;;;
;;;;;;;;;
;;;;;;;;;
;;;;;;;;;
;;;;;;;;;
;;;;;;;;;
;;;;;;;;;
;;;;;;;;;
;;;;;;;;;
;;;;;;;;;
;;;;;;;;;
;;;;;;;;;
;;;;;;;;;
;;;;;;;;;
;;;;;;;;;
;;;;;;;;;
;;;;;;;;;
;;;;;;;;;
;;;;;;;;;
;;;;;;;;;
;;;;;;;;;
;;;;;;;;;
;;;;;;;;;
;;;;;;;;;
;;;;;;;;;
;;;;;;;;;
;;;;;;;;;
;;;;;;;;;
;;;;;;;;;
;;;;;;;;;
;;;;;;;;;
;;;;;;;;;
;;;;;;;;;
;;;;;;;;;
;;;;;;;;;
;;;;;;;;;
;;;;;;;;;
;;;;;;;;;
;;;;;;;;;
;;;;;;;;;
;;;;;;;;;
;;;;;;;;;
;;;;;;;;;
;;;;;;;;;
;;;;;;;;;
;;;;;;;;;
;;;;;;;;;
;;;;;;;;;
;;;;;;;;;
;;;;;;;;;
;;;;;;;;;
;;;;;;;;;
;;;;;;;;;
;;;;;;;;;
;;;;;;;;;
;;;;;;;;;
;;;;;;;;;
;;;;;;;;;
;;;;;;;;;
;;;;;;;;;
;;;;;;;;;
;;;;;;;;;
;;;;;;;;;
;;;;;;;;;
;;;;;;;;;
;;;;;;;;;
;;;;;;;;;
;;;;;;;;;
;;;;;;;;;
;;;;;;;;;
;;;;;;;;;
;;;;;;;;;
;;;;;;;;;
;;;;;;;;;
;;;;;;;;;
;;;;;;;;;
;;;;;;;;;
;;;;;;;;;
;;;;;;;;;
;;;;;;;;;
;;;;;;;;;
;;;;;;;;;
;;;;;;;;;
;;;;;;;;;
;;;;;;;;;
;;;;;;;;;
;;;;;;;;;
;;;;;;;;;
;;;;;;;;;
;;;;;;;;;
;;;;;;;;;
;;;;;;;;;
;;;;;;;;;
;;;;;;;;;
;;;;;;;;;
;;;;;;;;;
;;;;;;;;;
;;;;;;;;;
;;;;;;;;;
;;;;;;;;;
;;;;;;;;;
;;;;;;;;;
;;;;;;;;;
;;;;;;;;;
;;;;;;;;;
;;;;;;;;;
;;;;;;;;;
;;;;;;;;;
;;;;;;;;;
;;;;;;;;;
;;;;;;;;;
;;;;;;;;;
;;;;;;;;;
;;;;;;;;;
;;;;;;;;;
;;;;;;;;;
;;;;;;;;;
;;;;;;;;;
;;;;;;;;;
;;;;;;;;;
;;;;;;;;;
;;;;;;;;;
;;;;;;;;;
;;;;;;;;;
;;;;;;;;;
;;;;;;;;;
;;;;;;;;;
;;;;;;;;;
;;;;;;;;;
;;;;;;;;;
;;;;;;;;;
;;;;;;;;;
;;;;;;;;;
;;;;;;;;;
;;;;;;;;;
;;;;;;;;;
;;;;;;;;;
;;;;;;;;;
;;;;;;;;;
;;;;;;;;;
;;;;;;;;;
;;;;;;;;;
;;;;;;;;;
;;;;;;;;;
;;;;;;;;;
;;;;;;;;;
;;;;;;;;;
;;;;;;;;;
;;;;;;;;;
;;;;;;;;;
;;;;;;;;;
;;;;;;;;;
;;;;;;;;;
;;;;;;;;;
;;;;;;;;;
;;;;;;;;;
;;;;;;;;;
;;;;;;;;;
;;;;;;;;;
;;;;;;;;;
;;;;;;;;;
;;;;;;;;;
;;;;;;;;;
;;;;;;;;;
;;;;;;;;;
;;;;;;;;;
;;;;;;;;;
;;;;;;;;;
;;;;;;;;;
;;;;;;;;;
;;;;;;;;;
;;;;;;;;;
;;;;;;;;;
;;;;;;;;;
;;;;;;;;;
;;;;;;;;;
;;;;;;;;;
;;;;;;;;;
;;;;;;;;;
;;;;;;;;;
;;;;;;;;;
;;;;;;;;;
;;;;;;;;;
;;;;;;;;;
;;;;;;;;;
;;;;;;;;;
;;;;;;;;;
;;;;;;;;;
;;;;;;;;;
;;;;;;;;;
;;;;;;;;;
;;;;;;;;;
;;;;;;;;;
;;;;;;;;;
;;;;;;;;;
;;;;;;;;;
;;;;;;;;;
;;;;;;;;;
;;;;;;;;;
;;;;;;;;;
;;;;;;;;;
;;;;;;;;;
;;;;;;;;;
;;;;;;;;;
;;;;;;;;;
;;;;;;;;;
;;;;;;;;;
;;;;;;;;;
;;;;;;;;;
;;;;;;;;;
;;;;;;;;;
;;;;;;;;;
;;;;;;;;;
;;;;;;;;;
;;;;;;;;;
;;;;;;;;;
;;;;;;;;;
;;;;;;;;;
;;;;;;;;;
;;;;;;;;;
;;;;;;;;;
;;;;;;;;;
;;;;;;;;;
;;;;;;;;;
;;;;;;;;;
;;;;;;;;;
;;;;;;;;;
;;;;;;;;;
;;;;;;;;;
;;;;;;;;;
;;;;;;;;;
;;;;;;;;;
;;;;;;;;;
;;;;;;;;;
;;;;;;;;;
;;;;;;;;;
;;;;;;;;;
;;;;;;;;;
;;;;;;;;;
;;;;;;;;;
;;;;;;;;;
;;;;;;;;;
;;;;;;;;;
;;;;;;;;;
;;;;;;;;;
;;;;;;;;;
;;;;;;;;;
;;;;;;;;;
;;;;;;;;;
;;;;;;;;;
;;;;;;;;;
;;;;;;;;;
;;;;;;;;;
;;;;;;;;;
;;;;;;;;;
;;;;;;;;;
;;;;;;;;;
;;;;;;;;;
;;;;;;;;;
;;;;;;;;;
;;;;;;;;;
;;;;;;;;;
;;;;;;;;;
;;;;;;;;;
;;;;;;;;;
;;;;;;;;;
;;;;;;;;;
;;;;;;;;;
;;;;;;;;;
;;;;;;;;;
;;;;;;;;;
;;;;;;;;;
;;;;;;;;;
;;;;;;;;;
;;;;;;;;;
;;;;;;;;;
;;;;;;;;;
;;;;;;;;;
;;;;;;;;;
;;;;;;;;;
;;;;;;;;;
;;;;;;;;;
;;;;;;;;;
;;;;;;;;;
;;;;;;;;;
;;;;;;;;;
;;;;;;;;;
;;;;;;;;;
;;;;;;;;;
;;;;;;;;;
;;;;;;;;;
;;;;;;;;;
;;;;;;;;;
;;;;;;;;;
;;;;;;;;;
;;;;;;;;;
;;;;;;;;;
;;;;;;;;;
;;;;;;;;;
;;;;;;;;;
;;;;;;;;;
;;;;;;;;;
;;;;;;;;;
;;;;;;;;;
;;;;;;;;;
;;;;;;;;;
;;;;;;;;;
;;;;;;;;;
;;;;;;;;;
;;;;;;;;;
;;;;;;;;;
;;;;;;;;;
;;;;;;;;;
;;;;;;;;;
;;;;;;;;;
;;;;;;;;;
;;;;;;;;;
;;;;;;;;;
;;;;;;;;;
;;;;;;;;;
;;;;;;;;;
;;;;;;;;;
;;;;;;;;;
;;;;;;;;;
;;;;;;;;;
;;;;;;;;;
;;;;;;;;;
;;;;;;;;;
;;;;;;;;;
;;;;;;;;;
;;;;;;;;;
;;;;;;;;;
;;;;;;;;;
;;;;;;;;;
;;;;;;;;;
;;;;;;;;;
;;;;;;;;;
;;;;;;;;;
;;;;;;;;;
;;;;;;;;;
;;;;;;;;;
;;;;;;;;;
;;;;;;;;;
;;;;;;;;;
;;;;;;;;;
;;;;;;;;;
;;;;;;;;;
;;;;;;;;;
;;;;;;;;;
;;;;;;;;;
;;;;;;;;;
;;;;;;;;;
;;;;;;;;;
;;;;;;;;;
;;;;;;;;;
;;;;;;;;;
;;;;;;;;;
;;;;;;;;;
;;;;;;;;;
;;;;;;;;;
;;;;;;;;;
;;;;;;;;;
;;;;;;;;;
;;;;;;;;;
;;;;;;;;;
;;;;;;;;;
;;;;;;;;;
;;;;;;;;;
;;;;;;;;;
;;;;;;;;;
;;;;;;;;;
;;;;;;;;;
;;;;;;;;;
;;;;;;;;;
;;;;;;;;;
;;;;;;;;;
;;;;;;;;;
;;;;;;;;;
;;;;;;;;;
;;;;;;;;;
;;;;;;;;;
;;;;;;;;;
;;;;;;;;;
;;;;;;;;;
;;;;;;;;;
;;;;;;;;;
;;;;;;;;;
;;;;;;;;;
;;;;;;;;;
;;;;;;;;;
;;;;;;;;;
;;;;;;;;;
;;;;;;;;;
;;;;;;;;;
;;;;;;;;;
;;;;;;;;;
;;;;;;;;;
;;;;;;;;;
;;;;;;;;;
;;;;;;;;;
;;;;;;;;;
;;;;;;;;;
;;;;;;;;;
;;;;;;;;;
;;;;;;;;;
;;;;;;;;;
;;;;;;;;;
;;;;;;;;;
;;;;;;;;;
;;;;;;;;;
;;;;;;;;;
;;;;;;;;;
;;;;;;;;;
;;;;;;;;;
;;;;;;;;;
;;;;;;;;;
;;;;;;;;;
;;;;;;;;;
;;;;;;;;;
;;;;;;;;;
;;;;;;;;;
;;;;;;;;;
;;;;;;;;;
;;;;;;;;;
;;;;;;;;;
;;;;;;;;;
;;;;;;;;;
;;;;;;;;;
;;;;;;;;;
;;;;;;;;;
;;;;;;;;;
;;;;;;;;;
;;;;;;;;;
;;;;;;;;;
;;;;;;;;;
;;;;;;;;;
;;;;;;;;;
;;;;;;;;;
;;;;;;;;;
;;;;;;;;;
;;;;;;;;;
;;;;;;;;;
;;;;;;;;;
;;;;;;;;;
;;;;;;;;;
;;;;;;;;;
;;;;;;;;;
;;;;;;;;;
;;;;;;;;;
;;;;;;;;;
;;;;;;;;;
;;;;;;;;;
;;;;;;;;;
;;;;;;;;;
;;;;;;;;;
;;;;;;;;;
;;;;;;;;;
;;;;;;;;;
;;;;;;;;;
;;;;;;;;;
;;;;;;;;;
;;;;;;;;;
;;;;;;;;;
;;;;;;;;;
;;;;;;;;;
;;;;;;;;;
;;;;;;;;;
;;;;;;;;;
;;;;;;;;;
;;;;;;;;;
;;;;;;;;;
;;;;;;;;;
;;;;;;;;;
;;;;;;;;;
;;;;;;;;;
;;;;;;;;;
;;;;;;;;;
;;;;;;;;;
;;;;;;;;;
;;;;;;;;;
;;;;;;;;;
;;;;;;;;;
;;;;;;;;;
;;;;;;;;;
;;;;;;;;;
;;;;;;;;;
;;;;;;;;;
;;;;;;;;;
;;;;;;;;;
;;;;;;;;;
;;;;;;;;;
;;;;;;;;;
;;;;;;;;;
;;;;;;;;;
;;;;;;;;;
;;;;;;;;;
;;;;;;;;;
;;;;;;;;;
;;;;;;;;;
;;;;;;;;;
;;;;;;;;;
;;;;;;;;;
;;;;;;;;;
;;;;;;;;;
;;;;;;;;;
;;;;;;;;;
;;;;;;;;;
;;;;;;;;;
;;;;;;;;;
;;;;;;;;;
;;;;;;;;;
;;;;;;;;;
;;;;;;;;;
;;;;;;;;;
;;;;;;;;;
;;;;;;;;;
;;;;;;;;;
;;;;;;;;;
;;;;;;;;;
;;;;;;;;;
;;;;;;;;;
;;;;;;;;;
;;;;;;;;;
;;;;;;;;;
;;;;;;;;;
;;;;;;;;;
;;;;;;;;;
;;;;;;;;;
;;;;;;;;;
;;;;;;;;;
;;;;;;;;;
;;;;;;;;;
;;;;;;;;;
;;;;;;;;;
;;;;;;;;;
;;;;;;;;;
;;;;;;;;;
;;;;;;;;;
;;;;;;;;;
;;;;;;;;;
;;;;;;;;;
;;;;;;;;;
;;;;;;;;;
;;;;;;;;;
;;;;;;;;;
;;;;;;;;;
;;;;;;;;;
;;;;;;;;;
;;;;;;;;;
;;;;;;;;;
;;;;;;;;;
;;;;;;;;;
;;;;;;;;;
;;;;;;;;;
;;;;;;;;;
;;;;;;;;;
;;;;;;;;;
;;;;;;;;;
;;;;;;;;;
;;;;;;;;;
;;;;;;;;;
;;;;;;;;;
;;;;;;;;;
;;;;;;;;;
;;;;;;;;;
;;;;;;;;;
;;;;;;;;;
;;;;;;;;;
;;;;;;;;;
;;;;;;;;;
;;;;;;;;;
;;;;;;;;;
;;;;;;;;;
;;;;;;;;;
;;;;;;;;;
;;;;;;;;;
;;;;;;;;;
;;;;;;;;;
;;;;;;;;;
;;;;;;;;;
;;;;;;;;;
;;;;;;;;;
;;;;;;;;;
;;;;;;;;;
;;;;;;;;;
;;;;;;;;;
;;;;;;;;;
;;;;;;;;;
;;;;;;;;;
;;;;;;;;;
;;;;;;;;;
;;;;;;;;;
;;;;;;;;;
;;;;;;;;;
;;;;;;;;;
;;;;;;;;;
;;;;;;;;;
;;;;;;;;;
;;;;;;;;;
;;;;;;;;;
;;;;;;;;;
;;;;;;;;;
;;;;;;;;;
;;;;;;;;;
;;;;;;;;;
;;;;;;;;;
;;;;;;;;;
;;;;;;;;;
;;;;;;;;;
;;;;;;;;;
;;;;;;;;;
;;;;;;;;;
;;;;;;;;;
;;;;;;;;;
;;;;;;;;;
;;;;;;;;;
;;;;;;;;;
;;;;;;;;;
;;;;;;;;;
;;;;;;;;;
;;;;;;;;;
;;;;;;;;;
;;;;;;;;;
;;;;;;;;;
;;;;;;;;;
;;;;;;;;;
;;;;;;;;;
;;;;;;;;;
;;;;;;;;;
;;;;;;;;;
;;;;;;;;;
;;;;;;;;;
;;;;;;;;;
;;;;;;;;;
;;;;;;;;;
;;;;;;;;;
;;;;;;;;;
;;;;;;;;;
;;;;;;;;;
;;;;;;;;;
;;;;;;;;;
;;;;;;;;;
;;;;;;;;;
;;;;;;;;;
;;;;;;;;;
;;;;;;;;;
;;;;;;;;;
;;;;;;;;;
;;;;;;;;;
;;;;;;;;;
;;;;;;;;;
;;;;;;;;;
;;;;;;;;;
;;;;;;;;;
;;;;;;;;;
;;;;;;;;;
;;;;;;;;;
;;;;;;;;;
;;;;;;;;;
;;;;;;;;;
;;;;;;;;;
;;;;;;;;;
;;;;;;;;;
;;;;;;;;;
;;;;;;;;;
;;;;;;;;;
;;;;;;;;;
;;;;;;;;;
;;;;;;;;;
;;;;;;;;;
;;;;;;;;;
;;;;;;;;;
;;;;;;;;;
;;;;;;;;;
;;;;;;;;;
;;;;;;;;;
;;;;;;;;;
;;;;;;;;;
;;;;;;;;;
;;;;;;;;;
;;;;;;;;;
;;;;;;;;;
;;;;;;;;;
;;;;;;;;;
;;;;;;;;;
;;;;;;;;;
;;;;;;;;;
;;;;;;;;;
;;;;;;;;;
;;;;;;;;;
;;;;;;;;;
;;;;;;;;;
;;;;;;;;;
;;;;;;;;;
;;;;;;;;;
;;;;;;;;;
;;;;;;;;;
;;;;;;;;;
;;;;;;;;;
;;;;;;;;;
;;;;;;;;;
;;;;;;;;;
;;;;;;;;;
;;;;;;;;;
;;;;;;;;;
;;;;;;;;;
;;;;;;;;;
;;;;;;;;;
;;;;;;;;;
;;;;;;;;;
;;;;;;;;;
;;;;;;;;;
;;;;;;;;;
;;;;;;;;;
;;;;;;;;;
;;;;;;;;;
;;;;;;;;;
;;;;;;;;;
;;;;;;;;;
;;;;;;;;;
;;;;;;;;;
;;;;;;;;;
;;;;;;;;;
;;;;;;;;;
;;;;;;;;;
;;;;;;;;;
;;;;;;;;;
;;;;;;;;;
;;;;;;;;;
;;;;;;;;;
;;;;;;;;;
;;;;;;;;;
;;;;;;;;;
;;;;;;;;;
;;;;;;;;;
;;;;;;;;;
;;;;;;;;;
;;;;;;;;;
;;;;;;;;;
;;;;;;;;;
;;;;;;;;;
;;;;;;;;;
;;;;;;;;;
;;;;;;;;;
;;;;;;;;;
;;;;;;;;;
;;;;;;;;;
;;;;;;;;;
;;;;;;;;;
;;;;;;;;;
;;;;;;;;;
;;;;;;;;;
;;;;;;;;;
;;;;;;;;;
;;;;;;;;;
;;;;;;;;;
;;;;;;;;;
;;;;;;;;;
;;;;;;;;;
;;;;;;;;;
;;;;;;;;;
;;;;;;;;;
;;;;;;;;;
;;;;;;;;;
;;;;;;;;;
;;;;;;;;;
;;;;;;;;;
;;;;;;;;;
;;;;;;;;;
;;;;;;;;;
;;;;;;;;;
;;;;;;;;;
;;;;;;;;;
;;;;;;;;;
;;;;;;;;;
;;;;;;;;;
;;;;;;;;;
;;;;;;;;;
;;;;;;;;;
;;;;;;;;;
;;;;;;;;;
;;;;;;;;;
;;;;;;;;;
;;;;;;;;;
;;;;;;;;;
;;;;;;;;;
;;;;;;;;;
;;;;;;;;;
;;;;;;;;;
;;;;;;;;;
;;;;;;;;;
;;;;;;;;;
;;;;;;;;;
;;;;;;;;;
;;;;;;;;;
;;;;;;;;;
;;;;;;;;;
;;;;;;;;;
;;;;;;;;;
;;;;;;;;;
;;;;;;;;;
;;;;;;;;;
;;;;;;;;;
;;;;;;;;;
;;;;;;;;;
;;;;;;;;;
;;;;;;;;;
;;;;;;;;;
;;;;;;;;;
;;;;;;;;;
;;;;;;;;;
;;;;;;;;;
;;;;;;;;;
;;;;;;;;;
;;;;;;;;;
;;;;;;;;;
;;;;;;;;;
;;;;;;;;;
;;;;;;;;;
;;;;;;;;;
;;;;;;;;;
;;;;;;;;;
;;;;;;;;;
;;;;;;;;;
;;;;;;;;;
;;;;;;;;;
;;;;;;;;;
;;;;;;;;;
;;;;;;;;;
;;;;;;;;;
;;;;;;;;;
;;;;;;;;;
;;;;;;;;;
;;;;;;;;;
;;;;;;;;;
;;;;;;;;;
;;;;;;;;;
;;;;;;;;;
;;;;;;;;;
;;;;;;;;;
;;;;;;;;;
;;;;;;;;;
;;;;;;;;;
;;;;;;;;;
;;;;;;;;;
;;;;;;;;;
;;;;;;;;;
;;;;;;;;;
;;;;;;;;;
;;;;;;;;;
;;;;;;;;;
;;;;;;;;;
;;;;;;;;;
;;;;;;;;;
;;;;;;;;;
;;;;;;;;;
;;;;;;;;;
;;;;;;;;;
;;;;;;;;;
;;;;;;;;;
;;;;;;;;;
;;;;;;;;;
;;;;;;;;;
;;;;;;;;;
;;;;;;;;;
;;;;;;;;;
;;;;;;;;;
;;;;;;;;;
;;;;;;;;;
;;;;;;;;;
;;;;;;;;;
;;;;;;;;;
;;;;;;;;;
;;;;;;;;;
;;;;;;;;;
;;;;;;;;;
;;;;;;;;;
;;;;;;;;;
;;;;;;;;;
;;;;;;;;;
;;;;;;;;;
;;;;;;;;;
;;;;;;;;;
;;;;;;;;;
;;;;;;;;;
;;;;;;;;;
;;;;;;;;;
;;;;;;;;;
;;;;;;;;;
;;;;;;;;;
;;;;;;;;;
;;;;;;;;;
;;;;;;;;;
;;;;;;;;;
;;;;;;;;;
;;;;;;;;;
;;;;;;;;;
;;;;;;;;;
;;;;;;;;;
;;;;;;;;;
;;;;;;;;;
;;;;;;;;;
;;;;;;;;;
;;;;;;;;;
;;;;;;;;;
;;;;;;;;;
;;;;;;;;;
;;;;;;;;;
;;;;;;;;;
;;;;;;;;;
;;;;;;;;;
;;;;;;;;;
;;;;;;;;;
;;;;;;;;;
;;;;;;;;;
;;;;;;;;;
;;;;;;;;;
;;;;;;;;;
;;;;;;;;;
;;;;;;;;;
;;;;;;;;;
;;;;;;;;;
;;;;;;;;;
;;;;;;;;;
;;;;;;;;;
;;;;;;;;;
;;;;;;;;;
;;;;;;;;;
;;;;;;;;;
;;;;;;;;;
;;;;;;;;;
;;;;;;;;;
;;;;;;;;;
;;;;;;;;;
;;;;;;;;;
;;;;;;;;;
;;;;;;;;;
;;;;;;;;;
;;;;;;;;;
;;;;;;;;;
;;;;;;;;;
;;;;;;;;;
;;;;;;;;;
;;;;;;;;;
;;;;;;;;;
;;;;;;;;;
;;;;;;;;;
;;;;;;;;;
;;;;;;;;;
;;;;;;;;;
;;;;;;;;;
;;;;;;;;;
;;;;;;;;;
;;;;;;;;;
;;;;;;;;;
;;;;;;;;;
;;;;;;;;;
;;;;;;;;;
;;;;;;;;;
;;;;;;;;;
;;;;;;;;;
;;;;;;;;;
;;;;;;;;;
;;;;;;;;;
;;;;;;;;;
;;;;;;;;;
;;;;;;;;;
;;;;;;;;;
;;;;;;;;;
;;;;;;;;;
;;;;;;;;;
;;;;;;;;;
;;;;;;;;;
;;;;;;;;;
;;;;;;;;;
;;;;;;;;;
;;;;;;;;;
;;;;;;;;;
;;;;;;;;;
;;;;;;;;;
;;;;;;;;;
;;;;;;;;;
;;;;;;;;;
;;;;;;;;;
;;;;;;;;;
;;;;;;;;;
;;;;;;;;;
;;;;;;;;;
;;;;;;;;;
;;;;;;;;;
;;;;;;;;;
;;;;;;;;;
;;;;;;;;;
;;;;;;;;;
;;;;;;;;;
;;;;;;;;;
;;;;;;;;;
;;;;;;;;;
;;;;;;;;;
;;;;;;;;;
;;;;;;;;;
;;;;;;;;;
;;;;;;;;;
;;;;;;;;;
;;;;;;;;;
;;;;;;;;;
;;;;;;;;;
;;;;;;;;;
;;;;;;;;;
;;;;;;;;;
;;;;;;;;;
;;;;;;;;;
;;;;;;;;;
;;;;;;;;;
;;;;;;;;;
;;;;;;;;;
;;;;;;;;;
;;;;;;;;;
;;;;;;;;;
;;;;;;;;;
;;;;;;;;;
;;;;;;;;;
;;;;;;;;;
;;;;;;;;;
;;;;;;;;;
;;;;;;;;;
;;;;;;;;;
;;;;;;;;;
;;;;;;;;;
;;;;;;;;;
;;;;;;;;;
;;;;;;;;;
;;;;;;;;;
;;;;;;;;;
;;;;;;;;;
;;;;;;;;;
;;;;;;;;;
;;;;;;;;;
;;;;;;;;;
;;;;;;;;;
;;;;;;;;;
;;;;;;;;;
;;;;;;;;;
;;;;;;;;;
;;;;;;;;;
;;;;;;;;;
;;;;;;;;;
;;;;;;;;;
;;;;;;;;;
;;;;;;;;;
;;;;;;;;;
;;;;;;;;;
;;;;;;;;;
;;;;;;;;;
;;;;;;;;;
;;;;;;;;;
;;;;;;;;;
;;;;;;;;;
;;;;;;;;;
;;;;;;;;;
;;;;;;;;;
;;;;;;;;;
;;;;;;;;;
;;;;;;;;;
;;;;;;;;;
;;;;;;;;;
;;;;;;;;;
;;;;;;;;;
;;;;;;;;;
;;;;;;;;;
;;;;;;;;;
;;;;;;;;;
;;;;;;;;;
;;;;;;;;;
;;;;;;;;;
;;;;;;;;;
;;;;;;;;;
;;;;;;;;;
;;;;;;;;;
;;;;;;;;;
;;;;;;;;;
;;;;;;;;;
;;;;;;;;;
;;;;;;;;;
;;;;;;;;;
;;;;;;;;;
;;;;;;;;;
;;;;;;;;;
;;;;;;;;;
;;;;;;;;;
;;;;;;;;;
;;;;;;;;;
;;;;;;;;;
;;;;;;;;;
;;;;;;;;;
;;;;;;;;;
;;;;;;;;;
;;;;;;;;;
;;;;;;;;;
;;;;;;;;;
;;;;;;;;;
;;;;;;;;;
;;;;;;;;;
;;;;;;;;;
;;;;;;;;;
;;;;;;;;;
;;;;;;;;;
;;;;;;;;;
;;;;;;;;;
;;;;;;;;;
;;;;;;;;;
;;;;;;;;;
;;;;;;;;;
;;;;;;;;;
;;;;;;;;;
;;;;;;;;;
;;;;;;;;;
;;;;;;;;;
;;;;;;;;;
;;;;;;;;;
;;;;;;;;;
;;;;;;;;;
;;;;;;;;;
;;;;;;;;;
;;;;;;;;;
;;;;;;;;;
;;;;;;;;;
;;;;;;;;;
;;;;;;;;;
;;;;;;;;;
;;;;;;;;;
;;;;;;;;;
;;;;;;;;;
;;;;;;;;;
;;;;;;;;;
;;;;;;;;;
;;;;;;;;;
;;;;;;;;;
;;;;;;;;;
;;;;;;;;;
;;;;;;;;;
;;;;;;;;;
;;;;;;;;;
;;;;;;;;;
;;;;;;;;;
;;;;;;;;;
;;;;;;;;;
;;;;;;;;;
;;;;;;;;;
;;;;;;;;;
;;;;;;;;;
;;;;;;;;;
;;;;;;;;;
;;;;;;;;;
;;;;;;;;;
;;;;;;;;;
;;;;;;;;;
;;;;;;;;;
;;;;;;;;;
;;;;;;;;;
;;;;;;;;;
;;;;;;;;;
;;;;;;;;;
;;;;;;;;;
;;;;;;;;;
;;;;;;;;;
;;;;;;;;;
;;;;;;;;;
;;;;;;;;;
;;;;;;;;;
;;;;;;;;;
;;;;;;;;;
;;;;;;;;;
;;;;;;;;;
;;;;;;;;;
;;;;;;;;;
;;;;;;;;;
;;;;;;;;;
;;;;;;;;;
;;;;;;;;;
;;;;;;;;;
;;;;;;;;;
;;;;;;;;;
;;;;;;;;;
;;;;;;;;;
;;;;;;;;;
;;;;;;;;;
;;;;;;;;;
;;;;;;;;;
;;;;;;;;;
;;;;;;;;;
;;;;;;;;;
;;;;;;;;;
;;;;;;;;;
;;;;;;;;;
;;;;;;;;;
;;;;;;;;;
;;;;;;;;;
;;;;;;;;;
;;;;;;;;;
;;;;;;;;;
;;;;;;;;;
;;;;;;;;;
;;;;;;;;;
;;;;;;;;;
;;;;;;;;;
;;;;;;;;;
;;;;;;;;;
;;;;;;;;;
;;;;;;;;;
;;;;;;;;;
;;;;;;;;;
;;;;;;;;;
;;;;;;;;;
;;;;;;;;;
;;;;;;;;;
;;;;;;;;;
;;;;;;;;;
;;;;;;;;;
;;;;;;;;;
;;;;;;;;;
;;;;;;;;;
;;;;;;;;;
;;;;;;;;;
;;;;;;;;;
;;;;;;;;;
;;;;;;;;;
;;;;;;;;;
;;;;;;;;;
;;;;;;;;;
;;;;;;;;;
;;;;;;;;;
;;;;;;;;;
;;;;;;;;;
;;;;;;;;;
;;;;;;;;;
;;;;;;;;;
;;;;;;;;;
;;;;;;;;;
;;;;;;;;;
;;;;;;;;;
;;;;;;;;;
;;;;;;;;;
;;;;;;;;;
;;;;;;;;;
;;;;;;;;;
;;;;;;;;;
;;;;;;;;;
;;;;;;;;;
;;;;;;;;;
;;;;;;;;;
;;;;;;;;;
;;;;;;;;;
;;;;;;;;;
;;;;;;;;;
;;;;;;;;;
;;;;;;;;;
;;;;;;;;;
;;;;;;;;;
;;;;;;;;;
;;;;;;;;;
;;;;;;;;;
;;;;;;;;;
;;;;;;;;;
;;;;;;;;;
;;;;;;;;;
;;;;;;;;;
;;;;;;;;;
;;;;;;;;;
;;;;;;;;;
;;;;;;;;;
;;;;;;;;;
;;;;;;;;;
;;;;;;;;;
;;;;;;;;;
;;;;;;;;;
;;;;;;;;;
;;;;;;;;;
;;;;;;;;;
;;;;;;;;;
;;;;;;;;;
;;;;;;;;;
;;;;;;;;;
;;;;;;;;;
;;;;;;;;;
;;;;;;;;;
;;;;;;;;;
;;;;;;;;;
;;;;;;;;;
;;;;;;;;;
;;;;;;;;;
;;;;;;;;;
;;;;;;;;;
;;;;;;;;;
;;;;;;;;;
;;;;;;;;;
;;;;;;;;;
;;;;;;;;;
;;;;;;;;;
;;;;;;;;;
;;;;;;;;;
;;;;;;;;;
;;;;;;;;;
;;;;;;;;;
;;;;;;;;;
;;;;;;;;;
;;;;;;;;;
;;;;;;;;;
;;;;;;;;;
;;;;;;;;;
;;;;;;;;;
;;;;;;;;;
;;;;;;;;;
;;;;;;;;;
;;;;;;;;;
;;;;;;;;;
;;;;;;;;;
;;;;;;;;;
;;;;;;;;;
;;;;;;;;;
;;;;;;;;;
;;;;;;;;;
;;;;;;;;;
;;;;;;;;;
;;;;;;;;;
;;;;;;;;;
;;;;;;;;;
;;;;;;;;;
;;;;;;;;;
;;;;;;;;;
;;;;;;;;;
;;;;;;;;;
;;;;;;;;;
;;;;;;;;;
;;;;;;;;;
;;;;;;;;;
;;;;;;;;;
;;;;;;;;;
;;;;;;;;;
;;;;;;;;;
;;;;;;;;;
;;;;;;;;;
;;;;;;;;;
;;;;;;;;;
;;;;;;;;;
;;;;;;;;;
;;;;;;;;;
;;;;;;;;;
;;;;;;;;;
;;;;;;;;;
;;;;;;;;;
;;;;;;;;;
;;;;;;;;;
;;;;;;;;;
;;;;;;;;;
;;;;;;;;;
;;;;;;;;;
;;;;;;;;;
;;;;;;;;;
;;;;;;;;;
;;;;;;;;;
;;;;;;;;;
;;;;;;;;;
;;;;;;;;;
;;;;;;;;;
;;;;;;;;;
;;;;;;;;;
;;;;;;;;;
;;;;;;;;;
;;;;;;;;;
;;;;;;;;;
;;;;;;;;;
;;;;;;;;;
;;;;;;;;;
;;;;;;;;;
;;;;;;;;;
;;;;;;;;;
;;;;;;;;;
;;;;;;;;;
;;;;;;;;;
;;;;;;;;;
;;;;;;;;;
;;;;;;;;;
;;;;;;;;;
;;;;;;;;;
;;;;;;;;;
;;;;;;;;;
;;;;;;;;;
;;;;;;;;;
;;;;;;;;;
;;;;;;;;;
;;;;;;;;;
;;;;;;;;;
;;;;;;;;;
;;;;;;;;;
;;;;;;;;;
;;;;;;;;;
;;;;;;;;;
;;;;;;;;;
;;;;;;;;;
;;;;;;;;;
;;;;;;;;;
;;;;;;;;;
;;;;;;;;;
;;;;;;;;;
;;;;;;;;;
;;;;;;;;;
;;;;;;;;;
;;;;;;;;;
;;;;;;;;;
;;;;;;;;;
;;;;;;;;;
;;;;;;;;;
;;;;;;;;;
;;;;;;;;;
;;;;;;;;;
;;;;;;;;;
;;;;;;;;;
;;;;;;;;;
;;;;;;;;;
;;;;;;;;;
;;;;;;;;;
;;;;;;;;;
;;;;;;;;;
;;;;;;;;;
;;;;;;;;;
;;;;;;;;;
;;;;;;;;;
;;;;;;;;;
;;;;;;;;;
;;;;;;;;;
;;;;;;;;;
;;;;;;;;;
;;;;;;;;;
;;;;;;;;;
;;;;;;;;;
;;;;;;;;;
;;;;;;;;;
;;;;;;;;;
;;;;;;;;;
;;;;;;;;;
;;;;;;;;;
;;;;;;;;;
;;;;;;;;;
;;;;;;;;;
;;;;;;;;;
;;;;;;;;;
;;;;;;;;;
;;;;;;;;;
;;;;;;;;;
;;;;;;;;;
;;;;;;;;;
;;;;;;;;;
;;;;;;;;;
;;;;;;;;;
;;;;;;;;;
;;;;;;;;;
;;;;;;;;;
;;;;;;;;;
;;;;;;;;;
;;;;;;;;;
;;;;;;;;;
;;;;;;;;;
;;;;;;;;;
;;;;;;;;;
;;;;;;;;;
;;;;;;;;;
;;;;;;;;;
;;;;;;;;;
;;;;;;;;;
;;;;;;;;;
;;;;;;;;;
;;;;;;;;;
;;;;;;;;;
;;;;;;;;;
;;;;;;;;;
;;;;;;;;;
;;;;;;;;;
;;;;;;;;;
;;;;;;;;;
;;;;;;;;;
;;;;;;;;;
;;;;;;;;;
;;;;;;;;;
;;;;;;;;;
;;;;;;;;;
;;;;;;;;;
;;;;;;;;;
;;;;;;;;;
;;;;;;;;;
;;;;;;;;;
;;;;;;;;;
;;;;;;;;;
;;;;;;;;;
;;;;;;;;;
;;;;;;;;;
;;;;;;;;;
;;;;;;;;;
;;;;;;;;;
;;;;;;;;;
;;;;;;;;;
;;;;;;;;;
;;;;;;;;;
;;;;;;;;;
;;;;;;;;;
;;;;;;;;;
;;;;;;;;;
;;;;;;;;;
;;;;;;;;;
;;;;;;;;;
;;;;;;;;;
;;;;;;;;;
;;;;;;;;;
;;;;;;;;;
;;;;;;;;;
;;;;;;;;;
;;;;;;;;;
;;;;;;;;;
;;;;;;;;;
;;;;;;;;;
;;;;;;;;;
;;;;;;;;;
;;;;;;;;;
;;;;;;;;;
;;;;;;;;;
;;;;;;;;;
;;;;;;;;;
;;;;;;;;;
;;;;;;;;;
;;;;;;;;;
;;;;;;;;;
;;;;;;;;;
;;;;;;;;;
;;;;;;;;;
;;;;;;;;;
;;;;;;;;;
;;;;;;;;;
;;;;;;;;;
;;;;;;;;;
;;;;;;;;;
;;;;;;;;;
;;;;;;;;;
;;;;;;;;;
;;;;;;;;;
;;;;;;;;;
;;;;;;;;;
;;;;;;;;;
;;;;;;;;;
;;;;;;;;;
;;;;;;;;;
;;;;;;;;;
;;;;;;;;;
;;;;;;;;;
;;;;;;;;;
;;;;;;;;;
;;;;;;;;;
;;;;;;;;;
;;;;;;;;;
;;;;;;;;;
;;;;;;;;;
;;;;;;;;;
;;;;;;;;;
;;;;;;;;;
;;;;;;;;;
;;;;;;;;;
;;;;;;;;;
;;;;;;;;;
;;;;;;;;;
;;;;;;;;;
;;;;;;;;;
;;;;;;;;;
;;;;;;;;;
;;;;;;;;;
;;;;;;;;;
;;;;;;;;;
;;;;;;;;;
;;;;;;;;;
;;;;;;;;;
;;;;;;;;;
;;;;;;;;;
;;;;;;;;;
;;;;;;;;;
;;;;;;;;;
;;;;;;;;;
;;;;;;;;;
;;;;;;;;;
;;;;;;;;;
;;;;;;;;;
;;;;;;;;;
;;;;;;;;;
;;;;;;;;;
;;;;;;;;;
;;;;;;;;;
;;;;;;;;;
;;;;;;;;;
;;;;;;;;;
;;;;;;;;;
;;;;;;;;;
;;;;;;;;;
;;;;;;;;;
;;;;;;;;;
;;;;;;;;;
;;;;;;;;;
;;;;;;;;;
;;;;;;;;;
;;;;;;;;;
;;;;;;;;;
;;;;;;;;;
;;;;;;;;;
;;;;;;;;;
;;;;;;;;;
;;;;;;;;;
;;;;;;;;;
;;;;;;;;;
;;;;;;;;;
;;;;;;;;;
;;;;;;;;;
;;;;;;;;;
;;;;;;;;;
;;;;;;;;;
;;;;;;;;;
;;;;;;;;;
;;;;;;;;;
;;;;;;;;;
;;;;;;;;;
;;;;;;;;;
;;;;;;;;;
;;;;;;;;;
;;;;;;;;;
;;;;;;;;;
;;;;;;;;;
;;;;;;;;;
;;;;;;;;;
;;;;;;;;;
;;;;;;;;;
;;;;;;;;;
;;;;;;;;;
;;;;;;;;;
;;;;;;;;;
;;;;;;;;;
;;;;;;;;;
;;;;;;;;;
;;;;;;;;;
;;;;;;;;;
;;;;;;;;;
;;;;;;;;;
;;;;;;;;;
;;;;;;;;;
;;;;;;;;;
;;;;;;;;;
;;;;;;;;;
;;;;;;;;;
;;;;;;;;;
;;;;;;;;;
;;;;;;;;;
;;;;;;;;;
;;;;;;;;;
;;;;;;;;;
;;;;;;;;;
;;;;;;;;;
;;;;;;;;;
;;;;;;;;;
;;;;;;;;;
;;;;;;;;;
;;;;;;;;;
;;;;;;;;;
;;;;;;;;;
;;;;;;;;;
;;;;;;;;;
;;;;;;;;;
;;;;;;;;;
;;;;;;;;;
;;;;;;;;;
;;;;;;;;;
;;;;;;;;;
;;;;;;;;;
;;;;;;;;;
;;;;;;;;;
;;;;;;;;;
;;;;;;;;;
;;;;;;;;;
;;;;;;;;;
;;;;;;;;;
;;;;;;;;;
;;;;;;;;;
;;;;;;;;;
;;;;;;;;;
;;;;;;;;;
;;;;;;;;;
;;;;;;;;;
;;;;;;;;;
;;;;;;;;;
;;;;;;;;;
;;;;;;;;;
;;;;;;;;;
;;;;;;;;;
;;;;;;;;;
;;;;;;;;;
;;;;;;;;;
;;;;;;;;;
;;;;;;;;;
;;;;;;;;;
;;;;;;;;;
;;;;;;;;;
;;;;;;;;;
;;;;;;;;;
;;;;;;;;;
;;;;;;;;;
;;;;;;;;;
;;;;;;;;;
;;;;;;;;;
;;;;;;;;;
;;;;;;;;;
;;;;;;;;;
;;;;;;;;;
;;;;;;;;;
;;;;;;;;;
;;;;;;;;;
;;;;;;;;;
;;;;;;;;;
;;;;;;;;;
;;;;;;;;;
;;;;;;;;;
;;;;;;;;;
;;;;;;;;;
;;;;;;;;;
;;;;;;;;;
;;;;;;;;;
;;;;;;;;;
;;;;;;;;;
;;;;;;;;;
;;;;;;;;;
;;;;;;;;;
;;;;;;;;;
;;;;;;;;;
;;;;;;;;;
;;;;;;;;;
;;;;;;;;;
;;;;;;;;;
;;;;;;;;;
;;;;;;;;;
;;;;;;;;;
;;;;;;;;;
;;;;;;;;;
;;;;;;;;;
;;;;;;;;;
;;;;;;;;;
;;;;;;;;;
;;;;;;;;;
;;;;;;;;;
;;;;;;;;;
;;;;;;;;;
;;;;;;;;;
;;;;;;;;;
;;;;;;;;;
;;;;;;;;;
;;;;;;;;;
;;;;;;;;;
;;;;;;;;;
;;;;;;;;;
;;;;;;;;;
;;;;;;;;;
;;;;;;;;;
;;;;;;;;;
;;;;;;;;;
;;;;;;;;;
;;;;;;;;;
;;;;;;;;;
;;;;;;;;;
;;;;;;;;;
;;;;;;;;;
;;;;;;;;;
;;;;;;;;;
;;;;;;;;;
;;;;;;;;;
;;;;;;;;;
;;;;;;;;;
;;;;;;;;;
;;;;;;;;;
;;;;;;;;;
;;;;;;;;;
;;;;;;;;;
;;;;;;;;;
;;;;;;;;;
;;;;;;;;;
;;;;;;;;;
;;;;;;;;;
;;;;;;;;;
;;;;;;;;;
;;;;;;;;;
;;;;;;;;;
;;;;;;;;;
;;;;;;;;;
;;;;;;;;;
;;;;;;;;;
;;;;;;;;;
;;;;;;;;;
;;;;;;;;;
;;;;;;;;;
;;;;;;;;;
;;;;;;;;;
;;;;;;;;;
;;;;;;;;;
;;;;;;;;;
;;;;;;;;;
;;;;;;;;;
;;;;;;;;;
;;;;;;;;;
;;;;;;;;;
;;;;;;;;;
;;;;;;;;;
;;;;;;;;;
;;;;;;;;;
;;;;;;;;;
;;;;;;;;;
;;;;;;;;;
;;;;;;;;;
;;;;;;;;;
;;;;;;;;;
;;;;;;;;;
;;;;;;;;;
;;;;;;;;;
;;;;;;;;;
;;;;;;;;;
;;;;;;;;;
;;;;;;;;;
;;;;;;;;;
;;;;;;;;;
;;;;;;;;;
;;;;;;;;;
;;;;;;;;;
;;;;;;;;;
;;;;;;;;;
;;;;;;;;;
;;;;;;;;;
;;;;;;;;;
;;;;;;;;;
;;;;;;;;;
;;;;;;;;;
;;;;;;;;;
;;;;;;;;;
;;;;;;;;;
;;;;;;;;;
;;;;;;;;;
;;;;;;;;;
;;;;;;;;;
;;;;;;;;;
;;;;;;;;;
;;;;;;;;;
;;;;;;;;;
;;;;;;;;;
;;;;;;;;;
;;;;;;;;;
;;;;;;;;;
;;;;;;;;;
;;;;;;;;;
;;;;;;;;;
;;;;;;;;;
;;;;;;;;;
;;;;;;;;;
;;;;;;;;;
;;;;;;;;;
;;;;;;;;;
;;;;;;;;;
;;;;;;;;;
;;;;;;;;;
;;;;;;;;;
;;;;;;;;;
;;;;;;;;;
;;;;;;;;;
;;;;;;;;;
;;;;;;;;;
;;;;;;;;;
;;;;;;;;;
;;;;;;;;;
;;;;;;;;;
;;;;;;;;;
;;;;;;;;;
;;;;;;;;;
;;;;;;;;;
;;;;;;;;;
;;;;;;;;;
;;;;;;;;;
;;;;;;;;;
;;;;;;;;;
;;;;;;;;;
;;;;;;;;;
;;;;;;;;;
;;;;;;;;;
;;;;;;;;;
;;;;;;;;;
;;;;;;;;;
;;;;;;;;;
;;;;;;;;;
;;;;;;;;;
;;;;;;;;;
;;;;;;;;;
;;;;;;;;;
;;;;;;;;;
;;;;;;;;;
;;;;;;;;;
;;;;;;;;;
;;;;;;;;;
;;;;;;;;;
;;;;;;;;;
;;;;;;;;;
;;;;;;;;;
;;;;;;;;;
;;;;;;;;;
;;;;;;;;;
;;;;;;;;;
;;;;;;;;;
;;;;;;;;;
;;;;;;;;;
;;;;;;;;;
;;;;;;;;;
;;;;;;;;;
;;;;;;;;;
;;;;;;;;;
;;;;;;;;;
;;;;;;;;;
;;;;;;;;;
;;;;;;;;;
;;;;;;;;;
;;;;;;;;;
;;;;;;;;;
;;;;;;;;;
;;;;;;;;;
;;;;;;;;;
;;;;;;;;;
;;;;;;;;;
;;;;;;;;;
;;;;;;;;;
;;;;;;;;;
;;;;;;;;;
;;;;;;;;;
;;;;;;;;;
;;;;;;;;;
;;;;;;;;;
;;;;;;;;;
;;;;;;;;;
;;;;;;;;;
;;;;;;;;;
;;;;;;;;;
;;;;;;;;;
;;;;;;;;;
;;;;;;;;;
;;;;;;;;;
;;;;;;;;;
;;;;;;;;;
;;;;;;;;;
;;;;;;;;;
;;;;;;;;;
;;;;;;;;;
;;;;;;;;;
;;;;;;;;;
;;;;;;;;;
;;;;;;;;;
;;;;;;;;;
;;;;;;;;;
;;;;;;;;;
;;;;;;;;;
;;;;;;;;;
;;;;;;;;;
;;;;;;;;;
;;;;;;;;;
;;;;;;;;;
;;;;;;;;;
;;;;;;;;;
;;;;;;;;;
;;;;;;;;;
;;;;;;;;;
;;;;;;;;;
;;;;;;;;;
;;;;;;;;;
;;;;;;;;;
;;;;;;;;;
;;;;;;;;;
;;;;;;;;;
;;;;;;;;;
;;;;;;;;;
;;;;;;;;;
;;;;;;;;;
;;;;;;;;;
;;;;;;;;;
;;;;;;;;;
;;;;;;;;;
;;;;;;;;;
;;;;;;;;;
;;;;;;;;;
;;;;;;;;;
;;;;;;;;;
;;;;;;;;;
;;;;;;;;;
;;;;;;;;;
;;;;;;;;;
;;;;;;;;;
;;;;;;;;;
;;;;;;;;;
;;;;;;;;;
;;;;;;;;;
;;;;;;;;;
;;;;;;;;;
;;;;;;;;;
;;;;;;;;;
;;;;;;;;;
;;;;;;;;;
;;;;;;;;;
;;;;;;;;;
;;;;;;;;;
;;;;;;;;;
;;;;;;;;;
;;;;;;;;;
;;;;;;;;;
;;;;;;;;;
;;;;;;;;;
;;;;;;;;;
;;;;;;;;;
;;;;;;;;;
;;;;;;;;;
;;;;;;;;;
;;;;;;;;;
;;;;;;;;;
;;;;;;;;;
;;;;;;;;;
;;;;;;;;;
;;;;;;;;;
;;;;;;;;;
;;;;;;;;;
;;;;;;;;;
;;;;;;;;;
;;;;;;;;;
;;;;;;;;;
;;;;;;;;;
;;;;;;;;;
;;;;;;;;;
;;;;;;;;;
;;;;;;;;;
;;;;;;;;;
;;;;;;;;;
;;;;;;;;;
;;;;;;;;;
;;;;;;;;;
;;;;;;;;;
;;;;;;;;;
;;;;;;;;;
;;;;;;;;;
;;;;;;;;;
;;;;;;;;;
;;;;;;;;;
;;;;;;;;;
;;;;;;;;;
;;;;;;;;;
;;;;;;;;;
;;;;;;;;;
;;;;;;;;;
;;;;;;;;;
;;;;;;;;;
;;;;;;;;;
;;;;;;;;;
;;;;;;;;;
;;;;;;;;;
;;;;;;;;;
;;;;;;;;;
;;;;;;;;;
;;;;;;;;;
;;;;;;;;;
;;;;;;;;;
;;;;;;;;;
;;;;;;;;;
;;;;;;;;;
;;;;;;;;;
;;;;;;;;;
;;;;;;;;;
;;;;;;;;;
;;;;;;;;;
;;;;;;;;;
;;;;;;;;;
;;;;;;;;;
;;;;;;;;;
;;;;;;;;;
;;;;;;;;;
;;;;;;;;;
;;;;;;;;;
;;;;;;;;;
;;;;;;;;;
;;;;;;;;;
;;;;;;;;;
;;;;;;;;;
;;;;;;;;;
;;;;;;;;;
;;;;;;;;;
;;;;;;;;;
;;;;;;;;;
;;;;;;;;;
;;;;;;;;;
;;;;;;;;;
;;;;;;;;;
;;;;;;;;;
;;;;;;;;;
;;;;;;;;;
;;;;;;;;;
;;;;;;;;;
;;;;;;;;;
;;;;;;;;;
;;;;;;;;;
;;;;;;;;;
;;;;;;;;;
;;;;;;;;;
;;;;;;;;;
;;;;;;;;;
;;;;;;;;;
;;;;;;;;;
;;;;;;;;;
;;;;;;;;;
;;;;;;;;;
;;;;;;;;;
;;;;;;;;;
;;;;;;;;;
;;;;;;;;;
;;;;;;;;;
;;;;;;;;;
;;;;;;;;;
;;;;;;;;;
;;;;;;;;;
;;;;;;;;;
;;;;;;;;;
;;;;;;;;;
;;;;;;;;;
;;;;;;;;;
;;;;;;;;;
;;;;;;;;;
;;;;;;;;;
;;;;;;;;;
;;;;;;;;;
;;;;;;;;;
;;;;;;;;;
;;;;;;;;;
;;;;;;;;;
;;;;;;;;;
;;;;;;;;;
;;;;;;;;;
;;;;;;;;;
;;;;;;;;;
;;;;;;;;;
;;;;;;;;;
;;;;;;;;;
;;;;;;;;;
;;;;;;;;;
;;;;;;;;;
;;;;;;;;;
;;;;;;;;;
;;;;;;;;;
;;;;;;;;;
;;;;;;;;;
;;;;;;;;;
;;;;;;;;;
;;;;;;;;;
;;;;;;;;;
;;;;;;;;;
;;;;;;;;;
;;;;;;;;;
;;;;;;;;;
;;;;;;;;;
;;;;;;;;;
;;;;;;;;;
;;;;;;;;;
;;;;;;;;;
;;;;;;;;;
;;;;;;;;;
;;;;;;;;;
;;;;;;;;;
;;;;;;;;;
;;;;;;;;;
;;;;;;;;;
;;;;;;;;;
;;;;;;;;;
;;;;;;;;;
;;;;;;;;;
;;;;;;;;;
;;;;;;;;;
;;;;;;;;;
;;;;;;;;;
;;;;;;;;;
;;;;;;;;;
;;;;;;;;;
;;;;;;;;;
;;;;;;;;;
;;;;;;;;;
;;;;;;;;;
;;;;;;;;;
;;;;;;;;;
;;;;;;;;;
;;;;;;;;;
;;;;;;;;;
;;;;;;;;;
;;;;;;;;;
;;;;;;;;;
;;;;;;;;;
;;;;;;;;;
;;;;;;;;;
;;;;;;;;;
;;;;;;;;;
;;;;;;;;;
;;;;;;;;;
;;;;;;;;;
;;;;;;;;;
;;;;;;;;;
;;;;;;;;;
;;;;;;;;;
;;;;;;;;;
;;;;;;;;;
;;;;;;;;;
;;;;;;;;;
;;;;;;;;;
;;;;;;;;;
;;;;;;;;;
;;;;;;;;;
;;;;;;;;;
;;;;;;;;;
;;;;;;;;;
;;;;;;;;;
;;;;;;;;;
;;;;;;;;;
;;;;;;;;;
;;;;;;;;;
;;;;;;;;;
;;;;;;;;;
;;;;;;;;;
;;;;;;;;;
;;;;;;;;;
;;;;;;;;;
;;;;;;;;;
;;;;;;;;;
;;;;;;;;;
;;;;;;;;;
;;;;;;;;;
;;;;;;;;;
;;;;;;;;;
;;;;;;;;;
;;;;;;;;;
;;;;;;;;;
;;;;;;;;;
;;;;;;;;;
;;;;;;;;;
;;;;;;;;;
;;;;;;;;;
;;;;;;;;;
;;;;;;;;;
;;;;;;;;;
;;;;;;;;;
;;;;;;;;;
;;;;;;;;;
;;;;;;;;;
;;;;;;;;;
;;;;;;;;;
;;;;;;;;;
;;;;;;;;;
;;;;;;;;;
;;;;;;;;;
;;;;;;;;;
;;;;;;;;;
;;;;;;;;;
;;;;;;;;;
;;;;;;;;;
;;;;;;;;;
;;;;;;;;;
;;;;;;;;;
;;;;;;;;;
;;;;;;;;;
;;;;;;;;;
;;;;;;;;;
;;;;;;;;;
;;;;;;;;;
;;;;;;;;;
;;;;;;;;;
;;;;;;;;;
;;;;;;;;;
;;;;;;;;;
;;;;;;;;;
;;;;;;;;;
;;;;;;;;;
;;;;;;;;;
;;;;;;;;;
;;;;;;;;;
;;;;;;;;;
;;;;;;;;;
;;;;;;;;;
;;;;;;;;;
;;;;;;;;;
;;;;;;;;;
;;;;;;;;;
;;;;;;;;;
;;;;;;;;;
;;;;;;;;;
;;;;;;;;;
;;;;;;;;;
;;;;;;;;;
;;;;;;;;;
;;;;;;;;;
;;;;;;;;;
;;;;;;;;;
;;;;;;;;;
;;;;;;;;;
;;;;;;;;;
;;;;;;;;;
;;;;;;;;;
;;;;;;;;;
;;;;;;;;;
;;;;;;;;;
;;;;;;;;;
;;;;;;;;;
;;;;;;;;;
;;;;;;;;;
;;;;;;;;;
;;;;;;;;;
;;;;;;;;;
;;;;;;;;;
;;;;;;;;;
;;;;;;;;;
;;;;;;;;;
;;;;;;;;;
;;;;;;;;;
;;;;;;;;;
;;;;;;;;;
;;;;;;;;;
;;;;;;;;;
;;;;;;;;;
;;;;;;;;;
;;;;;;;;;
;;;;;;;;;
;;;;;;;;;
;;;;;;;;;
;;;;;;;;;
;;;;;;;;;
;;;;;;;;;
;;;;;;;;;
;;;;;;;;;
;;;;;;;;;
;;;;;;;;;
;;;;;;;;;
;;;;;;;;;
;;;;;;;;;
;;;;;;;;;
;;;;;;;;;
;;;;;;;;;
;;;;;;;;;
;;;;;;;;;
;;;;;;;;;
;;;;;;;;;
;;;;;;;;;
;;;;;;;;;
;;;;;;;;;
;;;;;;;;;
;;;;;;;;;
;;;;;;;;;
;;;;;;;;;
;;;;;;;;;
;;;;;;;;;
;;;;;;;;;
;;;;;;;;;
;;;;;;;;;
;;;;;;;;;
;;;;;;;;;
;;;;;;;;;
;;;;;;;;;
;;;;;;;;;
;;;;;;;;;
;;;;;;;;;
;;;;;;;;;
;;;;;;;;;
;;;;;;;;;
;;;;;;;;;
;;;;;;;;;
;;;;;;;;;
;;;;;;;;;
;;;;;;;;;
;;;;;;;;;
;;;;;;;;;
;;;;;;;;;
;;;;;;;;;
;;;;;;;;;
;;;;;;;;;
;;;;;;;;;
;;;;;;;;;
;;;;;;;;;
;;;;;;;;;
;;;;;;;;;
;;;;;;;;;
;;;;;;;;;
;;;;;;;;;
;;;;;;;;;
;;;;;;;;;
;;;;;;;;;
;;;;;;;;;
;;;;;;;;;
;;;;;;;;;
;;;;;;;;;
;;;;;;;;;
;;;;;;;;;
;;;;;;;;;
;;;;;;;;;
;;;;;;;;;
;;;;;;;;;
;;;;;;;;;
;;;;;;;;;
;;;;;;;;;
;;;;;;;;;
;;;;;;;;;
;;;;;;;;;
;;;;;;;;;
;;;;;;;;;
;;;;;;;;;
;;;;;;;;;
;;;;;;;;;
;;;;;;;;;
;;;;;;;;;
;;;;;;;;;
;;;;;;;;;
;;;;;;;;;
;;;;;;;;;
;;;;;;;;;
;;;;;;;;;
;;;;;;;;;
;;;;;;;;;
;;;;;;;;;
;;;;;;;;;
;;;;;;;;;
;;;;;;;;;
;;;;;;;;;
;;;;;;;;;
;;;;;;;;;
;;;;;;;;;
;;;;;;;;;
;;;;;;;;;
;;;;;;;;;
;;;;;;;;;
;;;;;;;;;
;;;;;;;;;
;;;;;;;;;
;;;;;;;;;
;;;;;;;;;
;;;;;;;;;
;;;;;;;;;
;;;;;;;;;
;;;;;;;;;
;;;;;;;;;
;;;;;;;;;
;;;;;;;;;
;;;;;;;;;
;;;;;;;;;
;;;;;;;;;
;;;;;;;;;
;;;;;;;;;
;;;;;;;;;
;;;;;;;;;
;;;;;;;;;
;;;;;;;;;
;;;;;;;;;
;;;;;;;;;
;;;;;;;;;
;;;;;;;;;
;;;;;;;;;
;;;;;;;;;
;;;;;;;;;
;;;;;;;;;
;;;;;;;;;
;;;;;;;;;
;;;;;;;;;
;;;;;;;;;
;;;;;;;;;
;;;;;;;;;
;;;;;;;;;
;;;;;;;;;
;;;;;;;;;
;;;;;;;;;
;;;;;;;;;
;;;;;;;;;
;;;;;;;;;
;;;;;;;;;
;;;;;;;;;
;;;;;;;;;
;;;;;;;;;
;;;;;;;;;
;;;;;;;;;
;;;;;;;;;
;;;;;;;;;
;;;;;;;;;
;;;;;;;;;
;;;;;;;;;
;;;;;;;;;
;;;;;;;;;
;;;;;;;;;
;;;;;;;;;
;;;;;;;;;
;;;;;;;;;
;;;;;;;;;
;;;;;;;;;
;;;;;;;;;
;;;;;;;;;
;;;;;;;;;
;;;;;;;;;
;;;;;;;;;
;;;;;;;;;
;;;;;;;;;
;;;;;;;;;
;;;;;;;;;
;;;;;;;;;
;;;;;;;;;
;;;;;;;;;
;;;;;;;;;
;;;;;;;;;
;;;;;;;;;
;;;;;;;;;
;;;;;;;;;
;;;;;;;;;
;;;;;;;;;
;;;;;;;;;
;;;;;;;;;
;;;;;;;;;
;;;;;;;;;
;;;;;;;;;
;;;;;;;;;
;;;;;;;;;
;;;;;;;;;
;;;;;;;;;
;;;;;;;;;
;;;;;;;;;
;;;;;;;;;
;;;;;;;;;
;;;;;;;;;
;;;;;;;;;
;;;;;;;;;
;;;;;;;;;
;;;;;;;;;
;;;;;;;;;
;;;;;;;;;
;;;;;;;;;
;;;;;;;;;
;;;;;;;;;
;;;;;;;;;
;;;;;;;;;
;;;;;;;;;
;;;;;;;;;
;;;;;;;;;
;;;;;;;;;
;;;;;;;;;
;;;;;;;;;
;;;;;;;;;
;;;;;;;;;
;;;;;;;;;
;;;;;;;;;
;;;;;;;;;
;;;;;;;;;
;;;;;;;;;
;;;;;;;;;
;;;;;;;;;
;;;;;;;;;
;;;;;;;;;
;;;;;;;;;
;;;;;;;;;
;;;;;;;;;
;;;;;;;;;
;;;;;;;;;
;;;;;;;;;
;;;;;;;;;
;;;;;;;;;
;;;;;;;;;
;;;;;;;;;
;;;;;;;;;
;;;;;;;;;
;;;;;;;;;
;;;;;;;;;
;;;;;;;;;
;;;;;;;;;
;;;;;;;;;
;;;;;;;;;
;;;;;;;;;
;;;;;;;;;
;;;;;;;;;
;;;;;;;;;
;;;;;;;;;
;;;;;;;;;
;;;;;;;;;
;;;;;;;;;
;;;;;;;;;
;;;;;;;;;
;;;;;;;;;
;;;;;;;;;
;;;;;;;;;
;;;;;;;;;
;;;;;;;;;
;;;;;;;;;
;;;;;;;;;
;;;;;;;;;
;;;;;;;;;
;;;;;;;;;
;;;;;;;;;
;;;;;;;;;
;;;;;;;;;
;;;;;;;;;
;;;;;;;;;
;;;;;;;;;
;;;;;;;;;
;;;;;;;;;
;;;;;;;;;
;;;;;;;;;
;;;;;;;;;
;;;;;;;;;
;;;;;;;;;
;;;;;;;;;
;;;;;;;;;
;;;;;;;;;
;;;;;;;;;
;;;;;;;;;
;;;;;;;;;
;;;;;;;;;
;;;;;;;;;
;;;;;;;;;
;;;;;;;;;
;;;;;;;;;
;;;;;;;;;
;;;;;;;;;
;;;;;;;;;
;;;;;;;;;
;;;;;;;;;
;;;;;;;;;
;;;;;;;;;
;;;;;;;;;
;;;;;;;;;
;;;;;;;;;
;;;;;;;;;
;;;;;;;;;
;;;;;;;;;
;;;;;;;;;
;;;;;;;;;
;;;;;;;;;
;;;;;;;;;
;;;;;;;;;
;;;;;;;;;
;;;;;;;;;
;;;;;;;;;
;;;;;;;;;
;;;;;;;;;
;;;;;;;;;
;;;;;;;;;
;;;;;;;;;
;;;;;;;;;
;;;;;;;;;
;;;;;;;;;
;;;;;;;;;
;;;;;;;;;
;;;;;;;;;
;;;;;;;;;
;;;;;;;;;
;;;;;;;;;
;;;;;;;;;
;;;;;;;;;
;;;;;;;;;
;;;;;;;;;
;;;;;;;;;
;;;;;;;;;
;;;;;;;;;
;;;;;;;;;
;;;;;;;;;
;;;;;;;;;
;;;;;;;;;
;;;;;;;;;
;;;;;;;;;
;;;;;;;;;
;;;;;;;;;
;;;;;;;;;
;;;;;;;;;
;;;;;;;;;
;;;;;;;;;
;;;;;;;;;
;;;;;;;;;
;;;;;;;;;
;;;;;;;;;
;;;;;;;;;
;;;;;;;;;
;;;;;;;;;
;;;;;;;;;
;;;;;;;;;
;;;;;;;;;
;;;;;;;;;
;;;;;;;;;
;;;;;;;;;
;;;;;;;;;
;;;;;;;;;
;;;;;;;;;
;;;;;;;;;
;;;;;;;;;
;;;;;;;;;
;;;;;;;;;
;;;;;;;;;
;;;;;;;;;
;;;;;;;;;
;;;;;;;;;
;;;;;;;;;
;;;;;;;;;
;;;;;;;;;
;;;;;;;;;
;;;;;;;;;
;;;;;;;;;
;;;;;;;;;
;;;;;;;;;
;;;;;;;;;
;;;;;;;;;
;;;;;;;;;
;;;;;;;;;
;;;;;;;;;
;;;;;;;;;
;;;;;;;;;
;;;;;;;;;
;;;;;;;;;
;;;;;;;;;
;;;;;;;;;
;;;;;;;;;
;;;;;;;;;
;;;;;;;;;
;;;;;;;;;
;;;;;;;;;
;;;;;;;;;
;;;;;;;;;
;;;;;;;;;
;;;;;;;;;
;;;;;;;;;
;;;;;;;;;
;;;;;;;;;
;;;;;;;;;
;;;;;;;;;
;;;;;;;;;
;;;;;;;;;
;;;;;;;;;
;;;;;;;;;
;;;;;;;;;
;;;;;;;;;
;;;;;;;;;
;;;;;;;;;
;;;;;;;;;
;;;;;;;;;
;;;;;;;;;
;;;;;;;;;
;;;;;;;;;
;;;;;;;;;
;;;;;;;;;
;;;;;;;;;
;;;;;;;;;
;;;;;;;;;
;;;;;;;;;
;;;;;;;;;
;;;;;;;;;
;;;;;;;;;
;;;;;;;;;
;;;;;;;;;
;;;;;;;;;
;;;;;;;;;
;;;;;;;;;
;;;;;;;;;
;;;;;;;;;
;;;;;;;;;
;;;;;;;;;
;;;;;;;;;
;;;;;;;;;
;;;;;;;;;
;;;;;;;;;
;;;;;;;;;
;;;;;;;;;
;;;;;;;;;
;;;;;;;;;
;;;;;;;;;
;;;;;;;;;
;;;;;;;;;
;;;;;;;;;
;;;;;;;;;
;;;;;;;;;
;;;;;;;;;
;;;;;;;;;
;;;;;;;;;
;;;;;;;;;
;;;;;;;;;
;;;;;;;;;
;;;;;;;;;
;;;;;;;;;
;;;;;;;;;
;;;;;;;;;
;;;;;;;;;
;;;;;;;;;
;;;;;;;;;
;;;;;;;;;
;;;;;;;;;
;;;;;;;;;
;;;;;;;;;
;;;;;;;;;
;;;;;;;;;
;;;;;;;;;
;;;;;;;;;
;;;;;;;;;
;;;;;;;;;
;;;;;;;;;
;;;;;;;;;
;;;;;;;;;
;;;;;;;;;
;;;;;;;;;
;;;;;;;;;
;;;;;;;;;
;;;;;;;;;
;;;;;;;;;
;;;;;;;;;
;;;;;;;;;
;;;;;;;;;
;;;;;;;;;
;;;;;;;;;
;;;;;;;;;
;;;;;;;;;
;;;;;;;;;
;;;;;;;;;
;;;;;;;;;
;;;;;;;;;
;;;;;;;;;
;;;;;;;;;
;;;;;;;;;
;;;;;;;;;
;;;;;;;;;
;;;;;;;;;
;;;;;;;;;
;;;;;;;;;
;;;;;;;;;
;;;;;;;;;
;;;;;;;;;
;;;;;;;;;
;;;;;;;;;
;;;;;;;;;
;;;;;;;;;
;;;;;;;;;
;;;;;;;;;
;;;;;;;;;
;;;;;;;;;
;;;;;;;;;
;;;;;;;;;
;;;;;;;;;
;;;;;;;;;
;;;;;;;;;
;;;;;;;;;
;;;;;;;;;
;;;;;;;;;
;;;;;;;;;
;;;;;;;;;
;;;;;;;;;
;;;;;;;;;
;;;;;;;;;
;;;;;;;;;
;;;;;;;;;
;;;;;;;;;
;;;;;;;;;
;;;;;;;;;
;;;;;;;;;
;;;;;;;;;
;;;;;;;;;
;;;;;;;;;
;;;;;;;;;
;;;;;;;;;
;;;;;;;;;
;;;;;;;;;
;;;;;;;;;
;;;;;;;;;
;;;;;;;;;
;;;;;;;;;
;;;;;;;;;
;;;;;;;;;
;;;;;;;;;
;;;;;;;;;
;;;;;;;;;
;;;;;;;;;
;;;;;;;;;
;;;;;;;;;
;;;;;;;;;
;;;;;;;;;
;;;;;;;;;
;;;;;;;;;
;;;;;;;;;
;;;;;;;;;
;;;;;;;;;
;;;;;;;;;
;;;;;;;;;
;;;;;;;;;
;;;;;;;;;
;;;;;;;;;
;;;;;;;;;
;;;;;;;;;
;;;;;;;;;
;;;;;;;;;
;;;;;;;;;
;;;;;;;;;
;;;;;;;;;
;;;;;;;;;
;;;;;;;;;
;;;;;;;;;
;;;;;;;;;
;;;;;;;;;
;;;;;;;;;
;;;;;;;;;
;;;;;;;;;
;;;;;;;;;
;;;;;;;;;
;;;;;;;;;
;;;;;;;;;
;;;;;;;;;
;;;;;;;;;
;;;;;;;;;
;;;;;;;;;
;;;;;;;;;
;;;;;;;;;
;;;;;;;;;
;;;;;;;;;
;;;;;;;;;
;;;;;;;;;
;;;;;;;;;
;;;;;;;;;
;;;;;;;;;
;;;;;;;;;
;;;;;;;;;
;;;;;;;;;
;;;;;;;;;
;;;;;;;;;
;;;;;;;;;
;;;;;;;;;
;;;;;;;;;
;;;;;;;;;
;;;;;;;;;
;;;;;;;;;
;;;;;;;;;
;;;;;;;;;
;;;;;;;;;
;;;;;;;;;
;;;;;;;;;
;;;;;;;;;
;;;;;;;;;
;;;;;;;;;
;;;;;;;;;
;;;;;;;;;
;;;;;;;;;
;;;;;;;;;
;;;;;;;;;
;;;;;;;;;
;;;;;;;;;
;;;;;;;;;
;;;;;;;;;
;;;;;;;;;
;;;;;;;;;
;;;;;;;;;
;;;;;;;;;
;;;;;;;;;
;;;;;;;;;
;;;;;;;;;
;;;;;;;;;
;;;;;;;;;
;;;;;;;;;
;;;;;;;;;
;;;;;;;;;
;;;;;;;;;
;;;;;;;;;
;;;;;;;;;
;;;;;;;;;
;;;;;;;;;
;;;;;;;;;
;;;;;;;;;
;;;;;;;;;
;;;;;;;;;
;;;;;;;;;
;;;;;;;;;
;;;;;;;;;
;;;;;;;;;
;;;;;;;;;
;;;;;;;;;
;;;;;;;;;
;;;;;;;;;
;;;;;;;;;
;;;;;;;;;
;;;;;;;;;
;;;;;;;;;
;;;;;;;;;
;;;;;;;;;
;;;;;;;;;
;;;;;;;;;
;;;;;;;;;
;;;;;;;;;
;;;;;;;;;
;;;;;;;;;
;;;;;;;;;
;;;;;;;;;
;;;;;;;;;
;;;;;;;;;
;;;;;;;;;
;;;;;;;;;
;;;;;;;;;
;;;;;;;;;
;;;;;;;;;
;;;;;;;;;
;;;;;;;;;
;;;;;;;;;
;;;;;;;;;
;;;;;;;;;
;;;;;;;;;
;;;;;;;;;
;;;;;;;;;
;;;;;;;;;
;;;;;;;;;
;;;;;;;;;
;;;;;;;;;
;;;;;;;;;
;;;;;;;;;
;;;;;;;;;
;;;;;;;;;
;;;;;;;;;
;;;;;;;;;
;;;;;;;;;
;;;;;;;;;
;;;;;;;;;
;;;;;;;;;
;;;;;;;;;
;;;;;;;;;
;;;;;;;;;
;;;;;;;;;
;;;;;;;;;
;;;;;;;;;
;;;;;;;;;
;;;;;;;;;
;;;;;;;;;
;;;;;;;;;
;;;;;;;;;
;;;;;;;;;
;;;;;;;;;
;;;;;;;;;
;;;;;;;;;
;;;;;;;;;
;;;;;;;;;
;;;;;;;;;
;;;;;;;;;
;;;;;;;;;
;;;;;;;;;
;;;;;;;;;
;;;;;;;;;
;;;;;;;;;
;;;;;;;;;
;;;;;;;;;
;;;;;;;;;
;;;;;;;;;
;;;;;;;;;
;;;;;;;;;
;;;;;;;;;
;;;;;;;;;
;;;;;;;;;
;;;;;;;;;
;;;;;;;;;
;;;;;;;;;
;;;;;;;;;
;;;;;;;;;
;;;;;;;;;
;;;;;;;;;
;;;;;;;;;
;;;;;;;;;
;;;;;;;;;
;;;;;;;;;
;;;;;;;;;
;;;;;;;;;
;;;;;;;;;
;;;;;;;;;
;;;;;;;;;
;;;;;;;;;
;;;;;;;;;
;;;;;;;;;
;;;;;;;;;
;;;;;;;;;
;;;;;;;;;
;;;;;;;;;
;;;;;;;;;
;;;;;;;;;
;;;;;;;;;
;;;;;;;;;
;;;;;;;;;
;;;;;;;;;
;;;;;;;;;
;;;;;;;;;
;;;;;;;;;
;;;;;;;;;
;;;;;;;;;
;;;;;;;;;
;;;;;;;;;
;;;;;;;;;
;;;;;;;;;
;;;;;;;;;
;;;;;;;;;
;;;;;;;;;
;;;;;;;;;
;;;;;;;;;
;;;;;;;;;
;;;;;;;;;
;;;;;;;;;
;;;;;;;;;
;;;;;;;;;
;;;;;;;;;
;;;;;;;;;
;;;;;;;;;
;;;;;;;;;
;;;;;;;;;
;;;;;;;;;
;;;;;;;;;
;;;;;;;;;
;;;;;;;;;
;;;;;;;;;
;;;;;;;;;
;;;;;;;;;
;;;;;;;;;
;;;;;;;;;
;;;;;;;;;
;;;;;;;;;
;;;;;;;;;
;;;;;;;;;
;;;;;;;;;
;;;;;;;;;
;;;;;;;;;
;;;;;;;;;
;;;;;;;;;
;;;;;;;;;
;;;;;;;;;
;;;;;;;;;
;;;;;;;;;
;;;;;;;;;
;;;;;;;;;
;;;;;;;;;
;;;;;;;;;
;;;;;;;;;
;;;;;;;;;
;;;;;;;;;
;;;;;;;;;
;;;;;;;;;
;;;;;;;;;
;;;;;;;;;
;;;;;;;;;
;;;;;;;;;
;;;;;;;;;
;;;;;;;;;
