DATA;ID_CONTRATO;CONTRATO;ID_EQUIPAMENTO;EQUIPAMENTO;ID_OPERADORA;OPERADORA;ID_SERVICO_EXECUTADO;SERVIC_EXECUTADO;QTD_SERVICO
01/06/2012;COT22;Taguatur;EQ35;CCIT 4.0 FRONTAL H2 COM BATERIA;OP82;TAGUATUR;DF41;Envio para manutená∆o central-CTG;12
01/01/2020;COT20;ROSA TURISMO;EQ36;CCIT 4.0 FRONTAL H1 COM BATERIA;OP66;ROSA TURISMO;DF41;Envio para manutená∆o central-CTG;1
01/01/2020;COT20;ROSA TURISMO;EQ36;CCIT 4.0 FRONTAL H1 COM BATERIA;OP66;ROSA TURISMO;DF117;Restauraá∆o de m¢dulos via PC e/ou SdCard;4
01/01/2020;COT20;ROSA TURISMO;EQ36;CCIT 4.0 FRONTAL H1 COM BATERIA;OP66;ROSA TURISMO;DF132;Subst. Da Bateria de Lithium;5
01/01/2020;COT20;ROSA TURISMO;EQ36;CCIT 4.0 FRONTAL H1 COM BATERIA;OP66;ROSA TURISMO;DF59;Intervená‰es com Solda;2
01/01/2020;COT1;Transfacil;EQ14;DMX200 MOD H3.1;;;DF35;Defeito n∆o encontrado / testes e liberaá∆o;1
01/01/2020;COT1;Transfacil;EQ14;DMX200 MOD H3.1;;;DF37;Defeito n∆o encontrado e subst. FW/SW;12
01/01/2020;COT1;Transfacil;EQ14;DMX200 MOD H3.1;;;DF41;Envio para manutená∆o central-CTG;52
01/01/2020;COT1;Transfacil;EQ14;DMX200 MOD H3.1;;;DF88;Reparo com formataá∆o e reinst. FW/SW;202
01/01/2020;COT1;Transfacil;EQ14;DMX200 MOD H3.1;;;DF108;Ressolda no circuito da placa-m∆e;3
01/01/2020;COT1;Transfacil;EQ14;DMX200 MOD H3.1;;;DF135;Subst. Da Carcaáa frontal;1
01/01/2020;COT1;Transfacil;EQ14;DMX200 MOD H3.1;;;DF169;Subst. De Componente eletrìnico;11
01/01/2020;COT1;Transfacil;EQ14;DMX200 MOD H3.1;;;DF170;Subst. De Gorila Glass;1
01/01/2020;COT9;SINTRAM SEM DMX200;EQ16;PDM03;OP51;CONS‡RCIO ‡TIMO DE BILHETAGEM ELETR‚NICA ;DF35;Defeito n∆o encontrado / testes e liberaá∆o;24
01/01/2020;COT9;SINTRAM SEM DMX200;EQ16;PDM03;OP51;CONS‡RCIO ‡TIMO DE BILHETAGEM ELETR‚NICA ;DF37;Defeito n∆o encontrado e subst. FW/SW;1
01/01/2020;COT9;SINTRAM SEM DMX200;EQ16;PDM03;OP51;CONS‡RCIO ‡TIMO DE BILHETAGEM ELETR‚NICA ;DF86;Reparo com configuraá∆o do setup;1
01/01/2020;COT9;SINTRAM SEM DMX200;EQ16;PDM03;OP51;CONS‡RCIO ‡TIMO DE BILHETAGEM ELETR‚NICA ;DF88;Reparo com formataá∆o e reinst. FW/SW;135
01/01/2020;COT9;SINTRAM SEM DMX200;EQ16;PDM03;OP51;CONS‡RCIO ‡TIMO DE BILHETAGEM ELETR‚NICA ;DF209;Subst. Do Display;6
01/01/2020;COT9;SINTRAM COM DMX200;EQ12;DMX200 MOD H3;OP51;CONS‡RCIO ‡TIMO DE BILHETAGEM ELETR‚NICA ;DF37;Defeito n∆o encontrado e subst. FW/SW;6
01/01/2020;COT9;SINTRAM COM DMX200;EQ12;DMX200 MOD H3;OP51;CONS‡RCIO ‡TIMO DE BILHETAGEM ELETR‚NICA ;DF41;Envio para manutená∆o central-CTG;6
01/01/2020;COT9;SINTRAM COM DMX200;EQ12;DMX200 MOD H3;OP51;CONS‡RCIO ‡TIMO DE BILHETAGEM ELETR‚NICA ;DF88;Reparo com formataá∆o e reinst. FW/SW;32
01/01/2020;COT9;SINTRAM COM DMX200;EQ12;DMX200 MOD H3;OP51;CONS‡RCIO ‡TIMO DE BILHETAGEM ELETR‚NICA ;DF135;Subst. Da Carcaáa frontal;1
01/01/2020;COT9;SINTRAM COM DMX200;EQ12;DMX200 MOD H3;OP51;CONS‡RCIO ‡TIMO DE BILHETAGEM ELETR‚NICA ;DF170;Subst. De Gorila Glass;3
01/01/2020;COT9;SINTRAM COM DMX200;EQ12;DMX200 MOD H3;OP51;CONS‡RCIO ‡TIMO DE BILHETAGEM ELETR‚NICA ;DF169;Subst. De Componente eletrìnico;1
01/01/2020;COT2;Transcard;EQ16;PDM03;;;DF9;Ajuste e aperto de conex∆o;4
01/01/2020;COT2;Transcard;EQ16;PDM03;;;DF22;Atualizaá∆o de pacote;19
01/01/2020;COT2;Transcard;EQ16;PDM03;;;DF41;Envio para manutená∆o central-CTG;15
01/01/2020;COT2;Transcard;EQ16;PDM03;;;DF125;Subst. Bot∆o on/off;17
01/01/2020;COT19;S«O JO«O;EQ39;DMX200L JI21 SEM BATERIA;OP67;S«O JO«O;DF41;Envio para manutená∆o central-CTG;2
01/01/2020;COT19;S«O JO«O;EQ39;DMX200L JI21 SEM BATERIA;OP67;S«O JO«O;DF97;Ressolda;5
01/01/2020;COT4;Setut;EQ14;DMX200 MOD H3.1;;;DF41;Envio para manutená∆o central-CTG;5
01/01/2020;COT22;Taguatur PM NOVO;EQ39;DMX200L JI21 SEM BATERIA;OP82;TAGUATUR;DF41;Envio para manutená∆o central-CTG;10
01/01/2020;COT24;GVBUS;EQ14;DMX200 MOD H3.1;;;DF41;Envio para manutená∆o central-CTG;200
01/01/2020;COT20;ROSA TURISMO;EQ39;DMX200L JI21 SEM BATERIA;OP66;ROSA TURISMO;DF41;Envio para manutená∆o central-CTG;2
01/01/2020;COT20;ROSA TURISMO;EQ39;DMX200L JI21 SEM BATERIA;OP66;ROSA TURISMO;DF97;Ressolda;3
01/01/2020;COT1;Transfacil;EQ10;CONNECTION CCIT 4.0;;;DF35;Defeito n∆o encontrado / testes e liberaá∆o;2
01/01/2020;COT1;Transfacil;EQ10;CONNECTION CCIT 4.0;;;DF37;Defeito n∆o encontrado e subst. FW/SW;9
01/01/2020;COT1;Transfacil;EQ10;CONNECTION CCIT 4.0;;;DF88;Reparo com formataá∆o e reinst. FW/SW;7
01/01/2020;COT1;Transfacil;EQ10;CONNECTION CCIT 4.0;;;DF102;Ressolda na Placa Connection;1
01/01/2020;COT1;Transfacil;EQ10;CONNECTION CCIT 4.0;;;DF106;Ressolda na Placa Subbase;2
01/01/2020;COT1;Transfacil;EQ10;CONNECTION CCIT 4.0;;;DF169;Subst. De Componente eletrìnico;2
01/01/2020;COT2;Transcard;EQ10;CONNECTION CCIT 4.0;;;DF22;Atualizaá∆o de pacote;19
01/01/2020;COT2;Transcard;EQ10;CONNECTION CCIT 4.0;;;DF41;Envio para manutená∆o central-CTG;15
01/01/2020;COT2;Transcard;EQ10;CONNECTION CCIT 4.0;;;DF59;Intervená‰es com Solda;22
01/01/2020;COT10;Metropolitano-Bahia;EQ10;CONNECTION CCIT 4.0;OP64;METROPOLITANO SSA;DF22;Atualizaá∆o de pacote;6
01/01/2020;COT10;Metropolitano-Bahia;EQ10;CONNECTION CCIT 4.0;OP64;METROPOLITANO SSA;DF41;Envio para manutená∆o central-CTG;2
01/01/2020;COT10;Metropolitano-Bahia;EQ10;CONNECTION CCIT 4.0;OP64;METROPOLITANO SSA;DF59;Intervená‰es com Solda;3
01/01/2020;COT19;S«O JO«O;EQ10;CONNECTION CCIT 4.0;OP67;S«O JO«O;DF22;Atualizaá∆o de pacote;5
01/01/2020;COT19;S«O JO«O;EQ10;CONNECTION CCIT 4.0;OP67;S«O JO«O;DF41;Envio para manutená∆o central-CTG;1
01/01/2020;COT4;Setut;EQ10;CONNECTION CCIT 4.0;;;DF41;Envio para manutená∆o central-CTG;1
01/01/2020;COT3;TEU;EQ10;CONNECTION CCIT 4.0;;;DF41;Envio para manutená∆o central-CTG;49
01/01/2020;COT24;GVBUS;EQ10;CONNECTION CCIT 4.0;;;DF41;Envio para manutená∆o central-CTG;24
01/01/2020;COT20;ROSA TURISMO;EQ10;CONNECTION CCIT 4.0;OP66;ROSA TURISMO;DF22;Atualizaá∆o de pacote;1
01/01/2020;COT20;ROSA TURISMO;EQ10;CONNECTION CCIT 4.0;OP66;ROSA TURISMO;DF41;Envio para manutená∆o central-CTG;1
01/01/2020;COT19;S«O JO«O;EQ10;CONNECTION CCIT 4.0;OP67;S«O JO«O;DF256;Subst. de Fus°vel;1
01/01/2020;COT3;TEU;EQ22;V3000M;;;DF41;Envio para manutená∆o central-CTG;168
01/01/2020;COT1;Transfacil;EQ27;UT (FTV 3000);;;DF37;Defeito n∆o encontrado e subst. FW/SW;1
01/01/2020;COT1;Transfacil;EQ27;UT (FTV 3000);;;DF88;Reparo com formataá∆o e reinst. FW/SW;2
01/01/2020;COT1;Transfacil;EQ27;UT (FTV 3000);;;DF169;Subst. De Componente eletrìnico;1
01/01/2020;COT24;GVBUS;EQ33;POS MOVE 2500;;;DF41;Envio para manutená∆o central-CTG;17
01/01/2020;COT20;Rosa Turismo;EQ31;POS 250;OP66;ROSA TURISMO;DF41;Envio para manutená∆o central-CTG;1
01/01/2020;COT19;S∆o Jo∆o;EQ31;POS 250;OP67;S«O JO«O;DF41;Envio para manutená∆o central-CTG;2
01/01/2020;COT2;Transcard;EQ31;POS 250;;;DF41;Envio para manutená∆o central-CTG;24
01/01/2020;COT3;TEU;EQ17;FONTE PM;;;DF41;Envio para manutená∆o central-CTG;5
01/02/2020;COT21;Araguarina;EQ35;CCIT 4.0 FRONTAL H2 COM BATERIA;OP81;VIAÄ«O ARAGUARINA;DF41;Envio para manutená∆o central-CTG;5
01/02/2020;COT8;CBTU;EQ1;CCIT 3.0;OP47;CBTU - COMPANHIA BRASILEIRA DE TRENS URBANOS;DF97;Ressolda;1
01/02/2020;COT8;CBTU;EQ1;CCIT 3.0;OP47;CBTU - COMPANHIA BRASILEIRA DE TRENS URBANOS;DF159;Subst. Da placa FtctlessGPS;1
01/02/2020;COT24;GVBUS;EQ28;ATM;OP108;GVBUS - SIND. DAS EMP. DE TRANP. METROP. DA GRANDE VIT‡RIA;DF41;Envio para manutená∆o central-CTG;37
01/02/2020;COT24;GVBUS;EQ6;CCIT 4.0 FRONTAL H2.1;;;DF41;Envio para manutená∆o central-CTG;106
01/02/2020;COT6;METRO-BAHIA;EQ28;ATM;OP63;METRO-BAHIA;DF66;Manutená∆o na Fechadura Eletrìnica;1
01/02/2020;COT6;METRO-BAHIA;EQ28;ATM;OP63;METRO-BAHIA;DF82;Reconfiguraá∆o do Setup;1
01/02/2020;COT6;METRO-BAHIA;EQ28;ATM;OP63;METRO-BAHIA;DF143;Subst. da Impressora;1
01/02/2020;COT6;METRO-BAHIA;EQ28;ATM;OP63;METRO-BAHIA;DF218;Subst. Do Monitor;1
01/02/2020;COT6;METRO-BAHIA;EQ28;ATM;OP63;METRO-BAHIA;DF228;Subst. Do PDV ATM;1
01/02/2020;COT6;METRO-BAHIA;EQ28;ATM;OP63;METRO-BAHIA;DF231;Subst. Do PINpad;13
01/02/2020;COT6;METRO-BAHIA;EQ28;ATM;OP63;METRO-BAHIA;DF237;Subst. Do Validador de Notas;2
01/02/2020;COT6;Metro-Bahia;EQ37;CCIT 3.13 BLOQUEIO;OP63;METRO-BAHIA;DF132;Subst. Da Bateria de Lithium;1
01/02/2020;COT6;Metro-Bahia;EQ37;CCIT 3.13 BLOQUEIO;OP63;METRO-BAHIA;DF213;Subst. Do Max483/Pollyswitch;1
01/02/2020;COT6;Metro-Bahia;EQ37;CCIT 3.13 BLOQUEIO;OP63;METRO-BAHIA;DF248;Substituiá∆o MAX232;1
01/02/2020;COT6;Metro-Bahia;EQ9;CCIT 4.0 (BLOQUEIO) FRONTAL H1;OP63;METRO-BAHIA;DF115;Restauraá∆o da ROM via PC;1
01/02/2020;COT5;METROFOR/ VLT FORTALEZA;EQ38;CCIT 4.0 METROFOR;OP105;METROFOR LINHA SUL;DF41;Envio para manutená∆o central-CTG;5
01/02/2020;COT10;Metropolitano-Bahia;EQ6;CCIT 4.0 FRONTAL H2.1;OP64;METROPOLITANO SSA;DF22;Atualizaá∆o de pacote;3
01/02/2020;COT10;Metropolitano-Bahia;EQ6;CCIT 4.0 FRONTAL H2.1;OP64;METROPOLITANO SSA;DF41;Envio para manutená∆o central-CTG;6
01/02/2020;COT10;Metropolitano-Bahia;EQ6;CCIT 4.0 FRONTAL H2.1;OP64;METROPOLITANO SSA;DF117;Restauraá∆o de m¢dulos via PC e/ou SdCard;10
01/02/2020;COT10;Metropolitano-Bahia;EQ6;CCIT 4.0 FRONTAL H2.1;OP64;METROPOLITANO SSA;DF132;Subst. Da Bateria de Lithium;7
01/02/2020;COT20;ROSA TURISMO;EQ36;CCIT 4.0 FRONTAL H1 COM BATERIA;OP66;ROSA TURISMO;DF22;Atualizaá∆o de pacote;3
01/02/2020;COT20;ROSA TURISMO;EQ36;CCIT 4.0 FRONTAL H1 COM BATERIA;OP66;ROSA TURISMO;DF117;Restauraá∆o de m¢dulos via PC e/ou SdCard;4
01/02/2020;COT20;ROSA TURISMO;EQ36;CCIT 4.0 FRONTAL H1 COM BATERIA;OP66;ROSA TURISMO;DF41;Envio para manutená∆o central-CTG;2
01/02/2020;COT20;ROSA TURISMO;EQ36;CCIT 4.0 FRONTAL H1 COM BATERIA;OP66;ROSA TURISMO;DF132;Subst. Da Bateria de Lithium;1
01/02/2020;COT20;ROSA TURISMO;EQ36;CCIT 4.0 FRONTAL H1 COM BATERIA;OP66;ROSA TURISMO;DF59;Intervená‰es com Solda;2
01/02/2020;COT19;S«O JO«O;EQ36;CCIT 4.0 FRONTAL H1 COM BATERIA;OP67;S«O JO«O;DF22;Atualizaá∆o de pacote;1
01/02/2020;COT19;S«O JO«O;EQ36;CCIT 4.0 FRONTAL H1 COM BATERIA;OP67;S«O JO«O;DF41;Envio para manutená∆o central-CTG;3
01/02/2020;COT19;S«O JO«O;EQ36;CCIT 4.0 FRONTAL H1 COM BATERIA;OP67;S«O JO«O;DF59;Intervená‰es com Solda;1
01/02/2020;COT19;S«O JO«O;EQ36;CCIT 4.0 FRONTAL H1 COM BATERIA;OP67;S«O JO«O;DF117;Restauraá∆o de m¢dulos via PC e/ou SdCard;2
01/02/2020;COT19;S«O JO«O;EQ36;CCIT 4.0 FRONTAL H1 COM BATERIA;OP67;S«O JO«O;DF132;Subst. Da Bateria de Lithium;2
01/02/2020;COT4;Setut;EQ6;CCIT 4.0 FRONTAL H2.1;;;DF41;Envio para manutená∆o central-CTG;19
01/02/2020;COT4;Setut;EQ6;CCIT 4.0 FRONTAL H2.1;;;DF113;Restaura RAM via PC;6
01/02/2020;COT18;Sindpautras;EQ6;CCIT 4.0 FRONTAL H2.1;OP48;SINDPAUTRAS-SIND. PERM. AUT. TRANSP. SU;DF88;Reparo com formataá∆o e reinst. FW/SW;4
01/02/2020;COT18;Sindpautras;EQ6;CCIT 4.0 FRONTAL H2.1;OP48;SINDPAUTRAS-SIND. PERM. AUT. TRANSP. SU;DF216;Subst. Do M¢dulo H2;2
01/02/2020;COT22;Taguatur;EQ8;CCIT 4.0 FRONTAL JI21 SEM BATERIA;OP82;TAGUATUR;DF41;Envio para manutená∆o central-CTG;18
01/02/2020;COT3;TEU;EQ3;CCIT 3.5;;;DF94;Repassar SW via cabo;2
01/02/2020;COT3;TEU;EQ3;CCIT 3.5;;;DF135;Subst. Da Carcaáa frontal;1
01/02/2020;COT3;TEU;EQ3;CCIT 3.5;;;DF145;Subst. Da OBC;1
01/02/2020;COT3;TEU;EQ3;CCIT 3.5;;;DF157;Subst. Da Placa FTCLess;1
01/02/2020;COT3;TEU;EQ3;CCIT 3.5;;;DF162;Subst. Da Placa Mbccit;1
01/02/2020;COT3;TEU;EQ36;CCIT 4.0 FRONTAL H1 COM BATERIA;;;DF41;Envio para manutená∆o central-CTG;7
01/02/2020;COT3;TEU;EQ36;CCIT 4.0 FRONTAL H1 COM BATERIA;;;DF60;Limpeza de cache;21
01/02/2020;COT3;TEU;EQ36;CCIT 4.0 FRONTAL H1 COM BATERIA;;;DF115;Restauraá∆o da ROM via PC;180
01/02/2020;COT3;TEU;EQ36;CCIT 4.0 FRONTAL H1 COM BATERIA;;;DF132;Subst. Da Bateria de Lithium;9
01/02/2020;COT2;TRANSCARD;EQ28;ATM;OP61;Setps (Transcard);DF4;Ajuste da Porta do Cofre;1
01/02/2020;COT2;TRANSCARD;EQ28;ATM;OP61;Setps (Transcard);DF7;Ajuste do M¢dulo de Impress∆o;1
01/02/2020;COT2;TRANSCARD;EQ28;ATM;OP61;Setps (Transcard);DF143;Subst. da Impressora;5
01/02/2020;COT2;TRANSCARD;EQ28;ATM;OP61;Setps (Transcard);DF148;Subst. Da Placa de led;2
01/02/2020;COT2;TRANSCARD;EQ28;ATM;OP61;Setps (Transcard);DF236;Subst. Do Teclado de Metal Frontal;1
01/02/2020;COT2;TRANSCARD;EQ28;ATM;OP61;Setps (Transcard);DF237;Subst. Do Validador de Notas;8
01/02/2020;COT2;Transcard;EQ6;CCIT 4.0 FRONTAL H2.1;;;DF9;Ajuste e aperto de conex∆o;5
01/02/2020;COT2;Transcard;EQ6;CCIT 4.0 FRONTAL H2.1;;;DF22;Atualizaá∆o de pacote;18
01/02/2020;COT2;Transcard;EQ6;CCIT 4.0 FRONTAL H2.1;;;DF41;Envio para manutená∆o central-CTG;82
01/02/2020;COT2;Transcard;EQ6;CCIT 4.0 FRONTAL H2.1;;;DF59;Intervená‰es com Solda;7
01/02/2020;COT2;Transcard;EQ6;CCIT 4.0 FRONTAL H2.1;;;DF117;Restauraá∆o de m¢dulos via PC e/ou SdCard;23
01/02/2020;COT2;Transcard;EQ6;CCIT 4.0 FRONTAL H2.1;;;DF132;Subst. Da Bateria de Lithium;33
01/02/2020;COT1;TRANSFACIL;EQ28;ATM;OP27;TRANSFµCIL;DF5;Ajuste da porta Externa;1
01/02/2020;COT1;TRANSFACIL;EQ28;ATM;OP27;TRANSFµCIL;DF32;Defeito n∆o encontrado;1
01/02/2020;COT1;TRANSFACIL;EQ28;ATM;OP27;TRANSFµCIL;DF65;Manutená∆o Cofre;2
01/02/2020;COT1;TRANSFACIL;EQ28;ATM;OP27;TRANSFµCIL;DF67;Manutená∆o na Impressora;1
01/02/2020;COT1;TRANSFACIL;EQ28;ATM;OP27;TRANSFµCIL;DF81;Preventiva Validador de Notas;23
01/02/2020;COT1;TRANSFACIL;EQ28;ATM;OP27;TRANSFµCIL;DF85;Reinstalaá∆o do Drive da Impressora;1
01/02/2020;COT1;TRANSFACIL;EQ28;ATM;OP27;TRANSFµCIL;DF207;Subst. Do Conversor Serial;1
01/02/2020;COT1;TRANSFACIL;EQ28;ATM;OP27;TRANSFµCIL;DF208;Subst. Do Dispenser do cart∆o;2
01/02/2020;COT1;TRANSFACIL;EQ28;ATM;OP27;TRANSFµCIL;DF228;Subst. Do PDV ATM;1
01/02/2020;COT1;TRANSFACIL;EQ28;ATM;OP27;TRANSFµCIL;DF237;Subst. Do Validador de Notas;2
01/02/2020;COT1;Transfacil;EQ3;CCIT 3.5;;;DF108;Ressolda no circuito da placa-m∆e;1
01/02/2020;COT1;Transfacil;EQ3;CCIT 3.5;;;DF109;Ressolda no circuito do Smartmedia;1
01/02/2020;COT1;Transfacil;EQ3;CCIT 3.5;;;DF162;Subst. Da Placa Mbccit;1
01/02/2020;COT1;Transfacil;EQ3;CCIT 3.5;;;DF169;Subst. De Componente eletrìnico;1
01/02/2020;COT1;Transfacil;EQ3;CCIT 3.5;;;DF183;Subst. Do Cabo tranáado antena Cless;2
01/02/2020;COT1;Transfacil;EQ6;CCIT 4.0 FRONTAL H2.1;;;DF37;Defeito n∆o encontrado e subst. FW/SW;9
01/02/2020;COT1;Transfacil;EQ6;CCIT 4.0 FRONTAL H2.1;;;DF88;Reparo com formataá∆o e reinst. FW/SW;49
01/02/2020;COT1;Transfacil;EQ6;CCIT 4.0 FRONTAL H2.1;;;DF102;Ressolda na Placa Connection;1
01/02/2020;COT1;Transfacil;EQ6;CCIT 4.0 FRONTAL H2.1;;;DF104;Ressolda na placa on/off;1
01/02/2020;COT1;Transfacil;EQ6;CCIT 4.0 FRONTAL H2.1;;;DF169;Subst. De Componente eletrìnico;3
01/02/2020;COT1;Transfacil;EQ6;CCIT 4.0 FRONTAL H2.1;;;DF209;Subst. Do Display;1
01/02/2020;COT1;Transfacil;EQ6;CCIT 4.0 FRONTAL H2.1;;;DF216;Subst. Do M¢dulo H2;8
01/02/2020;COT1;Transfacil;EQ6;CCIT 4.0 FRONTAL H2.1;;;DF238;Subst. Do Vidro CCIT V4.0;14
01/02/2020;COT23;UTB;EQ6;CCIT 4.0 FRONTAL H2.1;OP83;UTB;DF41;Envio para manutená∆o central-CTG;16
01/02/2020;COT16;Via Ouro;EQ3;CCIT 3.5;OP49;VIA OURO COLETIVOS LTDA;DF37;Defeito n∆o encontrado e subst. FW/SW;1
01/02/2020;COT16;Via Ouro;EQ3;CCIT 3.5;OP49;VIA OURO COLETIVOS LTDA;DF162;Subst. Da Placa Mbccit;1
01/02/2020;COT1;Transfacil;EQ14;DMX200 MOD H3.1;;;DF35;Defeito n∆o encontrado / testes e liberaá∆o;4
01/02/2020;COT1;Transfacil;EQ14;DMX200 MOD H3.1;;;DF37;Defeito n∆o encontrado e subst. FW/SW;14
01/02/2020;COT1;Transfacil;EQ14;DMX200 MOD H3.1;;;DF41;Envio para manutená∆o central-CTG;33
01/02/2020;COT1;Transfacil;EQ14;DMX200 MOD H3.1;;;DF88;Reparo com formataá∆o e reinst. FW/SW;194
01/02/2020;COT1;Transfacil;EQ14;DMX200 MOD H3.1;;;DF108;Ressolda no circuito da placa-m∆e;1
01/02/2020;COT1;Transfacil;EQ14;DMX200 MOD H3.1;;;DF135;Subst. Da Carcaáa frontal;3
01/02/2020;COT1;Transfacil;EQ14;DMX200 MOD H3.1;;;DF169;Subst. De Componente eletrìnico;13
01/02/2020;COT1;Transfacil;EQ14;DMX200 MOD H3.1;;;DF170;Subst. De Gorila Glass;3
01/02/2020;COT9;SINTRAM SEM DMX200;EQ16;PDM03;OP51;CONS‡RCIO ‡TIMO DE BILHETAGEM ELETR‚NICA ;DF35;Defeito n∆o encontrado / testes e liberaá∆o;15
01/02/2020;COT9;SINTRAM SEM DMX200;EQ16;PDM03;OP51;CONS‡RCIO ‡TIMO DE BILHETAGEM ELETR‚NICA ;DF37;Defeito n∆o encontrado e subst. FW/SW;1
01/02/2020;COT9;SINTRAM SEM DMX200;EQ16;PDM03;OP51;CONS‡RCIO ‡TIMO DE BILHETAGEM ELETR‚NICA ;DF88;Reparo com formataá∆o e reinst. FW/SW;72
01/02/2020;COT9;SINTRAM SEM DMX200;EQ16;PDM03;OP51;CONS‡RCIO ‡TIMO DE BILHETAGEM ELETR‚NICA ;DF187;Subst. Do cart∆o SD/HD;1
01/02/2020;COT9;SINTRAM SEM DMX200;EQ16;PDM03;OP51;CONS‡RCIO ‡TIMO DE BILHETAGEM ELETR‚NICA ;DF209;Subst. Do Display;3
01/02/2020;COT9;SINTRAM COM DMX200;EQ12;DMX200 MOD H3;OP51;CONS‡RCIO ‡TIMO DE BILHETAGEM ELETR‚NICA ;DF37;Defeito n∆o encontrado e subst. FW/SW;7
01/02/2020;COT9;SINTRAM COM DMX200;EQ12;DMX200 MOD H3;OP51;CONS‡RCIO ‡TIMO DE BILHETAGEM ELETR‚NICA ;DF41;Envio para manutená∆o central-CTG;4
01/02/2020;COT9;SINTRAM COM DMX200;EQ12;DMX200 MOD H3;OP51;CONS‡RCIO ‡TIMO DE BILHETAGEM ELETR‚NICA ;DF88;Reparo com formataá∆o e reinst. FW/SW;32
01/02/2020;COT9;SINTRAM COM DMX200;EQ12;DMX200 MOD H3;OP51;CONS‡RCIO ‡TIMO DE BILHETAGEM ELETR‚NICA ;DF169;Subst. De Componente eletrìnico;4
01/02/2020;COT2;Transcard;EQ16;PDM03;;;DF9;Ajuste e aperto de conex∆o;4
01/02/2020;COT2;Transcard;EQ16;PDM03;;;DF22;Atualizaá∆o de pacote;7
01/02/2020;COT2;Transcard;EQ16;PDM03;;;DF41;Envio para manutená∆o central-CTG;8
01/02/2020;COT2;Transcard;EQ16;PDM03;;;DF125;Subst. Bot∆o on/off;2
01/02/2020;COT19;S«O JO«O;EQ39;DMX200L JI21 SEM BATERIA;OP67;S«O JO«O;DF41;Envio para manutená∆o central-CTG;4
01/02/2020;COT20;ROSA TURISMO;EQ39;DMX200L JI21 SEM BATERIA;OP66;ROSA TURISMO;DF88;Reparo com formataá∆o e reinst. FW/SW;1
01/02/2020;COT19;S«O JO«O;EQ39;DMX200L JI21 SEM BATERIA;OP67;S«O JO«O;DF97;Ressolda;3
01/02/2020;COT4;Setut;EQ14;DMX200 MOD H3.1;;;DF41;Envio para manutená∆o central-CTG;5
01/02/2020;COT4;Setut;EQ14;DMX200 MOD H3.1;;;DF118;Restauraá∆o de Pacotes via PenDrive;2
01/02/2020;COT22;Taguatur PM NOVO;EQ39;DMX200L JI21 SEM BATERIA;OP82;TAGUATUR;DF41;Envio para manutená∆o central-CTG;39
01/02/2020;COT3;TEU;EQ14;DMX200 MOD H3.1;;;DF41;Envio para manutená∆o central-CTG;18
01/02/2020;COT24;GVBUS;EQ14;DMX200 MOD H3.1;;;DF41;Envio para manutená∆o central-CTG;119
01/02/2020;COT20;ROSA TURISMO;EQ39;DMX200L JI21 SEM BATERIA;OP66;ROSA TURISMO;DF41;Envio para manutená∆o central-CTG;2
01/02/2020;COT1;Transfacil;EQ10;CONNECTION CCIT 4.0;;;DF35;Defeito n∆o encontrado / testes e liberaá∆o;7
01/02/2020;COT1;Transfacil;EQ10;CONNECTION CCIT 4.0;;;DF37;Defeito n∆o encontrado e subst. FW/SW;4
01/02/2020;COT1;Transfacil;EQ10;CONNECTION CCIT 4.0;;;DF88;Reparo com formataá∆o e reinst. FW/SW;6
01/02/2020;COT2;Transcard;EQ10;CONNECTION CCIT 4.0;;;DF22;Atualizaá∆o de pacote;12
01/02/2020;COT2;Transcard;EQ10;CONNECTION CCIT 4.0;;;DF41;Envio para manutená∆o central-CTG;19
01/02/2020;COT2;Transcard;EQ10;CONNECTION CCIT 4.0;;;DF59;Intervená‰es com Solda;21
01/02/2020;COT2;Transcard;EQ10;CONNECTION CCIT 4.0;;;DF206;Subst. Do Conector USB;1
01/02/2020;COT10;Metropolitano-Bahia;EQ10;CONNECTION CCIT 4.0;OP64;METROPOLITANO SSA;DF22;Atualizaá∆o de pacote;9
01/02/2020;COT10;Metropolitano-Bahia;EQ10;CONNECTION CCIT 4.0;OP64;METROPOLITANO SSA;DF41;Envio para manutená∆o central-CTG;2
01/02/2020;COT10;Metropolitano-Bahia;EQ10;CONNECTION CCIT 4.0;OP64;METROPOLITANO SSA;DF59;Intervená‰es com Solda;7
01/02/2020;COT20;ROSA TURISMO;EQ10;CONNECTION CCIT 4.0;OP66;ROSA TURISMO;DF41;Envio para manutená∆o central-CTG;2
01/02/2020;COT19;S«O JO«O;EQ10;CONNECTION CCIT 4.0;OP67;S«O JO«O;DF59;Intervená‰es com Solda;1
01/02/2020;COT4;Setut;EQ10;CONNECTION CCIT 4.0;;;DF41;Envio para manutená∆o central-CTG;1
01/02/2020;COT3;TEU;EQ10;CONNECTION CCIT 4.0;;;DF41;Envio para manutená∆o central-CTG;68
01/02/2020;COT24;GVBUS;EQ10;CONNECTION CCIT 4.0;;;DF41;Envio para manutená∆o central-CTG;17
01/02/2020;COT20;ROSA TURISMO;EQ10;CONNECTION CCIT 4.0;OP66;ROSA TURISMO;DF59;Intervená‰es com Solda;1
01/02/2020;COT3;TEU;EQ22;V3000M;;;DF41;Envio para manutená∆o central-CTG;117
01/02/2020;COT20;Rosa Turismo;EQ31;POS 250;OP66;ROSA TURISMO;DF41;Envio para manutená∆o central-CTG;2
01/02/2020;COT19;S∆o Jo∆o;EQ31;POS 250;OP67;S«O JO«O;DF41;Envio para manutená∆o central-CTG;1
01/02/2020;COT2;Transcard;EQ31;POS 250;;;DF41;Envio para manutená∆o central-CTG;31
01/02/2020;COT3;TEU;EQ17;FONTE PM;;;DF41;Envio para manutená∆o central-CTG;7
01/03/2020;COT8;CBTU;EQ1;CCIT 3.0;OP47;CBTU - COMPANHIA BRASILEIRA DE TRENS URBANOS;DF163;Subst. Da Placa Smartmedia;1
01/03/2020;COT8;CBTU;EQ1;CCIT 3.0;OP47;CBTU - COMPANHIA BRASILEIRA DE TRENS URBANOS;DF209;Subst. Do Display;1
01/03/2020;COT24;GVBUS;EQ28;ATM;OP108;GVBUS - SIND. DAS EMP. DE TRANP. METROP. DA GRANDE VIT‡RIA;DF41;Envio para manutená∆o central-CTG;30
01/03/2020;COT24;GVBUS;EQ6;CCIT 4.0 FRONTAL H2.1;;;DF41;Envio para manutená∆o central-CTG;6
01/03/2020;COT24;GVBUS;EQ6;CCIT 4.0 FRONTAL H2.1;;;DF88;Reparo com formataá∆o e reinst. FW/SW;50
01/03/2020;COT24;GVBUS;EQ6;CCIT 4.0 FRONTAL H2.1;;;DF211;Subst. Do Equipamento completo;3
01/03/2020;COT6;METRO-BAHIA;EQ28;ATM;OP63;METRO-BAHIA;DF7;Ajuste do M¢dulo de Impress∆o;1
01/03/2020;COT6;METRO-BAHIA;EQ28;ATM;OP63;METRO-BAHIA;DF66;Manutená∆o na Fechadura Eletrìnica;1
01/03/2020;COT6;METRO-BAHIA;EQ28;ATM;OP63;METRO-BAHIA;DF141;Subst. Da Fonte do PDV ATM;3
01/03/2020;COT6;METRO-BAHIA;EQ28;ATM;OP63;METRO-BAHIA;DF143;Subst. da Impressora;2
01/03/2020;COT6;METRO-BAHIA;EQ28;ATM;OP63;METRO-BAHIA;DF227;Subst. Do PC ATM;2
01/03/2020;COT6;METRO-BAHIA;EQ28;ATM;OP63;METRO-BAHIA;DF236;Subst. Do Teclado de Metal Frontal;1
01/03/2020;COT6;METRO-BAHIA;EQ28;ATM;OP63;METRO-BAHIA;DF237;Subst. Do Validador de Notas;1
01/03/2020;COT6;Metro-Bahia;EQ37;CCIT 3.13 BLOQUEIO;OP63;METRO-BAHIA;DF132;Subst. Da Bateria de Lithium;2
01/03/2020;COT6;Metro-Bahia;EQ37;CCIT 3.13 BLOQUEIO;OP63;METRO-BAHIA;DF248;Substituiá∆o MAX232;1
01/03/2020;COT6;Metro-Bahia;EQ9;CCIT 4.0 (BLOQUEIO) FRONTAL H1;OP63;METRO-BAHIA;DF41;Envio para manutená∆o central-CTG;1
01/03/2020;COT5;METROFOR/ VLT FORTALEZA;EQ38;CCIT 4.0 METROFOR;OP105;METROFOR LINHA SUL;DF113;Restaura RAM via PC;2
01/03/2020;COT10;Metropolitano-Bahia;EQ6;CCIT 4.0 FRONTAL H2.1;OP64;METROPOLITANO SSA;DF9;Ajuste e aperto de conex∆o;2
01/03/2020;COT10;Metropolitano-Bahia;EQ6;CCIT 4.0 FRONTAL H2.1;OP64;METROPOLITANO SSA;DF41;Envio para manutená∆o central-CTG;4
01/03/2020;COT10;Metropolitano-Bahia;EQ6;CCIT 4.0 FRONTAL H2.1;OP64;METROPOLITANO SSA;DF101;Ressolda Mbccit;4
01/03/2020;COT10;Metropolitano-Bahia;EQ6;CCIT 4.0 FRONTAL H2.1;OP64;METROPOLITANO SSA;DF113;Restaura RAM via PC;6
01/03/2020;COT10;Metropolitano-Bahia;EQ6;CCIT 4.0 FRONTAL H2.1;OP64;METROPOLITANO SSA;DF114;Restaura RAM via pendrive;8
01/03/2020;COT10;Metropolitano-Bahia;EQ6;CCIT 4.0 FRONTAL H2.1;OP64;METROPOLITANO SSA;DF132;Subst. Da Bateria de Lithium;17
01/03/2020;COT10;Metropolitano-Bahia;EQ6;CCIT 4.0 FRONTAL H2.1;OP64;METROPOLITANO SSA;DF209;Subst. Do Display;18
01/03/2020;COT20;ROSA TURISMO;EQ36;CCIT 4.0 FRONTAL H1 COM BATERIA;OP66;ROSA TURISMO;DF209;Subst. Do Display;1
01/03/2020;COT20;ROSA TURISMO;EQ36;CCIT 4.0 FRONTAL H1 COM BATERIA;OP66;ROSA TURISMO;DF113;Restaura RAM via PC;3
01/03/2020;COT20;ROSA TURISMO;EQ36;CCIT 4.0 FRONTAL H1 COM BATERIA;OP66;ROSA TURISMO;DF114;Restaura RAM via pendrive;4
01/03/2020;COT20;ROSA TURISMO;EQ36;CCIT 4.0 FRONTAL H1 COM BATERIA;OP66;ROSA TURISMO;DF132;Subst. Da Bateria de Lithium;2
01/03/2020;COT19;S«O JO«O;EQ36;CCIT 4.0 FRONTAL H1 COM BATERIA;OP67;S«O JO«O;DF41;Envio para manutená∆o central-CTG;1
01/03/2020;COT19;S«O JO«O;EQ36;CCIT 4.0 FRONTAL H1 COM BATERIA;OP67;S«O JO«O;DF101;Ressolda Mbccit;2
01/03/2020;COT19;S«O JO«O;EQ36;CCIT 4.0 FRONTAL H1 COM BATERIA;OP67;S«O JO«O;DF113;Restaura RAM via PC;10
01/03/2020;COT19;S«O JO«O;EQ36;CCIT 4.0 FRONTAL H1 COM BATERIA;OP67;S«O JO«O;DF114;Restaura RAM via pendrive;1
01/03/2020;COT19;S«O JO«O;EQ36;CCIT 4.0 FRONTAL H1 COM BATERIA;OP67;S«O JO«O;DF132;Subst. Da Bateria de Lithium;7
01/03/2020;COT4;Setut;EQ6;CCIT 4.0 FRONTAL H2.1;;;DF41;Envio para manutená∆o central-CTG;12
01/03/2020;COT4;Setut;EQ6;CCIT 4.0 FRONTAL H2.1;;;DF60;Limpeza de cache;2
01/03/2020;COT4;Setut;EQ6;CCIT 4.0 FRONTAL H2.1;;;DF113;Restaura RAM via PC;3
01/03/2020;COT18;Sindpautras;EQ6;CCIT 4.0 FRONTAL H2.1;OP48;SINDPAUTRAS-SIND. PERM. AUT. TRANSP. SU;DF88;Reparo com formataá∆o e reinst. FW/SW;10
01/03/2020;COT18;Sindpautras;EQ6;CCIT 4.0 FRONTAL H2.1;OP48;SINDPAUTRAS-SIND. PERM. AUT. TRANSP. SU;DF108;Ressolda no circuito da placa-m∆e;1
01/03/2020;COT18;Sindpautras;EQ6;CCIT 4.0 FRONTAL H2.1;OP48;SINDPAUTRAS-SIND. PERM. AUT. TRANSP. SU;DF209;Subst. Do Display;1
01/03/2020;COT22;Taguatur;EQ8;CCIT 4.0 FRONTAL JI21 SEM BATERIA;OP82;TAGUATUR;DF41;Envio para manutená∆o central-CTG;10
01/03/2020;COT3;TEU;EQ3;CCIT 3.5;;;DF94;Repassar SW via cabo;1
01/03/2020;COT3;TEU;EQ3;CCIT 3.5;;;DF157;Subst. Da Placa FTCLess;1
01/03/2020;COT3;TEU;EQ36;CCIT 4.0 FRONTAL H1 COM BATERIA;;;DF41;Envio para manutená∆o central-CTG;8
01/03/2020;COT3;TEU;EQ36;CCIT 4.0 FRONTAL H1 COM BATERIA;;;DF60;Limpeza de cache;38
01/03/2020;COT3;TEU;EQ36;CCIT 4.0 FRONTAL H1 COM BATERIA;;;DF115;Restauraá∆o da ROM via PC;181
01/03/2020;COT3;TEU;EQ36;CCIT 4.0 FRONTAL H1 COM BATERIA;;;DF132;Subst. Da Bateria de Lithium;5
01/03/2020;COT2;TRANSCARD;EQ28;ATM;OP61;Setps (Transcard);DF7;Ajuste do M¢dulo de Impress∆o;2
01/03/2020;COT2;TRANSCARD;EQ28;ATM;OP61;Setps (Transcard);DF9;Ajuste e aperto de conex∆o;1
01/03/2020;COT2;TRANSCARD;EQ28;ATM;OP61;Setps (Transcard);DF77;PC ATM Travado;2
01/03/2020;COT2;TRANSCARD;EQ28;ATM;OP61;Setps (Transcard);DF128;Subst. Da antena Cless;2
01/03/2020;COT2;TRANSCARD;EQ28;ATM;OP61;Setps (Transcard);DF142;Subst. Da Fonte Lambda ATM;1
01/03/2020;COT2;TRANSCARD;EQ28;ATM;OP61;Setps (Transcard);DF143;Subst. da Impressora;2
01/03/2020;COT2;TRANSCARD;EQ28;ATM;OP61;Setps (Transcard);DF227;Subst. Do PC ATM;2
01/03/2020;COT2;TRANSCARD;EQ28;ATM;OP61;Setps (Transcard);DF231;Subst. Do PINpad;4
01/03/2020;COT2;TRANSCARD;EQ28;ATM;OP61;Setps (Transcard);DF236;Subst. Do Teclado de Metal Frontal;1
01/03/2020;COT2;TRANSCARD;EQ28;ATM;OP61;Setps (Transcard);DF237;Subst. Do Validador de Notas;13
01/03/2020;COT2;Transcard;EQ6;CCIT 4.0 FRONTAL H2.1;;;DF9;Ajuste e aperto de conex∆o;6
01/03/2020;COT2;Transcard;EQ6;CCIT 4.0 FRONTAL H2.1;;;DF41;Envio para manutená∆o central-CTG;27
01/03/2020;COT2;Transcard;EQ6;CCIT 4.0 FRONTAL H2.1;;;DF101;Ressolda Mbccit;7
01/03/2020;COT2;Transcard;EQ6;CCIT 4.0 FRONTAL H2.1;;;DF113;Restaura RAM via PC;10
01/03/2020;COT2;Transcard;EQ6;CCIT 4.0 FRONTAL H2.1;;;DF114;Restaura RAM via pendrive;11
01/03/2020;COT2;Transcard;EQ6;CCIT 4.0 FRONTAL H2.1;;;DF132;Subst. Da Bateria de Lithium;65
01/03/2020;COT2;Transcard;EQ6;CCIT 4.0 FRONTAL H2.1;;;DF209;Subst. Do Display;77
01/03/2020;COT1;TRANSFACIL;EQ28;ATM;OP27;TRANSFµCIL;DF9;Ajuste e aperto de conex∆o;3
01/03/2020;COT1;TRANSFACIL;EQ28;ATM;OP27;TRANSFµCIL;DF32;Defeito n∆o encontrado;2
01/03/2020;COT1;TRANSFACIL;EQ28;ATM;OP27;TRANSFµCIL;DF65;Manutená∆o Cofre;6
01/03/2020;COT1;TRANSFACIL;EQ28;ATM;OP27;TRANSFµCIL;DF67;Manutená∆o na Impressora;1
01/03/2020;COT1;TRANSFACIL;EQ28;ATM;OP27;TRANSFµCIL;DF81;Preventiva Validador de Notas;8
01/03/2020;COT1;TRANSFACIL;EQ28;ATM;OP27;TRANSFµCIL;DF128;Subst. Da antena Cless;1
01/03/2020;COT1;TRANSFACIL;EQ28;ATM;OP27;TRANSFµCIL;DF177;Subst. Do Cabeáote da Impressora;1
01/03/2020;COT1;TRANSFACIL;EQ28;ATM;OP27;TRANSFµCIL;DF197;Subst. Do Cofre;1
01/03/2020;COT1;TRANSFACIL;EQ28;ATM;OP27;TRANSFµCIL;DF237;Subst. Do Validador de Notas;2
01/03/2020;COT1;Transfacil;EQ3;CCIT 3.5;;;DF37;Defeito n∆o encontrado e subst. FW/SW;2
01/03/2020;COT1;Transfacil;EQ3;CCIT 3.5;;;DF88;Reparo com formataá∆o e reinst. FW/SW;3
01/03/2020;COT1;Transfacil;EQ6;CCIT 4.0 FRONTAL H2.1;;;DF35;Defeito n∆o encontrado / testes e liberaá∆o;5
01/03/2020;COT1;Transfacil;EQ6;CCIT 4.0 FRONTAL H2.1;;;DF37;Defeito n∆o encontrado e subst. FW/SW;12
01/03/2020;COT1;Transfacil;EQ6;CCIT 4.0 FRONTAL H2.1;;;DF88;Reparo com formataá∆o e reinst. FW/SW;74
01/03/2020;COT1;Transfacil;EQ6;CCIT 4.0 FRONTAL H2.1;;;DF103;Ressolda na placa de interface guia antena;1
01/03/2020;COT1;Transfacil;EQ6;CCIT 4.0 FRONTAL H2.1;;;DF108;Ressolda no circuito da placa-m∆e;2
01/03/2020;COT1;Transfacil;EQ6;CCIT 4.0 FRONTAL H2.1;;;DF136;Subst. Da Carcaáa inferior;2
01/03/2020;COT1;Transfacil;EQ6;CCIT 4.0 FRONTAL H2.1;;;DF169;Subst. De Componente eletrìnico;5
01/03/2020;COT1;Transfacil;EQ6;CCIT 4.0 FRONTAL H2.1;;;DF209;Subst. Do Display;10
01/03/2020;COT1;Transfacil;EQ6;CCIT 4.0 FRONTAL H2.1;;;DF216;Subst. Do M¢dulo H2;12
01/03/2020;COT16;Via Ouro;EQ3;CCIT 3.5;OP49;VIA OURO COLETIVOS LTDA;DF88;Reparo com formataá∆o e reinst. FW/SW;1
01/03/2020;COT16;Via Ouro;EQ3;CCIT 3.5;OP49;VIA OURO COLETIVOS LTDA;DF108;Ressolda no circuito da placa-m∆e;2
01/03/2020;COT16;Via Ouro;EQ3;CCIT 3.5;OP49;VIA OURO COLETIVOS LTDA;DF147;Subst. Da Placa CLESS;1
01/03/2020;COT1;Transfacil;EQ14;DMX200 MOD H3.1;;;DF35;Defeito n∆o encontrado / testes e liberaá∆o;1
01/03/2020;COT1;Transfacil;EQ14;DMX200 MOD H3.1;;;DF37;Defeito n∆o encontrado e subst. FW/SW;11
01/03/2020;COT1;Transfacil;EQ14;DMX200 MOD H3.1;;;DF41;Envio para manutená∆o central-CTG;55
01/03/2020;COT1;Transfacil;EQ14;DMX200 MOD H3.1;;;DF88;Reparo com formataá∆o e reinst. FW/SW;211
01/03/2020;COT1;Transfacil;EQ14;DMX200 MOD H3.1;;;DF108;Ressolda no circuito da placa-m∆e;1
01/03/2020;COT1;Transfacil;EQ14;DMX200 MOD H3.1;;;DF135;Subst. Da Carcaáa frontal;3
01/03/2020;COT1;Transfacil;EQ14;DMX200 MOD H3.1;;;DF169;Subst. De Componente eletrìnico;12
01/03/2020;COT1;Transfacil;EQ14;DMX200 MOD H3.1;;;DF170;Subst. De Gorila Glass;3
01/03/2020;COT9;SINTRAM SEM DMX200;EQ16;PDM03;OP51;CONS‡RCIO ‡TIMO DE BILHETAGEM ELETR‚NICA ;DF35;Defeito n∆o encontrado / testes e liberaá∆o;23
01/03/2020;COT9;SINTRAM SEM DMX200;EQ16;PDM03;OP51;CONS‡RCIO ‡TIMO DE BILHETAGEM ELETR‚NICA ;DF37;Defeito n∆o encontrado e subst. FW/SW;1
01/03/2020;COT9;SINTRAM SEM DMX200;EQ16;PDM03;OP51;CONS‡RCIO ‡TIMO DE BILHETAGEM ELETR‚NICA ;DF88;Reparo com formataá∆o e reinst. FW/SW;116
01/03/2020;COT9;SINTRAM SEM DMX200;EQ16;PDM03;OP51;CONS‡RCIO ‡TIMO DE BILHETAGEM ELETR‚NICA ;DF209;Subst. Do Display;2
01/03/2020;COT9;SINTRAM COM DMX200;EQ12;DMX200 MOD H3;OP51;CONS‡RCIO ‡TIMO DE BILHETAGEM ELETR‚NICA ;DF37;Defeito n∆o encontrado e subst. FW/SW;1
01/03/2020;COT9;SINTRAM COM DMX200;EQ12;DMX200 MOD H3;OP51;CONS‡RCIO ‡TIMO DE BILHETAGEM ELETR‚NICA ;DF41;Envio para manutená∆o central-CTG;11
01/03/2020;COT9;SINTRAM COM DMX200;EQ12;DMX200 MOD H3;OP51;CONS‡RCIO ‡TIMO DE BILHETAGEM ELETR‚NICA ;DF88;Reparo com formataá∆o e reinst. FW/SW;42
01/03/2020;COT9;SINTRAM COM DMX200;EQ12;DMX200 MOD H3;OP51;CONS‡RCIO ‡TIMO DE BILHETAGEM ELETR‚NICA ;DF135;Subst. Da Carcaáa frontal;2
01/03/2020;COT9;SINTRAM COM DMX200;EQ12;DMX200 MOD H3;OP51;CONS‡RCIO ‡TIMO DE BILHETAGEM ELETR‚NICA ;DF169;Subst. De Componente eletrìnico;1
01/03/2020;COT9;SINTRAM COM DMX200;EQ12;DMX200 MOD H3;OP51;CONS‡RCIO ‡TIMO DE BILHETAGEM ELETR‚NICA ;DF170;Subst. De Gorila Glass;2
01/03/2020;COT2;Transcard;EQ16;PDM03;;;DF9;Ajuste e aperto de conex∆o;4
01/03/2020;COT2;Transcard;EQ16;PDM03;;;DF22;Atualizaá∆o de pacote;11
01/03/2020;COT2;Transcard;EQ16;PDM03;;;DF41;Envio para manutená∆o central-CTG;10
01/03/2020;COT2;Transcard;EQ16;PDM03;;;DF125;Subst. Bot∆o on/off;3
01/03/2020;COT19;S«O JO«O;EQ39;DMX200L JI21 SEM BATERIA;OP67;S«O JO«O;DF41;Envio para manutená∆o central-CTG;4
01/03/2020;COT19;S«O JO«O;EQ39;DMX200L JI21 SEM BATERIA;OP67;S«O JO«O;DF206;Subst. Do Conector USB;5
01/03/2020;COT4;Setut;EQ14;DMX200 MOD H3.1;;;DF41;Envio para manutená∆o central-CTG;11
01/03/2020;COT4;Setut;EQ14;DMX200 MOD H3.1;;;DF88;Reparo com formataá∆o e reinst. FW/SW;2
01/03/2020;COT4;Setut;EQ14;DMX200 MOD H3.1;;;DF113;Restaura RAM via PC;10
01/03/2020;COT22;Taguatur PM NOVO;EQ39;DMX200L JI21 SEM BATERIA;OP82;TAGUATUR;DF41;Envio para manutená∆o central-CTG;17
01/03/2020;COT21;Araguarina;EQ13;DMX200L;OP81;VIAÄ«O ARAGUARINA;DF41;Envio para manutená∆o central-CTG;2
01/03/2020;COT3;TEU;EQ14;DMX200 MOD H3.1;;;DF21;Atualizaá∆o de FW ;10
01/03/2020;COT3;TEU;EQ14;DMX200 MOD H3.1;;;DF41;Envio para manutená∆o central-CTG;3
01/03/2020;COT3;TEU;EQ14;DMX200 MOD H3.1;;;DF115;Restauraá∆o da ROM via PC;10
01/03/2020;COT24;GVBUS;EQ14;DMX200 MOD H3.1;;;DF41;Envio para manutená∆o central-CTG;26
01/03/2020;COT24;GVBUS;EQ14;DMX200 MOD H3.1;;;DF88;Reparo com formataá∆o e reinst. FW/SW;49
01/03/2020;COT24;GVBUS;EQ14;DMX200 MOD H3.1;;;DF97;Ressolda;9
01/03/2020;COT24;GVBUS;EQ14;DMX200 MOD H3.1;;;DF127;Subst. Conector USB;3
01/03/2020;COT24;GVBUS;EQ14;DMX200 MOD H3.1;;;DF211;Subst. Do Equipamento completo;13
01/03/2020;COT20;ROSA TURISMO;EQ39;DMX200L JI21 SEM BATERIA;OP66;ROSA TURISMO;DF41;Envio para manutená∆o central-CTG;4
01/03/2020;COT20;ROSA TURISMO;EQ39;DMX200L JI21 SEM BATERIA;OP66;ROSA TURISMO;DF127;Subst. Conector USB;2
01/03/2020;COT1;Transfacil;EQ10;CONNECTION CCIT 4.0;;;DF35;Defeito n∆o encontrado / testes e liberaá∆o;3
01/03/2020;COT1;Transfacil;EQ10;CONNECTION CCIT 4.0;;;DF37;Defeito n∆o encontrado e subst. FW/SW;4
01/03/2020;COT1;Transfacil;EQ10;CONNECTION CCIT 4.0;;;DF88;Reparo com formataá∆o e reinst. FW/SW;13
01/03/2020;COT1;Transfacil;EQ10;CONNECTION CCIT 4.0;;;DF136;Subst. Da Carcaáa inferior;1
01/03/2020;COT1;Transfacil;EQ10;CONNECTION CCIT 4.0;;;DF169;Subst. De Componente eletrìnico;2
01/03/2020;COT2;Transcard;EQ10;CONNECTION CCIT 4.0;;;DF41;Envio para manutená∆o central-CTG;18
01/03/2020;COT2;Transcard;EQ10;CONNECTION CCIT 4.0;;;DF59;Intervená‰es com Solda;26
01/03/2020;COT2;Transcard;EQ10;CONNECTION CCIT 4.0;;;DF88;Reparo com formataá∆o e reinst. FW/SW;6
01/03/2020;COT2;Transcard;EQ10;CONNECTION CCIT 4.0;;;DF206;Subst. Do Conector USB;1
01/03/2020;COT10;Metropolitano-Bahia;EQ10;CONNECTION CCIT 4.0;OP64;METROPOLITANO SSA;DF41;Envio para manutená∆o central-CTG;4
01/03/2020;COT10;Metropolitano-Bahia;EQ10;CONNECTION CCIT 4.0;OP64;METROPOLITANO SSA;DF59;Intervená‰es com Solda;3
01/03/2020;COT10;Metropolitano-Bahia;EQ10;CONNECTION CCIT 4.0;OP64;METROPOLITANO SSA;DF88;Reparo com formataá∆o e reinst. FW/SW;3
01/03/2020;COT20;ROSA TURISMO;EQ10;CONNECTION CCIT 4.0;OP66;ROSA TURISMO;DF59;Intervená‰es com Solda;3
01/03/2020;COT19;S«O JO«O;EQ10;CONNECTION CCIT 4.0;OP67;S«O JO«O;DF88;Reparo com formataá∆o e reinst. FW/SW;1
01/03/2020;COT3;TEU;EQ10;CONNECTION CCIT 4.0;;;DF41;Envio para manutená∆o central-CTG;46
01/03/2020;COT24;GVBUS;EQ10;CONNECTION CCIT 4.0;;;DF41;Envio para manutená∆o central-CTG;2
01/03/2020;COT24;GVBUS;EQ10;CONNECTION CCIT 4.0;;;DF88;Reparo com formataá∆o e reinst. FW/SW;9
01/03/2020;COT24;GVBUS;EQ10;CONNECTION CCIT 4.0;;;DF211;Subst. Do Equipamento completo;3
01/03/2020;COT20;ROSA TURISMO;EQ10;CONNECTION CCIT 4.0;OP66;ROSA TURISMO;DF88;Reparo com formataá∆o e reinst. FW/SW;1
01/03/2020;COT20;ROSA TURISMO;EQ10;CONNECTION CCIT 4.0;OP66;ROSA TURISMO;DF256;Subst. de Fus°vel;1
01/03/2020;COT3;TEU;EQ22;V3000M;;;DF21;Atualizaá∆o de FW ;206
01/03/2020;COT3;TEU;EQ22;V3000M;;;DF41;Envio para manutená∆o central-CTG;4
01/03/2020;COT3;TEU;EQ22;V3000M;;;DF115;Restauraá∆o da ROM via PC;206
01/03/2020;COT3;TEU;EQ22;V3000M;;;DF232;Subst. Do SDCard;12
01/03/2020;COT1;Transfacil;EQ27;UT (FTV 3000);;;DF37;Defeito n∆o encontrado e subst. FW/SW;1
01/03/2020;COT1;Transfacil;EQ27;UT (FTV 3000);;;DF88;Reparo com formataá∆o e reinst. FW/SW;1
01/03/2020;COT1;Transfacil;EQ27;UT (FTV 3000);;;DF169;Subst. De Componente eletrìnico;4
01/03/2020;COT24;GVBUS;EQ33;POS MOVE 2500;;;DF41;Envio para manutená∆o central-CTG;8
01/03/2020;COT20;Rosa Turismo;EQ31;POS 250;OP66;ROSA TURISMO;DF41;Envio para manutená∆o central-CTG;1
01/03/2020;COT19;S∆o Jo∆o;EQ31;POS 250;OP67;S«O JO«O;DF41;Envio para manutená∆o central-CTG;1
01/03/2020;COT2;Transcard;EQ31;POS 250;;;DF41;Envio para manutená∆o central-CTG;12
01/03/2020;COT1;Transfacil;EQ31;POS 250;OP27;TRANSFµCIL;DF41;Envio para manutená∆o central-CTG;1
01/04/2020;COT24;GVBUS;EQ28;ATM;OP108;GVBUS - SIND. DAS EMP. DE TRANP. METROP. DA GRANDE VIT‡RIA;DF41;Envio para manutená∆o central-CTG;13
01/04/2020;COT24;GVBUS;EQ6;CCIT 4.0 FRONTAL H2.1;;;DF41;Envio para manutená∆o central-CTG;105
01/04/2020;COT6;METRO-BAHIA;EQ28;ATM;OP63;METRO-BAHIA;DF7;Ajuste do M¢dulo de Impress∆o;1
01/04/2020;COT6;METRO-BAHIA;EQ28;ATM;OP63;METRO-BAHIA;DF66;Manutená∆o na Fechadura Eletrìnica;1
01/04/2020;COT6;METRO-BAHIA;EQ28;ATM;OP63;METRO-BAHIA;DF141;Subst. Da Fonte do PDV ATM;3
01/04/2020;COT6;METRO-BAHIA;EQ28;ATM;OP63;METRO-BAHIA;DF143;Subst. da Impressora;2
01/04/2020;COT6;METRO-BAHIA;EQ28;ATM;OP63;METRO-BAHIA;DF227;Subst. Do PC ATM;2
01/04/2020;COT6;METRO-BAHIA;EQ28;ATM;OP63;METRO-BAHIA;DF236;Subst. Do Teclado de Metal Frontal;1
01/04/2020;COT6;METRO-BAHIA;EQ28;ATM;OP63;METRO-BAHIA;DF237;Subst. Do Validador de Notas;1
01/04/2020;COT6;Metro-Bahia;EQ37;CCIT 3.13 BLOQUEIO;OP63;METRO-BAHIA;DF132;Subst. Da Bateria de Lithium;2
01/04/2020;COT6;Metro-Bahia;EQ37;CCIT 3.13 BLOQUEIO;OP63;METRO-BAHIA;DF248;Substituiá∆o MAX232;1
01/04/2020;COT6;Metro-Bahia;EQ9;CCIT 4.0 (BLOQUEIO) FRONTAL H1;OP63;METRO-BAHIA;DF41;Envio para manutená∆o central-CTG;1
01/04/2020;COT10;Metropolitano-Bahia;EQ6;CCIT 4.0 FRONTAL H2.1;OP64;METROPOLITANO SSA;DF9;Ajuste e aperto de conex∆o;2
01/04/2020;COT10;Metropolitano-Bahia;EQ6;CCIT 4.0 FRONTAL H2.1;OP64;METROPOLITANO SSA;DF41;Envio para manutená∆o central-CTG;4
01/04/2020;COT10;Metropolitano-Bahia;EQ6;CCIT 4.0 FRONTAL H2.1;OP64;METROPOLITANO SSA;DF101;Ressolda Mbccit;4
01/04/2020;COT10;Metropolitano-Bahia;EQ6;CCIT 4.0 FRONTAL H2.1;OP64;METROPOLITANO SSA;DF113;Restaura RAM via PC;6
01/04/2020;COT10;Metropolitano-Bahia;EQ6;CCIT 4.0 FRONTAL H2.1;OP64;METROPOLITANO SSA;DF114;Restaura RAM via pendrive;8
01/04/2020;COT10;Metropolitano-Bahia;EQ6;CCIT 4.0 FRONTAL H2.1;OP64;METROPOLITANO SSA;DF132;Subst. Da Bateria de Lithium;17
01/04/2020;COT10;Metropolitano-Bahia;EQ6;CCIT 4.0 FRONTAL H2.1;OP64;METROPOLITANO SSA;DF209;Subst. Do Display;18
01/04/2020;COT20;ROSA TURISMO;EQ36;CCIT 4.0 FRONTAL H1 COM BATERIA;OP66;ROSA TURISMO;DF209;Subst. Do Display;1
01/04/2020;COT20;ROSA TURISMO;EQ36;CCIT 4.0 FRONTAL H1 COM BATERIA;OP66;ROSA TURISMO;DF113;Restaura RAM via PC;3
01/04/2020;COT20;ROSA TURISMO;EQ36;CCIT 4.0 FRONTAL H1 COM BATERIA;OP66;ROSA TURISMO;DF114;Restaura RAM via pendrive;4
01/04/2020;COT20;ROSA TURISMO;EQ36;CCIT 4.0 FRONTAL H1 COM BATERIA;OP66;ROSA TURISMO;DF132;Subst. Da Bateria de Lithium;2
01/04/2020;COT20;ROSA TURISMO;EQ36;CCIT 4.0 FRONTAL H1 COM BATERIA;OP66;ROSA TURISMO;DF101;Ressolda Mbccit;3
01/04/2020;COT19;S«O JO«O;EQ36;CCIT 4.0 FRONTAL H1 COM BATERIA;OP67;S«O JO«O;DF41;Envio para manutená∆o central-CTG;1
01/04/2020;COT19;S«O JO«O;EQ36;CCIT 4.0 FRONTAL H1 COM BATERIA;OP67;S«O JO«O;DF101;Ressolda Mbccit;2
01/04/2020;COT19;S«O JO«O;EQ36;CCIT 4.0 FRONTAL H1 COM BATERIA;OP67;S«O JO«O;DF113;Restaura RAM via PC;10
01/04/2020;COT19;S«O JO«O;EQ36;CCIT 4.0 FRONTAL H1 COM BATERIA;OP67;S«O JO«O;DF114;Restaura RAM via pendrive;1
01/04/2020;COT19;S«O JO«O;EQ36;CCIT 4.0 FRONTAL H1 COM BATERIA;OP67;S«O JO«O;DF132;Subst. Da Bateria de Lithium;7
01/04/2020;COT4;Setut;EQ6;CCIT 4.0 FRONTAL H2.1;;;DF41;Envio para manutená∆o central-CTG;5
01/04/2020;COT4;Setut;EQ6;CCIT 4.0 FRONTAL H2.1;;;DF60;Limpeza de cache;3
01/04/2020;COT4;Setut;EQ6;CCIT 4.0 FRONTAL H2.1;;;DF113;Restaura RAM via PC;1
01/04/2020;COT18;Sindpautras;EQ6;CCIT 4.0 FRONTAL H2.1;OP48;SINDPAUTRAS-SIND. PERM. AUT. TRANSP. SU;DF88;Reparo com formataá∆o e reinst. FW/SW;10
01/04/2020;COT18;Sindpautras;EQ6;CCIT 4.0 FRONTAL H2.1;OP48;SINDPAUTRAS-SIND. PERM. AUT. TRANSP. SU;DF216;Subst. Do M¢dulo H2;1
01/04/2020;COT22;Taguatur;EQ8;CCIT 4.0 FRONTAL JI21 SEM BATERIA;OP82;TAGUATUR;DF41;Envio para manutená∆o central-CTG;3
01/04/2020;COT3;TEU;EQ3;CCIT 3.5;;;DF94;Repassar SW via cabo;1
01/04/2020;COT3;TEU;EQ3;CCIT 3.5;;;DF145;Subst. Da OBC;1
01/04/2020;COT3;TEU;EQ36;CCIT 4.0 FRONTAL H1 COM BATERIA;;;DF41;Envio para manutená∆o central-CTG;13
01/04/2020;COT3;TEU;EQ36;CCIT 4.0 FRONTAL H1 COM BATERIA;;;DF60;Limpeza de cache;18
01/04/2020;COT3;TEU;EQ36;CCIT 4.0 FRONTAL H1 COM BATERIA;;;DF115;Restauraá∆o da ROM via PC;153
01/04/2020;COT3;TEU;EQ36;CCIT 4.0 FRONTAL H1 COM BATERIA;;;DF132;Subst. Da Bateria de Lithium;10
01/04/2020;COT3;TEU;EQ36;CCIT 4.0 FRONTAL H1 COM BATERIA;;;DF136;Subst. Da Carcaáa inferior;1
01/04/2020;COT2;TRANSCARD;EQ28;ATM;OP61;Setps (Transcard);DF7;Ajuste do M¢dulo de Impress∆o;2
01/04/2020;COT2;TRANSCARD;EQ28;ATM;OP61;Setps (Transcard);DF77;PC ATM Travado;2
01/04/2020;COT2;TRANSCARD;EQ28;ATM;OP61;Setps (Transcard);DF128;Subst. Da antena Cless;2
01/04/2020;COT2;TRANSCARD;EQ28;ATM;OP61;Setps (Transcard);DF142;Subst. Da Fonte Lambda ATM;1
01/04/2020;COT2;TRANSCARD;EQ28;ATM;OP61;Setps (Transcard);DF143;Subst. da Impressora;2
01/04/2020;COT2;TRANSCARD;EQ28;ATM;OP61;Setps (Transcard);DF227;Subst. Do PC ATM;2
01/04/2020;COT2;TRANSCARD;EQ28;ATM;OP61;Setps (Transcard);DF231;Subst. Do PINpad;4
01/04/2020;COT2;TRANSCARD;EQ28;ATM;OP61;Setps (Transcard);DF236;Subst. Do Teclado de Metal Frontal;1
01/04/2020;COT2;TRANSCARD;EQ28;ATM;OP61;Setps (Transcard);DF237;Subst. Do Validador de Notas;13
01/04/2020;COT2;Transcard;EQ6;CCIT 4.0 FRONTAL H2.1;;;DF9;Ajuste e aperto de conex∆o;6
01/04/2020;COT2;Transcard;EQ6;CCIT 4.0 FRONTAL H2.1;;;DF41;Envio para manutená∆o central-CTG;27
01/04/2020;COT2;Transcard;EQ6;CCIT 4.0 FRONTAL H2.1;;;DF101;Ressolda Mbccit;7
01/04/2020;COT2;Transcard;EQ6;CCIT 4.0 FRONTAL H2.1;;;DF113;Restaura RAM via PC;10
01/04/2020;COT2;Transcard;EQ6;CCIT 4.0 FRONTAL H2.1;;;DF114;Restaura RAM via pendrive;11
01/04/2020;COT2;Transcard;EQ6;CCIT 4.0 FRONTAL H2.1;;;DF132;Subst. Da Bateria de Lithium;65
01/04/2020;COT2;Transcard;EQ6;CCIT 4.0 FRONTAL H2.1;;;DF209;Subst. Do Display;77
01/04/2020;COT1;TRANSFACIL;EQ28;ATM;OP27;TRANSFµCIL;DF5;Ajuste da porta Externa;1
01/04/2020;COT1;TRANSFACIL;EQ28;ATM;OP27;TRANSFµCIL;DF41;Envio para manutená∆o central-CTG;4
01/04/2020;COT1;TRANSFACIL;EQ28;ATM;OP27;TRANSFµCIL;DF73;Monitor Queimado;1
01/04/2020;COT1;TRANSFACIL;EQ28;ATM;OP27;TRANSFµCIL;DF81;Preventiva Validador de Notas;4
01/04/2020;COT1;TRANSFACIL;EQ28;ATM;OP27;TRANSFµCIL;DF85;Reinstalaá∆o do Drive da Impressora;1
01/04/2020;COT1;TRANSFACIL;EQ28;ATM;OP27;TRANSFµCIL;DF197;Subst. Do Cofre;1
01/04/2020;COT1;TRANSFACIL;EQ28;ATM;OP27;TRANSFµCIL;DF237;Subst. Do Validador de Notas;1
01/04/2020;COT1;Transfacil;EQ3;CCIT 3.5;;;DF37;Defeito n∆o encontrado e subst. FW/SW;1
01/04/2020;COT1;Transfacil;EQ3;CCIT 3.5;;;DF88;Reparo com formataá∆o e reinst. FW/SW;1
01/04/2020;COT1;Transfacil;EQ6;CCIT 4.0 FRONTAL H2.1;;;DF37;Defeito n∆o encontrado e subst. FW/SW;5
01/04/2020;COT1;Transfacil;EQ6;CCIT 4.0 FRONTAL H2.1;;;DF88;Reparo com formataá∆o e reinst. FW/SW;49
01/04/2020;COT1;Transfacil;EQ6;CCIT 4.0 FRONTAL H2.1;;;DF108;Ressolda no circuito da placa-m∆e;1
01/04/2020;COT1;Transfacil;EQ6;CCIT 4.0 FRONTAL H2.1;;;DF136;Subst. Da Carcaáa inferior;1
01/04/2020;COT1;Transfacil;EQ6;CCIT 4.0 FRONTAL H2.1;;;DF216;Subst. Do M¢dulo H2;9
01/04/2020;COT1;Transfacil;EQ6;CCIT 4.0 FRONTAL H2.1;;;DF238;Subst. Do Vidro CCIT V4.0;11
01/04/2020;COT16;Via Ouro;EQ3;CCIT 3.5;OP49;VIA OURO COLETIVOS LTDA;DF88;Reparo com formataá∆o e reinst. FW/SW;2
01/04/2020;COT16;Via Ouro;EQ3;CCIT 3.5;OP49;VIA OURO COLETIVOS LTDA;DF108;Ressolda no circuito da placa-m∆e;1
01/04/2020;COT1;Transfacil;EQ14;DMX200 MOD H3.1;;;DF37;Defeito n∆o encontrado e subst. FW/SW;4
01/04/2020;COT1;Transfacil;EQ14;DMX200 MOD H3.1;;;DF41;Envio para manutená∆o central-CTG;73
01/04/2020;COT1;Transfacil;EQ14;DMX200 MOD H3.1;;;DF88;Reparo com formataá∆o e reinst. FW/SW;131
01/04/2020;COT1;Transfacil;EQ14;DMX200 MOD H3.1;;;DF135;Subst. Da Carcaáa frontal;2
01/04/2020;COT1;Transfacil;EQ14;DMX200 MOD H3.1;;;DF170;Subst. De Gorila Glass;2
01/04/2020;COT9;SINTRAM SEM DMX200;EQ16;PDM03;OP51;CONS‡RCIO ‡TIMO DE BILHETAGEM ELETR‚NICA ;DF35;Defeito n∆o encontrado / testes e liberaá∆o;8
01/04/2020;COT9;SINTRAM SEM DMX200;EQ16;PDM03;OP51;CONS‡RCIO ‡TIMO DE BILHETAGEM ELETR‚NICA ;DF88;Reparo com formataá∆o e reinst. FW/SW;70
01/04/2020;COT9;SINTRAM COM DMX200;EQ12;DMX200 MOD H3;OP51;CONS‡RCIO ‡TIMO DE BILHETAGEM ELETR‚NICA ;DF35;Defeito n∆o encontrado / testes e liberaá∆o;1
01/04/2020;COT9;SINTRAM COM DMX200;EQ12;DMX200 MOD H3;OP51;CONS‡RCIO ‡TIMO DE BILHETAGEM ELETR‚NICA ;DF88;Reparo com formataá∆o e reinst. FW/SW;5
01/04/2020;COT2;Transcard;EQ16;PDM03;;;DF9;Ajuste e aperto de conex∆o;4
01/04/2020;COT2;Transcard;EQ16;PDM03;;;DF22;Atualizaá∆o de pacote;11
01/04/2020;COT2;Transcard;EQ16;PDM03;;;DF41;Envio para manutená∆o central-CTG;10
01/04/2020;COT2;Transcard;EQ16;PDM03;;;DF125;Subst. Bot∆o on/off;3
01/04/2020;COT19;S«O JO«O;EQ39;DMX200L JI21 SEM BATERIA;OP67;S«O JO«O;DF41;Envio para manutená∆o central-CTG;4
01/04/2020;COT19;S«O JO«O;EQ39;DMX200L JI21 SEM BATERIA;OP67;S«O JO«O;DF206;Subst. Do Conector USB;5
01/04/2020;COT4;Setut;EQ14;DMX200 MOD H3.1;;;DF41;Envio para manutená∆o central-CTG;4
01/04/2020;COT22;Taguatur PM NOVO;EQ39;DMX200L JI21 SEM BATERIA;OP82;TAGUATUR;DF41;Envio para manutená∆o central-CTG;16
01/04/2020;COT24;GVBUS;EQ14;DMX200 MOD H3.1;;;DF41;Envio para manutená∆o central-CTG;44
01/04/2020;COT20;ROSA TURISMO;EQ39;DMX200L JI21 SEM BATERIA;OP66;ROSA TURISMO;DF41;Envio para manutená∆o central-CTG;4
01/04/2020;COT20;ROSA TURISMO;EQ39;DMX200L JI21 SEM BATERIA;OP66;ROSA TURISMO;DF127;Subst. Conector USB;2
01/04/2020;COT1;Transfacil;EQ10;CONNECTION CCIT 4.0;;;DF9;Ajuste e aperto de conex∆o;1
01/04/2020;COT1;Transfacil;EQ10;CONNECTION CCIT 4.0;;;DF35;Defeito n∆o encontrado / testes e liberaá∆o;2
01/04/2020;COT1;Transfacil;EQ10;CONNECTION CCIT 4.0;;;DF37;Defeito n∆o encontrado e subst. FW/SW;5
01/04/2020;COT1;Transfacil;EQ10;CONNECTION CCIT 4.0;;;DF88;Reparo com formataá∆o e reinst. FW/SW;5
01/04/2020;COT1;Transfacil;EQ10;CONNECTION CCIT 4.0;;;DF102;Ressolda na Placa Connection;1
01/04/2020;COT1;Transfacil;EQ10;CONNECTION CCIT 4.0;;;DF169;Subst. De Componente eletrìnico;1
01/04/2020;COT2;Transcard;EQ10;CONNECTION CCIT 4.0;;;DF41;Envio para manutená∆o central-CTG;18
01/04/2020;COT2;Transcard;EQ10;CONNECTION CCIT 4.0;;;DF59;Intervená‰es com Solda;26
01/04/2020;COT2;Transcard;EQ10;CONNECTION CCIT 4.0;;;DF61;Limpeza e testes;7
01/04/2020;COT2;Transcard;EQ10;CONNECTION CCIT 4.0;;;DF88;Reparo com formataá∆o e reinst. FW/SW;6
01/04/2020;COT2;Transcard;EQ10;CONNECTION CCIT 4.0;;;DF206;Subst. Do Conector USB;1
01/04/2020;COT10;Metropolitano-Bahia;EQ10;CONNECTION CCIT 4.0;OP64;METROPOLITANO SSA;DF41;Envio para manutená∆o central-CTG;4
01/04/2020;COT10;Metropolitano-Bahia;EQ10;CONNECTION CCIT 4.0;OP64;METROPOLITANO SSA;DF59;Intervená‰es com Solda;3
01/04/2020;COT10;Metropolitano-Bahia;EQ10;CONNECTION CCIT 4.0;OP64;METROPOLITANO SSA;DF88;Reparo com formataá∆o e reinst. FW/SW;3
01/04/2020;COT19;S«O JO«O;EQ10;CONNECTION CCIT 4.0;OP67;S«O JO«O;DF59;Intervená‰es com Solda;1
01/04/2020;COT19;S«O JO«O;EQ10;CONNECTION CCIT 4.0;OP67;S«O JO«O;DF88;Reparo com formataá∆o e reinst. FW/SW;1
01/04/2020;COT4;Setut;EQ10;CONNECTION CCIT 4.0;;;DF41;Envio para manutená∆o central-CTG;1
01/04/2020;COT3;TEU;EQ10;CONNECTION CCIT 4.0;;;DF41;Envio para manutená∆o central-CTG;37
01/04/2020;COT24;GVBUS;EQ10;CONNECTION CCIT 4.0;;;DF41;Envio para manutená∆o central-CTG;16
01/04/2020;COT20;ROSA TURISMO;EQ10;CONNECTION CCIT 4.0;OP66;ROSA TURISMO;DF59;Intervená‰es com Solda;3
01/04/2020;COT20;ROSA TURISMO;EQ10;CONNECTION CCIT 4.0;OP66;ROSA TURISMO;DF88;Reparo com formataá∆o e reinst. FW/SW;1
01/04/2020;COT20;ROSA TURISMO;EQ10;CONNECTION CCIT 4.0;OP66;ROSA TURISMO;DF256;Subst. de Fus°vel;1
01/04/2020;COT3;TEU;EQ22;V3000M;;;DF21;Atualizaá∆o de FW ;79
01/04/2020;COT3;TEU;EQ22;V3000M;;;DF41;Envio para manutená∆o central-CTG;2
01/04/2020;COT3;TEU;EQ22;V3000M;;;DF115;Restauraá∆o da ROM via PC;79
01/04/2020;COT3;TEU;EQ22;V3000M;;;DF232;Subst. Do SDCard;9
01/04/2020;COT1;Transfacil;EQ27;UT (FTV 3000);;;DF169;Subst. De Componente eletrìnico;1
01/04/2020;COT24;GVBUS;EQ33;POS MOVE 2500;;;DF41;Envio para manutená∆o central-CTG;8
01/04/2020;COT10;Metropolitano-Bahia;EQ31;POS 250;OP64;METROPOLITANO SSA;DF41;Envio para manutená∆o central-CTG;1
01/04/2020;COT20;Rosa Turismo;EQ31;POS 250;OP66;ROSA TURISMO;DF41;Envio para manutená∆o central-CTG;1
01/04/2020;COT19;S∆o Jo∆o;EQ31;POS 250;OP67;S«O JO«O;DF41;Envio para manutená∆o central-CTG;1
01/04/2020;COT2;Transcard;EQ31;POS 250;;;DF41;Envio para manutená∆o central-CTG;12
01/04/2020;COT1;Transfacil;EQ31;POS 250;OP27;TRANSFµCIL;DF41;Envio para manutená∆o central-CTG;2
01/05/2020;COT24;GVBUS;EQ28;ATM;OP108;GVBUS - SIND. DAS EMP. DE TRANP. METROP. DA GRANDE VIT‡RIA;DF41;Envio para manutená∆o central-CTG;23
01/05/2020;COT24;GVBUS;EQ6;CCIT 4.0 FRONTAL H2.1;;;DF41;Envio para manutená∆o central-CTG;11
01/05/2020;COT24;GVBUS;EQ6;CCIT 4.0 FRONTAL H2.1;;;DF88;Reparo com formataá∆o e reinst. FW/SW;66
01/05/2020;COT6;METRO-BAHIA;EQ28;ATM;OP63;METRO-BAHIA;DF218;Subst. Do Monitor;1
01/05/2020;COT6;METRO-BAHIA;EQ28;ATM;OP63;METRO-BAHIA;DF227;Subst. Do PC ATM;2
01/05/2020;COT6;METRO-BAHIA;EQ28;ATM;OP63;METRO-BAHIA;DF237;Subst. Do Validador de Notas;1
01/05/2020;COT6;Metro-Bahia;EQ37;CCIT 3.13 BLOQUEIO;OP63;METRO-BAHIA;DF132;Subst. Da Bateria de Lithium;2
01/05/2020;COT6;Metro-Bahia;EQ37;CCIT 3.13 BLOQUEIO;OP63;METRO-BAHIA;DF157;Subst. Da Placa FTCLess;1
01/05/2020;COT6;Metro-Bahia;EQ9;CCIT 4.0 (BLOQUEIO) FRONTAL H1;OP63;METRO-BAHIA;DF41;Envio para manutená∆o central-CTG;1
01/05/2020;COT10;Metropolitano-Bahia;EQ6;CCIT 4.0 FRONTAL H2.1;OP64;METROPOLITANO SSA;DF9;Ajuste e aperto de conex∆o;1
01/05/2020;COT10;Metropolitano-Bahia;EQ6;CCIT 4.0 FRONTAL H2.1;OP64;METROPOLITANO SSA;DF101;Ressolda Mbccit;1
01/05/2020;COT10;Metropolitano-Bahia;EQ6;CCIT 4.0 FRONTAL H2.1;OP64;METROPOLITANO SSA;DF113;Restaura RAM via PC;23
01/05/2020;COT10;Metropolitano-Bahia;EQ6;CCIT 4.0 FRONTAL H2.1;OP64;METROPOLITANO SSA;DF114;Restaura RAM via pendrive;3
01/05/2020;COT10;Metropolitano-Bahia;EQ6;CCIT 4.0 FRONTAL H2.1;OP64;METROPOLITANO SSA;DF132;Subst. Da Bateria de Lithium;3
01/05/2020;COT10;Metropolitano-Bahia;EQ6;CCIT 4.0 FRONTAL H2.1;OP64;METROPOLITANO SSA;DF210;Subst. Do Display CCIT;3
01/05/2020;COT19;S«O JO«O;EQ36;CCIT 4.0 FRONTAL H1 COM BATERIA;OP67;S«O JO«O;DF41;Envio para manutená∆o central-CTG;1
01/05/2020;COT19;S«O JO«O;EQ36;CCIT 4.0 FRONTAL H1 COM BATERIA;OP67;S«O JO«O;DF113;Restaura RAM via PC;5
01/05/2020;COT19;S«O JO«O;EQ36;CCIT 4.0 FRONTAL H1 COM BATERIA;OP67;S«O JO«O;DF132;Subst. Da Bateria de Lithium;4
01/05/2020;COT19;S«O JO«O;EQ36;CCIT 4.0 FRONTAL H1 COM BATERIA;OP67;S«O JO«O;DF209;Subst. Do Display;1
01/05/2020;COT4;Setut;EQ6;CCIT 4.0 FRONTAL H2.1;;;DF41;Envio para manutená∆o central-CTG;4
01/05/2020;COT18;Sindpautras;EQ6;CCIT 4.0 FRONTAL H2.1;OP48;SINDPAUTRAS-SIND. PERM. AUT. TRANSP. SU;DF88;Reparo com formataá∆o e reinst. FW/SW;10
01/05/2020;COT18;Sindpautras;EQ6;CCIT 4.0 FRONTAL H2.1;OP48;SINDPAUTRAS-SIND. PERM. AUT. TRANSP. SU;DF216;Subst. Do M¢dulo H2;1
01/05/2020;COT22;Taguatur;EQ8;CCIT 4.0 FRONTAL JI21 SEM BATERIA;OP82;TAGUATUR;DF41;Envio para manutená∆o central-CTG;5
01/05/2020;COT3;TEU;EQ3;CCIT 3.5;;;DF41;Envio para manutená∆o central-CTG;3
01/05/2020;COT3;TEU;EQ3;CCIT 3.5;;;DF145;Subst. Da OBC;2
01/05/2020;COT3;TEU;EQ3;CCIT 3.5;;;DF157;Subst. Da Placa FTCLess;5
01/05/2020;COT3;TEU;EQ3;CCIT 3.5;;;DF162;Subst. Da Placa Mbccit;3
01/05/2020;COT3;TEU;EQ36;CCIT 4.0 FRONTAL H1 COM BATERIA;;;DF41;Envio para manutená∆o central-CTG;14
01/05/2020;COT3;TEU;EQ36;CCIT 4.0 FRONTAL H1 COM BATERIA;;;DF60;Limpeza de cache;28
01/05/2020;COT3;TEU;EQ36;CCIT 4.0 FRONTAL H1 COM BATERIA;;;DF115;Restauraá∆o da ROM via PC;157
01/05/2020;COT3;TEU;EQ36;CCIT 4.0 FRONTAL H1 COM BATERIA;;;DF132;Subst. Da Bateria de Lithium;8
01/05/2020;COT3;TEU;EQ36;CCIT 4.0 FRONTAL H1 COM BATERIA;;;DF136;Subst. Da Carcaáa inferior;3
01/05/2020;COT2;TRANSCARD;EQ28;ATM;OP61;Setps (Transcard);DF227;Subst. Do PC ATM;5
01/05/2020;COT2;TRANSCARD;EQ28;ATM;OP61;Setps (Transcard);DF231;Subst. Do PINpad;1
01/05/2020;COT2;TRANSCARD;EQ28;ATM;OP61;Setps (Transcard);DF237;Subst. Do Validador de Notas;4
01/05/2020;COT2;Transcard;EQ6;CCIT 4.0 FRONTAL H2.1;;;DF9;Ajuste e aperto de conex∆o;5
01/05/2020;COT2;Transcard;EQ6;CCIT 4.0 FRONTAL H2.1;;;DF41;Envio para manutená∆o central-CTG;18
01/05/2020;COT2;Transcard;EQ6;CCIT 4.0 FRONTAL H2.1;;;DF101;Ressolda Mbccit;2
01/05/2020;COT2;Transcard;EQ6;CCIT 4.0 FRONTAL H2.1;;;DF113;Restaura RAM via PC;25
01/05/2020;COT2;Transcard;EQ6;CCIT 4.0 FRONTAL H2.1;;;DF114;Restaura RAM via pendrive;19
01/05/2020;COT2;Transcard;EQ6;CCIT 4.0 FRONTAL H2.1;;;DF132;Subst. Da Bateria de Lithium;39
01/05/2020;COT2;Transcard;EQ6;CCIT 4.0 FRONTAL H2.1;;;DF209;Subst. Do Display;55
01/05/2020;COT1;TRANSFACIL;EQ28;ATM;OP27;TRANSFµCIL;DF9;Ajuste e aperto de conex∆o;2
01/05/2020;COT1;TRANSFACIL;EQ28;ATM;OP27;TRANSFµCIL;DF19;ATM - defeito n∆o confirmado;5
01/05/2020;COT1;TRANSFACIL;EQ28;ATM;OP27;TRANSFµCIL;DF81;Preventiva Validador de Notas;5
01/05/2020;COT1;TRANSFACIL;EQ28;ATM;OP27;TRANSFµCIL;DF143;Subst. da Impressora;1
01/05/2020;COT1;TRANSFACIL;EQ28;ATM;OP27;TRANSFµCIL;DF228;Subst. Do PDV ATM;2
01/05/2020;COT1;TRANSFACIL;EQ28;ATM;OP27;TRANSFµCIL;DF237;Subst. Do Validador de Notas;1
01/05/2020;COT1;Transfacil;EQ3;CCIT 3.5;;;DF37;Defeito n∆o encontrado e subst. FW/SW;1
01/05/2020;COT1;Transfacil;EQ3;CCIT 3.5;;;DF148;Subst. Da Placa de led;1
01/05/2020;COT1;Transfacil;EQ3;CCIT 3.5;;;DF169;Subst. De Componente eletrìnico;1
01/05/2020;COT1;Transfacil;EQ6;CCIT 4.0 FRONTAL H2.1;;;DF37;Defeito n∆o encontrado e subst. FW/SW;4
01/05/2020;COT1;Transfacil;EQ6;CCIT 4.0 FRONTAL H2.1;;;DF88;Reparo com formataá∆o e reinst. FW/SW;49
01/05/2020;COT1;Transfacil;EQ6;CCIT 4.0 FRONTAL H2.1;;;DF108;Ressolda no circuito da placa-m∆e;3
01/05/2020;COT1;Transfacil;EQ6;CCIT 4.0 FRONTAL H2.1;;;DF130;Subst. Da Antena WLAN;1
01/05/2020;COT1;Transfacil;EQ6;CCIT 4.0 FRONTAL H2.1;;;DF169;Subst. De Componente eletrìnico;2
01/05/2020;COT1;Transfacil;EQ6;CCIT 4.0 FRONTAL H2.1;;;DF216;Subst. Do M¢dulo H2;1
01/05/2020;COT1;Transfacil;EQ6;CCIT 4.0 FRONTAL H2.1;;;DF238;Subst. Do Vidro CCIT V4.0;3
01/05/2020;COT23;UTB;EQ6;CCIT 4.0 FRONTAL H2.1;OP83;UTB;DF41;Envio para manutená∆o central-CTG;13
01/05/2020;COT16;Via Ouro;EQ3;CCIT 3.5;OP49;VIA OURO COLETIVOS LTDA;DF41;Envio para manutená∆o central-CTG;5
01/05/2020;COT1;Transfacil;EQ14;DMX200 MOD H3.1;;;DF16;Ajustes no potenciìmetro do display;1
01/05/2020;COT1;Transfacil;EQ14;DMX200 MOD H3.1;;;DF35;Defeito n∆o encontrado / testes e liberaá∆o;2
01/05/2020;COT1;Transfacil;EQ14;DMX200 MOD H3.1;;;DF37;Defeito n∆o encontrado e subst. FW/SW;10
01/05/2020;COT1;Transfacil;EQ14;DMX200 MOD H3.1;;;DF41;Envio para manutená∆o central-CTG;90
01/05/2020;COT1;Transfacil;EQ14;DMX200 MOD H3.1;;;DF88;Reparo com formataá∆o e reinst. FW/SW;125
01/05/2020;COT1;Transfacil;EQ14;DMX200 MOD H3.1;;;DF169;Subst. De Componente eletrìnico;22
01/05/2020;COT9;SINTRAM SEM DMX200;EQ16;PDM03;OP51;CONS‡RCIO ‡TIMO DE BILHETAGEM ELETR‚NICA ;DF35;Defeito n∆o encontrado / testes e liberaá∆o;6
01/05/2020;COT9;SINTRAM SEM DMX200;EQ16;PDM03;OP51;CONS‡RCIO ‡TIMO DE BILHETAGEM ELETR‚NICA ;DF37;Defeito n∆o encontrado e subst. FW/SW;1
01/05/2020;COT9;SINTRAM SEM DMX200;EQ16;PDM03;OP51;CONS‡RCIO ‡TIMO DE BILHETAGEM ELETR‚NICA ;DF88;Reparo com formataá∆o e reinst. FW/SW;43
01/05/2020;COT9;SINTRAM SEM DMX200;EQ16;PDM03;OP51;CONS‡RCIO ‡TIMO DE BILHETAGEM ELETR‚NICA ;DF209;Subst. Do Display;3
01/05/2020;COT9;SINTRAM COM DMX200;EQ12;DMX200 MOD H3;OP51;CONS‡RCIO ‡TIMO DE BILHETAGEM ELETR‚NICA ;DF35;Defeito n∆o encontrado / testes e liberaá∆o;1
01/05/2020;COT9;SINTRAM COM DMX200;EQ12;DMX200 MOD H3;OP51;CONS‡RCIO ‡TIMO DE BILHETAGEM ELETR‚NICA ;DF41;Envio para manutená∆o central-CTG;4
01/05/2020;COT9;SINTRAM COM DMX200;EQ12;DMX200 MOD H3;OP51;CONS‡RCIO ‡TIMO DE BILHETAGEM ELETR‚NICA ;DF88;Reparo com formataá∆o e reinst. FW/SW;15
01/05/2020;COT9;SINTRAM COM DMX200;EQ12;DMX200 MOD H3;OP51;CONS‡RCIO ‡TIMO DE BILHETAGEM ELETR‚NICA ;DF135;Subst. Da Carcaáa frontal;1
01/05/2020;COT9;SINTRAM COM DMX200;EQ12;DMX200 MOD H3;OP51;CONS‡RCIO ‡TIMO DE BILHETAGEM ELETR‚NICA ;DF170;Subst. De Gorila Glass;2
01/05/2020;COT2;Transcard;EQ16;PDM03;;;DF22;Atualizaá∆o de pacote;2
01/05/2020;COT2;Transcard;EQ16;PDM03;;;DF41;Envio para manutená∆o central-CTG;2
01/05/2020;COT2;Transcard;EQ16;PDM03;;;DF125;Subst. Bot∆o on/off;1
01/05/2020;COT19;S«O JO«O;EQ39;DMX200L JI21 SEM BATERIA;OP67;S«O JO«O;DF112;Ressolda ROM e RAM;1
01/05/2020;COT4;Setut;EQ14;DMX200 MOD H3.1;;;DF41;Envio para manutená∆o central-CTG;2
01/05/2020;COT22;Taguatur PM NOVO;EQ39;DMX200L JI21 SEM BATERIA;OP82;TAGUATUR;DF41;Envio para manutená∆o central-CTG;39
01/05/2020;COT3;TEU;EQ14;DMX200 MOD H3.1;;;DF21;Atualizaá∆o de FW ;2
01/05/2020;COT3;TEU;EQ14;DMX200 MOD H3.1;;;DF115;Restauraá∆o da ROM via PC;2
01/05/2020;COT24;GVBUS;EQ14;DMX200 MOD H3.1;;;DF41;Envio para manutená∆o central-CTG;46
01/05/2020;COT24;GVBUS;EQ14;DMX200 MOD H3.1;;;DF88;Reparo com formataá∆o e reinst. FW/SW;47
01/05/2020;COT24;GVBUS;EQ14;DMX200 MOD H3.1;;;DF97;Ressolda;15
01/05/2020;COT1;Transfacil;EQ10;CONNECTION CCIT 4.0;;;DF35;Defeito n∆o encontrado / testes e liberaá∆o;1
01/05/2020;COT1;Transfacil;EQ10;CONNECTION CCIT 4.0;;;DF37;Defeito n∆o encontrado e subst. FW/SW;4
01/05/2020;COT1;Transfacil;EQ10;CONNECTION CCIT 4.0;;;DF88;Reparo com formataá∆o e reinst. FW/SW;17
01/05/2020;COT1;Transfacil;EQ10;CONNECTION CCIT 4.0;;;DF106;Ressolda na Placa Subbase;4
01/05/2020;COT1;Transfacil;EQ10;CONNECTION CCIT 4.0;;;DF169;Subst. De Componente eletrìnico;1
01/05/2020;COT2;Transcard;EQ10;CONNECTION CCIT 4.0;;;DF41;Envio para manutená∆o central-CTG;7
01/05/2020;COT2;Transcard;EQ10;CONNECTION CCIT 4.0;;;DF59;Intervená‰es com Solda;3
01/05/2020;COT2;Transcard;EQ10;CONNECTION CCIT 4.0;;;DF88;Reparo com formataá∆o e reinst. FW/SW;2
01/05/2020;COT2;Transcard;EQ10;CONNECTION CCIT 4.0;;;DF206;Subst. Do Conector USB;1
01/05/2020;COT2;Transcard;EQ10;CONNECTION CCIT 4.0;;;DF245;Subst. Terminal Block;2
01/05/2020;COT3;TEU;EQ10;CONNECTION CCIT 4.0;;;DF41;Envio para manutená∆o central-CTG;30
01/05/2020;COT24;GVBUS;EQ10;CONNECTION CCIT 4.0;;;DF21;Atualizaá∆o de FW ;3
01/05/2020;COT24;GVBUS;EQ10;CONNECTION CCIT 4.0;;;DF41;Envio para manutená∆o central-CTG;2
01/05/2020;COT24;GVBUS;EQ10;CONNECTION CCIT 4.0;;;DF88;Reparo com formataá∆o e reinst. FW/SW;17
01/05/2020;COT3;TEU;EQ22;V3000M;;;DF21;Atualizaá∆o de FW ;36
01/05/2020;COT3;TEU;EQ22;V3000M;;;DF41;Envio para manutená∆o central-CTG;9
01/05/2020;COT3;TEU;EQ22;V3000M;;;DF115;Restauraá∆o da ROM via PC;36
01/05/2020;COT3;TEU;EQ22;V3000M;;;DF232;Subst. Do SDCard;7
01/05/2020;COT1;Transfacil;EQ27;UT (FTV 3000);;;DF35;Defeito n∆o encontrado / testes e liberaá∆o;1
01/05/2020;COT1;Transfacil;EQ27;UT (FTV 3000);;;DF88;Reparo com formataá∆o e reinst. FW/SW;2
01/05/2020;COT1;Transfacil;EQ27;UT (FTV 3000);;;DF169;Subst. De Componente eletrìnico;1
01/05/2020;COT24;GVBUS;EQ33;POS MOVE 2500;;;DF41;Envio para manutená∆o central-CTG;9
01/05/2020;COT19;S∆o Jo∆o;EQ31;POS 250;OP67;S«O JO«O;DF41;Envio para manutená∆o central-CTG;1
01/05/2020;COT2;Transcard;EQ31;POS 250;;;DF41;Envio para manutená∆o central-CTG;16
01/05/2020;COT1;Transfacil;EQ31;POS 250;OP27;TRANSFµCIL;DF41;Envio para manutená∆o central-CTG;1
01/06/2020;COT7;Alagoinhas;EQ34;CCIT 4.0 FRONTAL H2.1 C SEM BATERIA;OP68;ALAGOINHAS;DF113;Restaura RAM via PC;3
01/06/2020;COT7;Alagoinhas;EQ34;CCIT 4.0 FRONTAL H2.1 C SEM BATERIA;OP68;ALAGOINHAS;DF132;Subst. Da Bateria de Lithium;3
01/06/2020;COT7;Alagoinhas;EQ34;CCIT 4.0 FRONTAL H2.1 C SEM BATERIA;OP68;ALAGOINHAS;DF209;Subst. Do Display;3
01/06/2020;COT24;GVBUS;EQ28;ATM;OP108;GVBUS - SIND. DAS EMP. DE TRANP. METROP. DA GRANDE VIT‡RIA;DF32;Defeito n∆o encontrado;3
01/06/2020;COT24;GVBUS;EQ28;ATM;OP108;GVBUS - SIND. DAS EMP. DE TRANP. METROP. DA GRANDE VIT‡RIA;DF41;Envio para manutená∆o central-CTG;42
01/06/2020;COT24;GVBUS;EQ6;CCIT 4.0 FRONTAL H2.1;;;DF41;Envio para manutená∆o central-CTG;21
01/06/2020;COT24;GVBUS;EQ6;CCIT 4.0 FRONTAL H2.1;;;DF88;Reparo com formataá∆o e reinst. FW/SW;75
01/06/2020;COT6;METRO-BAHIA;EQ28;ATM;OP63;METRO-BAHIA;DF143;Subst. da Impressora;3
01/06/2020;COT6;METRO-BAHIA;EQ28;ATM;OP63;METRO-BAHIA;DF218;Subst. Do Monitor;1
01/06/2020;COT6;Metro-Bahia;EQ37;CCIT 3.13 BLOQUEIO;OP63;METRO-BAHIA;DF41;Envio para manutená∆o central-CTG;1
01/06/2020;COT6;Metro-Bahia;EQ37;CCIT 3.13 BLOQUEIO;OP63;METRO-BAHIA;DF150;Subst. Da Placa Drive Antena;1
01/06/2020;COT6;Metro-Bahia;EQ9;CCIT 4.0 (BLOQUEIO) FRONTAL H1;OP63;METRO-BAHIA;DF113;Restaura RAM via PC;3
01/06/2020;COT5;METROFOR/ VLT FORTALEZA;EQ38;CCIT 4.0 METROFOR;OP105;METROFOR LINHA SUL;DF41;Envio para manutená∆o central-CTG;19
01/06/2020;COT5;METROFOR/ VLT FORTALEZA;EQ38;CCIT 4.0 METROFOR;OP105;METROFOR LINHA SUL;DF113;Restaura RAM via PC;6
01/06/2020;COT10;Metropolitano-Bahia;EQ6;CCIT 4.0 FRONTAL H2.1;OP64;METROPOLITANO SSA;DF101;Ressolda Mbccit;1
01/06/2020;COT10;Metropolitano-Bahia;EQ6;CCIT 4.0 FRONTAL H2.1;OP64;METROPOLITANO SSA;DF113;Restaura RAM via PC;8
01/06/2020;COT10;Metropolitano-Bahia;EQ6;CCIT 4.0 FRONTAL H2.1;OP64;METROPOLITANO SSA;DF114;Restaura RAM via pendrive;5
01/06/2020;COT10;Metropolitano-Bahia;EQ6;CCIT 4.0 FRONTAL H2.1;OP64;METROPOLITANO SSA;DF132;Subst. Da Bateria de Lithium;11
01/06/2020;COT10;Metropolitano-Bahia;EQ6;CCIT 4.0 FRONTAL H2.1;OP64;METROPOLITANO SSA;DF210;Subst. Do Display CCIT;11
01/06/2020;COT20;ROSA TURISMO;EQ36;CCIT 4.0 FRONTAL H1 COM BATERIA;OP66;ROSA TURISMO;DF132;Subst. Da Bateria de Lithium;3
01/06/2020;COT20;ROSA TURISMO;EQ36;CCIT 4.0 FRONTAL H1 COM BATERIA;OP66;ROSA TURISMO;DF209;Subst. Do Display;3
01/06/2020;COT20;ROSA TURISMO;EQ36;CCIT 4.0 FRONTAL H1 COM BATERIA;OP66;ROSA TURISMO;DF41;Envio para manutená∆o central-CTG;5
01/06/2020;COT19;S«O JO«O;EQ36;CCIT 4.0 FRONTAL H1 COM BATERIA;OP67;S«O JO«O;DF41;Envio para manutená∆o central-CTG;1
01/06/2020;COT19;S«O JO«O;EQ36;CCIT 4.0 FRONTAL H1 COM BATERIA;OP67;S«O JO«O;DF113;Restaura RAM via PC;6
01/06/2020;COT19;S«O JO«O;EQ36;CCIT 4.0 FRONTAL H1 COM BATERIA;OP67;S«O JO«O;DF132;Subst. Da Bateria de Lithium;3
01/06/2020;COT19;S«O JO«O;EQ36;CCIT 4.0 FRONTAL H1 COM BATERIA;OP67;S«O JO«O;DF210;Subst. Do Display CCIT;1
01/06/2020;COT4;Setut;EQ6;CCIT 4.0 FRONTAL H2.1;;;DF41;Envio para manutená∆o central-CTG;1
01/06/2020;COT4;Setut;EQ6;CCIT 4.0 FRONTAL H2.1;;;DF113;Restaura RAM via PC;5
01/06/2020;COT18;Sindpautras;EQ6;CCIT 4.0 FRONTAL H2.1;OP48;SINDPAUTRAS-SIND. PERM. AUT. TRANSP. SU;DF88;Reparo com formataá∆o e reinst. FW/SW;11
01/06/2020;COT18;Sindpautras;EQ6;CCIT 4.0 FRONTAL H2.1;OP48;SINDPAUTRAS-SIND. PERM. AUT. TRANSP. SU;DF216;Subst. Do M¢dulo H2;1
01/06/2020;COT22;Taguatur;EQ8;CCIT 4.0 FRONTAL JI21 SEM BATERIA;OP82;TAGUATUR;DF41;Envio para manutená∆o central-CTG;4
01/06/2020;COT3;TEU;EQ3;CCIT 3.5;;;DF157;Subst. Da Placa FTCLess;1
01/06/2020;COT3;TEU;EQ36;CCIT 4.0 FRONTAL H1 COM BATERIA;;;DF41;Envio para manutená∆o central-CTG;6
01/06/2020;COT3;TEU;EQ36;CCIT 4.0 FRONTAL H1 COM BATERIA;;;DF60;Limpeza de cache;42
01/06/2020;COT3;TEU;EQ36;CCIT 4.0 FRONTAL H1 COM BATERIA;;;DF115;Restauraá∆o da ROM via PC;146
01/06/2020;COT3;TEU;EQ36;CCIT 4.0 FRONTAL H1 COM BATERIA;;;DF132;Subst. Da Bateria de Lithium;11
01/06/2020;COT3;TEU;EQ36;CCIT 4.0 FRONTAL H1 COM BATERIA;;;DF136;Subst. Da Carcaáa inferior;1
01/06/2020;COT2;TRANSCARD;EQ28;ATM;OP61;Setps (Transcard);DF66;Manutená∆o na Fechadura Eletrìnica;1
01/06/2020;COT2;TRANSCARD;EQ28;ATM;OP61;Setps (Transcard);DF77;PC ATM Travado;2
01/06/2020;COT2;TRANSCARD;EQ28;ATM;OP61;Setps (Transcard);DF228;Subst. Do PDV ATM;1
01/06/2020;COT2;TRANSCARD;EQ28;ATM;OP61;Setps (Transcard);DF237;Subst. Do Validador de Notas;2
01/06/2020;COT2;Transcard;EQ6;CCIT 4.0 FRONTAL H2.1;;;DF9;Ajuste e aperto de conex∆o;7
01/06/2020;COT2;Transcard;EQ6;CCIT 4.0 FRONTAL H2.1;;;DF41;Envio para manutená∆o central-CTG;19
01/06/2020;COT2;Transcard;EQ6;CCIT 4.0 FRONTAL H2.1;;;DF101;Ressolda Mbccit;6
01/06/2020;COT2;Transcard;EQ6;CCIT 4.0 FRONTAL H2.1;;;DF113;Restaura RAM via PC;38
01/06/2020;COT2;Transcard;EQ6;CCIT 4.0 FRONTAL H2.1;;;DF114;Restaura RAM via pendrive;31
01/06/2020;COT2;Transcard;EQ6;CCIT 4.0 FRONTAL H2.1;;;DF132;Subst. Da Bateria de Lithium;79
01/06/2020;COT2;Transcard;EQ6;CCIT 4.0 FRONTAL H2.1;;;DF209;Subst. Do Display;94
01/06/2020;COT1;TRANSFACIL;EQ28;ATM;OP27;TRANSFµCIL;DF5;Ajuste da porta Externa;2
01/06/2020;COT1;TRANSFACIL;EQ28;ATM;OP27;TRANSFµCIL;DF32;Defeito n∆o encontrado;7
01/06/2020;COT1;TRANSFACIL;EQ28;ATM;OP27;TRANSFµCIL;DF41;Envio para manutená∆o central-CTG;9
01/06/2020;COT1;TRANSFACIL;EQ28;ATM;OP27;TRANSFµCIL;DF67;Manutená∆o na Impressora;2
01/06/2020;COT1;TRANSFACIL;EQ28;ATM;OP27;TRANSFµCIL;DF70;Manutená∆o PDV;2
01/06/2020;COT1;TRANSFACIL;EQ28;ATM;OP27;TRANSFµCIL;DF81;Preventiva Validador de Notas;4
01/06/2020;COT1;TRANSFACIL;EQ28;ATM;OP27;TRANSFµCIL;DF85;Reinstalaá∆o do Drive da Impressora;1
01/06/2020;COT1;TRANSFACIL;EQ28;ATM;OP27;TRANSFµCIL;DF197;Subst. Do Cofre;2
01/06/2020;COT1;TRANSFACIL;EQ28;ATM;OP27;TRANSFµCIL;DF208;Subst. Do Dispenser do cart∆o;1
01/06/2020;COT1;TRANSFACIL;EQ28;ATM;OP27;TRANSFµCIL;DF237;Subst. Do Validador de Notas;4
01/06/2020;COT1;Transfacil;EQ3;CCIT 3.5;;;DF37;Defeito n∆o encontrado e subst. FW/SW;1
01/06/2020;COT1;Transfacil;EQ3;CCIT 3.5;;;DF88;Reparo com formataá∆o e reinst. FW/SW;3
01/06/2020;COT1;Transfacil;EQ6;CCIT 4.0 FRONTAL H2.1;;;DF37;Defeito n∆o encontrado e subst. FW/SW;4
01/06/2020;COT1;Transfacil;EQ6;CCIT 4.0 FRONTAL H2.1;;;DF88;Reparo com formataá∆o e reinst. FW/SW;35
01/06/2020;COT1;Transfacil;EQ6;CCIT 4.0 FRONTAL H2.1;;;DF216;Subst. Do M¢dulo H2;5
01/06/2020;COT1;Transfacil;EQ6;CCIT 4.0 FRONTAL H2.1;;;DF238;Subst. Do Vidro CCIT V4.0;4
01/06/2020;COT1;Transfacil;EQ14;DMX200 MOD H3.1;;;DF35;Defeito n∆o encontrado / testes e liberaá∆o;5
01/06/2020;COT1;Transfacil;EQ14;DMX200 MOD H3.1;;;DF37;Defeito n∆o encontrado e subst. FW/SW;7
01/06/2020;COT1;Transfacil;EQ14;DMX200 MOD H3.1;;;DF41;Envio para manutená∆o central-CTG;54
01/06/2020;COT1;Transfacil;EQ14;DMX200 MOD H3.1;;;DF88;Reparo com formataá∆o e reinst. FW/SW;95
01/06/2020;COT1;Transfacil;EQ14;DMX200 MOD H3.1;;;DF169;Subst. De Componente eletrìnico;7
01/06/2020;COT9;SINTRAM SEM DMX200;EQ16;PDM03;OP51;CONS‡RCIO ‡TIMO DE BILHETAGEM ELETR‚NICA ;DF35;Defeito n∆o encontrado / testes e liberaá∆o;6
01/06/2020;COT9;SINTRAM SEM DMX200;EQ16;PDM03;OP51;CONS‡RCIO ‡TIMO DE BILHETAGEM ELETR‚NICA ;DF37;Defeito n∆o encontrado e subst. FW/SW;1
01/06/2020;COT9;SINTRAM SEM DMX200;EQ16;PDM03;OP51;CONS‡RCIO ‡TIMO DE BILHETAGEM ELETR‚NICA ;DF88;Reparo com formataá∆o e reinst. FW/SW;43
01/06/2020;COT9;SINTRAM SEM DMX200;EQ16;PDM03;OP51;CONS‡RCIO ‡TIMO DE BILHETAGEM ELETR‚NICA ;DF209;Subst. Do Display;3
01/06/2020;COT9;SINTRAM COM DMX200;EQ12;DMX200 MOD H3;OP51;CONS‡RCIO ‡TIMO DE BILHETAGEM ELETR‚NICA ;DF35;Defeito n∆o encontrado / testes e liberaá∆o;1
01/06/2020;COT9;SINTRAM COM DMX200;EQ12;DMX200 MOD H3;OP51;CONS‡RCIO ‡TIMO DE BILHETAGEM ELETR‚NICA ;DF41;Envio para manutená∆o central-CTG;4
01/06/2020;COT9;SINTRAM COM DMX200;EQ12;DMX200 MOD H3;OP51;CONS‡RCIO ‡TIMO DE BILHETAGEM ELETR‚NICA ;DF88;Reparo com formataá∆o e reinst. FW/SW;15
01/06/2020;COT9;SINTRAM COM DMX200;EQ12;DMX200 MOD H3;OP51;CONS‡RCIO ‡TIMO DE BILHETAGEM ELETR‚NICA ;DF135;Subst. Da Carcaáa frontal;1
01/06/2020;COT9;SINTRAM COM DMX200;EQ12;DMX200 MOD H3;OP51;CONS‡RCIO ‡TIMO DE BILHETAGEM ELETR‚NICA ;DF170;Subst. De Gorila Glass;2
01/06/2020;COT2;Transcard;EQ16;PDM03;;;DF9;Ajuste e aperto de conex∆o;1
01/06/2020;COT2;Transcard;EQ16;PDM03;;;DF22;Atualizaá∆o de pacote;12
01/06/2020;COT2;Transcard;EQ16;PDM03;;;DF41;Envio para manutená∆o central-CTG;9
01/06/2020;COT2;Transcard;EQ16;PDM03;;;DF125;Subst. Bot∆o on/off;4
01/06/2020;COT19;S«O JO«O;EQ39;DMX200L JI21 SEM BATERIA;OP67;S«O JO«O;DF41;Envio para manutená∆o central-CTG;1
01/06/2020;COT19;S«O JO«O;EQ39;DMX200L JI21 SEM BATERIA;OP67;S«O JO«O;DF97;Ressolda;2
01/06/2020;COT19;S«O JO«O;EQ39;DMX200L JI21 SEM BATERIA;OP67;S«O JO«O;DF112;Ressolda ROM e RAM;1
01/06/2020;COT19;S«O JO«O;EQ39;DMX200L JI21 SEM BATERIA;OP67;S«O JO«O;DF206;Subst. Do Conector USB;1
01/06/2020;COT22;Taguatur PM NOVO;EQ39;DMX200L JI21 SEM BATERIA;OP82;TAGUATUR;DF41;Envio para manutená∆o central-CTG;49
01/06/2020;COT3;TEU;EQ14;DMX200 MOD H3.1;;;DF21;Atualizaá∆o de FW ;65
01/06/2020;COT3;TEU;EQ14;DMX200 MOD H3.1;;;DF41;Envio para manutená∆o central-CTG;22
01/06/2020;COT3;TEU;EQ14;DMX200 MOD H3.1;;;DF115;Restauraá∆o da ROM via PC;65
01/06/2020;COT24;GVBUS;EQ14;DMX200 MOD H3.1;;;DF41;Envio para manutená∆o central-CTG;21
01/06/2020;COT24;GVBUS;EQ14;DMX200 MOD H3.1;;;DF88;Reparo com formataá∆o e reinst. FW/SW;33
01/06/2020;COT24;GVBUS;EQ14;DMX200 MOD H3.1;;;DF127;Subst. Conector USB;14
01/06/2020;COT24;GVBUS;EQ14;DMX200 MOD H3.1;;;DF211;Subst. Do Equipamento completo;11
01/06/2020;COT20;ROSA TURISMO;EQ39;DMX200L JI21 SEM BATERIA;OP66;ROSA TURISMO;DF41;Envio para manutená∆o central-CTG;1
01/06/2020;COT20;ROSA TURISMO;EQ39;DMX200L JI21 SEM BATERIA;OP66;ROSA TURISMO;DF97;Ressolda;2
01/06/2020;COT20;ROSA TURISMO;EQ39;DMX200L JI21 SEM BATERIA;OP66;ROSA TURISMO;DF112;Ressolda ROM e RAM;2
01/06/2020;COT1;Transfacil;EQ10;CONNECTION CCIT 4.0;;;DF37;Defeito n∆o encontrado e subst. FW/SW;6
01/06/2020;COT1;Transfacil;EQ10;CONNECTION CCIT 4.0;;;DF88;Reparo com formataá∆o e reinst. FW/SW;8
01/06/2020;COT1;Transfacil;EQ10;CONNECTION CCIT 4.0;;;DF169;Subst. De Componente eletrìnico;3
01/06/2020;COT2;Transcard;EQ10;CONNECTION CCIT 4.0;;;DF41;Envio para manutená∆o central-CTG;22
01/06/2020;COT2;Transcard;EQ10;CONNECTION CCIT 4.0;;;DF59;Intervená‰es com Solda;16
01/06/2020;COT2;Transcard;EQ10;CONNECTION CCIT 4.0;;;DF88;Reparo com formataá∆o e reinst. FW/SW;4
01/06/2020;COT2;Transcard;EQ10;CONNECTION CCIT 4.0;;;DF206;Subst. Do Conector USB;1
01/06/2020;COT10;Metropolitano-Bahia;EQ10;CONNECTION CCIT 4.0;OP64;METROPOLITANO SSA;DF41;Envio para manutená∆o central-CTG;1
01/06/2020;COT10;Metropolitano-Bahia;EQ10;CONNECTION CCIT 4.0;OP64;METROPOLITANO SSA;DF59;Intervená‰es com Solda;1
01/06/2020;COT10;Metropolitano-Bahia;EQ10;CONNECTION CCIT 4.0;OP64;METROPOLITANO SSA;DF88;Reparo com formataá∆o e reinst. FW/SW;1
01/06/2020;COT3;TEU;EQ10;CONNECTION CCIT 4.0;;;DF41;Envio para manutená∆o central-CTG;31
01/06/2020;COT24;GVBUS;EQ10;CONNECTION CCIT 4.0;;;DF21;Atualizaá∆o de FW ;4
01/06/2020;COT24;GVBUS;EQ10;CONNECTION CCIT 4.0;;;DF41;Envio para manutená∆o central-CTG;4
01/06/2020;COT24;GVBUS;EQ10;CONNECTION CCIT 4.0;;;DF88;Reparo com formataá∆o e reinst. FW/SW;5
01/06/2020;COT24;GVBUS;EQ10;CONNECTION CCIT 4.0;;;DF211;Subst. Do Equipamento completo;2
01/06/2020;COT3;TEU;EQ22;V3000M;;;DF21;Atualizaá∆o de FW ;126
01/06/2020;COT3;TEU;EQ22;V3000M;;;DF41;Envio para manutená∆o central-CTG;7
01/06/2020;COT3;TEU;EQ22;V3000M;;;DF115;Restauraá∆o da ROM via PC;126
01/06/2020;COT3;TEU;EQ22;V3000M;;;DF232;Subst. Do SDCard;5
01/06/2020;COT24;GVBUS;EQ33;POS MOVE 2500;;;DF41;Envio para manutená∆o central-CTG;18
01/06/2020;COT20;Rosa Turismo;EQ31;POS 250;OP66;ROSA TURISMO;DF41;Envio para manutená∆o central-CTG;1
01/06/2020;COT2;Transcard;EQ31;POS 250;;;DF41;Envio para manutená∆o central-CTG;2
01/06/2020;COT1;Transfacil;EQ31;POS 250;OP27;TRANSFµCIL;DF41;Envio para manutená∆o central-CTG;1
01/07/2020;COT7;Alagoinhas;EQ34;CCIT 4.0 FRONTAL H2.1 C SEM BATERIA;OP68;ALAGOINHAS;DF113;Restaura RAM via PC;3
01/07/2020;COT21;Araguarina;EQ35;CCIT 4.0 FRONTAL H2 COM BATERIA;OP81;VIAÄ«O ARAGUARINA;DF41;Envio para manutená∆o central-CTG;4
01/07/2020;COT8;CBTU;EQ1;CCIT 3.0;OP47;CBTU - COMPANHIA BRASILEIRA DE TRENS URBANOS;DF129;Subst. Da Antena Cless e adesivo frontal;1
01/07/2020;COT24;GVBUS;EQ28;ATM;OP108;GVBUS - SIND. DAS EMP. DE TRANP. METROP. DA GRANDE VIT‡RIA;DF17;Aplicaá∆o Travando;3
01/07/2020;COT24;GVBUS;EQ28;ATM;OP108;GVBUS - SIND. DAS EMP. DE TRANP. METROP. DA GRANDE VIT‡RIA;DF32;Defeito n∆o encontrado;5
01/07/2020;COT24;GVBUS;EQ28;ATM;OP108;GVBUS - SIND. DAS EMP. DE TRANP. METROP. DA GRANDE VIT‡RIA;DF41;Envio para manutená∆o central-CTG;2
01/07/2020;COT24;GVBUS;EQ28;ATM;OP108;GVBUS - SIND. DAS EMP. DE TRANP. METROP. DA GRANDE VIT‡RIA;DF53;Impressora embolando recibos;9
01/07/2020;COT24;GVBUS;EQ28;ATM;OP108;GVBUS - SIND. DAS EMP. DE TRANP. METROP. DA GRANDE VIT‡RIA;DF65;Manutená∆o Cofre;7
01/07/2020;COT24;GVBUS;EQ28;ATM;OP108;GVBUS - SIND. DAS EMP. DE TRANP. METROP. DA GRANDE VIT‡RIA;DF74;N∆o emite Recibo;1
01/07/2020;COT24;GVBUS;EQ28;ATM;OP108;GVBUS - SIND. DAS EMP. DE TRANP. METROP. DA GRANDE VIT‡RIA;DF76;N∆o là cart∆o;1
01/07/2020;COT24;GVBUS;EQ6;CCIT 4.0 FRONTAL H2.1;;;DF41;Envio para manutená∆o central-CTG;27
01/07/2020;COT24;GVBUS;EQ6;CCIT 4.0 FRONTAL H2.1;;;DF88;Reparo com formataá∆o e reinst. FW/SW;94
01/07/2020;COT24;GVBUS;EQ6;CCIT 4.0 FRONTAL H2.1;;;DF101;Ressolda Mbccit;1
01/07/2020;COT24;GVBUS;EQ6;CCIT 4.0 FRONTAL H2.1;;;DF211;Subst. Do Equipamento completo;4
01/07/2020;COT6;METRO-BAHIA;EQ28;ATM;OP63;METRO-BAHIA;DF66;Manutená∆o na Fechadura Eletrìnica;1
01/07/2020;COT6;METRO-BAHIA;EQ28;ATM;OP63;METRO-BAHIA;DF143;Subst. da Impressora;4
01/07/2020;COT6;METRO-BAHIA;EQ28;ATM;OP63;METRO-BAHIA;DF218;Subst. Do Monitor;4
01/07/2020;COT6;METRO-BAHIA;EQ28;ATM;OP63;METRO-BAHIA;DF228;Subst. Do PDV ATM;2
01/07/2020;COT6;METRO-BAHIA;EQ28;ATM;OP63;METRO-BAHIA;DF237;Subst. Do Validador de Notas;2
01/07/2020;COT6;Metro-Bahia;EQ37;CCIT 3.13 BLOQUEIO;OP63;METRO-BAHIA;DF150;Subst. Da Placa Drive Antena;2
01/07/2020;COT6;Metro-Bahia;EQ9;CCIT 4.0 (BLOQUEIO) FRONTAL H1;OP63;METRO-BAHIA;DF113;Restaura RAM via PC;2
01/07/2020;COT5;METROFOR/ VLT FORTALEZA;EQ38;CCIT 4.0 METROFOR;OP105;METROFOR LINHA SUL;DF41;Envio para manutená∆o central-CTG;4
01/07/2020;COT5;METROFOR/ VLT FORTALEZA;EQ38;CCIT 4.0 METROFOR;OP105;METROFOR LINHA SUL;DF60;Limpeza de cache;1
01/07/2020;COT5;METROFOR/ VLT FORTALEZA;EQ38;CCIT 4.0 METROFOR;OP105;METROFOR LINHA SUL;DF92;Reparo na Connection;2
01/07/2020;COT5;METROFOR/ VLT FORTALEZA;EQ38;CCIT 4.0 METROFOR;OP105;METROFOR LINHA SUL;DF113;Restaura RAM via PC;6
01/07/2020;COT10;Metropolitano-Bahia;EQ6;CCIT 4.0 FRONTAL H2.1;OP64;METROPOLITANO SSA;DF9;Ajuste e aperto de conex∆o;1
01/07/2020;COT10;Metropolitano-Bahia;EQ6;CCIT 4.0 FRONTAL H2.1;OP64;METROPOLITANO SSA;DF101;Ressolda Mbccit;4
01/07/2020;COT10;Metropolitano-Bahia;EQ6;CCIT 4.0 FRONTAL H2.1;OP64;METROPOLITANO SSA;DF113;Restaura RAM via PC;7
01/07/2020;COT10;Metropolitano-Bahia;EQ6;CCIT 4.0 FRONTAL H2.1;OP64;METROPOLITANO SSA;DF114;Restaura RAM via pendrive;6
01/07/2020;COT10;Metropolitano-Bahia;EQ6;CCIT 4.0 FRONTAL H2.1;OP64;METROPOLITANO SSA;DF132;Subst. Da Bateria de Lithium;17
01/07/2020;COT10;Metropolitano-Bahia;EQ6;CCIT 4.0 FRONTAL H2.1;OP64;METROPOLITANO SSA;DF210;Subst. Do Display CCIT;17
01/07/2020;COT20;ROSA TURISMO;EQ36;CCIT 4.0 FRONTAL H1 COM BATERIA;OP66;ROSA TURISMO;DF101;Ressolda Mbccit;1
01/07/2020;COT20;ROSA TURISMO;EQ36;CCIT 4.0 FRONTAL H1 COM BATERIA;OP66;ROSA TURISMO;DF113;Restaura RAM via PC;7
01/07/2020;COT20;ROSA TURISMO;EQ36;CCIT 4.0 FRONTAL H1 COM BATERIA;OP66;ROSA TURISMO;DF41;Envio para manutená∆o central-CTG;1
01/07/2020;COT19;S«O JO«O;EQ36;CCIT 4.0 FRONTAL H1 COM BATERIA;OP67;S«O JO«O;DF41;Envio para manutená∆o central-CTG;1
01/07/2020;COT19;S«O JO«O;EQ36;CCIT 4.0 FRONTAL H1 COM BATERIA;OP67;S«O JO«O;DF113;Restaura RAM via PC;7
01/07/2020;COT19;S«O JO«O;EQ36;CCIT 4.0 FRONTAL H1 COM BATERIA;OP67;S«O JO«O;DF114;Restaura RAM via pendrive;7
01/07/2020;COT19;S«O JO«O;EQ36;CCIT 4.0 FRONTAL H1 COM BATERIA;OP67;S«O JO«O;DF132;Subst. Da Bateria de Lithium;4
01/07/2020;COT19;S«O JO«O;EQ36;CCIT 4.0 FRONTAL H1 COM BATERIA;OP67;S«O JO«O;DF209;Subst. Do Display;1
01/07/2020;COT4;Setut;EQ6;CCIT 4.0 FRONTAL H2.1;;;DF41;Envio para manutená∆o central-CTG;25
01/07/2020;COT4;Setut;EQ6;CCIT 4.0 FRONTAL H2.1;;;DF60;Limpeza de cache;1
01/07/2020;COT18;Sindpautras;EQ6;CCIT 4.0 FRONTAL H2.1;OP48;SINDPAUTRAS-SIND. PERM. AUT. TRANSP. SU;DF88;Reparo com formataá∆o e reinst. FW/SW;11
01/07/2020;COT22;Taguatur;EQ8;CCIT 4.0 FRONTAL JI21 SEM BATERIA;OP82;TAGUATUR;DF41;Envio para manutená∆o central-CTG;3
01/07/2020;COT3;TEU;EQ3;CCIT 3.5;;;DF41;Envio para manutená∆o central-CTG;4
01/07/2020;COT3;TEU;EQ3;CCIT 3.5;;;DF135;Subst. Da Carcaáa frontal;1
01/07/2020;COT3;TEU;EQ3;CCIT 3.5;;;DF157;Subst. Da Placa FTCLess;1
01/07/2020;COT3;TEU;EQ36;CCIT 4.0 FRONTAL H1 COM BATERIA;;;DF41;Envio para manutená∆o central-CTG;17
01/07/2020;COT3;TEU;EQ36;CCIT 4.0 FRONTAL H1 COM BATERIA;;;DF60;Limpeza de cache;49
01/07/2020;COT3;TEU;EQ36;CCIT 4.0 FRONTAL H1 COM BATERIA;;;DF115;Restauraá∆o da ROM via PC;158
01/07/2020;COT3;TEU;EQ36;CCIT 4.0 FRONTAL H1 COM BATERIA;;;DF132;Subst. Da Bateria de Lithium;14
01/07/2020;COT3;TEU;EQ36;CCIT 4.0 FRONTAL H1 COM BATERIA;;;DF135;Subst. Da Carcaáa frontal;1
01/07/2020;COT3;TEU;EQ36;CCIT 4.0 FRONTAL H1 COM BATERIA;;;DF136;Subst. Da Carcaáa inferior;4
01/07/2020;COT2;TRANSCARD;EQ28;ATM;OP61;Setps (Transcard);DF9;Ajuste e aperto de conex∆o;1
01/07/2020;COT2;TRANSCARD;EQ28;ATM;OP61;Setps (Transcard);DF179;Subst. Do Cabo de Comunicaá∆o da Impressora;1
01/07/2020;COT2;TRANSCARD;EQ28;ATM;OP61;Setps (Transcard);DF228;Subst. Do PDV ATM;1
01/07/2020;COT2;TRANSCARD;EQ28;ATM;OP61;Setps (Transcard);DF231;Subst. Do PINpad;2
01/07/2020;COT2;TRANSCARD;EQ28;ATM;OP61;Setps (Transcard);DF237;Subst. Do Validador de Notas;1
01/07/2020;COT2;Transcard;EQ6;CCIT 4.0 FRONTAL H2.1;;;DF9;Ajuste e aperto de conex∆o;5
01/07/2020;COT2;Transcard;EQ6;CCIT 4.0 FRONTAL H2.1;;;DF41;Envio para manutená∆o central-CTG;18
01/07/2020;COT2;Transcard;EQ6;CCIT 4.0 FRONTAL H2.1;;;DF101;Ressolda Mbccit;6
01/07/2020;COT2;Transcard;EQ6;CCIT 4.0 FRONTAL H2.1;;;DF113;Restaura RAM via PC;54
01/07/2020;COT2;Transcard;EQ6;CCIT 4.0 FRONTAL H2.1;;;DF114;Restaura RAM via pendrive;21
01/07/2020;COT2;Transcard;EQ6;CCIT 4.0 FRONTAL H2.1;;;DF132;Subst. Da Bateria de Lithium;69
01/07/2020;COT2;Transcard;EQ6;CCIT 4.0 FRONTAL H2.1;;;DF209;Subst. Do Display;85
01/07/2020;COT1;TRANSFACIL;EQ28;ATM;OP27;TRANSFµCIL;DF4;Ajuste da Porta do Cofre;1
01/07/2020;COT1;TRANSFACIL;EQ28;ATM;OP27;TRANSFµCIL;DF9;Ajuste e aperto de conex∆o;1
01/07/2020;COT1;TRANSFACIL;EQ28;ATM;OP27;TRANSFµCIL;DF10;Ajuste mecÉnico fechadura Porta Interna;2
01/07/2020;COT1;TRANSFACIL;EQ28;ATM;OP27;TRANSFµCIL;DF35;Defeito n∆o encontrado / testes e liberaá∆o;12
01/07/2020;COT1;TRANSFACIL;EQ28;ATM;OP27;TRANSFµCIL;DF41;Envio para manutená∆o central-CTG;13
01/07/2020;COT1;TRANSFACIL;EQ28;ATM;OP27;TRANSFµCIL;DF65;Manutená∆o Cofre;4
01/07/2020;COT1;TRANSFACIL;EQ28;ATM;OP27;TRANSFµCIL;DF67;Manutená∆o na Impressora;5
01/07/2020;COT1;TRANSFACIL;EQ28;ATM;OP27;TRANSFµCIL;DF73;Monitor Queimado;2
01/07/2020;COT1;TRANSFACIL;EQ28;ATM;OP27;TRANSFµCIL;DF81;Preventiva Validador de Notas;4
01/07/2020;COT1;TRANSFACIL;EQ28;ATM;OP27;TRANSFµCIL;DF143;Subst. da Impressora;1
01/07/2020;COT1;TRANSFACIL;EQ28;ATM;OP27;TRANSFµCIL;DF207;Subst. Do Conversor Serial;1
01/07/2020;COT1;TRANSFACIL;EQ28;ATM;OP27;TRANSFµCIL;DF208;Subst. Do Dispenser do cart∆o;3
01/07/2020;COT1;TRANSFACIL;EQ28;ATM;OP27;TRANSFµCIL;DF227;Subst. Do PC ATM;1
01/07/2020;COT1;TRANSFACIL;EQ28;ATM;OP27;TRANSFµCIL;DF237;Subst. Do Validador de Notas;6
01/07/2020;COT1;Transfacil;EQ3;CCIT 3.5;;;DF162;Subst. Da Placa Mbccit;1
01/07/2020;COT1;Transfacil;EQ6;CCIT 4.0 FRONTAL H2.1;;;DF37;Defeito n∆o encontrado e subst. FW/SW;8
01/07/2020;COT1;Transfacil;EQ6;CCIT 4.0 FRONTAL H2.1;;;DF41;Envio para manutená∆o central-CTG;1
01/07/2020;COT1;Transfacil;EQ6;CCIT 4.0 FRONTAL H2.1;;;DF88;Reparo com formataá∆o e reinst. FW/SW;52
01/07/2020;COT1;Transfacil;EQ6;CCIT 4.0 FRONTAL H2.1;;;DF136;Subst. Da Carcaáa inferior;1
01/07/2020;COT1;Transfacil;EQ6;CCIT 4.0 FRONTAL H2.1;;;DF169;Subst. De Componente eletrìnico;3
01/07/2020;COT1;Transfacil;EQ6;CCIT 4.0 FRONTAL H2.1;;;DF216;Subst. Do M¢dulo H2;1
01/07/2020;COT1;Transfacil;EQ6;CCIT 4.0 FRONTAL H2.1;;;DF238;Subst. Do Vidro CCIT V4.0;9
01/07/2020;COT23;UTB;EQ6;CCIT 4.0 FRONTAL H2.1;OP83;UTB;DF41;Envio para manutená∆o central-CTG;13
01/07/2020;COT1;Transfacil;EQ14;DMX200 MOD H3.1;;;DF35;Defeito n∆o encontrado / testes e liberaá∆o;4
01/07/2020;COT1;Transfacil;EQ14;DMX200 MOD H3.1;;;DF37;Defeito n∆o encontrado e subst. FW/SW;3
01/07/2020;COT1;Transfacil;EQ14;DMX200 MOD H3.1;;;DF41;Envio para manutená∆o central-CTG;61
01/07/2020;COT1;Transfacil;EQ14;DMX200 MOD H3.1;;;DF88;Reparo com formataá∆o e reinst. FW/SW;126
01/07/2020;COT1;Transfacil;EQ14;DMX200 MOD H3.1;;;DF169;Subst. De Componente eletrìnico;14
01/07/2020;COT9;SINTRAM SEM DMX200;EQ16;PDM03;OP51;CONS‡RCIO ‡TIMO DE BILHETAGEM ELETR‚NICA ;DF88;Reparo com formataá∆o e reinst. FW/SW;57
01/07/2020;COT9;SINTRAM SEM DMX200;EQ16;PDM03;OP51;CONS‡RCIO ‡TIMO DE BILHETAGEM ELETR‚NICA ;DF209;Subst. Do Display;1
01/07/2020;COT9;SINTRAM COM DMX200;EQ12;DMX200 MOD H3;OP51;CONS‡RCIO ‡TIMO DE BILHETAGEM ELETR‚NICA ;DF41;Envio para manutená∆o central-CTG;5
01/07/2020;COT9;SINTRAM COM DMX200;EQ12;DMX200 MOD H3;OP51;CONS‡RCIO ‡TIMO DE BILHETAGEM ELETR‚NICA ;DF88;Reparo com formataá∆o e reinst. FW/SW;20
01/07/2020;COT9;SINTRAM COM DMX200;EQ12;DMX200 MOD H3;OP51;CONS‡RCIO ‡TIMO DE BILHETAGEM ELETR‚NICA ;DF169;Subst. De Componente eletrìnico;2
01/07/2020;COT2;Transcard;EQ16;PDM03;;;DF41;Envio para manutená∆o central-CTG;20
01/07/2020;COT2;Transcard;EQ16;PDM03;;;DF88;Reparo com formataá∆o e reinst. FW/SW;5
01/07/2020;COT19;S«O JO«O;EQ39;DMX200L JI21 SEM BATERIA;OP67;S«O JO«O;DF41;Envio para manutená∆o central-CTG;1
01/07/2020;COT19;S«O JO«O;EQ39;DMX200L JI21 SEM BATERIA;OP67;S«O JO«O;DF97;Ressolda;2
01/07/2020;COT19;S«O JO«O;EQ39;DMX200L JI21 SEM BATERIA;OP67;S«O JO«O;DF112;Ressolda ROM e RAM;1
01/07/2020;COT19;S«O JO«O;EQ39;DMX200L JI21 SEM BATERIA;OP67;S«O JO«O;DF206;Subst. Do Conector USB;1
01/07/2020;COT4;Setut;EQ14;DMX200 MOD H3.1;;;DF41;Envio para manutená∆o central-CTG;4
01/07/2020;COT22;Taguatur PM NOVO;EQ39;DMX200L JI21 SEM BATERIA;OP82;TAGUATUR;DF41;Envio para manutená∆o central-CTG;99
01/07/2020;COT21;Araguarina;EQ13;DMX200L;OP81;VIAÄ«O ARAGUARINA;DF41;Envio para manutená∆o central-CTG;2
01/07/2020;COT3;TEU;EQ14;DMX200 MOD H3.1;;;DF21;Atualizaá∆o de FW ;94
01/07/2020;COT3;TEU;EQ14;DMX200 MOD H3.1;;;DF41;Envio para manutená∆o central-CTG;23
01/07/2020;COT3;TEU;EQ14;DMX200 MOD H3.1;;;DF115;Restauraá∆o da ROM via PC;75
01/07/2020;COT24;GVBUS;EQ14;DMX200 MOD H3.1;;;DF41;Envio para manutená∆o central-CTG;37
01/07/2020;COT24;GVBUS;EQ14;DMX200 MOD H3.1;;;DF88;Reparo com formataá∆o e reinst. FW/SW;40
01/07/2020;COT24;GVBUS;EQ14;DMX200 MOD H3.1;;;DF211;Subst. Do Equipamento completo;1
01/07/2020;COT20;ROSA TURISMO;EQ39;DMX200L JI21 SEM BATERIA;OP66;ROSA TURISMO;DF41;Envio para manutená∆o central-CTG;5
01/07/2020;COT20;ROSA TURISMO;EQ39;DMX200L JI21 SEM BATERIA;OP66;ROSA TURISMO;DF97;Ressolda;8
01/07/2020;COT20;ROSA TURISMO;EQ39;DMX200L JI21 SEM BATERIA;OP66;ROSA TURISMO;DF112;Ressolda ROM e RAM;1
01/07/2020;COT25;COOTRAPS - CE;EQ14;DMX200 MOD H3.1;OP129;COOTRAPS;DF39;Enviados para manutená∆o central CTG;9
01/07/2020;COT1;Transfacil;EQ10;CONNECTION CCIT 4.0;;;DF35;Defeito n∆o encontrado / testes e liberaá∆o;1
01/07/2020;COT1;Transfacil;EQ10;CONNECTION CCIT 4.0;;;DF37;Defeito n∆o encontrado e subst. FW/SW;1
01/07/2020;COT1;Transfacil;EQ10;CONNECTION CCIT 4.0;;;DF88;Reparo com formataá∆o e reinst. FW/SW;15
01/07/2020;COT1;Transfacil;EQ10;CONNECTION CCIT 4.0;;;DF106;Ressolda na Placa Subbase;1
01/07/2020;COT1;Transfacil;EQ10;CONNECTION CCIT 4.0;;;DF136;Subst. Da Carcaáa inferior;1
01/07/2020;COT1;Transfacil;EQ10;CONNECTION CCIT 4.0;;;DF169;Subst. De Componente eletrìnico;1
01/07/2020;COT2;Transcard;EQ10;CONNECTION CCIT 4.0;;;DF41;Envio para manutená∆o central-CTG;20
01/07/2020;COT2;Transcard;EQ10;CONNECTION CCIT 4.0;;;DF59;Intervená‰es com Solda;5
01/07/2020;COT2;Transcard;EQ10;CONNECTION CCIT 4.0;;;DF88;Reparo com formataá∆o e reinst. FW/SW;19
01/07/2020;COT2;Transcard;EQ10;CONNECTION CCIT 4.0;;;DF206;Subst. Do Conector USB;2
01/07/2020;COT2;Transcard;EQ10;CONNECTION CCIT 4.0;;;DF245;Subst. Terminal Block;2
01/07/2020;COT10;Metropolitano-Bahia;EQ10;CONNECTION CCIT 4.0;OP64;METROPOLITANO SSA;DF41;Envio para manutená∆o central-CTG;10
01/07/2020;COT19;S«O JO«O;EQ10;CONNECTION CCIT 4.0;OP67;S«O JO«O;DF59;Intervená‰es com Solda;3
01/07/2020;COT4;Setut;EQ10;CONNECTION CCIT 4.0;;;DF41;Envio para manutená∆o central-CTG;2
01/07/2020;COT3;TEU;EQ10;CONNECTION CCIT 4.0;;;DF41;Envio para manutená∆o central-CTG;75
01/07/2020;COT24;GVBUS;EQ10;CONNECTION CCIT 4.0;;;DF41;Envio para manutená∆o central-CTG;19
01/07/2020;COT24;GVBUS;EQ10;CONNECTION CCIT 4.0;;;DF211;Subst. Do Equipamento completo;3
01/07/2020;COT20;ROSA TURISMO;EQ10;CONNECTION CCIT 4.0;OP66;ROSA TURISMO;DF59;Intervená‰es com Solda;2
01/07/2020;COT3;TEU;EQ22;V3000M;;;DF21;Atualizaá∆o de FW ;160
01/07/2020;COT3;TEU;EQ22;V3000M;;;DF41;Envio para manutená∆o central-CTG;20
01/07/2020;COT3;TEU;EQ22;V3000M;;;DF115;Restauraá∆o da ROM via PC;160
01/07/2020;COT3;TEU;EQ22;V3000M;;;DF232;Subst. Do SDCard;12
01/07/2020;COT3;TEU;EQ21;V3000L;;;DF21;Atualizaá∆o de FW ;7
01/07/2020;COT3;TEU;EQ21;V3000L;;;DF115;Restauraá∆o da ROM via PC;17
01/07/2020;COT3;TEU;EQ21;V3000L;;;DF41;Envio para manutená∆o central-CTG;1
01/07/2020;COT3;TEU;EQ26;V3000M DVR;;;DF21;Atualizaá∆o de FW ;6
01/07/2020;COT3;TEU;EQ26;V3000M DVR;;;DF115;Restauraá∆o da ROM via PC;6
01/07/2020;COT3;TEU;EQ26;V3000M DVR;;;DF41;Envio para manutená∆o central-CTG;4
01/07/2020;COT3;TEU;EQ26;V3000M DVR;;;DF232;Subst. Do SDCard;2
01/07/2020;COT1;Transfacil;EQ27;UT (FTV 3000);;;DF35;Defeito n∆o encontrado / testes e liberaá∆o;2
01/07/2020;COT1;Transfacil;EQ27;UT (FTV 3000);;;DF169;Subst. De Componente eletrìnico;2
01/07/2020;COT24;GVBUS;EQ33;POS MOVE 2500;;;DF41;Envio para manutená∆o central-CTG;15
01/07/2020;COT20;Rosa Turismo;EQ31;POS 250;OP66;ROSA TURISMO;DF46;Formataá∆o da mem¢ria e subst. FW;1
01/07/2020;COT19;S∆o Jo∆o;EQ31;POS 250;OP67;S«O JO«O;DF41;Envio para manutená∆o central-CTG;1
01/07/2020;COT19;S∆o Jo∆o;EQ31;POS 250;OP67;S«O JO«O;DF46;Formataá∆o da mem¢ria e subst. FW;2
01/07/2020;COT2;Transcard;EQ31;POS 250;;;DF7;Ajuste do M¢dulo de Impress∆o;2
01/07/2020;COT2;Transcard;EQ31;POS 250;;;DF41;Envio para manutená∆o central-CTG;10
01/07/2020;COT2;Transcard;EQ31;POS 250;;;DF88;Reparo com formataá∆o e reinst. FW/SW;3
01/07/2020;COT1;Transfacil;EQ31;POS 250;OP27;TRANSFµCIL;DF41;Envio para manutená∆o central-CTG;1
01/08/2020;COT7;Alagoinhas;EQ34;CCIT 4.0 FRONTAL H2.1 C SEM BATERIA;OP68;ALAGOINHAS;DF113;Restaura RAM via PC;3
01/08/2020;COT7;Alagoinhas;EQ34;CCIT 4.0 FRONTAL H2.1 C SEM BATERIA;OP68;ALAGOINHAS;DF114;Restaura RAM via pendrive;2
01/08/2020;COT19;ROSA TURISMO;EQ36;CCIT 4.0 FRONTAL H1 COM BATERIA;OP66;ROSA TURISMO;DF101;Ressolda Mbccit;1
01/08/2020;COT19;S«O JO«O;EQ36;CCIT 4.0 FRONTAL H1 COM BATERIA;OP67;S«O JO«O;DF41;Envio para manutená∆o central-CTG;1
01/08/2020;COT19;S«O JO«O;EQ36;CCIT 4.0 FRONTAL H1 COM BATERIA;OP67;S«O JO«O;DF101;Ressolda Mbccit;3
01/08/2020;COT19;S«O JO«O;EQ36;CCIT 4.0 FRONTAL H1 COM BATERIA;OP67;S«O JO«O;DF113;Restaura RAM via PC;3
01/08/2020;COT19;S«O JO«O;EQ36;CCIT 4.0 FRONTAL H1 COM BATERIA;OP67;S«O JO«O;DF114;Restaura RAM via pendrive;3
01/08/2020;COT19;S«O JO«O;EQ36;CCIT 4.0 FRONTAL H1 COM BATERIA;OP67;S«O JO«O;DF132;Subst. Da Bateria de Lithium;2
01/08/2020;COT19;S«O JO«O;EQ36;CCIT 4.0 FRONTAL H1 COM BATERIA;OP67;S«O JO«O;DF209;Subst. Do Display;1
01/08/2020;COT19;S«O JO«O;EQ36;CCIT 4.0 FRONTAL H1 COM BATERIA;OP67;S«O JO«O;DF41;Envio para manutená∆o central-CTG;1
01/08/2020;COT1;TRANSFACIL;EQ28;ATM;OP27;TRANSFµCIL;DF5;Ajuste da porta Externa;33
01/08/2020;COT1;Transfacil;EQ6;CCIT 4.0 FRONTAL H2.1;;;DF5;Ajuste da porta Externa;12
01/08/2020;COT1;Transfacil;EQ6;CCIT 4.0 FRONTAL H2.1;;;DF52;Gravaá∆o Supervisor;83
01/08/2020;COT1;Transfacil;EQ6;CCIT 4.0 FRONTAL H2.1;;;DF65;Manutená∆o Cofre;1
01/08/2020;COT1;Transfacil;EQ14;DMX200 MOD H3.1;;;DF5;Ajuste da porta Externa;7
01/08/2020;COT1;Transfacil;EQ14;DMX200 MOD H3.1;;;DF52;Gravaá∆o Supervisor;25
01/08/2020;COT25;COOTRAPS - CE;EQ14;DMX200 MOD H3.1;OP129;COOTRAPS;DF39;Enviados para manutená∆o central CTG;25
01/08/2020;COT25;COOTRAPS - CE;EQ14;DMX200 MOD H3.1;OP129;COOTRAPS;DF90;Reparo com formataá∆o e subst. FW/SW;14
01/08/2020;COT1;Transfacil;EQ10;CONNECTION CCIT 4.0;;;DF5;Ajuste da porta Externa;33
01/08/2020;COT1;Transfacil;EQ10;CONNECTION CCIT 4.0;;;DF52;Gravaá∆o Supervisor;9
01/08/2020;COT3;TEU;EQ21;V3000L;;;DF21;Atualizaá∆o de FW ;12
01/08/2020;COT3;TEU;EQ21;V3000L;;;DF115;Restauraá∆o da ROM via PC;7
01/08/2020;COT3;TEU;EQ26;V3000M DVR;;;DF21;Atualizaá∆o de FW ;7
01/08/2020;COT3;TEU;EQ26;V3000M DVR;;;DF115;Restauraá∆o da ROM via PC;7
01/08/2020;COT3;TEU;EQ26;V3000M DVR;;;DF41;Envio para manutená∆o central-CTG;1
01/08/2020;COT1;Transfacil;EQ31;POS 250;OP27;TRANSFµCIL;DF5;Ajuste da porta Externa;12
01/09/2020;COT7;Alagoinhas;EQ34;CCIT 4.0 FRONTAL H2.1 C SEM BATERIA;OP68;ALAGOINHAS;DF113;Restaura RAM via PC;3
01/09/2020;COT21;Araguarina;EQ35;CCIT 4.0 FRONTAL H2 COM BATERIA;OP81;VIAÄ«O ARAGUARINA;DF41;Envio para manutená∆o central-CTG;1
01/09/2020;COT8;CBTU;EQ1;CCIT 3.0;OP47;CBTU - COMPANHIA BRASILEIRA DE TRENS URBANOS;DF35;Defeito n∆o encontrado / testes e liberaá∆o;1
01/09/2020;COT8;CBTU;EQ1;CCIT 3.0;OP47;CBTU - COMPANHIA BRASILEIRA DE TRENS URBANOS;DF88;Reparo com formataá∆o e reinst. FW/SW;1
01/09/2020;COT8;CBTU;EQ1;CCIT 3.0;OP47;CBTU - COMPANHIA BRASILEIRA DE TRENS URBANOS;DF129;Subst. Da Antena Cless e adesivo frontal;2
01/09/2020;COT8;CBTU;EQ1;CCIT 3.0;OP47;CBTU - COMPANHIA BRASILEIRA DE TRENS URBANOS;DF147;Subst. Da Placa CLESS;1
01/09/2020;COT8;CBTU;EQ1;CCIT 3.0;OP47;CBTU - COMPANHIA BRASILEIRA DE TRENS URBANOS;DF162;Subst. Da Placa Mbccit;2
01/09/2020;COT24;GVBUS;EQ28;ATM;OP108;GVBUS - SIND. DAS EMP. DE TRANP. METROP. DA GRANDE VIT‡RIA;DF41;Envio para manutená∆o central-CTG;51
01/09/2020;COT24;GVBUS;EQ6;CCIT 4.0 FRONTAL H2.1;;;DF41;Envio para manutená∆o central-CTG;28
01/09/2020;COT24;GVBUS;EQ6;CCIT 4.0 FRONTAL H2.1;;;DF88;Reparo com formataá∆o e reinst. FW/SW;71
01/09/2020;COT6;METRO-BAHIA;EQ28;ATM;OP63;METRO-BAHIA;DF41;Envio para manutená∆o central-CTG;1
01/09/2020;COT6;METRO-BAHIA;EQ28;ATM;OP63;METRO-BAHIA;DF143;Subst. da Impressora;2
01/09/2020;COT6;METRO-BAHIA;EQ28;ATM;OP63;METRO-BAHIA;DF179;Subst. Do Cabo de Comunicaá∆o da Impressora;1
01/09/2020;COT6;METRO-BAHIA;EQ28;ATM;OP63;METRO-BAHIA;DF227;Subst. Do PC ATM;2
01/09/2020;COT6;METRO-BAHIA;EQ28;ATM;OP63;METRO-BAHIA;DF237;Subst. Do Validador de Notas;7
01/09/2020;COT6;Metro-Bahia;EQ37;CCIT 3.13 BLOQUEIO;OP63;METRO-BAHIA;DF41;Envio para manutená∆o central-CTG;1
01/09/2020;COT6;Metro-Bahia;EQ9;CCIT 4.0 (BLOQUEIO) FRONTAL H1;OP63;METRO-BAHIA;DF113;Restaura RAM via PC;2
01/09/2020;COT5;METROFOR/ VLT FORTALEZA;EQ38;CCIT 4.0 METROFOR;OP105;METROFOR LINHA SUL;DF113;Restaura RAM via PC;4
01/09/2020;COT10;Metropolitano-Bahia;EQ6;CCIT 4.0 FRONTAL H2.1;OP64;METROPOLITANO SSA;DF113;Restaura RAM via PC;4
01/09/2020;COT10;Metropolitano-Bahia;EQ6;CCIT 4.0 FRONTAL H2.1;OP64;METROPOLITANO SSA;DF114;Restaura RAM via pendrive;2
01/09/2020;COT10;Metropolitano-Bahia;EQ6;CCIT 4.0 FRONTAL H2.1;OP64;METROPOLITANO SSA;DF132;Subst. Da Bateria de Lithium;10
01/09/2020;COT10;Metropolitano-Bahia;EQ6;CCIT 4.0 FRONTAL H2.1;OP64;METROPOLITANO SSA;DF209;Subst. Do Display;18
01/09/2020;COT20;ROSA TURISMO;EQ36;CCIT 4.0 FRONTAL H1 COM BATERIA;OP66;ROSA TURISMO;DF41;Envio para manutená∆o central-CTG;1
01/09/2020;COT19;S«O JO«O;EQ36;CCIT 4.0 FRONTAL H1 COM BATERIA;OP67;S«O JO«O;DF41;Envio para manutená∆o central-CTG;1
01/09/2020;COT19;S«O JO«O;EQ36;CCIT 4.0 FRONTAL H1 COM BATERIA;OP67;S«O JO«O;DF101;Ressolda Mbccit;1
01/09/2020;COT19;S«O JO«O;EQ36;CCIT 4.0 FRONTAL H1 COM BATERIA;OP67;S«O JO«O;DF113;Restaura RAM via PC;4
01/09/2020;COT19;S«O JO«O;EQ36;CCIT 4.0 FRONTAL H1 COM BATERIA;OP67;S«O JO«O;DF132;Subst. Da Bateria de Lithium;3
01/09/2020;COT4;Setut;EQ6;CCIT 4.0 FRONTAL H2.1;;;DF41;Envio para manutená∆o central-CTG;29
01/09/2020;COT4;Setut;EQ6;CCIT 4.0 FRONTAL H2.1;;;DF60;Limpeza de cache;3
01/09/2020;COT18;Sindpautras;EQ6;CCIT 4.0 FRONTAL H2.1;OP48;SINDPAUTRAS-SIND. PERM. AUT. TRANSP. SU;DF37;Defeito n∆o encontrado e subst. FW/SW;2
01/09/2020;COT18;Sindpautras;EQ6;CCIT 4.0 FRONTAL H2.1;OP48;SINDPAUTRAS-SIND. PERM. AUT. TRANSP. SU;DF88;Reparo com formataá∆o e reinst. FW/SW;5
01/09/2020;COT22;Taguatur;EQ8;CCIT 4.0 FRONTAL JI21 SEM BATERIA;OP82;TAGUATUR;DF41;Envio para manutená∆o central-CTG;6
01/09/2020;COT3;TEU;EQ3;CCIT 3.5;;;DF21;Atualizaá∆o de FW ;2
01/09/2020;COT3;TEU;EQ3;CCIT 3.5;;;DF157;Subst. Da Placa FTCLess;1
01/09/2020;COT3;TEU;EQ3;CCIT 3.5;;;DF162;Subst. Da Placa Mbccit;1
01/09/2020;COT3;TEU;EQ36;CCIT 4.0 FRONTAL H1 COM BATERIA;;;DF41;Envio para manutená∆o central-CTG;6
01/09/2020;COT3;TEU;EQ36;CCIT 4.0 FRONTAL H1 COM BATERIA;;;DF60;Limpeza de cache;21
01/09/2020;COT3;TEU;EQ36;CCIT 4.0 FRONTAL H1 COM BATERIA;;;DF115;Restauraá∆o da ROM via PC;111
01/09/2020;COT3;TEU;EQ36;CCIT 4.0 FRONTAL H1 COM BATERIA;;;DF132;Subst. Da Bateria de Lithium;2
01/09/2020;COT2;TRANSCARD;EQ28;ATM;OP61;Setps (Transcard);DF7;Ajuste do M¢dulo de Impress∆o;3
01/09/2020;COT2;TRANSCARD;EQ28;ATM;OP61;Setps (Transcard);DF66;Manutená∆o na Fechadura Eletrìnica;4
01/09/2020;COT2;TRANSCARD;EQ28;ATM;OP61;Setps (Transcard);DF142;Subst. Da Fonte Lambda ATM;3
01/09/2020;COT2;TRANSCARD;EQ28;ATM;OP61;Setps (Transcard);DF143;Subst. da Impressora;3
01/09/2020;COT2;TRANSCARD;EQ28;ATM;OP61;Setps (Transcard);DF179;Subst. Do Cabo de Comunicaá∆o da Impressora;1
01/09/2020;COT2;TRANSCARD;EQ28;ATM;OP61;Setps (Transcard);DF227;Subst. Do PC ATM;3
01/09/2020;COT2;TRANSCARD;EQ28;ATM;OP61;Setps (Transcard);DF228;Subst. Do PDV ATM;2
01/09/2020;COT2;TRANSCARD;EQ28;ATM;OP61;Setps (Transcard);DF237;Subst. Do Validador de Notas;6
01/09/2020;COT2;Transcard;EQ6;CCIT 4.0 FRONTAL H2.1;;;DF9;Ajuste e aperto de conex∆o;1
01/09/2020;COT2;Transcard;EQ6;CCIT 4.0 FRONTAL H2.1;;;DF41;Envio para manutená∆o central-CTG;6
01/09/2020;COT2;Transcard;EQ6;CCIT 4.0 FRONTAL H2.1;;;DF101;Ressolda Mbccit;2
01/09/2020;COT2;Transcard;EQ6;CCIT 4.0 FRONTAL H2.1;;;DF113;Restaura RAM via PC;15
01/09/2020;COT2;Transcard;EQ6;CCIT 4.0 FRONTAL H2.1;;;DF114;Restaura RAM via pendrive;7
01/09/2020;COT2;Transcard;EQ6;CCIT 4.0 FRONTAL H2.1;;;DF132;Subst. Da Bateria de Lithium;31
01/09/2020;COT2;Transcard;EQ6;CCIT 4.0 FRONTAL H2.1;;;DF209;Subst. Do Display;42
01/09/2020;COT1;TRANSFACIL;EQ28;ATM;OP27;TRANSFµCIL;DF35;Defeito n∆o encontrado / testes e liberaá∆o;3
01/09/2020;COT1;TRANSFACIL;EQ28;ATM;OP27;TRANSFµCIL;DF41;Envio para manutená∆o central-CTG;2
01/09/2020;COT1;TRANSFACIL;EQ28;ATM;OP27;TRANSFµCIL;DF67;Manutená∆o na Impressora;12
01/09/2020;COT1;TRANSFACIL;EQ28;ATM;OP27;TRANSFµCIL;DF81;Preventiva Validador de Notas;2
01/09/2020;COT1;TRANSFACIL;EQ28;ATM;OP27;TRANSFµCIL;DF143;Subst. da Impressora;3
01/09/2020;COT1;TRANSFACIL;EQ28;ATM;OP27;TRANSFµCIL;DF177;Subst. Do Cabeáote da Impressora;4
01/09/2020;COT1;TRANSFACIL;EQ28;ATM;OP27;TRANSFµCIL;DF218;Subst. Do Monitor;1
01/09/2020;COT1;TRANSFACIL;EQ28;ATM;OP27;TRANSFµCIL;DF227;Subst. Do PC ATM;5
01/09/2020;COT1;TRANSFACIL;EQ28;ATM;OP27;TRANSFµCIL;DF237;Subst. Do Validador de Notas;10
01/09/2020;COT1;Transfacil;EQ6;CCIT 4.0 FRONTAL H2.1;;;DF37;Defeito n∆o encontrado e subst. FW/SW;3
01/09/2020;COT1;Transfacil;EQ6;CCIT 4.0 FRONTAL H2.1;;;DF88;Reparo com formataá∆o e reinst. FW/SW;54
01/09/2020;COT1;Transfacil;EQ6;CCIT 4.0 FRONTAL H2.1;;;DF136;Subst. Da Carcaáa inferior;1
01/09/2020;COT1;Transfacil;EQ6;CCIT 4.0 FRONTAL H2.1;;;DF169;Subst. De Componente eletrìnico;1
01/09/2020;COT1;Transfacil;EQ6;CCIT 4.0 FRONTAL H2.1;;;DF216;Subst. Do M¢dulo H2;7
01/09/2020;COT1;Transfacil;EQ6;CCIT 4.0 FRONTAL H2.1;;;DF238;Subst. Do Vidro CCIT V4.0;4
01/09/2020;COT16;Via Ouro;EQ3;CCIT 3.5;OP49;VIA OURO COLETIVOS LTDA;DF88;Reparo com formataá∆o e reinst. FW/SW;3
01/09/2020;COT16;Via Ouro;EQ3;CCIT 3.5;OP49;VIA OURO COLETIVOS LTDA;DF108;Ressolda no circuito da placa-m∆e;2
01/09/2020;COT16;Via Ouro;EQ3;CCIT 3.5;OP49;VIA OURO COLETIVOS LTDA;DF209;Subst. Do Display;2
01/09/2020;COT1;Transfacil;EQ14;DMX200 MOD H3.1;;;DF35;Defeito n∆o encontrado / testes e liberaá∆o;1
01/09/2020;COT1;Transfacil;EQ14;DMX200 MOD H3.1;;;DF37;Defeito n∆o encontrado e subst. FW/SW;7
01/09/2020;COT1;Transfacil;EQ14;DMX200 MOD H3.1;;;DF41;Envio para manutená∆o central-CTG;55
01/09/2020;COT1;Transfacil;EQ14;DMX200 MOD H3.1;;;DF88;Reparo com formataá∆o e reinst. FW/SW;74
01/09/2020;COT1;Transfacil;EQ14;DMX200 MOD H3.1;;;DF135;Subst. Da Carcaáa frontal;2
01/09/2020;COT1;Transfacil;EQ14;DMX200 MOD H3.1;;;DF169;Subst. De Componente eletrìnico;7
01/09/2020;COT1;Transfacil;EQ14;DMX200 MOD H3.1;;;DF170;Subst. De Gorila Glass;4
01/09/2020;COT9;SINTRAM SEM DMX200;EQ16;PDM03;OP51;CONS‡RCIO ‡TIMO DE BILHETAGEM ELETR‚NICA ;DF88;Reparo com formataá∆o e reinst. FW/SW;95
01/09/2020;COT9;SINTRAM SEM DMX200;EQ16;PDM03;OP51;CONS‡RCIO ‡TIMO DE BILHETAGEM ELETR‚NICA ;DF209;Subst. Do Display;3
01/09/2020;COT9;SINTRAM COM DMX200;EQ12;DMX200 MOD H3;OP51;CONS‡RCIO ‡TIMO DE BILHETAGEM ELETR‚NICA ;DF35;Defeito n∆o encontrado / testes e liberaá∆o;2
01/09/2020;COT9;SINTRAM COM DMX200;EQ12;DMX200 MOD H3;OP51;CONS‡RCIO ‡TIMO DE BILHETAGEM ELETR‚NICA ;DF41;Envio para manutená∆o central-CTG;20
01/09/2020;COT9;SINTRAM COM DMX200;EQ12;DMX200 MOD H3;OP51;CONS‡RCIO ‡TIMO DE BILHETAGEM ELETR‚NICA ;DF88;Reparo com formataá∆o e reinst. FW/SW;53
01/09/2020;COT9;SINTRAM COM DMX200;EQ12;DMX200 MOD H3;OP51;CONS‡RCIO ‡TIMO DE BILHETAGEM ELETR‚NICA ;DF135;Subst. Da Carcaáa frontal;1
01/09/2020;COT9;SINTRAM COM DMX200;EQ12;DMX200 MOD H3;OP51;CONS‡RCIO ‡TIMO DE BILHETAGEM ELETR‚NICA ;DF169;Subst. De Componente eletrìnico;6
01/09/2020;COT9;SINTRAM COM DMX200;EQ12;DMX200 MOD H3;OP51;CONS‡RCIO ‡TIMO DE BILHETAGEM ELETR‚NICA ;DF170;Subst. De Gorila Glass;1
01/09/2020;COT9;SINTRAM COM DMX200;EQ12;DMX200 MOD H3;OP51;CONS‡RCIO ‡TIMO DE BILHETAGEM ELETR‚NICA ;DF209;Subst. Do Display;1
01/09/2020;COT2;Transcard;EQ16;PDM03;;;DF9;Ajuste e aperto de conex∆o;1
01/09/2020;COT2;Transcard;EQ16;PDM03;;;DF22;Atualizaá∆o de pacote;15
01/09/2020;COT2;Transcard;EQ16;PDM03;;;DF41;Envio para manutená∆o central-CTG;8
01/09/2020;COT2;Transcard;EQ16;PDM03;;;DF125;Subst. Bot∆o on/off;4
01/09/2020;COT19;S«O JO«O;EQ39;DMX200L JI21 SEM BATERIA;OP67;S«O JO«O;DF41;Envio para manutená∆o central-CTG;10
01/09/2020;COT19;S«O JO«O;EQ39;DMX200L JI21 SEM BATERIA;OP67;S«O JO«O;DF97;Ressolda;8
01/09/2020;COT19;S«O JO«O;EQ39;DMX200L JI21 SEM BATERIA;OP67;S«O JO«O;DF115;Restauraá∆o da ROM via PC;7
01/09/2020;COT4;Setut;EQ14;DMX200 MOD H3.1;;;DF41;Envio para manutená∆o central-CTG;57
01/09/2020;COT4;Setut;EQ14;DMX200 MOD H3.1;;;DF87;Reparo com configuraá∆o Setup - Upex;2
01/09/2020;COT22;Taguatur PM NOVO;EQ39;DMX200L JI21 SEM BATERIA;OP82;TAGUATUR;DF41;Envio para manutená∆o central-CTG;20
01/09/2020;COT21;Araguarina;EQ13;DMX200L;OP81;VIAÄ«O ARAGUARINA;DF41;Envio para manutená∆o central-CTG;1
01/09/2020;COT3;TEU;EQ14;DMX200 MOD H3.1;;;DF21;Atualizaá∆o de FW ;29
01/09/2020;COT3;TEU;EQ14;DMX200 MOD H3.1;;;DF41;Envio para manutená∆o central-CTG;7
01/09/2020;COT3;TEU;EQ14;DMX200 MOD H3.1;;;DF115;Restauraá∆o da ROM via PC;29
01/09/2020;COT24;GVBUS;EQ14;DMX200 MOD H3.1;;;DF41;Envio para manutená∆o central-CTG;33
01/09/2020;COT24;GVBUS;EQ14;DMX200 MOD H3.1;;;DF88;Reparo com formataá∆o e reinst. FW/SW;30
01/09/2020;COT20;ROSA TURISMO;EQ39;DMX200L JI21 SEM BATERIA;OP66;ROSA TURISMO;DF41;Envio para manutená∆o central-CTG;8
01/09/2020;COT20;ROSA TURISMO;EQ39;DMX200L JI21 SEM BATERIA;OP66;ROSA TURISMO;DF97;Ressolda;5
01/09/2020;COT20;ROSA TURISMO;EQ39;DMX200L JI21 SEM BATERIA;OP66;ROSA TURISMO;DF115;Restauraá∆o da ROM via PC;9
01/09/2020;COT25;COOTRAPS - CE;EQ14;DMX200 MOD H3.1;OP129;COOTRAPS;DF39;Enviados para manutená∆o central CTG;4
01/09/2020;COT1;Transfacil;EQ10;CONNECTION CCIT 4.0;;;DF37;Defeito n∆o encontrado e subst. FW/SW;2
01/09/2020;COT1;Transfacil;EQ10;CONNECTION CCIT 4.0;;;DF88;Reparo com formataá∆o e reinst. FW/SW;9
01/09/2020;COT1;Transfacil;EQ10;CONNECTION CCIT 4.0;;;DF106;Ressolda na Placa Subbase;1
01/09/2020;COT1;Transfacil;EQ10;CONNECTION CCIT 4.0;;;DF136;Subst. Da Carcaáa inferior;1
01/09/2020;COT1;Transfacil;EQ10;CONNECTION CCIT 4.0;;;DF169;Subst. De Componente eletrìnico;2
01/09/2020;COT2;Transcard;EQ10;CONNECTION CCIT 4.0;;;DF41;Envio para manutená∆o central-CTG;21
01/09/2020;COT2;Transcard;EQ10;CONNECTION CCIT 4.0;;;DF59;Intervená‰es com Solda;11
01/09/2020;COT2;Transcard;EQ10;CONNECTION CCIT 4.0;;;DF88;Reparo com formataá∆o e reinst. FW/SW;17
01/09/2020;COT2;Transcard;EQ10;CONNECTION CCIT 4.0;;;DF206;Subst. Do Conector USB;1
01/09/2020;COT10;Metropolitano-Bahia;EQ10;CONNECTION CCIT 4.0;OP64;METROPOLITANO SSA;DF59;Intervená‰es com Solda;4
01/09/2020;COT4;Setut;EQ10;CONNECTION CCIT 4.0;;;DF41;Envio para manutená∆o central-CTG;1
01/09/2020;COT3;TEU;EQ10;CONNECTION CCIT 4.0;;;DF41;Envio para manutená∆o central-CTG;22
01/09/2020;COT24;GVBUS;EQ10;CONNECTION CCIT 4.0;;;DF41;Envio para manutená∆o central-CTG;45
01/09/2020;COT24;GVBUS;EQ10;CONNECTION CCIT 4.0;;;DF88;Reparo com formataá∆o e reinst. FW/SW;4
01/09/2020;COT3;TEU;EQ22;V3000M;;;DF21;Atualizaá∆o de FW ;139
01/09/2020;COT3;TEU;EQ22;V3000M;;;DF41;Envio para manutená∆o central-CTG;17
01/09/2020;COT3;TEU;EQ22;V3000M;;;DF115;Restauraá∆o da ROM via PC;139
01/09/2020;COT3;TEU;EQ21;V3000L;;;DF21;Atualizaá∆o de FW ;12
01/09/2020;COT3;TEU;EQ21;V3000L;;;DF115;Restauraá∆o da ROM via PC;12
01/09/2020;COT3;TEU;EQ26;V3000M DVR;;;DF21;Atualizaá∆o de FW ;4
01/09/2020;COT3;TEU;EQ26;V3000M DVR;;;DF115;Restauraá∆o da ROM via PC;4
01/09/2020;COT3;TEU;EQ26;V3000M DVR;;;DF26;Atualizaá∆o do PIC;2
01/09/2020;COT1;Transfacil;EQ27;UT (FTV 3000);;;DF35;Defeito n∆o encontrado / testes e liberaá∆o;2
01/09/2020;COT1;Transfacil;EQ27;UT (FTV 3000);;;DF169;Subst. De Componente eletrìnico;10
01/09/2020;COT24;GVBUS;EQ33;POS MOVE 2500;;;DF41;Envio para manutená∆o central-CTG;17
01/09/2020;COT20;Rosa Turismo;EQ31;POS 250;OP66;ROSA TURISMO;DF88;Reparo com formataá∆o e reinst. FW/SW;1
01/09/2020;COT19;S∆o Jo∆o;EQ31;POS 250;OP67;S«O JO«O;DF41;Envio para manutená∆o central-CTG;1
01/09/2020;COT19;S∆o Jo∆o;EQ31;POS 250;OP67;S«O JO«O;DF88;Reparo com formataá∆o e reinst. FW/SW;1
01/09/2020;COT2;Transcard;EQ31;POS 250;;;DF7;Ajuste do M¢dulo de Impress∆o;5
01/09/2020;COT2;Transcard;EQ31;POS 250;;;DF41;Envio para manutená∆o central-CTG;18
01/09/2020;COT2;Transcard;EQ31;POS 250;;;DF88;Reparo com formataá∆o e reinst. FW/SW;3
01/09/2020;COT1;Transfacil;EQ31;POS 250;OP27;TRANSFµCIL;DF41;Envio para manutená∆o central-CTG;1
01/09/2020;COT3;TEU;EQ17;FONTE PM;;;DF41;Envio para manutená∆o central-CTG;3
01/10/2020;COT7;Alagoinhas;EQ34;CCIT 4.0 FRONTAL H2.1 C SEM BATERIA;OP68;ALAGOINHAS;DF113;Restaura RAM via PC;2
01/10/2020;COT21;Araguarina;EQ35;CCIT 4.0 FRONTAL H2 COM BATERIA;OP81;VIAÄ«O ARAGUARINA;DF41;Envio para manutená∆o central-CTG;1
01/10/2020;COT8;CBTU;EQ1;CCIT 3.0;OP47;CBTU - COMPANHIA BRASILEIRA DE TRENS URBANOS;DF41;Envio para manutená∆o central-CTG;4
01/10/2020;COT8;CBTU;EQ1;CCIT 3.0;OP47;CBTU - COMPANHIA BRASILEIRA DE TRENS URBANOS;DF88;Reparo com formataá∆o e reinst. FW/SW;2
01/10/2020;COT8;CBTU;EQ1;CCIT 3.0;OP47;CBTU - COMPANHIA BRASILEIRA DE TRENS URBANOS;DF108;Ressolda no circuito da placa-m∆e;1
01/10/2020;COT8;CBTU;EQ1;CCIT 3.0;OP47;CBTU - COMPANHIA BRASILEIRA DE TRENS URBANOS;DF129;Subst. Da Antena Cless e adesivo frontal;1
01/10/2020;COT8;CBTU;EQ1;CCIT 3.0;OP47;CBTU - COMPANHIA BRASILEIRA DE TRENS URBANOS;DF135;Subst. Da Carcaáa frontal;1
01/10/2020;COT8;CBTU;EQ1;CCIT 3.0;OP47;CBTU - COMPANHIA BRASILEIRA DE TRENS URBANOS;DF229;Subst. Do Piggy Back;1
01/10/2020;COT24;GVBUS;EQ28;ATM;OP108;GVBUS - SIND. DAS EMP. DE TRANP. METROP. DA GRANDE VIT‡RIA;DF41;Envio para manutená∆o central-CTG;51
01/10/2020;COT24;GVBUS;EQ6;CCIT 4.0 FRONTAL H2.1;;;DF41;Envio para manutená∆o central-CTG;25
01/10/2020;COT24;GVBUS;EQ6;CCIT 4.0 FRONTAL H2.1;;;DF88;Reparo com formataá∆o e reinst. FW/SW;95
01/10/2020;COT6;METRO-BAHIA;EQ28;ATM;OP63;METRO-BAHIA;DF141;Subst. Da Fonte do PDV ATM;1
01/10/2020;COT6;METRO-BAHIA;EQ28;ATM;OP63;METRO-BAHIA;DF143;Subst. da Impressora;2
01/10/2020;COT6;METRO-BAHIA;EQ28;ATM;OP63;METRO-BAHIA;DF179;Subst. Do Cabo de Comunicaá∆o da Impressora;2
01/10/2020;COT6;METRO-BAHIA;EQ28;ATM;OP63;METRO-BAHIA;DF209;Subst. Do Display;1
01/10/2020;COT6;METRO-BAHIA;EQ28;ATM;OP63;METRO-BAHIA;DF227;Subst. Do PC ATM;2
01/10/2020;COT6;METRO-BAHIA;EQ28;ATM;OP63;METRO-BAHIA;DF228;Subst. Do PDV ATM;3
01/10/2020;COT6;METRO-BAHIA;EQ28;ATM;OP63;METRO-BAHIA;DF237;Subst. Do Validador de Notas;6
01/10/2020;COT6;Metro-Bahia;EQ37;CCIT 3.13 BLOQUEIO;OP63;METRO-BAHIA;DF132;Subst. Da Bateria de Lithium;3
01/10/2020;COT5;METROFOR/ VLT FORTALEZA;EQ38;CCIT 4.0 METROFOR;OP105;METROFOR LINHA SUL;DF41;Envio para manutená∆o central-CTG;8
01/10/2020;COT10;Metropolitano-Bahia;EQ6;CCIT 4.0 FRONTAL H2.1;OP64;METROPOLITANO SSA;DF113;Restaura RAM via PC;4
01/10/2020;COT10;Metropolitano-Bahia;EQ6;CCIT 4.0 FRONTAL H2.1;OP64;METROPOLITANO SSA;DF114;Restaura RAM via pendrive;2
01/10/2020;COT10;Metropolitano-Bahia;EQ6;CCIT 4.0 FRONTAL H2.1;OP64;METROPOLITANO SSA;DF132;Subst. Da Bateria de Lithium;10
01/10/2020;COT10;Metropolitano-Bahia;EQ6;CCIT 4.0 FRONTAL H2.1;OP64;METROPOLITANO SSA;DF209;Subst. Do Display;18
01/10/2020;COT20;ROSA TURISMO;EQ36;CCIT 4.0 FRONTAL H1 COM BATERIA;OP66;ROSA TURISMO;DF132;Subst. Da Bateria de Lithium;2
01/10/2020;COT20;ROSA TURISMO;EQ36;CCIT 4.0 FRONTAL H1 COM BATERIA;OP66;ROSA TURISMO;DF113;Restaura RAM via PC;2
01/10/2020;COT20;ROSA TURISMO;EQ36;CCIT 4.0 FRONTAL H1 COM BATERIA;OP66;ROSA TURISMO;DF41;Envio para manutená∆o central-CTG;2
01/10/2020;COT19;S«O JO«O;EQ36;CCIT 4.0 FRONTAL H1 COM BATERIA;OP67;S«O JO«O;DF41;Envio para manutená∆o central-CTG;3
01/10/2020;COT19;S«O JO«O;EQ36;CCIT 4.0 FRONTAL H1 COM BATERIA;OP67;S«O JO«O;DF113;Restaura RAM via PC;2
01/10/2020;COT19;S«O JO«O;EQ36;CCIT 4.0 FRONTAL H1 COM BATERIA;OP67;S«O JO«O;DF132;Subst. Da Bateria de Lithium;3
01/10/2020;COT4;Setut;EQ6;CCIT 4.0 FRONTAL H2.1;;;DF41;Envio para manutená∆o central-CTG;9
01/10/2020;COT4;Setut;EQ6;CCIT 4.0 FRONTAL H2.1;;;DF60;Limpeza de cache;5
01/10/2020;COT18;Sindpautras;EQ6;CCIT 4.0 FRONTAL H2.1;OP48;SINDPAUTRAS-SIND. PERM. AUT. TRANSP. SU;DF35;Defeito n∆o encontrado / testes e liberaá∆o;1
01/10/2020;COT18;Sindpautras;EQ6;CCIT 4.0 FRONTAL H2.1;OP48;SINDPAUTRAS-SIND. PERM. AUT. TRANSP. SU;DF37;Defeito n∆o encontrado e subst. FW/SW;8
01/10/2020;COT18;Sindpautras;EQ6;CCIT 4.0 FRONTAL H2.1;OP48;SINDPAUTRAS-SIND. PERM. AUT. TRANSP. SU;DF88;Reparo com formataá∆o e reinst. FW/SW;6
01/10/2020;COT22;Taguatur;EQ8;CCIT 4.0 FRONTAL JI21 SEM BATERIA;OP82;TAGUATUR;DF41;Envio para manutená∆o central-CTG;6
01/10/2020;COT3;TEU;EQ36;CCIT 4.0 FRONTAL H1 COM BATERIA;;;DF41;Envio para manutená∆o central-CTG;8
01/10/2020;COT3;TEU;EQ36;CCIT 4.0 FRONTAL H1 COM BATERIA;;;DF60;Limpeza de cache;146
01/10/2020;COT3;TEU;EQ36;CCIT 4.0 FRONTAL H1 COM BATERIA;;;DF115;Restauraá∆o da ROM via PC;157
01/10/2020;COT3;TEU;EQ36;CCIT 4.0 FRONTAL H1 COM BATERIA;;;DF132;Subst. Da Bateria de Lithium;6
01/10/2020;COT3;TEU;EQ36;CCIT 4.0 FRONTAL H1 COM BATERIA;;;DF136;Subst. Da Carcaáa inferior;2
01/10/2020;COT2;TRANSCARD;EQ28;ATM;OP61;Setps (Transcard);DF7;Ajuste do M¢dulo de Impress∆o;2
01/10/2020;COT2;TRANSCARD;EQ28;ATM;OP61;Setps (Transcard);DF8;Ajuste do monitor;1
01/10/2020;COT2;TRANSCARD;EQ28;ATM;OP61;Setps (Transcard);DF66;Manutená∆o na Fechadura Eletrìnica;2
01/10/2020;COT2;TRANSCARD;EQ28;ATM;OP61;Setps (Transcard);DF77;PC ATM Travado;3
01/10/2020;COT2;TRANSCARD;EQ28;ATM;OP61;Setps (Transcard);DF128;Subst. Da antena Cless;1
01/10/2020;COT2;TRANSCARD;EQ28;ATM;OP61;Setps (Transcard);DF142;Subst. Da Fonte Lambda ATM;3
01/10/2020;COT2;TRANSCARD;EQ28;ATM;OP61;Setps (Transcard);DF179;Subst. Do Cabo de Comunicaá∆o da Impressora;1
01/10/2020;COT2;TRANSCARD;EQ28;ATM;OP61;Setps (Transcard);DF228;Subst. Do PDV ATM;2
01/10/2020;COT2;TRANSCARD;EQ28;ATM;OP61;Setps (Transcard);DF231;Subst. Do PINpad;1
01/10/2020;COT2;TRANSCARD;EQ28;ATM;OP61;Setps (Transcard);DF237;Subst. Do Validador de Notas;6
01/10/2020;COT2;Transcard;EQ6;CCIT 4.0 FRONTAL H2.1;;;DF9;Ajuste e aperto de conex∆o;11
01/10/2020;COT2;Transcard;EQ6;CCIT 4.0 FRONTAL H2.1;;;DF41;Envio para manutená∆o central-CTG;12
01/10/2020;COT2;Transcard;EQ6;CCIT 4.0 FRONTAL H2.1;;;DF101;Ressolda Mbccit;3
01/10/2020;COT2;Transcard;EQ6;CCIT 4.0 FRONTAL H2.1;;;DF113;Restaura RAM via PC;21
01/10/2020;COT2;Transcard;EQ6;CCIT 4.0 FRONTAL H2.1;;;DF114;Restaura RAM via pendrive;7
01/10/2020;COT2;Transcard;EQ6;CCIT 4.0 FRONTAL H2.1;;;DF132;Subst. Da Bateria de Lithium;49
01/10/2020;COT2;Transcard;EQ6;CCIT 4.0 FRONTAL H2.1;;;DF209;Subst. Do Display;47
01/10/2020;COT2;Transcard;EQ6;CCIT 4.0 FRONTAL H2.1;;;DF238;Subst. Do Vidro CCIT V4.0;55
01/10/2020;COT1;TRANSFACIL;EQ28;ATM;OP27;TRANSFµCIL;DF35;Defeito n∆o encontrado / testes e liberaá∆o;5
01/10/2020;COT1;TRANSFACIL;EQ28;ATM;OP27;TRANSFµCIL;DF41;Envio para manutená∆o central-CTG;17
01/10/2020;COT1;TRANSFACIL;EQ28;ATM;OP27;TRANSFµCIL;DF45;Fixaá∆o do PC;1
01/10/2020;COT1;TRANSFACIL;EQ28;ATM;OP27;TRANSFµCIL;DF49;Formataá∆o e Reinstalaá∆o do PC;1
01/10/2020;COT1;TRANSFACIL;EQ28;ATM;OP27;TRANSFµCIL;DF67;Manutená∆o na Impressora;3
01/10/2020;COT1;TRANSFACIL;EQ28;ATM;OP27;TRANSFµCIL;DF81;Preventiva Validador de Notas;8
01/10/2020;COT1;TRANSFACIL;EQ28;ATM;OP27;TRANSFµCIL;DF128;Subst. Da antena Cless;1
01/10/2020;COT1;TRANSFACIL;EQ28;ATM;OP27;TRANSFµCIL;DF143;Subst. da Impressora;3
01/10/2020;COT1;TRANSFACIL;EQ28;ATM;OP27;TRANSFµCIL;DF177;Subst. Do Cabeáote da Impressora;1
01/10/2020;COT1;TRANSFACIL;EQ28;ATM;OP27;TRANSFµCIL;DF227;Subst. Do PC ATM;2
01/10/2020;COT1;TRANSFACIL;EQ28;ATM;OP27;TRANSFµCIL;DF228;Subst. Do PDV ATM;2
01/10/2020;COT1;TRANSFACIL;EQ28;ATM;OP27;TRANSFµCIL;DF237;Subst. Do Validador de Notas;7
01/10/2020;COT1;Transfacil;EQ6;CCIT 4.0 FRONTAL H2.1;;;DF37;Defeito n∆o encontrado e subst. FW/SW;4
01/10/2020;COT1;Transfacil;EQ6;CCIT 4.0 FRONTAL H2.1;;;DF88;Reparo com formataá∆o e reinst. FW/SW;45
01/10/2020;COT1;Transfacil;EQ6;CCIT 4.0 FRONTAL H2.1;;;DF169;Subst. De Componente eletrìnico;1
01/10/2020;COT1;Transfacil;EQ6;CCIT 4.0 FRONTAL H2.1;;;DF209;Subst. Do Display;5
01/10/2020;COT1;Transfacil;EQ6;CCIT 4.0 FRONTAL H2.1;;;DF216;Subst. Do M¢dulo H2;3
01/10/2020;COT16;Via Ouro;EQ3;CCIT 3.5;OP49;VIA OURO COLETIVOS LTDA;DF88;Reparo com formataá∆o e reinst. FW/SW;1
01/10/2020;COT16;Via Ouro;EQ3;CCIT 3.5;OP49;VIA OURO COLETIVOS LTDA;DF108;Ressolda no circuito da placa-m∆e;1
01/10/2020;COT16;Via Ouro;EQ3;CCIT 3.5;OP49;VIA OURO COLETIVOS LTDA;DF156;Subst. Da Placa FTCIT;1
01/10/2020;COT9;SINTRAM SEM DMX200;EQ16;PDM03;OP51;CONS‡RCIO ‡TIMO DE BILHETAGEM ELETR‚NICA ;DF41;Envio para manutená∆o central-CTG;1
01/10/2020;COT9;SINTRAM SEM DMX200;EQ16;PDM03;OP51;CONS‡RCIO ‡TIMO DE BILHETAGEM ELETR‚NICA ;DF86;Reparo com configuraá∆o do setup;1
01/10/2020;COT9;SINTRAM SEM DMX200;EQ16;PDM03;OP51;CONS‡RCIO ‡TIMO DE BILHETAGEM ELETR‚NICA ;DF88;Reparo com formataá∆o e reinst. FW/SW;94
01/10/2020;COT9;SINTRAM SEM DMX200;EQ16;PDM03;OP51;CONS‡RCIO ‡TIMO DE BILHETAGEM ELETR‚NICA ;DF209;Subst. Do Display;3
01/10/2020;COT9;SINTRAM COM DMX200;EQ12;DMX200 MOD H3;OP51;CONS‡RCIO ‡TIMO DE BILHETAGEM ELETR‚NICA ;DF41;Envio para manutená∆o central-CTG;10
01/10/2020;COT9;SINTRAM COM DMX200;EQ12;DMX200 MOD H3;OP51;CONS‡RCIO ‡TIMO DE BILHETAGEM ELETR‚NICA ;DF88;Reparo com formataá∆o e reinst. FW/SW;47
01/10/2020;COT9;SINTRAM COM DMX200;EQ12;DMX200 MOD H3;OP51;CONS‡RCIO ‡TIMO DE BILHETAGEM ELETR‚NICA ;DF169;Subst. De Componente eletrìnico;3
01/10/2020;COT9;SINTRAM COM DMX200;EQ12;DMX200 MOD H3;OP51;CONS‡RCIO ‡TIMO DE BILHETAGEM ELETR‚NICA ;DF170;Subst. De Gorila Glass;1
01/10/2020;COT2;Transcard;EQ16;PDM03;;;DF9;Ajuste e aperto de conex∆o;3
01/10/2020;COT2;Transcard;EQ16;PDM03;;;DF41;Envio para manutená∆o central-CTG;8
01/10/2020;COT2;Transcard;EQ16;PDM03;;;DF88;Reparo com formataá∆o e reinst. FW/SW;11
01/10/2020;COT2;Transcard;EQ16;PDM03;;;DF125;Subst. Bot∆o on/off;5
01/10/2020;COT19;S«O JO«O;EQ39;DMX200L JI21 SEM BATERIA;OP67;S«O JO«O;DF41;Envio para manutená∆o central-CTG;4
01/10/2020;COT19;S«O JO«O;EQ39;DMX200L JI21 SEM BATERIA;OP67;S«O JO«O;DF97;Ressolda;1
01/10/2020;COT19;S«O JO«O;EQ39;DMX200L JI21 SEM BATERIA;OP67;S«O JO«O;DF115;Restauraá∆o da ROM via PC;4
01/10/2020;COT4;Setut;EQ14;DMX200 MOD H3.1;;;DF41;Envio para manutená∆o central-CTG;16
01/10/2020;COT21;Araguarina;EQ13;DMX200L;OP81;VIAÄ«O ARAGUARINA;DF41;Envio para manutená∆o central-CTG;2
01/10/2020;COT3;TEU;EQ14;DMX200 MOD H3.1;;;DF21;Atualizaá∆o de FW ;63
01/10/2020;COT3;TEU;EQ14;DMX200 MOD H3.1;;;DF41;Envio para manutená∆o central-CTG;15
01/10/2020;COT3;TEU;EQ14;DMX200 MOD H3.1;;;DF115;Restauraá∆o da ROM via PC;46
01/10/2020;COT24;GVBUS;EQ14;DMX200 MOD H3.1;;;DF41;Envio para manutená∆o central-CTG;35
01/10/2020;COT24;GVBUS;EQ14;DMX200 MOD H3.1;;;DF88;Reparo com formataá∆o e reinst. FW/SW;60
01/10/2020;COT20;ROSA TURISMO;EQ39;DMX200L JI21 SEM BATERIA;OP66;ROSA TURISMO;DF41;Envio para manutená∆o central-CTG;4
01/10/2020;COT20;ROSA TURISMO;EQ39;DMX200L JI21 SEM BATERIA;OP66;ROSA TURISMO;DF97;Ressolda;2
01/10/2020;COT20;ROSA TURISMO;EQ39;DMX200L JI21 SEM BATERIA;OP66;ROSA TURISMO;DF115;Restauraá∆o da ROM via PC;6
01/10/2020;COT25;COOTRAPS - CE;EQ14;DMX200 MOD H3.1;OP129;COOTRAPS;DF39;Enviados para manutená∆o central CTG;8
01/10/2020;COT1;Transfacil;EQ10;CONNECTION CCIT 4.0;;;DF35;Defeito n∆o encontrado / testes e liberaá∆o;1
01/10/2020;COT1;Transfacil;EQ10;CONNECTION CCIT 4.0;;;DF37;Defeito n∆o encontrado e subst. FW/SW;1
01/10/2020;COT1;Transfacil;EQ10;CONNECTION CCIT 4.0;;;DF88;Reparo com formataá∆o e reinst. FW/SW;12
01/10/2020;COT1;Transfacil;EQ10;CONNECTION CCIT 4.0;;;DF169;Subst. De Componente eletrìnico;1
01/10/2020;COT2;Transcard;EQ10;CONNECTION CCIT 4.0;;;DF41;Envio para manutená∆o central-CTG;25
01/10/2020;COT2;Transcard;EQ10;CONNECTION CCIT 4.0;;;DF59;Intervená‰es com Solda;1
01/10/2020;COT2;Transcard;EQ10;CONNECTION CCIT 4.0;;;DF88;Reparo com formataá∆o e reinst. FW/SW;16
01/10/2020;COT2;Transcard;EQ10;CONNECTION CCIT 4.0;;;DF206;Subst. Do Conector USB;5
01/10/2020;COT10;Metropolitano-Bahia;EQ10;CONNECTION CCIT 4.0;OP64;METROPOLITANO SSA;DF41;Envio para manutená∆o central-CTG;2
01/10/2020;COT10;Metropolitano-Bahia;EQ10;CONNECTION CCIT 4.0;OP64;METROPOLITANO SSA;DF59;Intervená‰es com Solda;4
01/10/2020;COT10;Metropolitano-Bahia;EQ10;CONNECTION CCIT 4.0;OP64;METROPOLITANO SSA;DF88;Reparo com formataá∆o e reinst. FW/SW;1
01/10/2020;COT20;ROSA TURISMO;EQ10;CONNECTION CCIT 4.0;OP66;ROSA TURISMO;DF41;Envio para manutená∆o central-CTG;1
01/10/2020;COT19;S«O JO«O;EQ10;CONNECTION CCIT 4.0;OP67;S«O JO«O;DF59;Intervená‰es com Solda;4
01/10/2020;COT3;TEU;EQ10;CONNECTION CCIT 4.0;;;DF41;Envio para manutená∆o central-CTG;273
01/10/2020;COT24;GVBUS;EQ10;CONNECTION CCIT 4.0;;;DF41;Envio para manutená∆o central-CTG;40
01/10/2020;COT20;ROSA TURISMO;EQ10;CONNECTION CCIT 4.0;OP66;ROSA TURISMO;DF59;Intervená‰es com Solda;5
01/10/2020;COT20;ROSA TURISMO;EQ10;CONNECTION CCIT 4.0;OP66;ROSA TURISMO;DF256;Subst. de Fus°vel;4
01/10/2020;COT3;TEU;EQ22;V3000M;;;DF21;Atualizaá∆o de FW ;103
01/10/2020;COT3;TEU;EQ22;V3000M;;;DF41;Envio para manutená∆o central-CTG;10
01/10/2020;COT3;TEU;EQ22;V3000M;;;DF115;Restauraá∆o da ROM via PC;77
01/10/2020;COT3;TEU;EQ21;V3000L;;;DF21;Atualizaá∆o de FW ;15
01/10/2020;COT3;TEU;EQ21;V3000L;;;DF115;Restauraá∆o da ROM via PC;11
01/10/2020;COT3;TEU;EQ26;V3000M DVR;;;DF21;Atualizaá∆o de FW ;6
01/10/2020;COT3;TEU;EQ26;V3000M DVR;;;DF115;Restauraá∆o da ROM via PC;5
01/10/2020;COT1;Transfacil;EQ27;UT (FTV 3000);;;DF88;Reparo com formataá∆o e reinst. FW/SW;1
01/10/2020;COT1;Transfacil;EQ27;UT (FTV 3000);;;DF169;Subst. De Componente eletrìnico;11
01/10/2020;COT24;GVBUS;EQ33;POS MOVE 2500;;;DF41;Envio para manutená∆o central-CTG;22
01/10/2020;COT20;Rosa Turismo;EQ31;POS 250;OP66;ROSA TURISMO;DF41;Envio para manutená∆o central-CTG;1
01/10/2020;COT20;Rosa Turismo;EQ31;POS 250;OP66;ROSA TURISMO;DF88;Reparo com formataá∆o e reinst. FW/SW;1
01/10/2020;COT19;S∆o Jo∆o;EQ31;POS 250;OP67;S«O JO«O;DF41;Envio para manutená∆o central-CTG;1
01/10/2020;COT19;S∆o Jo∆o;EQ31;POS 250;OP67;S«O JO«O;DF88;Reparo com formataá∆o e reinst. FW/SW;1
01/10/2020;COT2;Transcard;EQ31;POS 250;;;DF41;Envio para manutená∆o central-CTG;7
01/10/2020;COT2;Transcard;EQ31;POS 250;;;DF88;Reparo com formataá∆o e reinst. FW/SW;5
01/10/2020;COT1;Transfacil;EQ31;POS 250;OP27;TRANSFµCIL;DF41;Envio para manutená∆o central-CTG;1
01/10/2020;COT3;TEU;EQ17;FONTE PM;;;DF41;Envio para manutená∆o central-CTG;2
01/11/2020;COT7;Alagoinhas;EQ34;CCIT 4.0 FRONTAL H2.1 C SEM BATERIA;OP68;ALAGOINHAS;DF113;Restaura RAM via PC;2
01/11/2020;COT7;Alagoinhas;EQ34;CCIT 4.0 FRONTAL H2.1 C SEM BATERIA;OP68;ALAGOINHAS;DF209;Subst. Do Display;2
01/11/2020;COT21;Araguarina;EQ35;CCIT 4.0 FRONTAL H2 COM BATERIA;OP81;VIAÄ«O ARAGUARINA;DF41;Envio para manutená∆o central-CTG;1
01/11/2020;COT8;CBTU;EQ1;CCIT 3.0;OP47;CBTU - COMPANHIA BRASILEIRA DE TRENS URBANOS;DF88;Reparo com formataá∆o e reinst. FW/SW;2
01/11/2020;COT24;GVBUS;EQ28;ATM;OP108;GVBUS - SIND. DAS EMP. DE TRANP. METROP. DA GRANDE VIT‡RIA;DF41;Envio para manutená∆o central-CTG;51
01/11/2020;COT24;GVBUS;EQ6;CCIT 4.0 FRONTAL H2.1;;;DF41;Envio para manutená∆o central-CTG;23
01/11/2020;COT24;GVBUS;EQ6;CCIT 4.0 FRONTAL H2.1;;;DF88;Reparo com formataá∆o e reinst. FW/SW;58
01/11/2020;COT6;METRO-BAHIA;EQ28;ATM;OP63;METRO-BAHIA;DF143;Subst. da Impressora;3
01/11/2020;COT6;METRO-BAHIA;EQ28;ATM;OP63;METRO-BAHIA;DF218;Subst. Do Monitor;1
01/11/2020;COT6;METRO-BAHIA;EQ28;ATM;OP63;METRO-BAHIA;DF227;Subst. Do PC ATM;2
01/11/2020;COT6;METRO-BAHIA;EQ28;ATM;OP63;METRO-BAHIA;DF237;Subst. Do Validador de Notas;12
01/11/2020;COT6;Metro-Bahia;EQ37;CCIT 3.13 BLOQUEIO;OP63;METRO-BAHIA;DF132;Subst. Da Bateria de Lithium;1
01/11/2020;COT5;METROFOR/ VLT FORTALEZA;EQ38;CCIT 4.0 METROFOR;OP105;METROFOR LINHA SUL;DF41;Envio para manutená∆o central-CTG;6
01/11/2020;COT5;METROFOR/ VLT FORTALEZA;EQ38;CCIT 4.0 METROFOR;OP105;METROFOR LINHA SUL;DF113;Restaura RAM via PC;6
01/11/2020;COT10;Metropolitano-Bahia;EQ6;CCIT 4.0 FRONTAL H2.1;OP64;METROPOLITANO SSA;DF41;Envio para manutená∆o central-CTG;7
01/11/2020;COT10;Metropolitano-Bahia;EQ6;CCIT 4.0 FRONTAL H2.1;OP64;METROPOLITANO SSA;DF113;Restaura RAM via PC;4
01/11/2020;COT10;Metropolitano-Bahia;EQ6;CCIT 4.0 FRONTAL H2.1;OP64;METROPOLITANO SSA;DF114;Restaura RAM via pendrive;2
01/11/2020;COT10;Metropolitano-Bahia;EQ6;CCIT 4.0 FRONTAL H2.1;OP64;METROPOLITANO SSA;DF132;Subst. Da Bateria de Lithium;5
01/11/2020;COT10;Metropolitano-Bahia;EQ6;CCIT 4.0 FRONTAL H2.1;OP64;METROPOLITANO SSA;DF209;Subst. Do Display;18
01/11/2020;COT20;ROSA TURISMO;EQ36;CCIT 4.0 FRONTAL H1 COM BATERIA;OP66;ROSA TURISMO;DF41;Envio para manutená∆o central-CTG;5
01/11/2020;COT20;ROSA TURISMO;EQ36;CCIT 4.0 FRONTAL H1 COM BATERIA;OP66;ROSA TURISMO;DF209;Subst. Do Display;1
01/11/2020;COT19;S«O JO«O;EQ36;CCIT 4.0 FRONTAL H1 COM BATERIA;OP67;S«O JO«O;DF41;Envio para manutená∆o central-CTG;5
01/11/2020;COT19;S«O JO«O;EQ36;CCIT 4.0 FRONTAL H1 COM BATERIA;OP67;S«O JO«O;DF113;Restaura RAM via PC;2
01/11/2020;COT19;S«O JO«O;EQ36;CCIT 4.0 FRONTAL H1 COM BATERIA;OP67;S«O JO«O;DF132;Subst. Da Bateria de Lithium;3
01/11/2020;COT19;S«O JO«O;EQ36;CCIT 4.0 FRONTAL H1 COM BATERIA;OP67;S«O JO«O;DF209;Subst. Do Display;1
01/11/2020;COT4;Setut;EQ6;CCIT 4.0 FRONTAL H2.1;;;DF41;Envio para manutená∆o central-CTG;9
01/11/2020;COT4;Setut;EQ6;CCIT 4.0 FRONTAL H2.1;;;DF113;Restaura RAM via PC;1
01/11/2020;COT18;Sindpautras;EQ6;CCIT 4.0 FRONTAL H2.1;OP48;SINDPAUTRAS-SIND. PERM. AUT. TRANSP. SU;DF35;Defeito n∆o encontrado / testes e liberaá∆o;1
01/11/2020;COT18;Sindpautras;EQ6;CCIT 4.0 FRONTAL H2.1;OP48;SINDPAUTRAS-SIND. PERM. AUT. TRANSP. SU;DF37;Defeito n∆o encontrado e subst. FW/SW;3
01/11/2020;COT18;Sindpautras;EQ6;CCIT 4.0 FRONTAL H2.1;OP48;SINDPAUTRAS-SIND. PERM. AUT. TRANSP. SU;DF88;Reparo com formataá∆o e reinst. FW/SW;13
01/11/2020;COT22;Taguatur;EQ8;CCIT 4.0 FRONTAL JI21 SEM BATERIA;OP82;TAGUATUR;DF41;Envio para manutená∆o central-CTG;5
01/11/2020;COT3;TEU;EQ3;CCIT 3.5;;;DF21;Atualizaá∆o de FW ;1
01/11/2020;COT3;TEU;EQ3;CCIT 3.5;;;DF41;Envio para manutená∆o central-CTG;2
01/11/2020;COT3;TEU;EQ3;CCIT 3.5;;;DF157;Subst. Da Placa FTCLess;1
01/11/2020;COT3;TEU;EQ36;CCIT 4.0 FRONTAL H1 COM BATERIA;;;DF41;Envio para manutená∆o central-CTG;12
01/11/2020;COT3;TEU;EQ36;CCIT 4.0 FRONTAL H1 COM BATERIA;;;DF60;Limpeza de cache;47
01/11/2020;COT3;TEU;EQ36;CCIT 4.0 FRONTAL H1 COM BATERIA;;;DF115;Restauraá∆o da ROM via PC;107
01/11/2020;COT3;TEU;EQ36;CCIT 4.0 FRONTAL H1 COM BATERIA;;;DF132;Subst. Da Bateria de Lithium;12
01/11/2020;COT3;TEU;EQ36;CCIT 4.0 FRONTAL H1 COM BATERIA;;;DF135;Subst. Da Carcaáa frontal;1
01/11/2020;COT3;TEU;EQ36;CCIT 4.0 FRONTAL H1 COM BATERIA;;;DF136;Subst. Da Carcaáa inferior;1
01/11/2020;COT2;TRANSCARD;EQ28;ATM;OP61;Setps (Transcard);DF9;Ajuste e aperto de conex∆o;2
01/11/2020;COT2;TRANSCARD;EQ28;ATM;OP61;Setps (Transcard);DF66;Manutená∆o na Fechadura Eletrìnica;2
01/11/2020;COT2;TRANSCARD;EQ28;ATM;OP61;Setps (Transcard);DF128;Subst. Da antena Cless;1
01/11/2020;COT2;TRANSCARD;EQ28;ATM;OP61;Setps (Transcard);DF141;Subst. Da Fonte do PDV ATM;1
01/11/2020;COT2;TRANSCARD;EQ28;ATM;OP61;Setps (Transcard);DF143;Subst. da Impressora;1
01/11/2020;COT2;TRANSCARD;EQ28;ATM;OP61;Setps (Transcard);DF179;Subst. Do Cabo de Comunicaá∆o da Impressora;1
01/11/2020;COT2;TRANSCARD;EQ28;ATM;OP61;Setps (Transcard);DF227;Subst. Do PC ATM;1
01/11/2020;COT2;TRANSCARD;EQ28;ATM;OP61;Setps (Transcard);DF228;Subst. Do PDV ATM;2
01/11/2020;COT2;TRANSCARD;EQ28;ATM;OP61;Setps (Transcard);DF231;Subst. Do PINpad;1
01/11/2020;COT2;TRANSCARD;EQ28;ATM;OP61;Setps (Transcard);DF237;Subst. Do Validador de Notas;15
01/11/2020;COT2;Transcard;EQ6;CCIT 4.0 FRONTAL H2.1;;;DF9;Ajuste e aperto de conex∆o;2
01/11/2020;COT2;Transcard;EQ6;CCIT 4.0 FRONTAL H2.1;;;DF41;Envio para manutená∆o central-CTG;17
01/11/2020;COT2;Transcard;EQ6;CCIT 4.0 FRONTAL H2.1;;;DF113;Restaura RAM via PC;21
01/11/2020;COT2;Transcard;EQ6;CCIT 4.0 FRONTAL H2.1;;;DF114;Restaura RAM via pendrive;9
01/11/2020;COT2;Transcard;EQ6;CCIT 4.0 FRONTAL H2.1;;;DF132;Subst. Da Bateria de Lithium;47
01/11/2020;COT2;Transcard;EQ6;CCIT 4.0 FRONTAL H2.1;;;DF209;Subst. Do Display;53
01/11/2020;COT2;Transcard;EQ6;CCIT 4.0 FRONTAL H2.1;;;DF238;Subst. Do Vidro CCIT V4.0;21
01/11/2020;COT1;TRANSFACIL;EQ28;ATM;OP27;TRANSFµCIL;DF32;Defeito n∆o encontrado;6
01/11/2020;COT1;TRANSFACIL;EQ28;ATM;OP27;TRANSFµCIL;DF41;Envio para manutená∆o central-CTG;8
01/11/2020;COT1;TRANSFACIL;EQ28;ATM;OP27;TRANSFµCIL;DF65;Manutená∆o Cofre;1
01/11/2020;COT1;TRANSFACIL;EQ28;ATM;OP27;TRANSFµCIL;DF67;Manutená∆o na Impressora;2
01/11/2020;COT1;TRANSFACIL;EQ28;ATM;OP27;TRANSFµCIL;DF73;Monitor Queimado;1
01/11/2020;COT1;TRANSFACIL;EQ28;ATM;OP27;TRANSFµCIL;DF81;Preventiva Validador de Notas;11
01/11/2020;COT1;TRANSFACIL;EQ28;ATM;OP27;TRANSFµCIL;DF85;Reinstalaá∆o do Drive da Impressora;1
01/11/2020;COT1;TRANSFACIL;EQ28;ATM;OP27;TRANSFµCIL;DF177;Subst. Do Cabeáote da Impressora;2
01/11/2020;COT1;TRANSFACIL;EQ28;ATM;OP27;TRANSFµCIL;DF197;Subst. Do Cofre;1
01/11/2020;COT1;TRANSFACIL;EQ28;ATM;OP27;TRANSFµCIL;DF207;Subst. Do Conversor Serial;1
01/11/2020;COT1;TRANSFACIL;EQ28;ATM;OP27;TRANSFµCIL;DF208;Subst. Do Dispenser do cart∆o;1
01/11/2020;COT1;TRANSFACIL;EQ28;ATM;OP27;TRANSFµCIL;DF227;Subst. Do PC ATM;1
01/11/2020;COT1;TRANSFACIL;EQ28;ATM;OP27;TRANSFµCIL;DF228;Subst. Do PDV ATM;1
01/11/2020;COT1;TRANSFACIL;EQ28;ATM;OP27;TRANSFµCIL;DF237;Subst. Do Validador de Notas;4
01/11/2020;COT1;Transfacil;EQ6;CCIT 4.0 FRONTAL H2.1;;;DF37;Defeito n∆o encontrado e subst. FW/SW;2
01/11/2020;COT1;Transfacil;EQ6;CCIT 4.0 FRONTAL H2.1;;;DF88;Reparo com formataá∆o e reinst. FW/SW;43
01/11/2020;COT1;Transfacil;EQ6;CCIT 4.0 FRONTAL H2.1;;;DF136;Subst. Da Carcaáa inferior;4
01/11/2020;COT1;Transfacil;EQ6;CCIT 4.0 FRONTAL H2.1;;;DF216;Subst. Do M¢dulo H2;3
01/11/2020;COT1;Transfacil;EQ6;CCIT 4.0 FRONTAL H2.1;;;DF238;Subst. Do Vidro CCIT V4.0;12
01/11/2020;COT23;UTB;EQ6;CCIT 4.0 FRONTAL H2.1;OP83;UTB;DF41;Envio para manutená∆o central-CTG;9
01/11/2020;COT16;Via Ouro;EQ3;CCIT 3.5;OP49;VIA OURO COLETIVOS LTDA;DF88;Reparo com formataá∆o e reinst. FW/SW;3
01/11/2020;COT16;Via Ouro;EQ3;CCIT 3.5;OP49;VIA OURO COLETIVOS LTDA;DF108;Ressolda no circuito da placa-m∆e;1
01/11/2020;COT16;Via Ouro;EQ3;CCIT 3.5;OP49;VIA OURO COLETIVOS LTDA;DF162;Subst. Da Placa Mbccit;1
01/11/2020;COT1;Transfacil;EQ14;DMX200 MOD H3.1;;;DF35;Defeito n∆o encontrado / testes e liberaá∆o;1
01/11/2020;COT1;Transfacil;EQ14;DMX200 MOD H3.1;;;DF41;Envio para manutená∆o central-CTG;35
01/11/2020;COT1;Transfacil;EQ14;DMX200 MOD H3.1;;;DF88;Reparo com formataá∆o e reinst. FW/SW;106
01/11/2020;COT1;Transfacil;EQ14;DMX200 MOD H3.1;;;DF135;Subst. Da Carcaáa frontal;3
01/11/2020;COT1;Transfacil;EQ14;DMX200 MOD H3.1;;;DF169;Subst. De Componente eletrìnico;1
01/11/2020;COT1;Transfacil;EQ14;DMX200 MOD H3.1;;;DF170;Subst. De Gorila Glass;3
01/11/2020;COT9;SINTRAM SEM DMX200;EQ16;PDM03;OP51;CONS‡RCIO ‡TIMO DE BILHETAGEM ELETR‚NICA ;DF30;Chip danificado/bloqueado aguardando chip Trans.;1
01/11/2020;COT9;SINTRAM SEM DMX200;EQ16;PDM03;OP51;CONS‡RCIO ‡TIMO DE BILHETAGEM ELETR‚NICA ;DF88;Reparo com formataá∆o e reinst. FW/SW;124
01/11/2020;COT9;SINTRAM SEM DMX200;EQ16;PDM03;OP51;CONS‡RCIO ‡TIMO DE BILHETAGEM ELETR‚NICA ;DF209;Subst. Do Display;2
01/11/2020;COT9;SINTRAM COM DMX200;EQ12;DMX200 MOD H3;OP51;CONS‡RCIO ‡TIMO DE BILHETAGEM ELETR‚NICA ;DF41;Envio para manutená∆o central-CTG;11
01/11/2020;COT9;SINTRAM COM DMX200;EQ12;DMX200 MOD H3;OP51;CONS‡RCIO ‡TIMO DE BILHETAGEM ELETR‚NICA ;DF88;Reparo com formataá∆o e reinst. FW/SW;56
01/11/2020;COT9;SINTRAM COM DMX200;EQ12;DMX200 MOD H3;OP51;CONS‡RCIO ‡TIMO DE BILHETAGEM ELETR‚NICA ;DF169;Subst. De Componente eletrìnico;1
01/11/2020;COT9;SINTRAM COM DMX200;EQ12;DMX200 MOD H3;OP51;CONS‡RCIO ‡TIMO DE BILHETAGEM ELETR‚NICA ;DF170;Subst. De Gorila Glass;1
01/11/2020;COT2;Transcard;EQ16;PDM03;;;DF9;Ajuste e aperto de conex∆o;3
01/11/2020;COT2;Transcard;EQ16;PDM03;;;DF41;Envio para manutená∆o central-CTG;7
01/11/2020;COT2;Transcard;EQ16;PDM03;;;DF88;Reparo com formataá∆o e reinst. FW/SW;4
01/11/2020;COT2;Transcard;EQ16;PDM03;;;DF125;Subst. Bot∆o on/off;3
01/11/2020;COT19;S«O JO«O;EQ39;DMX200L JI21 SEM BATERIA;OP67;S«O JO«O;DF41;Envio para manutená∆o central-CTG;11
01/11/2020;COT20;ROSA TURISMO;EQ39;DMX200L JI21 SEM BATERIA;OP66;ROSA TURISMO;DF98;Ressolda conector DB25;2
01/11/2020;COT4;Setut;EQ14;DMX200 MOD H3.1;;;DF41;Envio para manutená∆o central-CTG;17
01/11/2020;COT22;Taguatur PM NOVO;EQ39;DMX200L JI21 SEM BATERIA;OP82;TAGUATUR;DF41;Envio para manutená∆o central-CTG;74
01/11/2020;COT3;TEU;EQ14;DMX200 MOD H3.1;;;DF21;Atualizaá∆o de FW ;27
01/11/2020;COT3;TEU;EQ14;DMX200 MOD H3.1;;;DF41;Envio para manutená∆o central-CTG;5
01/11/2020;COT3;TEU;EQ14;DMX200 MOD H3.1;;;DF115;Restauraá∆o da ROM via PC;24
01/11/2020;COT24;GVBUS;EQ14;DMX200 MOD H3.1;;;DF41;Envio para manutená∆o central-CTG;34
01/11/2020;COT24;GVBUS;EQ14;DMX200 MOD H3.1;;;DF88;Reparo com formataá∆o e reinst. FW/SW;41
01/11/2020;COT20;ROSA TURISMO;EQ39;DMX200L JI21 SEM BATERIA;OP66;ROSA TURISMO;DF41;Envio para manutená∆o central-CTG;13
01/11/2020;COT25;COOTRAPS - CE;EQ14;DMX200 MOD H3.1;OP129;COOTRAPS;DF39;Enviados para manutená∆o central CTG;16
01/11/2020;COT1;Transfacil;EQ10;CONNECTION CCIT 4.0;;;DF37;Defeito n∆o encontrado e subst. FW/SW;3
01/11/2020;COT1;Transfacil;EQ10;CONNECTION CCIT 4.0;;;DF88;Reparo com formataá∆o e reinst. FW/SW;10
01/11/2020;COT1;Transfacil;EQ10;CONNECTION CCIT 4.0;;;DF169;Subst. De Componente eletrìnico;3
01/11/2020;COT2;Transcard;EQ10;CONNECTION CCIT 4.0;;;DF41;Envio para manutená∆o central-CTG;29
01/11/2020;COT2;Transcard;EQ10;CONNECTION CCIT 4.0;;;DF88;Reparo com formataá∆o e reinst. FW/SW;21
01/11/2020;COT2;Transcard;EQ10;CONNECTION CCIT 4.0;;;DF206;Subst. Do Conector USB;4
01/11/2020;COT10;Metropolitano-Bahia;EQ10;CONNECTION CCIT 4.0;OP64;METROPOLITANO SSA;DF41;Envio para manutená∆o central-CTG;1
01/11/2020;COT20;ROSA TURISMO;EQ10;CONNECTION CCIT 4.0;OP66;ROSA TURISMO;DF59;Intervená‰es com Solda;1
01/11/2020;COT19;S«O JO«O;EQ10;CONNECTION CCIT 4.0;OP67;S«O JO«O;DF59;Intervená‰es com Solda;1
01/11/2020;COT3;TEU;EQ10;CONNECTION CCIT 4.0;;;DF41;Envio para manutená∆o central-CTG;43
01/11/2020;COT24;GVBUS;EQ10;CONNECTION CCIT 4.0;;;DF41;Envio para manutená∆o central-CTG;25
01/11/2020;COT20;ROSA TURISMO;EQ10;CONNECTION CCIT 4.0;OP66;ROSA TURISMO;DF256;Subst. de Fus°vel;2
01/11/2020;COT3;TEU;EQ22;V3000M;;;DF21;Atualizaá∆o de FW ;47
01/11/2020;COT3;TEU;EQ22;V3000M;;;DF41;Envio para manutená∆o central-CTG;15
01/11/2020;COT3;TEU;EQ22;V3000M;;;DF115;Restauraá∆o da ROM via PC;45
01/11/2020;COT3;TEU;EQ22;V3000M;;;DF232;Subst. Do SDCard;2
01/11/2020;COT3;TEU;EQ21;V3000L;;;DF21;Atualizaá∆o de FW ;1
01/11/2020;COT3;TEU;EQ21;V3000L;;;DF115;Restauraá∆o da ROM via PC;1
01/11/2020;COT3;TEU;EQ26;V3000M DVR;;;DF21;Atualizaá∆o de FW ;10
01/11/2020;COT3;TEU;EQ26;V3000M DVR;;;DF115;Restauraá∆o da ROM via PC;9
01/11/2020;COT3;TEU;EQ26;V3000M DVR;;;DF26;Atualizaá∆o do PIC;2
01/11/2020;COT1;Transfacil;EQ27;UT (FTV 3000);;;DF88;Reparo com formataá∆o e reinst. FW/SW;5
01/11/2020;COT1;Transfacil;EQ27;UT (FTV 3000);;;DF169;Subst. De Componente eletrìnico;6
01/11/2020;COT24;GVBUS;EQ33;POS MOVE 2500;;;DF41;Envio para manutená∆o central-CTG;18
01/11/2020;COT20;Rosa Turismo;EQ31;POS 250;OP66;ROSA TURISMO;DF88;Reparo com formataá∆o e reinst. FW/SW;1
01/11/2020;COT19;S∆o Jo∆o;EQ31;POS 250;OP67;S«O JO«O;DF41;Envio para manutená∆o central-CTG;1
01/11/2020;COT19;S∆o Jo∆o;EQ31;POS 250;OP67;S«O JO«O;DF88;Reparo com formataá∆o e reinst. FW/SW;1
01/11/2020;COT2;Transcard;EQ31;POS 250;;;DF41;Envio para manutená∆o central-CTG;11
01/11/2020;COT2;Transcard;EQ31;POS 250;;;DF88;Reparo com formataá∆o e reinst. FW/SW;3
01/11/2020;COT1;Transfacil;EQ31;POS 250;OP27;TRANSFµCIL;DF41;Envio para manutená∆o central-CTG;3
01/11/2020;COT3;TEU;EQ17;FONTE PM;;;DF41;Envio para manutená∆o central-CTG;4
01/12/2020;COT7;Alagoinhas;EQ34;CCIT 4.0 FRONTAL H2.1 C SEM BATERIA;OP68;ALAGOINHAS;DF113;Restaura RAM via PC;3
01/12/2020;COT8;CBTU;EQ1;CCIT 3.0;OP47;CBTU - COMPANHIA BRASILEIRA DE TRENS URBANOS;DF37;Defeito n∆o encontrado e subst. FW/SW;2
01/12/2020;COT8;CBTU;EQ1;CCIT 3.0;OP47;CBTU - COMPANHIA BRASILEIRA DE TRENS URBANOS;DF41;Envio para manutená∆o central-CTG;4
01/12/2020;COT8;CBTU;EQ1;CCIT 3.0;OP47;CBTU - COMPANHIA BRASILEIRA DE TRENS URBANOS;DF88;Reparo com formataá∆o e reinst. FW/SW;2
01/12/2020;COT24;GVBUS;EQ28;ATM;OP108;GVBUS - SIND. DAS EMP. DE TRANP. METROP. DA GRANDE VIT‡RIA;DF41;Envio para manutená∆o central-CTG;34
01/12/2020;COT24;GVBUS;EQ6;CCIT 4.0 FRONTAL H2.1;;;DF41;Envio para manutená∆o central-CTG;21
01/12/2020;COT24;GVBUS;EQ6;CCIT 4.0 FRONTAL H2.1;;;DF88;Reparo com formataá∆o e reinst. FW/SW;83
01/12/2020;COT6;METRO-BAHIA;EQ28;ATM;OP63;METRO-BAHIA;DF7;Ajuste do M¢dulo de Impress∆o;2
01/12/2020;COT6;METRO-BAHIA;EQ28;ATM;OP63;METRO-BAHIA;DF41;Envio para manutená∆o central-CTG;2
01/12/2020;COT6;METRO-BAHIA;EQ28;ATM;OP63;METRO-BAHIA;DF66;Manutená∆o na Fechadura Eletrìnica;1
01/12/2020;COT6;METRO-BAHIA;EQ28;ATM;OP63;METRO-BAHIA;DF143;Subst. da Impressora;6
01/12/2020;COT6;METRO-BAHIA;EQ28;ATM;OP63;METRO-BAHIA;DF218;Subst. Do Monitor;1
01/12/2020;COT6;METRO-BAHIA;EQ28;ATM;OP63;METRO-BAHIA;DF227;Subst. Do PC ATM;2
01/12/2020;COT6;METRO-BAHIA;EQ28;ATM;OP63;METRO-BAHIA;DF237;Subst. Do Validador de Notas;13
01/12/2020;COT6;Metro-Bahia;EQ37;CCIT 3.13 BLOQUEIO;OP63;METRO-BAHIA;DF41;Envio para manutená∆o central-CTG;1
01/12/2020;COT6;Metro-Bahia;EQ37;CCIT 3.13 BLOQUEIO;OP63;METRO-BAHIA;DF132;Subst. Da Bateria de Lithium;2
01/12/2020;COT6;Metro-Bahia;EQ9;CCIT 4.0 (BLOQUEIO) FRONTAL H1;OP63;METRO-BAHIA;DF41;Envio para manutená∆o central-CTG;1
01/12/2020;COT6;Metro-Bahia;EQ9;CCIT 4.0 (BLOQUEIO) FRONTAL H1;OP63;METRO-BAHIA;DF113;Restaura RAM via PC;1
01/12/2020;COT5;METROFOR/ VLT FORTALEZA;EQ38;CCIT 4.0 METROFOR;OP105;METROFOR LINHA SUL;DF41;Envio para manutená∆o central-CTG;11
01/12/2020;COT10;Metropolitano-Bahia;EQ6;CCIT 4.0 FRONTAL H2.1;OP64;METROPOLITANO SSA;DF41;Envio para manutená∆o central-CTG;2
01/12/2020;COT10;Metropolitano-Bahia;EQ6;CCIT 4.0 FRONTAL H2.1;OP64;METROPOLITANO SSA;DF113;Restaura RAM via PC;4
01/12/2020;COT10;Metropolitano-Bahia;EQ6;CCIT 4.0 FRONTAL H2.1;OP64;METROPOLITANO SSA;DF132;Subst. Da Bateria de Lithium;4
01/12/2020;COT10;Metropolitano-Bahia;EQ6;CCIT 4.0 FRONTAL H2.1;OP64;METROPOLITANO SSA;DF209;Subst. Do Display;10
01/12/2020;COT20;ROSA TURISMO;EQ36;CCIT 4.0 FRONTAL H1 COM BATERIA;OP66;ROSA TURISMO;DF132;Subst. Da Bateria de Lithium;3
01/12/2020;COT20;ROSA TURISMO;EQ36;CCIT 4.0 FRONTAL H1 COM BATERIA;OP66;ROSA TURISMO;DF41;Envio para manutená∆o central-CTG;2
01/12/2020;COT19;S«O JO«O;EQ36;CCIT 4.0 FRONTAL H1 COM BATERIA;OP67;S«O JO«O;DF41;Envio para manutená∆o central-CTG;4
01/12/2020;COT19;S«O JO«O;EQ36;CCIT 4.0 FRONTAL H1 COM BATERIA;OP67;S«O JO«O;DF113;Restaura RAM via PC;2
01/12/2020;COT19;S«O JO«O;EQ36;CCIT 4.0 FRONTAL H1 COM BATERIA;OP67;S«O JO«O;DF132;Subst. Da Bateria de Lithium;5
01/12/2020;COT19;S«O JO«O;EQ36;CCIT 4.0 FRONTAL H1 COM BATERIA;OP67;S«O JO«O;DF209;Subst. Do Display;1
01/12/2020;COT4;Setut;EQ6;CCIT 4.0 FRONTAL H2.1;;;DF41;Envio para manutená∆o central-CTG;12
01/12/2020;COT4;Setut;EQ6;CCIT 4.0 FRONTAL H2.1;;;DF60;Limpeza de cache;3
01/12/2020;COT18;Sindpautras;EQ6;CCIT 4.0 FRONTAL H2.1;OP48;SINDPAUTRAS-SIND. PERM. AUT. TRANSP. SU;DF37;Defeito n∆o encontrado e subst. FW/SW;1
01/12/2020;COT18;Sindpautras;EQ6;CCIT 4.0 FRONTAL H2.1;OP48;SINDPAUTRAS-SIND. PERM. AUT. TRANSP. SU;DF88;Reparo com formataá∆o e reinst. FW/SW;19
01/12/2020;COT18;Sindpautras;EQ6;CCIT 4.0 FRONTAL H2.1;OP48;SINDPAUTRAS-SIND. PERM. AUT. TRANSP. SU;DF169;Subst. De Componente eletrìnico;1
01/12/2020;COT18;Sindpautras;EQ6;CCIT 4.0 FRONTAL H2.1;OP48;SINDPAUTRAS-SIND. PERM. AUT. TRANSP. SU;DF238;Subst. Do Vidro CCIT V4.0;1
01/12/2020;COT22;Taguatur;EQ8;CCIT 4.0 FRONTAL JI21 SEM BATERIA;OP82;TAGUATUR;DF41;Envio para manutená∆o central-CTG;11
01/12/2020;COT3;TEU;EQ3;CCIT 3.5;;;DF21;Atualizaá∆o de FW ;1
01/12/2020;COT3;TEU;EQ3;CCIT 3.5;;;DF135;Subst. Da Carcaáa frontal;1
01/12/2020;COT3;TEU;EQ36;CCIT 4.0 FRONTAL H1 COM BATERIA;;;DF41;Envio para manutená∆o central-CTG;8
01/12/2020;COT3;TEU;EQ36;CCIT 4.0 FRONTAL H1 COM BATERIA;;;DF60;Limpeza de cache;72
01/12/2020;COT3;TEU;EQ36;CCIT 4.0 FRONTAL H1 COM BATERIA;;;DF115;Restauraá∆o da ROM via PC;152
01/12/2020;COT3;TEU;EQ36;CCIT 4.0 FRONTAL H1 COM BATERIA;;;DF132;Subst. Da Bateria de Lithium;10
01/12/2020;COT3;TEU;EQ36;CCIT 4.0 FRONTAL H1 COM BATERIA;;;DF135;Subst. Da Carcaáa frontal;1
01/12/2020;COT3;TEU;EQ36;CCIT 4.0 FRONTAL H1 COM BATERIA;;;DF136;Subst. Da Carcaáa inferior;1
01/12/2020;COT2;TRANSCARD;EQ28;ATM;OP61;Setps (Transcard);DF66;Manutená∆o na Fechadura Eletrìnica;1
01/12/2020;COT2;TRANSCARD;EQ28;ATM;OP61;Setps (Transcard);DF69;Manutená∆o no Sensor de Porta;1
01/12/2020;COT2;TRANSCARD;EQ28;ATM;OP61;Setps (Transcard);DF143;Subst. da Impressora;2
01/12/2020;COT2;TRANSCARD;EQ28;ATM;OP61;Setps (Transcard);DF227;Subst. Do PC ATM;4
01/12/2020;COT2;TRANSCARD;EQ28;ATM;OP61;Setps (Transcard);DF231;Subst. Do PINpad;1
01/12/2020;COT2;TRANSCARD;EQ28;ATM;OP61;Setps (Transcard);DF237;Subst. Do Validador de Notas;7
01/12/2020;COT2;Transcard;EQ6;CCIT 4.0 FRONTAL H2.1;;;DF41;Envio para manutená∆o central-CTG;15
01/12/2020;COT2;Transcard;EQ6;CCIT 4.0 FRONTAL H2.1;;;DF47;Formataá∆o de SDCARD;18
01/12/2020;COT2;Transcard;EQ6;CCIT 4.0 FRONTAL H2.1;;;DF151;Subst. Da placa DVR;7
01/12/2020;COT2;Transcard;EQ6;CCIT 4.0 FRONTAL H2.1;;;DF187;Subst. Do cart∆o SD/HD;17
01/12/2020;COT1;TRANSFACIL;EQ28;ATM;OP27;TRANSFµCIL;DF19;ATM - defeito n∆o confirmado;10
01/12/2020;COT1;TRANSFACIL;EQ28;ATM;OP27;TRANSFµCIL;DF41;Envio para manutená∆o central-CTG;5
01/12/2020;COT1;TRANSFACIL;EQ28;ATM;OP27;TRANSFµCIL;DF67;Manutená∆o na Impressora;2
01/12/2020;COT1;TRANSFACIL;EQ28;ATM;OP27;TRANSFµCIL;DF73;Monitor Queimado;1
01/12/2020;COT1;TRANSFACIL;EQ28;ATM;OP27;TRANSFµCIL;DF81;Preventiva Validador de Notas;3
01/12/2020;COT1;TRANSFACIL;EQ28;ATM;OP27;TRANSFµCIL;DF128;Subst. Da antena Cless;1
01/12/2020;COT1;TRANSFACIL;EQ28;ATM;OP27;TRANSFµCIL;DF143;Subst. da Impressora;1
01/12/2020;COT1;TRANSFACIL;EQ28;ATM;OP27;TRANSFµCIL;DF177;Subst. Do Cabeáote da Impressora;1
01/12/2020;COT1;TRANSFACIL;EQ28;ATM;OP27;TRANSFµCIL;DF208;Subst. Do Dispenser do cart∆o;1
01/12/2020;COT1;TRANSFACIL;EQ28;ATM;OP27;TRANSFµCIL;DF237;Subst. Do Validador de Notas;7
01/12/2020;COT1;Transfacil;EQ6;CCIT 4.0 FRONTAL H2.1;;;DF37;Defeito n∆o encontrado e subst. FW/SW;3
01/12/2020;COT1;Transfacil;EQ6;CCIT 4.0 FRONTAL H2.1;;;DF88;Reparo com formataá∆o e reinst. FW/SW;79
01/12/2020;COT1;Transfacil;EQ6;CCIT 4.0 FRONTAL H2.1;;;DF238;Subst. Do Vidro CCIT V4.0;8
01/12/2020;COT23;UTB;EQ6;CCIT 4.0 FRONTAL H2.1;OP83;UTB;DF41;Envio para manutená∆o central-CTG;11
01/12/2020;COT16;Via Ouro;EQ3;CCIT 3.5;OP49;VIA OURO COLETIVOS LTDA;DF37;Defeito n∆o encontrado e subst. FW/SW;1
01/12/2020;COT16;Via Ouro;EQ3;CCIT 3.5;OP49;VIA OURO COLETIVOS LTDA;DF88;Reparo com formataá∆o e reinst. FW/SW;1
01/12/2020;COT1;Transfacil;EQ14;DMX200 MOD H3.1;;;DF37;Defeito n∆o encontrado e subst. FW/SW;2
01/12/2020;COT1;Transfacil;EQ14;DMX200 MOD H3.1;;;DF41;Envio para manutená∆o central-CTG;29
01/12/2020;COT1;Transfacil;EQ14;DMX200 MOD H3.1;;;DF88;Reparo com formataá∆o e reinst. FW/SW;89
01/12/2020;COT1;Transfacil;EQ14;DMX200 MOD H3.1;;;DF135;Subst. Da Carcaáa frontal;1
01/12/2020;COT1;Transfacil;EQ14;DMX200 MOD H3.1;;;DF169;Subst. De Componente eletrìnico;4
01/12/2020;COT1;Transfacil;EQ14;DMX200 MOD H3.1;;;DF170;Subst. De Gorila Glass;1
01/12/2020;COT9;SINTRAM SEM DMX200;EQ16;PDM03;OP51;CONS‡RCIO ‡TIMO DE BILHETAGEM ELETR‚NICA ;DF88;Reparo com formataá∆o e reinst. FW/SW;69
01/12/2020;COT9;SINTRAM SEM DMX200;EQ16;PDM03;OP51;CONS‡RCIO ‡TIMO DE BILHETAGEM ELETR‚NICA ;DF209;Subst. Do Display;1
01/12/2020;COT9;SINTRAM COM DMX200;EQ12;DMX200 MOD H3;OP51;CONS‡RCIO ‡TIMO DE BILHETAGEM ELETR‚NICA ;DF37;Defeito n∆o encontrado e subst. FW/SW;1
01/12/2020;COT9;SINTRAM COM DMX200;EQ12;DMX200 MOD H3;OP51;CONS‡RCIO ‡TIMO DE BILHETAGEM ELETR‚NICA ;DF41;Envio para manutená∆o central-CTG;19
01/12/2020;COT9;SINTRAM COM DMX200;EQ12;DMX200 MOD H3;OP51;CONS‡RCIO ‡TIMO DE BILHETAGEM ELETR‚NICA ;DF88;Reparo com formataá∆o e reinst. FW/SW;66
01/12/2020;COT9;SINTRAM COM DMX200;EQ12;DMX200 MOD H3;OP51;CONS‡RCIO ‡TIMO DE BILHETAGEM ELETR‚NICA ;DF135;Subst. Da Carcaáa frontal;1
01/12/2020;COT9;SINTRAM COM DMX200;EQ12;DMX200 MOD H3;OP51;CONS‡RCIO ‡TIMO DE BILHETAGEM ELETR‚NICA ;DF170;Subst. De Gorila Glass;1
01/12/2020;COT2;Transcard;EQ16;PDM03;;;DF9;Ajuste e aperto de conex∆o;2
01/12/2020;COT2;Transcard;EQ16;PDM03;;;DF22;Atualizaá∆o de pacote;5
01/12/2020;COT2;Transcard;EQ16;PDM03;;;DF41;Envio para manutená∆o central-CTG;11
01/12/2020;COT2;Transcard;EQ16;PDM03;;;DF125;Subst. Bot∆o on/off;4
01/12/2020;COT19;S«O JO«O;EQ39;DMX200L JI21 SEM BATERIA;OP67;S«O JO«O;DF41;Envio para manutená∆o central-CTG;6
01/12/2020;COT19;S«O JO«O;EQ39;DMX200L JI21 SEM BATERIA;OP67;S«O JO«O;DF115;Restauraá∆o da ROM via PC;6
01/12/2020;COT4;Setut;EQ14;DMX200 MOD H3.1;;;DF41;Envio para manutená∆o central-CTG;38
01/12/2020;COT4;Setut;EQ14;DMX200 MOD H3.1;;;DF88;Reparo com formataá∆o e reinst. FW/SW;2
01/12/2020;COT4;Setut;EQ14;DMX200 MOD H3.1;;;DF97;Ressolda;4
01/12/2020;COT22;Taguatur PM NOVO;EQ39;DMX200L JI21 SEM BATERIA;OP82;TAGUATUR;DF41;Envio para manutená∆o central-CTG;50
01/12/2020;COT3;TEU;EQ14;DMX200 MOD H3.1;;;DF21;Atualizaá∆o de FW ;37
01/12/2020;COT3;TEU;EQ14;DMX200 MOD H3.1;;;DF41;Envio para manutená∆o central-CTG;10
01/12/2020;COT3;TEU;EQ14;DMX200 MOD H3.1;;;DF115;Restauraá∆o da ROM via PC;37
01/12/2020;COT24;GVBUS;EQ14;DMX200 MOD H3.1;;;DF41;Envio para manutená∆o central-CTG;47
01/12/2020;COT24;GVBUS;EQ14;DMX200 MOD H3.1;;;DF88;Reparo com formataá∆o e reinst. FW/SW;55
01/12/2020;COT20;ROSA TURISMO;EQ39;DMX200L JI21 SEM BATERIA;OP66;ROSA TURISMO;DF41;Envio para manutená∆o central-CTG;5
01/12/2020;COT20;ROSA TURISMO;EQ39;DMX200L JI21 SEM BATERIA;OP66;ROSA TURISMO;DF115;Restauraá∆o da ROM via PC;5
01/12/2020;COT25;COOTRAPS - CE;EQ14;DMX200 MOD H3.1;OP129;COOTRAPS;DF39;Enviados para manutená∆o central CTG;20
01/12/2020;COT25;COOTRAPS - CE;EQ14;DMX200 MOD H3.1;OP129;COOTRAPS;DF90;Reparo com formataá∆o e subst. FW/SW;2
01/12/2020;COT25;COOTRAPS - CE;EQ14;DMX200 MOD H3.1;OP129;COOTRAPS;DF97;Ressolda;4
01/12/2020;COT1;Transfacil;EQ10;CONNECTION CCIT 4.0;;;DF37;Defeito n∆o encontrado e subst. FW/SW;5
01/12/2020;COT1;Transfacil;EQ10;CONNECTION CCIT 4.0;;;DF88;Reparo com formataá∆o e reinst. FW/SW;11
01/12/2020;COT2;Transcard;EQ10;CONNECTION CCIT 4.0;;;DF41;Envio para manutená∆o central-CTG;21
01/12/2020;COT2;Transcard;EQ10;CONNECTION CCIT 4.0;;;DF88;Reparo com formataá∆o e reinst. FW/SW;32
01/12/2020;COT2;Transcard;EQ10;CONNECTION CCIT 4.0;;;DF206;Subst. Do Conector USB;4
01/12/2020;COT2;Transcard;EQ10;CONNECTION CCIT 4.0;;;DF245;Subst. Terminal Block;2
01/12/2020;COT10;Metropolitano-Bahia;EQ10;CONNECTION CCIT 4.0;OP64;METROPOLITANO SSA;DF41;Envio para manutená∆o central-CTG;3
01/12/2020;COT10;Metropolitano-Bahia;EQ10;CONNECTION CCIT 4.0;OP64;METROPOLITANO SSA;DF88;Reparo com formataá∆o e reinst. FW/SW;6
01/12/2020;COT10;Metropolitano-Bahia;EQ10;CONNECTION CCIT 4.0;OP64;METROPOLITANO SSA;DF206;Subst. Do Conector USB;1
01/12/2020;COT19;S«O JO«O;EQ10;CONNECTION CCIT 4.0;OP67;S«O JO«O;DF41;Envio para manutená∆o central-CTG;1
01/12/2020;COT19;S«O JO«O;EQ10;CONNECTION CCIT 4.0;OP67;S«O JO«O;DF59;Intervená‰es com Solda;3
01/12/2020;COT19;S«O JO«O;EQ10;CONNECTION CCIT 4.0;OP67;S«O JO«O;DF206;Subst. Do Conector USB;1
01/12/2020;COT3;TEU;EQ10;CONNECTION CCIT 4.0;;;DF41;Envio para manutená∆o central-CTG;19
01/12/2020;COT24;GVBUS;EQ10;CONNECTION CCIT 4.0;;;DF41;Envio para manutená∆o central-CTG;47
01/12/2020;COT20;ROSA TURISMO;EQ10;CONNECTION CCIT 4.0;OP66;ROSA TURISMO;DF59;Intervená‰es com Solda;2
01/12/2020;COT20;ROSA TURISMO;EQ10;CONNECTION CCIT 4.0;OP66;ROSA TURISMO;DF256;Subst. de Fus°vel;2
01/12/2020;COT19;S«O JO«O;EQ10;CONNECTION CCIT 4.0;OP67;S«O JO«O;DF256;Subst. de Fus°vel;3
01/12/2020;COT3;TEU;EQ22;V3000M;;;DF21;Atualizaá∆o de FW ;76
01/12/2020;COT3;TEU;EQ22;V3000M;;;DF41;Envio para manutená∆o central-CTG;4
01/12/2020;COT3;TEU;EQ22;V3000M;;;DF115;Restauraá∆o da ROM via PC;76
01/12/2020;COT3;TEU;EQ21;V3000L;;;DF21;Atualizaá∆o de FW ;3
01/12/2020;COT3;TEU;EQ21;V3000L;;;DF115;Restauraá∆o da ROM via PC;3
01/12/2020;COT3;TEU;EQ26;V3000M DVR;;;DF21;Atualizaá∆o de FW ;8
01/12/2020;COT3;TEU;EQ26;V3000M DVR;;;DF115;Restauraá∆o da ROM via PC;8
01/12/2020;COT3;TEU;EQ26;V3000M DVR;;;DF41;Envio para manutená∆o central-CTG;1
01/12/2020;COT1;Transfacil;EQ27;UT (FTV 3000);;;DF35;Defeito n∆o encontrado / testes e liberaá∆o;5
01/12/2020;COT1;Transfacil;EQ27;UT (FTV 3000);;;DF37;Defeito n∆o encontrado e subst. FW/SW;1
01/12/2020;COT1;Transfacil;EQ27;UT (FTV 3000);;;DF88;Reparo com formataá∆o e reinst. FW/SW;1
01/12/2020;COT1;Transfacil;EQ27;UT (FTV 3000);;;DF169;Subst. De Componente eletrìnico;8
01/12/2020;COT24;GVBUS;EQ33;POS MOVE 2500;;;DF41;Envio para manutená∆o central-CTG;20
01/12/2020;COT20;Rosa Turismo;EQ31;POS 250;OP66;ROSA TURISMO;DF41;Envio para manutená∆o central-CTG;1
01/12/2020;COT20;Rosa Turismo;EQ31;POS 250;OP66;ROSA TURISMO;DF88;Reparo com formataá∆o e reinst. FW/SW;1
01/12/2020;COT19;S∆o Jo∆o;EQ31;POS 250;OP67;S«O JO«O;DF9;Ajuste e aperto de conex∆o;1
01/12/2020;COT19;S∆o Jo∆o;EQ31;POS 250;OP67;S«O JO«O;DF88;Reparo com formataá∆o e reinst. FW/SW;2
01/12/2020;COT2;Transcard;EQ32;POS 280;;;DF7;Ajuste do M¢dulo de Impress∆o;3
01/12/2020;COT2;Transcard;EQ31;POS 250;;;DF41;Envio para manutená∆o central-CTG;6
01/12/2020;COT2;Transcard;EQ31;POS 250;;;DF88;Reparo com formataá∆o e reinst. FW/SW;8
01/12/2020;COT2;Transcard;EQ33;POS MOVE 2500;;;DF41;Envio para manutená∆o central-CTG;3
01/12/2020;COT1;Transfacil;EQ31;POS 250;OP27;TRANSFµCIL;DF41;Envio para manutená∆o central-CTG;4
01/01/2021;COT7;Alagoinhas;EQ34;CCIT 4.0 FRONTAL H2.1 C SEM BATERIA;OP68;ALAGOINHAS;DF113;Restaura RAM via PC;4
01/01/2021;COT8;CBTU;EQ1;CCIT 3.0;OP47;CBTU - COMPANHIA BRASILEIRA DE TRENS URBANOS;DF35;Defeito n∆o encontrado / testes e liberaá∆o;1
01/01/2021;COT8;CBTU;EQ1;CCIT 3.0;OP47;CBTU - COMPANHIA BRASILEIRA DE TRENS URBANOS;DF37;Defeito n∆o encontrado e subst. FW/SW;4
01/01/2021;COT8;CBTU;EQ1;CCIT 3.0;OP47;CBTU - COMPANHIA BRASILEIRA DE TRENS URBANOS;DF108;Ressolda no circuito da placa-m∆e;1
01/01/2021;COT8;CBTU;EQ1;CCIT 3.0;OP47;CBTU - COMPANHIA BRASILEIRA DE TRENS URBANOS;DF129;Subst. Da Antena Cless e adesivo frontal;1
01/01/2021;COT8;CBTU;EQ1;CCIT 3.0;OP47;CBTU - COMPANHIA BRASILEIRA DE TRENS URBANOS;DF159;Subst. Da placa FtctlessGPS;1
01/01/2021;COT24;GVBUS;EQ28;ATM;OP108;GVBUS - SIND. DAS EMP. DE TRANP. METROP. DA GRANDE VIT‡RIA;DF17;Aplicaá∆o Travando;2
01/01/2021;COT24;GVBUS;EQ28;ATM;OP108;GVBUS - SIND. DAS EMP. DE TRANP. METROP. DA GRANDE VIT‡RIA;DF65;Manutená∆o Cofre;25
01/01/2021;COT24;GVBUS;EQ28;ATM;OP108;GVBUS - SIND. DAS EMP. DE TRANP. METROP. DA GRANDE VIT‡RIA;DF67;Manutená∆o na Impressora;2
01/01/2021;COT24;GVBUS;EQ28;ATM;OP108;GVBUS - SIND. DAS EMP. DE TRANP. METROP. DA GRANDE VIT‡RIA;DF86;Reparo com configuraá∆o do setup;3
01/01/2021;COT24;GVBUS;EQ6;CCIT 4.0 FRONTAL H2.1;;;DF37;Defeito n∆o encontrado e subst. FW/SW;7
01/01/2021;COT24;GVBUS;EQ6;CCIT 4.0 FRONTAL H2.1;;;DF41;Envio para manutená∆o central-CTG;24
01/01/2021;COT24;GVBUS;EQ6;CCIT 4.0 FRONTAL H2.1;;;DF117;Restauraá∆o de m¢dulos via PC e/ou SdCard;39
01/01/2021;COT24;GVBUS;EQ6;CCIT 4.0 FRONTAL H2.1;;;DF230;Subst. Do pino conector;1
01/01/2021;COT6;Metro-Bahia;EQ28;ATM;OP63;METRO-BAHIA;DF128;Subst. Da antena Cless;1
01/01/2021;COT6;Metro-Bahia;EQ28;ATM;OP63;METRO-BAHIA;DF143;Subst. da Impressora;6
01/01/2021;COT6;Metro-Bahia;EQ28;ATM;OP63;METRO-BAHIA;DF218;Subst. Do Monitor;3
01/01/2021;COT6;Metro-Bahia;EQ28;ATM;OP63;METRO-BAHIA;DF237;Subst. Do Validador de Notas;15
01/01/2021;COT6;Metro-Bahia;EQ37;CCIT 3.13 BLOQUEIO;OP63;METRO-BAHIA;DF132;Subst. Da Bateria de Lithium;3
01/01/2021;COT6;Metro-Bahia;EQ9;CCIT 4.0 (BLOQUEIO) FRONTAL H1;OP63;METRO-BAHIA;DF41;Envio para manutená∆o central-CTG;1
01/01/2021;COT6;Metro-Bahia;EQ9;CCIT 4.0 (BLOQUEIO) FRONTAL H1;OP63;METRO-BAHIA;DF113;Restaura RAM via PC;2
01/01/2021;COT5;METROFOR/ VLT FORTALEZA;EQ38;CCIT 4.0 METROFOR;OP105;METROFOR LINHA SUL;DF41;Envio para manutená∆o central-CTG;3
01/01/2021;COT5;METROFOR/ VLT FORTALEZA;EQ38;CCIT 4.0 METROFOR;OP105;METROFOR LINHA SUL;DF41;Envio para manutená∆o central-CTG;4
01/01/2021;COT5;METROFOR/ VLT FORTALEZA;EQ38;CCIT 4.0 METROFOR;OP105;METROFOR LINHA SUL;DF88;Reparo com formataá∆o e reinst. FW/SW;4
01/01/2021;COT5;METROFOR/ VLT FORTALEZA;EQ38;CCIT 4.0 METROFOR;OP105;METROFOR LINHA SUL;DF1;Adaptaá∆o da solen¢ide;0
01/01/2021;COT10;Metropolitano-Bahia;EQ6;CCIT 4.0 FRONTAL H2.1;OP64;METROPOLITANO SSA;DF41;Envio para manutená∆o central-CTG;3
01/01/2021;COT10;Metropolitano-Bahia;EQ6;CCIT 4.0 FRONTAL H2.1;OP64;METROPOLITANO SSA;DF113;Restaura RAM via PC;8
01/01/2021;COT10;Metropolitano-Bahia;EQ6;CCIT 4.0 FRONTAL H2.1;OP64;METROPOLITANO SSA;DF209;Subst. Do Display;19
01/01/2021;COT20;ROSA TURISMO;EQ36;CCIT 4.0 FRONTAL H1 COM BATERIA;OP66;ROSA TURISMO;DF209;Subst. Do Display;6
01/01/2021;COT19;S«O JO«O;EQ36;CCIT 4.0 FRONTAL H1 COM BATERIA;OP67;S«O JO«O;DF41;Envio para manutená∆o central-CTG;7
01/01/2021;COT19;S«O JO«O;EQ36;CCIT 4.0 FRONTAL H1 COM BATERIA;OP67;S«O JO«O;DF113;Restaura RAM via PC;4
01/01/2021;COT4;Setut;EQ6;CCIT 4.0 FRONTAL H2.1;;;DF41;Envio para manutená∆o central-CTG;22
01/01/2021;COT4;Setut;EQ6;CCIT 4.0 FRONTAL H2.1;;;DF60;Limpeza de cache;1
01/01/2021;COT18;Sindpautras;EQ6;CCIT 4.0 FRONTAL H2.1;OP48;SINDPAUTRAS-SIND. PERM. AUT. TRANSP. SU;DF35;Defeito n∆o encontrado / testes e liberaá∆o;2
01/01/2021;COT18;Sindpautras;EQ6;CCIT 4.0 FRONTAL H2.1;OP48;SINDPAUTRAS-SIND. PERM. AUT. TRANSP. SU;DF37;Defeito n∆o encontrado e subst. FW/SW;8
01/01/2021;COT18;Sindpautras;EQ6;CCIT 4.0 FRONTAL H2.1;OP48;SINDPAUTRAS-SIND. PERM. AUT. TRANSP. SU;DF88;Reparo com formataá∆o e reinst. FW/SW;14
01/01/2021;COT18;Sindpautras;EQ6;CCIT 4.0 FRONTAL H2.1;OP48;SINDPAUTRAS-SIND. PERM. AUT. TRANSP. SU;DF216;Subst. Do M¢dulo H2;1
01/01/2021;COT18;Sindpautras;EQ6;CCIT 4.0 FRONTAL H2.1;OP48;SINDPAUTRAS-SIND. PERM. AUT. TRANSP. SU;DF238;Subst. Do Vidro CCIT V4.0;1
01/01/2021;COT22;Taguatur;EQ8;CCIT 4.0 FRONTAL JI21 SEM BATERIA;OP82;TAGUATUR;DF41;Envio para manutená∆o central-CTG;9
01/01/2021;COT3;TEU;EQ3;CCIT 3.5;;;DF157;Subst. Da Placa FTCLess;2
01/01/2021;COT3;TEU;EQ3;CCIT 3.5;;;DF162;Subst. Da Placa Mbccit;2
01/01/2021;COT3;TEU;EQ36;CCIT 4.0 FRONTAL H1 COM BATERIA;;;DF41;Envio para manutená∆o central-CTG;19
01/01/2021;COT3;TEU;EQ36;CCIT 4.0 FRONTAL H1 COM BATERIA;;;DF60;Limpeza de cache;22
01/01/2021;COT3;TEU;EQ36;CCIT 4.0 FRONTAL H1 COM BATERIA;;;DF115;Restauraá∆o da ROM via PC;143
01/01/2021;COT3;TEU;EQ36;CCIT 4.0 FRONTAL H1 COM BATERIA;;;DF132;Subst. Da Bateria de Lithium;15
01/01/2021;COT2;Transcard;EQ28;ATM;OP61;Setps (Transcard);DF78;PC Reiniciado;1
01/01/2021;COT2;Transcard;EQ28;ATM;OP61;Setps (Transcard);DF143;Subst. da Impressora;2
01/01/2021;COT2;Transcard;EQ28;ATM;OP61;Setps (Transcard);DF153;Subst. Da Placa Fonte;1
01/01/2021;COT2;Transcard;EQ28;ATM;OP61;Setps (Transcard);DF207;Subst. Do Conversor Serial;2
01/01/2021;COT2;Transcard;EQ28;ATM;OP61;Setps (Transcard);DF237;Subst. Do Validador de Notas;9
01/01/2021;COT2;Transcard;EQ6;CCIT 4.0 FRONTAL H2.1;;;DF9;Ajuste e aperto de conex∆o;5
01/01/2021;COT2;Transcard;EQ6;CCIT 4.0 FRONTAL H2.1;;;DF41;Envio para manutená∆o central-CTG;77
01/01/2021;COT2;Transcard;EQ6;CCIT 4.0 FRONTAL H2.1;;;DF101;Ressolda Mbccit;2
01/01/2021;COT2;Transcard;EQ6;CCIT 4.0 FRONTAL H2.1;;;DF113;Restaura RAM via PC;43
01/01/2021;COT2;Transcard;EQ6;CCIT 4.0 FRONTAL H2.1;;;DF114;Restaura RAM via pendrive;22
01/01/2021;COT2;Transcard;EQ6;CCIT 4.0 FRONTAL H2.1;;;DF132;Subst. Da Bateria de Lithium;7
01/01/2021;COT2;Transcard;EQ6;CCIT 4.0 FRONTAL H2.1;;;DF209;Subst. Do Display;13
01/01/2021;COT1;Transfacil;EQ28;ATM;OP27;TRANSFµCIL;DF5;Ajuste da porta Externa;1
01/01/2021;COT1;Transfacil;EQ28;ATM;OP27;TRANSFµCIL;DF32;Defeito n∆o encontrado;3
01/01/2021;COT1;Transfacil;EQ28;ATM;OP27;TRANSFµCIL;DF67;Manutená∆o na Impressora;1
01/01/2021;COT1;Transfacil;EQ28;ATM;OP27;TRANSFµCIL;DF81;Preventiva Validador de Notas;7
01/01/2021;COT1;Transfacil;EQ28;ATM;OP27;TRANSFµCIL;DF143;Subst. da Impressora;1
01/01/2021;COT1;Transfacil;EQ28;ATM;OP27;TRANSFµCIL;DF153;Subst. Da Placa Fonte;1
01/01/2021;COT1;Transfacil;EQ28;ATM;OP27;TRANSFµCIL;DF208;Subst. Do Dispenser do cart∆o;3
01/01/2021;COT1;Transfacil;EQ28;ATM;OP27;TRANSFµCIL;DF227;Subst. Do PC ATM;1
01/01/2021;COT1;Transfacil;EQ28;ATM;OP27;TRANSFµCIL;DF228;Subst. Do PDV ATM;1
01/01/2021;COT1;Transfacil;EQ28;ATM;OP27;TRANSFµCIL;DF237;Subst. Do Validador de Notas;11
01/01/2021;COT1;Transfacil;EQ3;CCIT 3.5;;;DF88;Reparo com formataá∆o e reinst. FW/SW;6
01/01/2021;COT1;Transfacil;EQ6;CCIT 4.0 FRONTAL H2.1;;;DF37;Defeito n∆o encontrado e subst. FW/SW;15
01/01/2021;COT1;Transfacil;EQ6;CCIT 4.0 FRONTAL H2.1;;;DF88;Reparo com formataá∆o e reinst. FW/SW;80
01/01/2021;COT1;Transfacil;EQ6;CCIT 4.0 FRONTAL H2.1;;;DF136;Subst. Da Carcaáa inferior;1
01/01/2021;COT1;Transfacil;EQ6;CCIT 4.0 FRONTAL H2.1;;;DF238;Subst. Do Vidro CCIT V4.0;8
01/01/2021;COT23;UTB;EQ6;CCIT 4.0 FRONTAL H2.1;OP83;UTB;DF41;Envio para manutená∆o central-CTG;16
01/01/2021;COT16;Via Ouro;EQ3;CCIT 3.5;OP49;VIA OURO COLETIVOS LTDA;DF9;Ajuste e aperto de conex∆o;1
01/01/2021;COT16;Via Ouro;EQ3;CCIT 3.5;OP49;VIA OURO COLETIVOS LTDA;DF33;Defeito n∆o encontrado - testes e liberaá∆o;1
01/01/2021;COT16;Via Ouro;EQ3;CCIT 3.5;OP49;VIA OURO COLETIVOS LTDA;DF37;Defeito n∆o encontrado e subst. FW/SW;1
01/01/2021;COT16;Via Ouro;EQ3;CCIT 3.5;OP49;VIA OURO COLETIVOS LTDA;DF88;Reparo com formataá∆o e reinst. FW/SW;1
01/01/2021;COT16;Via Ouro;EQ3;CCIT 3.5;OP49;VIA OURO COLETIVOS LTDA;DF108;Ressolda no circuito da placa-m∆e;1
01/01/2021;COT16;Via Ouro;EQ3;CCIT 3.5;OP49;VIA OURO COLETIVOS LTDA;DF159;Subst. Da placa FtctlessGPS;1
01/01/2021;COT1;Transfacil;EQ14;DMX200 MOD H3.1;;;DF37;Defeito n∆o encontrado e subst. FW/SW;2
01/01/2021;COT1;Transfacil;EQ14;DMX200 MOD H3.1;;;DF41;Envio para manutená∆o central-CTG;32
01/01/2021;COT1;Transfacil;EQ14;DMX200 MOD H3.1;;;DF88;Reparo com formataá∆o e reinst. FW/SW;106
01/01/2021;COT9;SINTRAM SEM DMX200;EQ16;PDM03;OP51;CONS‡RCIO ‡TIMO DE BILHETAGEM ELETR‚NICA ;DF35;Defeito n∆o encontrado / testes e liberaá∆o;24
01/01/2021;COT9;SINTRAM SEM DMX200;EQ16;PDM03;OP51;CONS‡RCIO ‡TIMO DE BILHETAGEM ELETR‚NICA ;DF37;Defeito n∆o encontrado e subst. FW/SW;7
01/01/2021;COT9;SINTRAM SEM DMX200;EQ16;PDM03;OP51;CONS‡RCIO ‡TIMO DE BILHETAGEM ELETR‚NICA ;DF86;Reparo com configuraá∆o do setup;1
01/01/2021;COT9;SINTRAM SEM DMX200;EQ16;PDM03;OP51;CONS‡RCIO ‡TIMO DE BILHETAGEM ELETR‚NICA ;DF88;Reparo com formataá∆o e reinst. FW/SW;106
01/01/2021;COT9;SINTRAM SEM DMX200;EQ16;PDM03;OP51;CONS‡RCIO ‡TIMO DE BILHETAGEM ELETR‚NICA ;DF209;Subst. Do Display;6
01/01/2021;COT9;SINTRAM COM DMX200;EQ12;DMX200 MOD H3;OP51;CONS‡RCIO ‡TIMO DE BILHETAGEM ELETR‚NICA ;DF37;Defeito n∆o encontrado e subst. FW/SW;6
01/01/2021;COT9;SINTRAM COM DMX200;EQ12;DMX200 MOD H3;OP51;CONS‡RCIO ‡TIMO DE BILHETAGEM ELETR‚NICA ;DF41;Envio para manutená∆o central-CTG;7
01/01/2021;COT9;SINTRAM COM DMX200;EQ12;DMX200 MOD H3;OP51;CONS‡RCIO ‡TIMO DE BILHETAGEM ELETR‚NICA ;DF88;Reparo com formataá∆o e reinst. FW/SW;25
01/01/2021;COT9;SINTRAM COM DMX200;EQ12;DMX200 MOD H3;OP51;CONS‡RCIO ‡TIMO DE BILHETAGEM ELETR‚NICA ;DF135;Subst. Da Carcaáa frontal;1
01/01/2021;COT9;SINTRAM COM DMX200;EQ12;DMX200 MOD H3;OP51;CONS‡RCIO ‡TIMO DE BILHETAGEM ELETR‚NICA ;DF170;Subst. De Gorila Glass;3
01/01/2021;COT9;SINTRAM COM DMX200;EQ12;DMX200 MOD H3;OP51;CONS‡RCIO ‡TIMO DE BILHETAGEM ELETR‚NICA ;DF169;Subst. De Componente eletrìnico;1
01/01/2021;COT2;Transcard;EQ16;PDM03;;;DF9;Ajuste e aperto de conex∆o;3
01/01/2021;COT2;Transcard;EQ16;PDM03;;;DF41;Envio para manutená∆o central-CTG;12
01/01/2021;COT2;Transcard;EQ16;PDM03;;;DF46;Formataá∆o da mem¢ria e subst. FW;7
01/01/2021;COT2;Transcard;EQ16;PDM03;;;DF125;Subst. Bot∆o on/off;4
01/01/2021;COT19;S«O JO«O;EQ39;DMX200L JI21 SEM BATERIA;OP67;S«O JO«O;DF41;Envio para manutená∆o central-CTG;3
01/01/2021;COT20;ROSA TURISMO;EQ39;DMX200L JI21 SEM BATERIA;OP66;ROSA TURISMO;DF115;Restauraá∆o da ROM via PC;13
01/01/2021;COT4;Setut;EQ14;DMX200 MOD H3.1;;;DF41;Envio para manutená∆o central-CTG;26
01/01/2021;COT22;Taguatur PM NOVO;EQ39;DMX200L JI21 SEM BATERIA;OP82;TAGUATUR;DF41;Envio para manutená∆o central-CTG;0
01/01/2021;COT22;Taguatur PM NOVO;EQ39;DMX200L JI21 SEM BATERIA;OP82;TAGUATUR;DF41;Envio para manutená∆o central-CTG;58
01/01/2021;COT3;TEU;EQ14;DMX200 MOD H3.1;;;DF37;Defeito n∆o encontrado e subst. FW/SW;19
01/01/2021;COT3;TEU;EQ14;DMX200 MOD H3.1;;;DF41;Envio para manutená∆o central-CTG;9
01/01/2021;COT3;TEU;EQ14;DMX200 MOD H3.1;;;DF115;Restauraá∆o da ROM via PC;14
01/01/2021;COT24;GVBUS;EQ14;DMX200 MOD H3.1;;;DF37;Defeito n∆o encontrado e subst. FW/SW;14
01/01/2021;COT24;GVBUS;EQ14;DMX200 MOD H3.1;;;DF41;Envio para manutená∆o central-CTG;64
01/01/2021;COT24;GVBUS;EQ14;DMX200 MOD H3.1;;;DF111;Ressolda ou solda fria;13
01/01/2021;COT24;GVBUS;EQ14;DMX200 MOD H3.1;;;DF117;Restauraá∆o de m¢dulos via PC e/ou SdCard;13
01/01/2021;COT24;GVBUS;EQ14;DMX200 MOD H3.1;;;DF172;Subst. De Simcard (Chip GPRS);108
01/01/2021;COT25;COOTRAPS - CE;EQ14;DMX200 MOD H3.1;OP129;COOTRAPS;DF39;Enviados para manutená∆o central CTG;7
01/01/2021;COT25;COOTRAPS - CE;EQ14;DMX200 MOD H3.1;OP129;COOTRAPS;DF90;Reparo com formataá∆o e subst. FW/SW;19
01/01/2021;COT19;S«O JO«O;EQ10;CONNECTION CCIT 4.0;OP67;S«O JO«O;DF59;Intervená‰es com Solda;6
01/01/2021;COT20;ROSA TURISMO;EQ10;CONNECTION CCIT 4.0;OP66;ROSA TURISMO;DF59;Intervená‰es com Solda;2
01/01/2021;COT1;Transfacil;EQ10;CONNECTION CCIT 4.0;;;DF37;Defeito n∆o encontrado e subst. FW/SW;5
01/01/2021;COT1;Transfacil;EQ10;CONNECTION CCIT 4.0;;;DF88;Reparo com formataá∆o e reinst. FW/SW;11
01/01/2021;COT1;Transfacil;EQ10;CONNECTION CCIT 4.0;;;DF169;Subst. De Componente eletrìnico;1
01/01/2021;COT1;Transfacil;EQ10;CONNECTION CCIT 4.0;;;DF211;Subst. Do Equipamento completo;1
01/01/2021;COT2;Transcard;EQ10;CONNECTION CCIT 4.0;;;DF41;Envio para manutená∆o central-CTG;29
01/01/2021;COT2;Transcard;EQ10;CONNECTION CCIT 4.0;;;DF46;Formataá∆o da mem¢ria e subst. FW;18
01/01/2021;COT2;Transcard;EQ10;CONNECTION CCIT 4.0;;;DF198;Subst. Do componente eletrìnico;7
01/01/2021;COT2;Transcard;EQ10;CONNECTION CCIT 4.0;;;DF205;Subst. Do Conector Mini HDMI;2
01/01/2021;COT2;Transcard;EQ10;CONNECTION CCIT 4.0;;;DF206;Subst. Do Conector USB;1
01/01/2021;COT10;Metropolitano-Bahia;EQ10;CONNECTION CCIT 4.0;OP64;METROPOLITANO SSA;DF41;Envio para manutená∆o central-CTG;1
01/01/2021;COT10;Metropolitano-Bahia;EQ10;CONNECTION CCIT 4.0;OP64;METROPOLITANO SSA;DF88;Reparo com formataá∆o e reinst. FW/SW;1
01/01/2021;COT19;S«O JO«O;EQ10;CONNECTION CCIT 4.0;OP67;S«O JO«O;DF59;Intervená‰es com Solda;3
01/01/2021;COT20;ROSA TURISMO;EQ10;CONNECTION CCIT 4.0;OP66;ROSA TURISMO;DF169;Subst. De Componente eletrìnico;3
01/01/2021;COT24;GVBUS;EQ10;CONNECTION CCIT 4.0;;;DF41;Envio para manutená∆o central-CTG;31
01/01/2021;COT3;TEU;EQ22;V3000M;;;DF21;Atualizaá∆o de FW ;1
01/01/2021;COT3;TEU;EQ22;V3000M;;;DF37;Defeito n∆o encontrado e subst. FW/SW;66
01/01/2021;COT3;TEU;EQ22;V3000M;;;DF115;Restauraá∆o da ROM via PC;49
01/01/2021;COT3;TEU;EQ22;V3000M;;;DF232;Subst. Do SDCard;5
01/01/2021;COT3;TEU;EQ21;V3000L;;;DF21;Atualizaá∆o de FW ;1
01/01/2021;COT3;TEU;EQ21;V3000L;;;DF115;Restauraá∆o da ROM via PC;1
01/01/2021;COT3;TEU;EQ26;V3000M DVR;;;DF21;Atualizaá∆o de FW ;14
01/01/2021;COT3;TEU;EQ26;V3000M DVR;;;DF115;Restauraá∆o da ROM via PC;14
01/01/2021;COT1;Transfacil;EQ27;UT (FTV 3000);;;DF35;Defeito n∆o encontrado / testes e liberaá∆o;5
01/01/2021;COT1;Transfacil;EQ27;UT (FTV 3000);;;DF37;Defeito n∆o encontrado e subst. FW/SW;1
01/01/2021;COT1;Transfacil;EQ27;UT (FTV 3000);;;DF88;Reparo com formataá∆o e reinst. FW/SW;1
01/01/2021;COT1;Transfacil;EQ27;UT (FTV 3000);;;DF169;Subst. De Componente eletrìnico;8
01/01/2021;COT24;GVBUS;EQ33;POS MOVE 2500;;;DF41;Envio para manutená∆o central-CTG;17
01/01/2021;COT2;Transcard;EQ33;POS MOVE 2500;;;DF7;Ajuste do M¢dulo de Impress∆o;2
01/01/2021;COT2;Transcard;EQ33;POS MOVE 2500;;;DF41;Envio para manutená∆o central-CTG;11
01/01/2021;COT2;Transcard;EQ33;POS MOVE 2500;;;DF46;Formataá∆o da mem¢ria e subst. FW;1
01/02/2021;COT7;Alagoinhas;EQ34;CCIT 4.0 FRONTAL H2.1 C SEM BATERIA;OP68;ALAGOINHAS;DF39;Enviados para manutená∆o central CTG;2
01/02/2021;COT7;Alagoinhas;EQ34;CCIT 4.0 FRONTAL H2.1 C SEM BATERIA;OP68;ALAGOINHAS;DF113;Restaura RAM via PC;11
01/02/2021;COT21;Araguarina;EQ35;CCIT 4.0 FRONTAL H2 COM BATERIA;OP81;VIAÄ«O ARAGUARINA;DF41;Envio para manutená∆o central-CTG;1
01/02/2021;COT12;DIVPASS;EQ6;CCIT 4.0 FRONTAL H2.1;OP124;DIVPASS;DF35;Defeito n∆o encontrado / testes e liberaá∆o;1
01/02/2021;COT12;DIVPASS;EQ6;CCIT 4.0 FRONTAL H2.1;OP124;DIVPASS;DF37;Defeito n∆o encontrado e subst. FW/SW;4
01/02/2021;COT11;Gov. Valadares;EQ6;CCIT 4.0 FRONTAL H2.1;OP53;VIAÄ«O MOBI;DF37;Defeito n∆o encontrado e subst. FW/SW;5
01/02/2021;COT24;GVBUS;EQ28;ATM;OP108;GVBUS - SIND. DAS EMP. DE TRANP. METROP. DA GRANDE VIT‡RIA;DF62;Limpeza no recolhedor de notas e no cash box;22
01/02/2021;COT24;GVBUS;EQ28;ATM;OP108;GVBUS - SIND. DAS EMP. DE TRANP. METROP. DA GRANDE VIT‡RIA;DF65;Manutená∆o Cofre;2
01/02/2021;COT24;GVBUS;EQ28;ATM;OP108;GVBUS - SIND. DAS EMP. DE TRANP. METROP. DA GRANDE VIT‡RIA;DF236;Subst. Do Teclado de Metal Frontal;1
01/02/2021;COT24;GVBUS;EQ6;CCIT 4.0 FRONTAL H2.1;;;DF41;Envio para manutená∆o central-CTG;8
01/02/2021;COT24;GVBUS;EQ6;CCIT 4.0 FRONTAL H2.1;;;DF46;Formataá∆o da mem¢ria e subst. FW;26
01/02/2021;COT24;GVBUS;EQ6;CCIT 4.0 FRONTAL H2.1;;;DF88;Reparo com formataá∆o e reinst. FW/SW;68
01/02/2021;COT24;GVBUS;EQ6;CCIT 4.0 FRONTAL H2.1;;;DF97;Ressolda;4
01/02/2021;COT24;GVBUS;EQ6;CCIT 4.0 FRONTAL H2.1;;;DF211;Subst. Do Equipamento completo;10
01/02/2021;COT6;Metro-Bahia;EQ28;ATM;OP63;METRO-BAHIA;DF4;Ajuste da Porta do Cofre;1
01/02/2021;COT6;Metro-Bahia;EQ28;ATM;OP63;METRO-BAHIA;DF143;Subst. da Impressora;4
01/02/2021;COT6;Metro-Bahia;EQ28;ATM;OP63;METRO-BAHIA;DF218;Subst. Do Monitor;1
01/02/2021;COT6;Metro-Bahia;EQ28;ATM;OP63;METRO-BAHIA;DF231;Subst. Do PINpad;1
01/02/2021;COT6;Metro-Bahia;EQ28;ATM;OP63;METRO-BAHIA;DF237;Subst. Do Validador de Notas;15
01/02/2021;COT6;Metro-Bahia;EQ37;CCIT 3.13 BLOQUEIO;OP63;METRO-BAHIA;DF132;Subst. Da Bateria de Lithium;2
01/02/2021;COT6;Metro-Bahia;EQ9;CCIT 4.0 (BLOQUEIO) FRONTAL H1;OP63;METRO-BAHIA;DF113;Restaura RAM via PC;1
01/02/2021;COT5;METROFOR/ VLT FORTALEZA;EQ38;CCIT 4.0 METROFOR;OP105;METROFOR LINHA SUL;DF41;Envio para manutená∆o central-CTG;5
01/02/2021;COT10;Metropolitano-Bahia;EQ6;CCIT 4.0 FRONTAL H2.1;OP64;METROPOLITANO SSA;DF41;Envio para manutená∆o central-CTG;3
01/02/2021;COT10;Metropolitano-Bahia;EQ6;CCIT 4.0 FRONTAL H2.1;OP64;METROPOLITANO SSA;DF113;Restaura RAM via PC;7
01/02/2021;COT10;Metropolitano-Bahia;EQ6;CCIT 4.0 FRONTAL H2.1;OP64;METROPOLITANO SSA;DF209;Subst. Do Display;7
01/02/2021;COT20;ROSA TURISMO;EQ36;CCIT 4.0 FRONTAL H1 COM BATERIA;OP66;ROSA TURISMO;DF113;Restaura RAM via PC;8
01/02/2021;COT20;ROSA TURISMO;EQ36;CCIT 4.0 FRONTAL H1 COM BATERIA;OP66;ROSA TURISMO;DF101;Ressolda no circuito da placa MBCCIT;1
01/02/2021;COT20;ROSA TURISMO;EQ36;CCIT 4.0 FRONTAL H1 COM BATERIA;OP66;ROSA TURISMO;DF41;Envio para manutená∆o central-CTG;2
01/02/2021;COT19;S«O JO«O;EQ36;CCIT 4.0 FRONTAL H1 COM BATERIA;OP67;S«O JO«O;DF113;Restaura RAM via PC;7
01/02/2021;COT19;S«O JO«O;EQ36;CCIT 4.0 FRONTAL H1 COM BATERIA;OP67;S«O JO«O;DF41;Envio para manutená∆o central-CTG;2
01/02/2021;COT4;Setut;EQ6;CCIT 4.0 FRONTAL H2.1;;;DF41;Envio para manutená∆o central-CTG;4
01/02/2021;COT4;Setut;EQ6;CCIT 4.0 FRONTAL H2.1;;;DF60;Limpeza de cache;4
01/02/2021;COT18;Sindpautras;EQ6;CCIT 4.0 FRONTAL H2.1;OP48;SINDPAUTRAS-SIND. PERM. AUT. TRANSP. SU;DF37;Defeito n∆o encontrado e subst. FW/SW;4
01/02/2021;COT18;Sindpautras;EQ6;CCIT 4.0 FRONTAL H2.1;OP48;SINDPAUTRAS-SIND. PERM. AUT. TRANSP. SU;DF88;Reparo com formataá∆o e reinst. FW/SW;19
01/02/2021;COT18;Sindpautras;EQ6;CCIT 4.0 FRONTAL H2.1;OP48;SINDPAUTRAS-SIND. PERM. AUT. TRANSP. SU;DF169;Subst. De Componente eletrìnico;1
01/02/2021;COT22;Taguatur;EQ8;CCIT 4.0 FRONTAL JI21 SEM BATERIA;OP82;TAGUATUR;DF41;Envio para manutená∆o central-CTG;12
01/02/2021;COT3;TEU;EQ3;CCIT 3.5;;;DF157;Subst. Da Placa FTCLess;1
01/02/2021;COT3;TEU;EQ36;CCIT 4.0 FRONTAL H1 COM BATERIA;;;DF41;Envio para manutená∆o central-CTG;9
01/02/2021;COT3;TEU;EQ36;CCIT 4.0 FRONTAL H1 COM BATERIA;;;DF60;Limpeza de cache;12
01/02/2021;COT3;TEU;EQ36;CCIT 4.0 FRONTAL H1 COM BATERIA;;;DF115;Restauraá∆o da ROM via PC;149
01/02/2021;COT3;TEU;EQ36;CCIT 4.0 FRONTAL H1 COM BATERIA;;;DF132;Subst. Da Bateria de Lithium;38
01/02/2021;COT2;Transcard;EQ28;ATM;OP61;Setps (Transcard);DF78;PC Reiniciado;2
01/02/2021;COT2;Transcard;EQ28;ATM;OP61;Setps (Transcard);DF143;Subst. da Impressora;1
01/02/2021;COT2;Transcard;EQ28;ATM;OP61;Setps (Transcard);DF153;Subst. Da Placa Fonte;2
01/02/2021;COT2;Transcard;EQ28;ATM;OP61;Setps (Transcard);DF228;Subst. Do PDV ATM;2
01/02/2021;COT2;Transcard;EQ28;ATM;OP61;Setps (Transcard);DF237;Subst. Do Validador de Notas;7
01/02/2021;COT2;Transcard;EQ6;CCIT 4.0 FRONTAL H2.1;;;DF41;Envio para manutená∆o central-CTG;44
01/02/2021;COT2;Transcard;EQ6;CCIT 4.0 FRONTAL H2.1;;;DF113;Restaura RAM via PC;43
01/02/2021;COT2;Transcard;EQ6;CCIT 4.0 FRONTAL H2.1;;;DF114;Restaura RAM via pendrive;8
01/02/2021;COT2;Transcard;EQ6;CCIT 4.0 FRONTAL H2.1;;;DF132;Subst. Da Bateria de Lithium;15
01/02/2021;COT2;Transcard;EQ6;CCIT 4.0 FRONTAL H2.1;;;DF211;Subst. Do Equipamento completo;45
01/02/2021;COT1;Transfacil;EQ28;ATM;OP27;TRANSFµCIL;DF3;Ajuste da Cabeáa de Impress∆o;1
01/02/2021;COT1;Transfacil;EQ28;ATM;OP27;TRANSFµCIL;DF5;Ajuste da porta Externa;2
01/02/2021;COT1;Transfacil;EQ28;ATM;OP27;TRANSFµCIL;DF37;Defeito n∆o encontrado e subst. FW/SW;2
01/02/2021;COT1;Transfacil;EQ28;ATM;OP27;TRANSFµCIL;DF66;Manutená∆o na Fechadura Eletrìnica;1
01/02/2021;COT1;Transfacil;EQ28;ATM;OP27;TRANSFµCIL;DF81;Preventiva Validador de Notas;1
01/02/2021;COT1;Transfacil;EQ28;ATM;OP27;TRANSFµCIL;DF85;Reinstalaá∆o do Drive da Impressora;1
01/02/2021;COT1;Transfacil;EQ28;ATM;OP27;TRANSFµCIL;DF128;Subst. Da antena Cless;2
01/02/2021;COT1;Transfacil;EQ28;ATM;OP27;TRANSFµCIL;DF143;Subst. da Impressora;2
01/02/2021;COT1;Transfacil;EQ28;ATM;OP27;TRANSFµCIL;DF153;Subst. Da Placa Fonte;1
01/02/2021;COT1;Transfacil;EQ28;ATM;OP27;TRANSFµCIL;DF197;Subst. Do Cofre;3
01/02/2021;COT1;Transfacil;EQ28;ATM;OP27;TRANSFµCIL;DF218;Subst. Do Monitor;1
01/02/2021;COT1;Transfacil;EQ28;ATM;OP27;TRANSFµCIL;DF228;Subst. Do PDV ATM;1
01/02/2021;COT1;Transfacil;EQ28;ATM;OP27;TRANSFµCIL;DF237;Subst. Do Validador de Notas;3
01/02/2021;COT1;Transfacil;EQ6;CCIT 4.0 FRONTAL H2.1;;;DF9;Ajuste e aperto de conex∆o;2
01/02/2021;COT1;Transfacil;EQ6;CCIT 4.0 FRONTAL H2.1;;;DF35;Defeito n∆o encontrado / testes e liberaá∆o;1
01/02/2021;COT1;Transfacil;EQ6;CCIT 4.0 FRONTAL H2.1;;;DF37;Defeito n∆o encontrado e subst. FW/SW;5
01/02/2021;COT1;Transfacil;EQ6;CCIT 4.0 FRONTAL H2.1;;;DF88;Reparo com formataá∆o e reinst. FW/SW;82
01/02/2021;COT1;Transfacil;EQ6;CCIT 4.0 FRONTAL H2.1;;;DF108;Ressolda no circuito da placa-m∆e;1
01/02/2021;COT1;Transfacil;EQ6;CCIT 4.0 FRONTAL H2.1;;;DF136;Subst. Da Carcaáa inferior;1
01/02/2021;COT1;Transfacil;EQ6;CCIT 4.0 FRONTAL H2.1;;;DF238;Subst. Do Vidro CCIT V4.0;11
01/02/2021;COT23;UTB;EQ6;CCIT 4.0 FRONTAL H2.1;OP83;UTB;DF41;Envio para manutená∆o central-CTG;16
01/02/2021;COT16;Via Ouro;EQ3;CCIT 3.5;OP49;VIA OURO COLETIVOS LTDA;DF88;Reparo com formataá∆o e reinst. FW/SW;2
01/02/2021;COT1;Transfacil;EQ14;DMX200 MOD H3.1;;;DF37;Defeito n∆o encontrado e subst. FW/SW;2
01/02/2021;COT1;Transfacil;EQ14;DMX200 MOD H3.1;;;DF41;Envio para manutená∆o central-CTG;30
01/02/2021;COT1;Transfacil;EQ14;DMX200 MOD H3.1;;;DF88;Reparo com formataá∆o e reinst. FW/SW;116
01/02/2021;COT9;SINTRAM SEM DMX200;EQ16;PDM03;OP51;CONS‡RCIO ‡TIMO DE BILHETAGEM ELETR‚NICA ;DF35;Defeito n∆o encontrado / testes e liberaá∆o;1
01/02/2021;COT9;SINTRAM SEM DMX200;EQ16;PDM03;OP51;CONS‡RCIO ‡TIMO DE BILHETAGEM ELETR‚NICA ;DF37;Defeito n∆o encontrado e subst. FW/SW;3
01/02/2021;COT9;SINTRAM SEM DMX200;EQ16;PDM03;OP51;CONS‡RCIO ‡TIMO DE BILHETAGEM ELETR‚NICA ;DF88;Reparo com formataá∆o e reinst. FW/SW;64
01/02/2021;COT9;SINTRAM SEM DMX200;EQ16;PDM03;OP51;CONS‡RCIO ‡TIMO DE BILHETAGEM ELETR‚NICA ;DF135;Subst. Da Carcaáa frontal;1
01/02/2021;COT9;SINTRAM SEM DMX200;EQ16;PDM03;OP51;CONS‡RCIO ‡TIMO DE BILHETAGEM ELETR‚NICA ;DF169;Subst. De Componente eletrìnico;6
01/02/2021;COT9;SINTRAM SEM DMX200;EQ16;PDM03;OP51;CONS‡RCIO ‡TIMO DE BILHETAGEM ELETR‚NICA ;DF209;Subst. Do Display;2
01/02/2021;COT9;SINTRAM SEM DMX200;EQ16;PDM03;OP51;CONS‡RCIO ‡TIMO DE BILHETAGEM ELETR‚NICA ;DF211;Subst. Do Equipamento completo;1
01/02/2021;COT9;SINTRAM COM DMX200;EQ12;DMX200 MOD H3;OP51;CONS‡RCIO ‡TIMO DE BILHETAGEM ELETR‚NICA ;DF35;Defeito n∆o encontrado / testes e liberaá∆o;1
01/02/2021;COT9;SINTRAM COM DMX200;EQ12;DMX200 MOD H3;OP51;CONS‡RCIO ‡TIMO DE BILHETAGEM ELETR‚NICA ;DF37;Defeito n∆o encontrado e subst. FW/SW;1
01/02/2021;COT9;SINTRAM COM DMX200;EQ12;DMX200 MOD H3;OP51;CONS‡RCIO ‡TIMO DE BILHETAGEM ELETR‚NICA ;DF41;Envio para manutená∆o central-CTG;15
01/02/2021;COT9;SINTRAM COM DMX200;EQ12;DMX200 MOD H3;OP51;CONS‡RCIO ‡TIMO DE BILHETAGEM ELETR‚NICA ;DF88;Reparo com formataá∆o e reinst. FW/SW;59
01/02/2021;COT2;Transcard;EQ16;PDM03;;;DF9;Ajuste e aperto de conex∆o;3
01/02/2021;COT2;Transcard;EQ16;PDM03;;;DF22;Atualizaá∆o de pacote;14
01/02/2021;COT2;Transcard;EQ16;PDM03;;;DF41;Envio para manutená∆o central-CTG;4
01/02/2021;COT2;Transcard;EQ16;PDM03;;;DF125;Subst. Bot∆o on/off;5
01/02/2021;COT19;S«O JO«O;EQ39;DMX200L JI21 SEM BATERIA;OP67;S«O JO«O;DF115;Restauraá∆o da ROM via PC;2
01/02/2021;COT19;S«O JO«O;EQ39;DMX200L JI21 SEM BATERIA;OP67;S«O JO«O;DF41;Envio para manutená∆o central-CTG;7
01/02/2021;COT20;ROSA TURISMO;EQ39;DMX200L JI21 SEM BATERIA;OP66;ROSA TURISMO;DF115;Restauraá∆o da ROM via PC;4
01/02/2021;COT20;ROSA TURISMO;EQ39;DMX200L JI21 SEM BATERIA;OP66;ROSA TURISMO;DF41;Envio para manutená∆o central-CTG;8
01/02/2021;COT22;Taguatur PM NOVO;EQ39;DMX200L JI21 SEM BATERIA;OP82;TAGUATUR;DF41;Envio para manutená∆o central-CTG;11
01/02/2021;COT3;TEU;EQ14;DMX200 MOD H3.1;;;DF21;Atualizaá∆o de FW ;12
01/02/2021;COT3;TEU;EQ14;DMX200 MOD H3.1;;;DF41;Envio para manutená∆o central-CTG;6
01/02/2021;COT3;TEU;EQ14;DMX200 MOD H3.1;;;DF115;Restauraá∆o da ROM via PC;10
01/02/2021;COT24;GVBUS;EQ14;DMX200 MOD H3.1;;;DF8;Ajuste do monitor;4
01/02/2021;COT24;GVBUS;EQ14;DMX200 MOD H3.1;;;DF41;Envio para manutená∆o central-CTG;147
01/02/2021;COT24;GVBUS;EQ14;DMX200 MOD H3.1;;;DF46;Formataá∆o da mem¢ria e subst. FW;366
01/02/2021;COT24;GVBUS;EQ14;DMX200 MOD H3.1;;;DF97;Ressolda;17
01/02/2021;COT24;GVBUS;EQ14;DMX200 MOD H3.1;;;DF117;Restauraá∆o de m¢dulos via PC e/ou SdCard;29
01/02/2021;COT12;DIVPASS;EQ13;DMX200L;OP124;DIVPASS;DF90;Reparo com formataá∆o e subst. FW/SW;3
01/02/2021;COT12;DIVPASS;EQ13;DMX200L;OP124;DIVPASS;DF169;Subst. De Componente eletrìnico;4
01/02/2021;COT11;Gov. Valadares;EQ13;DMX200L;OP53;VIAÄ«O MOBI;DF88;Reparo com formataá∆o e reinst. FW/SW;14
01/02/2021;COT11;Gov. Valadares;EQ13;DMX200L;OP53;VIAÄ«O MOBI;DF209;Subst. Do Display;9
01/02/2021;COT25;COOTRAPS - CE;EQ14;DMX200 MOD H3.1;OP129;COOTRAPS;DF39;Enviados para manutená∆o central CTG;20
01/02/2021;COT25;COOTRAPS - CE;EQ14;DMX200 MOD H3.1;OP129;COOTRAPS;DF90;Reparo com formataá∆o e subst. FW/SW;47
01/02/2021;COT1;Transfacil;EQ10;CONNECTION CCIT 4.0;;;DF88;Reparo com formataá∆o e reinst. FW/SW;22
01/02/2021;COT1;Transfacil;EQ10;CONNECTION CCIT 4.0;;;DF102;Ressolda na Placa Connection;1
01/02/2021;COT1;Transfacil;EQ10;CONNECTION CCIT 4.0;;;DF169;Subst. De Componente eletrìnico;1
01/02/2021;COT2;Transcard;EQ10;CONNECTION CCIT 4.0;;;DF21;Atualizaá∆o de FW ;26
01/02/2021;COT2;Transcard;EQ10;CONNECTION CCIT 4.0;;;DF41;Envio para manutená∆o central-CTG;14
01/02/2021;COT2;Transcard;EQ10;CONNECTION CCIT 4.0;;;DF127;Subst. Conector USB;3
01/02/2021;COT10;Metropolitano-Bahia;EQ10;CONNECTION CCIT 4.0;OP64;METROPOLITANO SSA;DF21;Atualizaá∆o de FW ;4
01/02/2021;COT10;Metropolitano-Bahia;EQ10;CONNECTION CCIT 4.0;OP64;METROPOLITANO SSA;DF41;Envio para manutená∆o central-CTG;1
01/02/2021;COT10;Metropolitano-Bahia;EQ10;CONNECTION CCIT 4.0;OP64;METROPOLITANO SSA;DF206;Subst. Do Conector USB;1
01/02/2021;COT19;S«O JO«O;EQ10;CONNECTION CCIT 4.0;OP67;S«O JO«O;DF41;Envio para manutená∆o central-CTG;2
01/02/2021;COT19;S«O JO«O;EQ10;CONNECTION CCIT 4.0;OP67;S«O JO«O;DF256;Subst. de Fus°vel;2
01/02/2021;COT19;S«O JO«O;EQ10;CONNECTION CCIT 4.0;OP67;S«O JO«O;DF59;Intervená‰es com Solda;1
01/02/2021;COT20;ROSA TURISMO;EQ10;CONNECTION CCIT 4.0;OP66;ROSA TURISMO;DF46;Formataá∆o da mem¢ria e subst. FW;1
01/02/2021;COT20;ROSA TURISMO;EQ10;CONNECTION CCIT 4.0;OP66;ROSA TURISMO;DF256;Subst. de Fus°vel;3
01/02/2021;COT20;ROSA TURISMO;EQ10;CONNECTION CCIT 4.0;OP66;ROSA TURISMO;DF59;Intervená‰es com Solda;1
01/02/2021;COT24;GVBUS;EQ10;CONNECTION CCIT 4.0;;;DF41;Envio para manutená∆o central-CTG;1
01/02/2021;COT24;GVBUS;EQ10;CONNECTION CCIT 4.0;;;DF46;Formataá∆o da mem¢ria e subst. FW;16
01/02/2021;COT24;GVBUS;EQ10;CONNECTION CCIT 4.0;;;DF211;Subst. Do Equipamento completo;1
01/02/2021;COT3;TEU;EQ22;V3000M;;;DF21;Atualizaá∆o de FW ;63
01/02/2021;COT3;TEU;EQ22;V3000M;;;DF41;Envio para manutená∆o central-CTG;7
01/02/2021;COT3;TEU;EQ22;V3000M;;;DF115;Restauraá∆o da ROM via PC;61
01/02/2021;COT3;TEU;EQ22;V3000M;;;DF232;Subst. Do SDCard;1
01/02/2021;COT3;TEU;EQ21;V3000L;;;DF21;Atualizaá∆o de FW ;14
01/02/2021;COT3;TEU;EQ21;V3000L;;;DF115;Restauraá∆o da ROM via PC;14
01/02/2021;COT3;TEU;EQ21;V3000L;;;DF232;Subst. Do SDCard;1
01/02/2021;COT3;TEU;EQ26;V3000M DVR;;;DF21;Atualizaá∆o de FW ;2
01/02/2021;COT3;TEU;EQ26;V3000M DVR;;;DF115;Restauraá∆o da ROM via PC;2
01/02/2021;COT3;TEU;EQ26;V3000M DVR;;;DF41;Envio para manutená∆o central-CTG;1
01/02/2021;COT1;Transfacil;EQ27;UT (FTV 3000);;;DF1;Adaptaá∆o da solen¢ide;1
01/02/2021;COT1;Transfacil;EQ27;UT (FTV 3000);;;DF35;Defeito n∆o encontrado / testes e liberaá∆o;2
01/02/2021;COT1;Transfacil;EQ27;UT (FTV 3000);;;DF88;Reparo com formataá∆o e reinst. FW/SW;1
01/02/2021;COT1;Transfacil;EQ27;UT (FTV 3000);;;DF169;Subst. De Componente eletrìnico;2
01/02/2021;COT24;GVBUS;EQ33;POS MOVE 2500;;;DF41;Envio para manutená∆o central-CTG;22
01/02/2021;COT10;Metropolitano-Bahia;EQ31;POS 250;OP64;METROPOLITANO SSA;DF7;Ajuste do M¢dulo de Impress∆o;3
01/02/2021;COT10;Metropolitano-Bahia;EQ31;POS 250;OP64;METROPOLITANO SSA;DF41;Envio para manutená∆o central-CTG;1
01/02/2021;COT10;Metropolitano-Bahia;EQ31;POS 250;OP64;METROPOLITANO SSA;DF46;Formataá∆o da mem¢ria e subst. FW;3
01/02/2021;COT2;Transcard;EQ31;POS 250;;;DF7;Ajuste do M¢dulo de Impress∆o;4
01/02/2021;COT2;Transcard;EQ31;POS 250;;;DF41;Envio para manutená∆o central-CTG;5
01/02/2021;COT2;Transcard;EQ31;POS 250;;;DF46;Formataá∆o da mem¢ria e subst. FW;9
01/03/2021;COT7;Alagoinhas;EQ34;CCIT 4.0 FRONTAL H2.1 C SEM BATERIA;OP68;ALAGOINHAS;DF39;Enviados para manutená∆o central CTG;1
01/03/2021;COT7;Alagoinhas;EQ34;CCIT 4.0 FRONTAL H2.1 C SEM BATERIA;OP68;ALAGOINHAS;DF113;Restaura RAM via PC;5
01/03/2021;COT21;Araguarina;EQ35;CCIT 4.0 FRONTAL H2 COM BATERIA;OP81;VIAÄ«O ARAGUARINA;DF41;Envio para manutená∆o central-CTG;1
01/03/2021;COT8;CBTU;EQ1;CCIT 3.0;OP47;CBTU - COMPANHIA BRASILEIRA DE TRENS URBANOS;DF88;Reparo com formataá∆o e reinst. FW/SW;1
01/03/2021;COT8;CBTU;EQ1;CCIT 3.0;OP47;CBTU - COMPANHIA BRASILEIRA DE TRENS URBANOS;DF108;Ressolda no circuito da placa-m∆e;3
01/03/2021;COT8;CBTU;EQ1;CCIT 3.0;OP47;CBTU - COMPANHIA BRASILEIRA DE TRENS URBANOS;DF129;Subst. Da Antena Cless e adesivo frontal;1
01/03/2021;COT8;CBTU;EQ1;CCIT 3.0;OP47;CBTU - COMPANHIA BRASILEIRA DE TRENS URBANOS;DF159;Subst. Da placa FtctlessGPS;1
01/03/2021;COT8;CBTU;EQ1;CCIT 3.0;OP47;CBTU - COMPANHIA BRASILEIRA DE TRENS URBANOS;DF169;Subst. De Componente eletrìnico;1
01/03/2021;COT8;CBTU;EQ1;CCIT 3.0;OP47;CBTU - COMPANHIA BRASILEIRA DE TRENS URBANOS;DF211;Subst. Do Equipamento completo;2
01/03/2021;COT12;DIVPASS;EQ6;CCIT 4.0 FRONTAL H2.1;OP124;DIVPASS;DF35;Defeito n∆o encontrado / testes e liberaá∆o;1
01/03/2021;COT12;DIVPASS;EQ6;CCIT 4.0 FRONTAL H2.1;OP124;DIVPASS;DF37;Defeito n∆o encontrado e subst. FW/SW;9
01/03/2021;COT12;DIVPASS;EQ6;CCIT 4.0 FRONTAL H2.1;OP124;DIVPASS;DF117;Restauraá∆o de m¢dulos via PC e/ou SdCard;6
01/03/2021;COT12;DIVPASS;EQ6;CCIT 4.0 FRONTAL H2.1;OP124;DIVPASS;DF169;Subst. De Componente eletrìnico;1
01/03/2021;COT12;DIVPASS;EQ6;CCIT 4.0 FRONTAL H2.1;OP124;DIVPASS;DF209;Subst. Do Display;2
01/03/2021;COT11;Gov. Valadares;EQ6;CCIT 4.0 FRONTAL H2.1;OP53;VIAÄ«O MOBI;DF37;Defeito n∆o encontrado e subst. FW/SW;5
01/03/2021;COT24;GVBUS;EQ28;ATM;OP108;GVBUS - SIND. DAS EMP. DE TRANP. METROP. DA GRANDE VIT‡RIA;DF68;Manutená∆o no Dispenser;3
01/03/2021;COT24;GVBUS;EQ28;ATM;OP108;GVBUS - SIND. DAS EMP. DE TRANP. METROP. DA GRANDE VIT‡RIA;DF81;Preventiva Validador de Notas;7
01/03/2021;COT24;GVBUS;EQ28;ATM;OP108;GVBUS - SIND. DAS EMP. DE TRANP. METROP. DA GRANDE VIT‡RIA;DF143;Subst. da Impressora;2
01/03/2021;COT24;GVBUS;EQ28;ATM;OP108;GVBUS - SIND. DAS EMP. DE TRANP. METROP. DA GRANDE VIT‡RIA;DF237;Subst. Do Validador de Notas;3
01/03/2021;COT24;GVBUS;EQ6;CCIT 4.0 FRONTAL H2.1;;;DF41;Envio para manutená∆o central-CTG;7
01/03/2021;COT24;GVBUS;EQ6;CCIT 4.0 FRONTAL H2.1;;;DF117;Restauraá∆o de m¢dulos via PC e/ou SdCard;40
01/03/2021;COT24;GVBUS;EQ6;CCIT 4.0 FRONTAL H2.1;;;DF211;Subst. Do Equipamento completo;6
01/03/2021;COT6;Metro-Bahia;EQ28;ATM;OP63;METRO-BAHIA;DF7;Ajuste do M¢dulo de Impress∆o;1
01/03/2021;COT6;Metro-Bahia;EQ28;ATM;OP63;METRO-BAHIA;DF143;Subst. da Impressora;3
01/03/2021;COT6;Metro-Bahia;EQ28;ATM;OP63;METRO-BAHIA;DF237;Subst. Do Validador de Notas;21
01/03/2021;COT6;Metro-Bahia;EQ9;CCIT 4.0 (BLOQUEIO) FRONTAL H1;OP63;METRO-BAHIA;DF41;Envio para manutená∆o central-CTG;2
01/03/2021;COT6;Metro-Bahia;EQ9;CCIT 4.0 (BLOQUEIO) FRONTAL H1;OP63;METRO-BAHIA;DF113;Restaura RAM via PC;3
01/03/2021;COT5;METROFOR/ VLT FORTALEZA;EQ38;CCIT 4.0 METROFOR;OP105;METROFOR LINHA SUL;DF41;Envio para manutená∆o central-CTG;10
01/03/2021;COT5;METROFOR/ VLT FORTALEZA;EQ38;CCIT 4.0 METROFOR;OP105;METROFOR LINHA SUL;DF113;Restaura RAM via PC;2
01/03/2021;COT10;Metropolitano-Bahia;EQ6;CCIT 4.0 FRONTAL H2.1;OP64;METROPOLITANO SSA;DF41;Envio para manutená∆o central-CTG;4
01/03/2021;COT10;Metropolitano-Bahia;EQ6;CCIT 4.0 FRONTAL H2.1;OP64;METROPOLITANO SSA;DF113;Restaura RAM via PC;14
01/03/2021;COT10;Metropolitano-Bahia;EQ6;CCIT 4.0 FRONTAL H2.1;OP64;METROPOLITANO SSA;DF114;Restaura RAM via pendrive;4
01/03/2021;COT20;ROSA TURISMO;EQ36;CCIT 4.0 FRONTAL H1 COM BATERIA;OP66;ROSA TURISMO;DF41;Envio para manutená∆o central-CTG;3
01/03/2021;COT20;ROSA TURISMO;EQ36;CCIT 4.0 FRONTAL H1 COM BATERIA;OP66;ROSA TURISMO;DF101;Ressolda Mbccit;1
01/03/2021;COT20;ROSA TURISMO;EQ36;CCIT 4.0 FRONTAL H1 COM BATERIA;OP66;ROSA TURISMO;DF113;Restaura RAM via PC;7
01/03/2021;COT19;S«O JO«O;EQ36;CCIT 4.0 FRONTAL H1 COM BATERIA;OP67;S«O JO«O;DF41;Envio para manutená∆o central-CTG;2
01/03/2021;COT19;S«O JO«O;EQ36;CCIT 4.0 FRONTAL H1 COM BATERIA;OP67;S«O JO«O;DF113;Restaura RAM via PC;7
01/03/2021;COT19;S«O JO«O;EQ36;CCIT 4.0 FRONTAL H1 COM BATERIA;OP67;S«O JO«O;DF209;Subst. Do Display;2
01/03/2021;COT4;Setut;EQ6;CCIT 4.0 FRONTAL H2.1;;;DF41;Envio para manutená∆o central-CTG;18
01/03/2021;COT4;Setut;EQ6;CCIT 4.0 FRONTAL H2.1;;;DF60;Limpeza de cache;2
01/03/2021;COT4;Setut;EQ6;CCIT 4.0 FRONTAL H2.1;;;DF113;Restaura RAM via PC;1
01/03/2021;COT18;Sindpautras;EQ6;CCIT 4.0 FRONTAL H2.1;OP48;SINDPAUTRAS-SIND. PERM. AUT. TRANSP. SU;DF9;Ajuste e aperto de conex∆o;1
01/03/2021;COT18;Sindpautras;EQ6;CCIT 4.0 FRONTAL H2.1;OP48;SINDPAUTRAS-SIND. PERM. AUT. TRANSP. SU;DF35;Defeito n∆o encontrado / testes e liberaá∆o;1
01/03/2021;COT18;Sindpautras;EQ6;CCIT 4.0 FRONTAL H2.1;OP48;SINDPAUTRAS-SIND. PERM. AUT. TRANSP. SU;DF37;Defeito n∆o encontrado e subst. FW/SW;3
01/03/2021;COT18;Sindpautras;EQ6;CCIT 4.0 FRONTAL H2.1;OP48;SINDPAUTRAS-SIND. PERM. AUT. TRANSP. SU;DF88;Reparo com formataá∆o e reinst. FW/SW;12
01/03/2021;COT18;Sindpautras;EQ6;CCIT 4.0 FRONTAL H2.1;OP48;SINDPAUTRAS-SIND. PERM. AUT. TRANSP. SU;DF169;Subst. De Componente eletrìnico;1
01/03/2021;COT18;Sindpautras;EQ6;CCIT 4.0 FRONTAL H2.1;OP48;SINDPAUTRAS-SIND. PERM. AUT. TRANSP. SU;DF216;Subst. Do M¢dulo H2;1
01/03/2021;COT22;Taguatur;EQ8;CCIT 4.0 FRONTAL JI21 SEM BATERIA;OP82;TAGUATUR;DF41;Envio para manutená∆o central-CTG;2
01/03/2021;COT3;TEU;EQ3;CCIT 3.5;;;DF21;Atualizaá∆o de FW ;3
01/03/2021;COT3;TEU;EQ3;CCIT 3.5;;;DF157;Subst. Da Placa FTCLess;1
01/03/2021;COT3;TEU;EQ36;CCIT 4.0 FRONTAL H1 COM BATERIA;;;DF41;Envio para manutená∆o central-CTG;10
01/03/2021;COT3;TEU;EQ36;CCIT 4.0 FRONTAL H1 COM BATERIA;;;DF60;Limpeza de cache;11
01/03/2021;COT3;TEU;EQ36;CCIT 4.0 FRONTAL H1 COM BATERIA;;;DF115;Restauraá∆o da ROM via PC;173
01/03/2021;COT3;TEU;EQ36;CCIT 4.0 FRONTAL H1 COM BATERIA;;;DF132;Subst. Da Bateria de Lithium;21
01/03/2021;COT3;TEU;EQ36;CCIT 4.0 FRONTAL H1 COM BATERIA;;;DF136;Subst. Da Carcaáa inferior;1
01/03/2021;COT2;Transcard;EQ28;ATM;OP61;Setps (Transcard);DF77;PC ATM Travado;3
01/03/2021;COT2;Transcard;EQ28;ATM;OP61;Setps (Transcard);DF143;Subst. da Impressora;1
01/03/2021;COT2;Transcard;EQ28;ATM;OP61;Setps (Transcard);DF228;Subst. Do PDV ATM;1
01/03/2021;COT2;Transcard;EQ28;ATM;OP61;Setps (Transcard);DF231;Subst. Do PINpad;1
01/03/2021;COT2;Transcard;EQ28;ATM;OP61;Setps (Transcard);DF237;Subst. Do Validador de Notas;15
01/03/2021;COT2;Transcard;EQ6;CCIT 4.0 FRONTAL H2.1;;;DF41;Envio para manutená∆o central-CTG;32
01/03/2021;COT2;Transcard;EQ6;CCIT 4.0 FRONTAL H2.1;;;DF113;Restaura RAM via PC;51
01/03/2021;COT2;Transcard;EQ6;CCIT 4.0 FRONTAL H2.1;;;DF114;Restaura RAM via pendrive;12
01/03/2021;COT2;Transcard;EQ6;CCIT 4.0 FRONTAL H2.1;;;DF132;Subst. Da Bateria de Lithium;15
01/03/2021;COT2;Transcard;EQ6;CCIT 4.0 FRONTAL H2.1;;;DF216;Subst. Do M¢dulo H2;11
01/03/2021;COT1;Transfacil;EQ28;ATM;OP27;TRANSFµCIL;DF5;Ajuste da porta Externa;2
01/03/2021;COT1;Transfacil;EQ28;ATM;OP27;TRANSFµCIL;DF37;Defeito n∆o encontrado e subst. FW/SW;2
01/03/2021;COT1;Transfacil;EQ28;ATM;OP27;TRANSFµCIL;DF65;Manutená∆o Cofre;2
01/03/2021;COT1;Transfacil;EQ28;ATM;OP27;TRANSFµCIL;DF67;Manutená∆o na Impressora;2
01/03/2021;COT1;Transfacil;EQ28;ATM;OP27;TRANSFµCIL;DF68;Manutená∆o no Dispenser;1
01/03/2021;COT1;Transfacil;EQ28;ATM;OP27;TRANSFµCIL;DF69;Manutená∆o no Sensor de Porta;2
01/03/2021;COT1;Transfacil;EQ28;ATM;OP27;TRANSFµCIL;DF81;Preventiva Validador de Notas;9
01/03/2021;COT1;Transfacil;EQ28;ATM;OP27;TRANSFµCIL;DF85;Reinstalaá∆o do Drive da Impressora;1
01/03/2021;COT1;Transfacil;EQ28;ATM;OP27;TRANSFµCIL;DF128;Subst. Da antena Cless;3
01/03/2021;COT1;Transfacil;EQ28;ATM;OP27;TRANSFµCIL;DF143;Subst. da Impressora;1
01/03/2021;COT1;Transfacil;EQ28;ATM;OP27;TRANSFµCIL;DF165;Subst. Da Placa-m∆e;1
01/03/2021;COT1;Transfacil;EQ28;ATM;OP27;TRANSFµCIL;DF177;Subst. Do Cabeáote da Impressora;3
01/03/2021;COT1;Transfacil;EQ28;ATM;OP27;TRANSFµCIL;DF197;Subst. Do Cofre;1
01/03/2021;COT1;Transfacil;EQ28;ATM;OP27;TRANSFµCIL;DF208;Subst. Do Dispenser do cart∆o;1
01/03/2021;COT1;Transfacil;EQ28;ATM;OP27;TRANSFµCIL;DF212;Subst. Do HD;1
01/03/2021;COT1;Transfacil;EQ28;ATM;OP27;TRANSFµCIL;DF218;Subst. Do Monitor;1
01/03/2021;COT1;Transfacil;EQ28;ATM;OP27;TRANSFµCIL;DF227;Subst. Do PC ATM;1
01/03/2021;COT1;Transfacil;EQ28;ATM;OP27;TRANSFµCIL;DF228;Subst. Do PDV ATM;2
01/03/2021;COT1;Transfacil;EQ28;ATM;OP27;TRANSFµCIL;DF236;Subst. Do Teclado de Metal Frontal;2
01/03/2021;COT1;Transfacil;EQ28;ATM;OP27;TRANSFµCIL;DF237;Subst. Do Validador de Notas;9
01/03/2021;COT1;Transfacil;EQ6;CCIT 4.0 FRONTAL H2.1;;;DF9;Ajuste e aperto de conex∆o;2
01/03/2021;COT1;Transfacil;EQ6;CCIT 4.0 FRONTAL H2.1;;;DF35;Defeito n∆o encontrado / testes e liberaá∆o;1
01/03/2021;COT1;Transfacil;EQ6;CCIT 4.0 FRONTAL H2.1;;;DF37;Defeito n∆o encontrado e subst. FW/SW;4
01/03/2021;COT1;Transfacil;EQ6;CCIT 4.0 FRONTAL H2.1;;;DF88;Reparo com formataá∆o e reinst. FW/SW;80
01/03/2021;COT1;Transfacil;EQ6;CCIT 4.0 FRONTAL H2.1;;;DF108;Ressolda no circuito da placa-m∆e;1
01/03/2021;COT1;Transfacil;EQ6;CCIT 4.0 FRONTAL H2.1;;;DF136;Subst. Da Carcaáa inferior;1
01/03/2021;COT1;Transfacil;EQ6;CCIT 4.0 FRONTAL H2.1;;;DF238;Subst. Do Vidro CCIT V4.0;11
01/03/2021;COT23;UTB;EQ6;CCIT 4.0 FRONTAL H2.1;OP83;UTB;DF41;Envio para manutená∆o central-CTG;14
01/03/2021;COT16;Via Ouro;EQ3;CCIT 3.5;OP49;VIA OURO COLETIVOS LTDA;DF88;Reparo com formataá∆o e reinst. FW/SW;2
01/03/2021;COT16;Via Ouro;EQ3;CCIT 3.5;OP49;VIA OURO COLETIVOS LTDA;DF108;Ressolda no circuito da placa-m∆e;1
01/03/2021;COT1;Transfacil;EQ14;DMX200 MOD H3.1;;;DF35;Defeito n∆o encontrado / testes e liberaá∆o;1
01/03/2021;COT1;Transfacil;EQ14;DMX200 MOD H3.1;;;DF41;Envio para manutená∆o central-CTG;15
01/03/2021;COT1;Transfacil;EQ14;DMX200 MOD H3.1;;;DF88;Reparo com formataá∆o e reinst. FW/SW;114
01/03/2021;COT9;SINTRAM SEM DMX200;EQ16;PDM03;OP51;CONS‡RCIO ‡TIMO DE BILHETAGEM ELETR‚NICA ;DF37;Defeito n∆o encontrado e subst. FW/SW;2
01/03/2021;COT9;SINTRAM SEM DMX200;EQ16;PDM03;OP51;CONS‡RCIO ‡TIMO DE BILHETAGEM ELETR‚NICA ;DF88;Reparo com formataá∆o e reinst. FW/SW;27
01/03/2021;COT9;SINTRAM SEM DMX200;EQ16;PDM03;OP51;CONS‡RCIO ‡TIMO DE BILHETAGEM ELETR‚NICA ;DF169;Subst. De Componente eletrìnico;45
01/03/2021;COT9;SINTRAM COM DMX200;EQ12;DMX200 MOD H3;OP51;CONS‡RCIO ‡TIMO DE BILHETAGEM ELETR‚NICA ;DF41;Envio para manutená∆o central-CTG;2
01/03/2021;COT9;SINTRAM COM DMX200;EQ12;DMX200 MOD H3;OP51;CONS‡RCIO ‡TIMO DE BILHETAGEM ELETR‚NICA ;DF88;Reparo com formataá∆o e reinst. FW/SW;14
01/03/2021;COT2;Transcard;EQ16;PDM03;;;DF9;Ajuste e aperto de conex∆o;3
01/03/2021;COT2;Transcard;EQ16;PDM03;;;DF41;Envio para manutená∆o central-CTG;6
01/03/2021;COT2;Transcard;EQ16;PDM03;;;DF46;Formataá∆o da mem¢ria e subst. FW;13
01/03/2021;COT2;Transcard;EQ16;PDM03;;;DF125;Subst. Bot∆o on/off;4
01/03/2021;COT19;S«O JO«O;EQ39;DMX200L JI21 SEM BATERIA;OP67;S«O JO«O;DF41;Envio para manutená∆o central-CTG;7
01/03/2021;COT19;S«O JO«O;EQ39;DMX200L JI21 SEM BATERIA;OP67;S«O JO«O;DF97;Ressolda;10
01/03/2021;COT19;S«O JO«O;EQ39;DMX200L JI21 SEM BATERIA;OP67;S«O JO«O;DF115;Restauraá∆o da ROM via PC;2
01/03/2021;COT20;ROSA TURISMO;EQ39;DMX200L JI21 SEM BATERIA;OP66;ROSA TURISMO;DF41;Envio para manutená∆o central-CTG;6
01/03/2021;COT20;ROSA TURISMO;EQ39;DMX200L JI21 SEM BATERIA;OP66;ROSA TURISMO;DF97;Ressolda;10
01/03/2021;COT20;ROSA TURISMO;EQ39;DMX200L JI21 SEM BATERIA;OP66;ROSA TURISMO;DF115;Restauraá∆o da ROM via PC;6
01/03/2021;COT22;Taguatur PM NOVO;EQ39;DMX200L JI21 SEM BATERIA;OP82;TAGUATUR;DF41;Envio para manutená∆o central-CTG;55
01/03/2021;COT3;TEU;EQ14;DMX200 MOD H3.1;;;DF21;Atualizaá∆o de FW ;32
01/03/2021;COT3;TEU;EQ14;DMX200 MOD H3.1;;;DF41;Envio para manutená∆o central-CTG;2
01/03/2021;COT3;TEU;EQ14;DMX200 MOD H3.1;;;DF115;Restauraá∆o da ROM via PC;25
01/03/2021;COT24;GVBUS;EQ14;DMX200 MOD H3.1;;;DF21;Atualizaá∆o de FW ;4
01/03/2021;COT24;GVBUS;EQ14;DMX200 MOD H3.1;;;DF41;Envio para manutená∆o central-CTG;182
01/03/2021;COT24;GVBUS;EQ14;DMX200 MOD H3.1;;;DF46;Formataá∆o da mem¢ria e subst. FW;88
01/03/2021;COT24;GVBUS;EQ14;DMX200 MOD H3.1;;;DF97;Ressolda;35
01/03/2021;COT24;GVBUS;EQ14;DMX200 MOD H3.1;;;DF172;Subst. De Simcard (Chip GPRS);204
01/03/2021;COT24;GVBUS;EQ14;DMX200 MOD H3.1;;;DF172;Subst. De Simcard (Chip GPRS);48
01/03/2021;COT12;DIVPASS;EQ13;DMX200L;OP124;DIVPASS;DF86;Reparo com configuraá∆o Setup;1
01/03/2021;COT12;DIVPASS;EQ13;DMX200L;OP124;DIVPASS;DF90;Reparo com formataá∆o e subst. FW/SW;17
01/03/2021;COT11;Gov. Valadares;EQ13;DMX200L;OP53;VIAÄ«O MOBI;DF86;Reparo com configuraá∆o Setup;1
01/03/2021;COT11;Gov. Valadares;EQ13;DMX200L;OP53;VIAÄ«O MOBI;DF88;Reparo com formataá∆o e reinst. FW/SW;19
01/03/2021;COT25;COOTRAPS - CE;EQ14;DMX200 MOD H3.1;OP129;COOTRAPS;DF39;Enviados para manutená∆o central CTG;14
01/03/2021;COT25;COOTRAPS - CE;EQ14;DMX200 MOD H3.1;OP129;COOTRAPS;DF90;Reparo com formataá∆o e subst. FW/SW;30
01/03/2021;COT1;Transfacil;EQ10;CONNECTION CCIT 4.0;;;DF37;Defeito n∆o encontrado e subst. FW/SW;4
01/03/2021;COT1;Transfacil;EQ10;CONNECTION CCIT 4.0;;;DF88;Reparo com formataá∆o e reinst. FW/SW;18
01/03/2021;COT1;Transfacil;EQ10;CONNECTION CCIT 4.0;;;DF92;Reparo na Connection;1
01/03/2021;COT1;Transfacil;EQ10;CONNECTION CCIT 4.0;;;DF136;Subst. Da Carcaáa inferior;1
01/03/2021;COT1;Transfacil;EQ10;CONNECTION CCIT 4.0;;;DF169;Subst. De Componente eletrìnico;4
01/03/2021;COT2;Transcard;EQ10;CONNECTION CCIT 4.0;;;DF41;Envio para manutená∆o central-CTG;14
01/03/2021;COT2;Transcard;EQ10;CONNECTION CCIT 4.0;;;DF88;Reparo com formataá∆o e reinst. FW/SW;25
01/03/2021;COT19;S«O JO«O;EQ10;CONNECTION CCIT 4.0;OP67;S«O JO«O;DF58;Intervená∆o com solda e/ou subst. Componente (4.0);1
01/03/2021;COT19;S«O JO«O;EQ10;CONNECTION CCIT 4.0;OP67;S«O JO«O;DF256;Subst. de Fus°vel;1
01/03/2021;COT20;ROSA TURISMO;EQ10;CONNECTION CCIT 4.0;OP66;ROSA TURISMO;DF256;Reparo com formataá∆o e reinst. FW/SW;2
01/03/2021;COT4;Setut;EQ10;CONNECTION CCIT 4.0;;;DF256;Subst. de Fus°vel;1
01/03/2021;COT3;TEU;EQ10;CONNECTION CCIT 4.0;;;DF21;Atualizaá∆o de FW ;24
01/03/2021;COT24;GVBUS;EQ10;CONNECTION CCIT 4.0;;;DF21;Atualizaá∆o de FW ;11
01/03/2021;COT3;TEU;EQ22;V3000M;;;DF21;Atualizaá∆o de FW ;64
01/03/2021;COT3;TEU;EQ22;V3000M;;;DF41;Envio para manutená∆o central-CTG;4
01/03/2021;COT3;TEU;EQ22;V3000M;;;DF115;Restauraá∆o da ROM via PC;63
01/03/2021;COT3;TEU;EQ21;V3000L;;;DF21;Atualizaá∆o de FW ;1
01/03/2021;COT3;TEU;EQ21;V3000L;;;DF115;Restauraá∆o da ROM via PC;1
01/03/2021;COT3;TEU;EQ26;V3000M DVR;;;DF21;Atualizaá∆o de FW ;8
01/03/2021;COT3;TEU;EQ26;V3000M DVR;;;DF115;Restauraá∆o da ROM via PC;8
01/03/2021;COT1;Transfacil;EQ27;UT (FTV 3000);;;DF37;Defeito n∆o encontrado e subst. FW/SW;1
01/03/2021;COT1;Transfacil;EQ27;UT (FTV 3000);;;DF169;Subst. De Componente eletrìnico;2
01/03/2021;COT24;GVBUS;EQ33;POS MOVE 2500;;;DF3;Ajuste da Cabeáa de Impress∆o;1
01/03/2021;COT24;GVBUS;EQ33;POS MOVE 2500;;;DF7;Ajuste do M¢dulo de Impress∆o;2
01/03/2021;COT24;GVBUS;EQ33;POS MOVE 2500;;;DF46;Formataá∆o da mem¢ria e subst. FW;6
01/03/2021;COT24;GVBUS;EQ33;POS MOVE 2500;;;DF211;Subst. Do Equipamento completo;1
01/03/2021;COT20;Rosa Turismo;EQ31;POS 250;OP66;ROSA TURISMO;DF46;Formataá∆o da mem¢ria e subst. FW;1
01/03/2021;COT20;Rosa Turismo;EQ31;POS 250;OP66;ROSA TURISMO;DF46;Formataá∆o da mem¢ria e subst. FW;1
01/03/2021;COT19;S∆o Jo∆o;EQ31;POS 250;OP67;S«O JO«O;DF41;Envio para manutená∆o central-CTG;4
01/03/2021;COT2;Transcard;EQ31;POS 250;;;DF7;Ajuste do M¢dulo de Impress∆o;4
01/03/2021;COT2;Transcard;EQ31;POS 250;;;DF41;Envio para manutená∆o central-CTG;1
01/03/2021;COT2;Transcard;EQ31;POS 250;;;DF46;Formataá∆o da mem¢ria e subst. FW;4
01/04/2021;COT7;Alagoinhas;EQ34;CCIT 4.0 FRONTAL H2.1 C SEM BATERIA;OP68;ALAGOINHAS;DF39;Enviados para manutená∆o central CTG;2
01/04/2021;COT7;Alagoinhas;EQ34;CCIT 4.0 FRONTAL H2.1 C SEM BATERIA;OP68;ALAGOINHAS;DF113;Restaura RAM via PC;2
01/04/2021;COT8;CBTU;EQ1;CCIT 3.0;OP47;CBTU - COMPANHIA BRASILEIRA DE TRENS URBANOS;DF163;Subst. Da Placa Smartmedia;1
01/04/2021;COT12;DIVPASS;EQ6;CCIT 4.0 FRONTAL H2.1;OP124;DIVPASS;DF37;Defeito n∆o encontrado e subst. FW/SW;1
01/04/2021;COT11;Gov. Valadares;EQ6;CCIT 4.0 FRONTAL H2.1;OP53;VIAÄ«O MOBI;DF37;Defeito n∆o encontrado e subst. FW/SW;5
01/04/2021;COT24;GVBUS;EQ6;CCIT 4.0 FRONTAL H2.1;;;DF41;Envio para manutená∆o central-CTG;16
01/04/2021;COT24;GVBUS;EQ6;CCIT 4.0 FRONTAL H2.1;;;DF46;Formataá∆o da mem¢ria e subst. FW;129
01/04/2021;COT24;GVBUS;EQ6;CCIT 4.0 FRONTAL H2.1;;;DF211;Subst. Do Equipamento completo;4
01/04/2021;COT6;Metro-Bahia;EQ28;ATM;OP63;METRO-BAHIA;DF7;Ajuste do M¢dulo de Impress∆o;1
01/04/2021;COT6;Metro-Bahia;EQ28;ATM;OP63;METRO-BAHIA;DF143;Subst. da Impressora;7
01/04/2021;COT6;Metro-Bahia;EQ28;ATM;OP63;METRO-BAHIA;DF237;Subst. Do Validador de Notas;21
01/04/2021;COT6;Metro-Bahia;EQ37;CCIT 3.13 BLOQUEIO;OP63;METRO-BAHIA;DF132;Subst. Da Bateria de Lithium;2
01/04/2021;COT6;Metro-Bahia;EQ37;CCIT 3.13 BLOQUEIO;OP63;METRO-BAHIA;DF213;Subst. Do Max483/Pollyswitch;1
01/04/2021;COT6;Metro-Bahia;EQ9;CCIT 4.0 (BLOQUEIO) FRONTAL H1;OP63;METRO-BAHIA;DF113;Restaura RAM via PC;3
01/04/2021;COT5;METROFOR/ VLT FORTALEZA;EQ38;CCIT 4.0 METROFOR;OP105;METROFOR LINHA SUL;DF41;Envio para manutená∆o central-CTG;18
01/04/2021;COT5;METROFOR/ VLT FORTALEZA;EQ38;CCIT 4.0 METROFOR;OP105;METROFOR LINHA SUL;DF46;Formataá∆o da mem¢ria e subst. FW;17
01/04/2021;COT5;METROFOR/ VLT FORTALEZA;EQ38;CCIT 4.0 METROFOR;OP105;METROFOR LINHA SUL;DF113;Restaura RAM via PC;1
01/04/2021;COT10;Metropolitano-Bahia;EQ28;ATM;OP64;METROPOLITANO SSA;DF237;Subst. Do Validador de Notas;1
01/04/2021;COT10;Metropolitano-Bahia;EQ6;CCIT 4.0 FRONTAL H2.1;OP64;METROPOLITANO SSA;DF41;Envio para manutená∆o central-CTG;8
01/04/2021;COT10;Metropolitano-Bahia;EQ6;CCIT 4.0 FRONTAL H2.1;OP64;METROPOLITANO SSA;DF113;Restaura RAM via PC;16
01/04/2021;COT10;Metropolitano-Bahia;EQ6;CCIT 4.0 FRONTAL H2.1;OP64;METROPOLITANO SSA;DF114;Restaura RAM via pendrive;5
01/04/2021;COT20;ROSA TURISMO;EQ36;CCIT 4.0 FRONTAL H1 COM BATERIA;OP66;ROSA TURISMO;DF41;Envio para manutená∆o central-CTG;2
01/04/2021;COT20;ROSA TURISMO;EQ36;CCIT 4.0 FRONTAL H1 COM BATERIA;OP66;ROSA TURISMO;DF101;Ressolda Mbccit;1
01/04/2021;COT20;ROSA TURISMO;EQ36;CCIT 4.0 FRONTAL H1 COM BATERIA;OP66;ROSA TURISMO;DF113;Restaura RAM via PC;7
01/04/2021;COT19;S«O JO«O;EQ36;CCIT 4.0 FRONTAL H1 COM BATERIA;OP67;S«O JO«O;DF41;Envio para manutená∆o central-CTG;3
01/04/2021;COT19;S«O JO«O;EQ36;CCIT 4.0 FRONTAL H1 COM BATERIA;OP67;S«O JO«O;DF113;Restaura RAM via PC;8
01/04/2021;COT4;Setut;EQ6;CCIT 4.0 FRONTAL H2.1;;;DF41;Envio para manutená∆o central-CTG;8
01/04/2021;COT18;Sindpautras;EQ6;CCIT 4.0 FRONTAL H2.1;OP48;SINDPAUTRAS-SIND. PERM. AUT. TRANSP. SU;DF88;Reparo com formataá∆o e reinst. FW/SW;8
01/04/2021;COT18;Sindpautras;EQ6;CCIT 4.0 FRONTAL H2.1;OP48;SINDPAUTRAS-SIND. PERM. AUT. TRANSP. SU;DF169;Subst. De Componente eletrìnico;1
01/04/2021;COT18;Sindpautras;EQ6;CCIT 4.0 FRONTAL H2.1;OP48;SINDPAUTRAS-SIND. PERM. AUT. TRANSP. SU;DF216;Subst. Do M¢dulo H2;3
01/04/2021;COT22;Taguatur;EQ8;CCIT 4.0 FRONTAL JI21 SEM BATERIA;OP82;TAGUATUR;DF41;Envio para manutená∆o central-CTG;5
01/04/2021;COT3;TEU;EQ3;CCIT 3.5;;;DF21;Atualizaá∆o de FW ;1
01/04/2021;COT3;TEU;EQ3;CCIT 3.5;;;DF157;Subst. Da Placa FTCLess;1
01/04/2021;COT3;TEU;EQ36;CCIT 4.0 FRONTAL H1 COM BATERIA;;;DF41;Envio para manutená∆o central-CTG;11
01/04/2021;COT3;TEU;EQ36;CCIT 4.0 FRONTAL H1 COM BATERIA;;;DF60;Limpeza de cache;25
01/04/2021;COT3;TEU;EQ36;CCIT 4.0 FRONTAL H1 COM BATERIA;;;DF115;Restauraá∆o da ROM via PC;165
01/04/2021;COT3;TEU;EQ36;CCIT 4.0 FRONTAL H1 COM BATERIA;;;DF132;Subst. Da Bateria de Lithium;22
01/04/2021;COT3;TEU;EQ36;CCIT 4.0 FRONTAL H1 COM BATERIA;;;DF136;Subst. Da Carcaáa inferior;12
01/04/2021;COT2;Transcard;EQ28;ATM;OP61;Setps (Transcard);DF49;Formataá∆o e Reinstalaá∆o do PC;1
01/04/2021;COT2;Transcard;EQ28;ATM;OP61;Setps (Transcard);DF143;Subst. da Impressora;2
01/04/2021;COT2;Transcard;EQ6;CCIT 4.0 FRONTAL H2.1;;;DF41;Envio para manutená∆o central-CTG;63
01/04/2021;COT2;Transcard;EQ6;CCIT 4.0 FRONTAL H2.1;;;DF113;Restaura RAM via PC;59
01/04/2021;COT2;Transcard;EQ6;CCIT 4.0 FRONTAL H2.1;;;DF114;Restaura RAM via pendrive;15
01/04/2021;COT1;Transfacil;EQ28;ATM;OP27;TRANSFµCIL;DF32;Defeito n∆o encontrado;3
01/04/2021;COT1;Transfacil;EQ28;ATM;OP27;TRANSFµCIL;DF65;Manutená∆o Cofre;1
01/04/2021;COT1;Transfacil;EQ28;ATM;OP27;TRANSFµCIL;DF67;Manutená∆o na Impressora;2
01/04/2021;COT1;Transfacil;EQ28;ATM;OP27;TRANSFµCIL;DF71;Mau contato no conector antena WLAN;1
01/04/2021;COT1;Transfacil;EQ28;ATM;OP27;TRANSFµCIL;DF77;PC ATM Travado;1
01/04/2021;COT1;Transfacil;EQ28;ATM;OP27;TRANSFµCIL;DF128;Subst. Da antena Cless;2
01/04/2021;COT1;Transfacil;EQ28;ATM;OP27;TRANSFµCIL;DF140;Subst. Da Fechadura Tetra Chave;1
01/04/2021;COT1;Transfacil;EQ28;ATM;OP27;TRANSFµCIL;DF143;Subst. da Impressora;1
01/04/2021;COT1;Transfacil;EQ28;ATM;OP27;TRANSFµCIL;DF177;Subst. Do Cabeáote da Impressora;1
01/04/2021;COT1;Transfacil;EQ28;ATM;OP27;TRANSFµCIL;DF197;Subst. Do Cofre;2
01/04/2021;COT1;Transfacil;EQ28;ATM;OP27;TRANSFµCIL;DF208;Subst. Do Dispenser do cart∆o;1
01/04/2021;COT1;Transfacil;EQ28;ATM;OP27;TRANSFµCIL;DF228;Subst. Do PDV ATM;1
01/04/2021;COT1;Transfacil;EQ28;ATM;OP27;TRANSFµCIL;DF237;Subst. Do Validador de Notas;5
01/04/2021;COT1;Transfacil;EQ6;CCIT 4.0 FRONTAL H2.1;;;DF9;Ajuste e aperto de conex∆o;1
01/04/2021;COT1;Transfacil;EQ6;CCIT 4.0 FRONTAL H2.1;;;DF37;Defeito n∆o encontrado e subst. FW/SW;10
01/04/2021;COT1;Transfacil;EQ6;CCIT 4.0 FRONTAL H2.1;;;DF88;Reparo com formataá∆o e reinst. FW/SW;132
01/04/2021;COT1;Transfacil;EQ6;CCIT 4.0 FRONTAL H2.1;;;DF130;Subst. Da Antena WLAN;1
01/04/2021;COT1;Transfacil;EQ6;CCIT 4.0 FRONTAL H2.1;;;DF136;Subst. Da Carcaáa inferior;2
01/04/2021;COT1;Transfacil;EQ6;CCIT 4.0 FRONTAL H2.1;;;DF158;Subst. Da placa FTCTLess V3.2;1
01/04/2021;COT1;Transfacil;EQ6;CCIT 4.0 FRONTAL H2.1;;;DF174;Subst. do Adesivo frontal Cless;1
01/04/2021;COT1;Transfacil;EQ6;CCIT 4.0 FRONTAL H2.1;;;DF198;Subst. Do componente eletrìnico;1
01/04/2021;COT1;Transfacil;EQ6;CCIT 4.0 FRONTAL H2.1;;;DF216;Subst. Do M¢dulo H2;13
01/04/2021;COT1;Transfacil;EQ6;CCIT 4.0 FRONTAL H2.1;;;DF238;Subst. Do Vidro CCIT V4.0;7
01/04/2021;COT16;Via Ouro;EQ3;CCIT 3.5;OP49;VIA OURO COLETIVOS LTDA;DF88;Reparo com formataá∆o e reinst. FW/SW;2
01/04/2021;COT16;Via Ouro;EQ3;CCIT 3.5;OP49;VIA OURO COLETIVOS LTDA;DF108;Ressolda no circuito da placa-m∆e;1
01/04/2021;COT1;Transfacil;EQ14;DMX200 MOD H3.1;;;DF37;Defeito n∆o encontrado e subst. FW/SW;3
01/04/2021;COT1;Transfacil;EQ14;DMX200 MOD H3.1;;;DF41;Envio para manutená∆o central-CTG;26
01/04/2021;COT1;Transfacil;EQ14;DMX200 MOD H3.1;;;DF86;Reparo com configuraá∆o do setup;1
01/04/2021;COT1;Transfacil;EQ14;DMX200 MOD H3.1;;;DF88;Reparo com formataá∆o e reinst. FW/SW;117
01/04/2021;COT1;Transfacil;EQ14;DMX200 MOD H3.1;;;DF170;Subst. De Gorila Glass;1
01/04/2021;COT9;SINTRAM SEM DMX200;EQ16;PDM03;OP51;CONS‡RCIO ‡TIMO DE BILHETAGEM ELETR‚NICA ;DF41;Envio para manutená∆o central-CTG;7
01/04/2021;COT9;SINTRAM SEM DMX200;EQ16;PDM03;OP51;CONS‡RCIO ‡TIMO DE BILHETAGEM ELETR‚NICA ;DF88;Reparo com formataá∆o e reinst. FW/SW;15
01/04/2021;COT9;SINTRAM COM DMX200;EQ12;DMX200 MOD H3;OP51;CONS‡RCIO ‡TIMO DE BILHETAGEM ELETR‚NICA ;DF41;Envio para manutená∆o central-CTG;7
01/04/2021;COT9;SINTRAM COM DMX200;EQ12;DMX200 MOD H3;OP51;CONS‡RCIO ‡TIMO DE BILHETAGEM ELETR‚NICA ;DF88;Reparo com formataá∆o e reinst. FW/SW;15
01/04/2021;COT2;Transcard;EQ16;PDM03;;;DF22;Atualizaá∆o de pacote;3
01/04/2021;COT2;Transcard;EQ16;PDM03;;;DF41;Envio para manutená∆o central-CTG;4
01/04/2021;COT4;Setut;EQ14;DMX200 MOD H3.1;;;DF41;Envio para manutená∆o central-CTG;18
01/04/2021;COT3;TEU;EQ14;DMX200 MOD H3.1;;;DF21;Atualizaá∆o de FW ;20
01/04/2021;COT3;TEU;EQ14;DMX200 MOD H3.1;;;DF41;Envio para manutená∆o central-CTG;3
01/04/2021;COT3;TEU;EQ14;DMX200 MOD H3.1;;;DF115;Restauraá∆o da ROM via PC;20
01/04/2021;COT24;GVBUS;EQ14;DMX200 MOD H3.1;;;DF21;Atualizaá∆o de FW ;5
01/04/2021;COT24;GVBUS;EQ14;DMX200 MOD H3.1;;;DF41;Envio para manutená∆o central-CTG;118
01/04/2021;COT24;GVBUS;EQ14;DMX200 MOD H3.1;;;DF111;Ressolda ou solda fria;6
01/04/2021;COT24;GVBUS;EQ14;DMX200 MOD H3.1;;;DF117;Restauraá∆o de m¢dulos via PC e/ou SdCard;191
01/04/2021;COT24;GVBUS;EQ14;DMX200 MOD H3.1;;;DF127;Subst. Conector USB;2
01/04/2021;COT24;GVBUS;EQ14;DMX200 MOD H3.1;;;DF132;Subst. Da Bateria de Lithium;24
01/04/2021;COT11;Gov. Valadares;EQ13;DMX200L;OP53;VIAÄ«O MOBI;DF88;Reparo com formataá∆o e reinst. FW/SW;15
01/04/2021;COT11;Gov. Valadares;EQ13;DMX200L;OP53;VIAÄ«O MOBI;DF169;Subst. De Componente eletrìnico;5
01/04/2021;COT22;Taguatur PM NOVO;EQ39;DMX200L JI21 SEM BATERIA;OP82;TAGUATUR;DF41;Envio para manutená∆o central-CTG;56
01/04/2021;COT12;DIVPASS;EQ13;DMX200L;OP124;DIVPASS;DF90;Reparo com formataá∆o e subst. FW/SW;18
01/04/2021;COT12;DIVPASS;EQ13;DMX200L;OP124;DIVPASS;DF169;Subst. De Componente eletrìnico;1
01/04/2021;COT25;COOTRAPS - CE;EQ14;DMX200 MOD H3.1;OP129;COOTRAPS;DF39;Enviados para manutená∆o central CTG;23
01/04/2021;COT25;COOTRAPS - CE;EQ14;DMX200 MOD H3.1;OP129;COOTRAPS;DF90;Reparo com formataá∆o e subst. FW/SW;25
01/04/2021;COT1;Transfacil;EQ10;CONNECTION CCIT 4.0;;;DF37;Defeito n∆o encontrado e subst. FW/SW;1
01/04/2021;COT1;Transfacil;EQ10;CONNECTION CCIT 4.0;;;DF88;Reparo com formataá∆o e reinst. FW/SW;17
01/04/2021;COT1;Transfacil;EQ10;CONNECTION CCIT 4.0;;;DF169;Subst. De Componente eletrìnico;5
01/04/2021;COT2;Transcard;EQ10;CONNECTION CCIT 4.0;;;DF41;Envio para manutená∆o central-CTG;16
01/04/2021;COT2;Transcard;EQ10;CONNECTION CCIT 4.0;;;DF46;Formataá∆o da mem¢ria e subst. FW;26
01/04/2021;COT2;Transcard;EQ10;CONNECTION CCIT 4.0;;;DF206;Subst. Do Conector USB;3
01/04/2021;COT20;ROSA TURISMO;EQ10;CONNECTION CCIT 4.0;OP66;ROSA TURISMO;DF21;Atualizaá∆o de FW ;2
01/04/2021;COT19;S«O JO«O;EQ10;CONNECTION CCIT 4.0;OP67;S«O JO«O;DF21;Atualizaá∆o de FW ;3
01/04/2021;COT20;ROSA TURISMO;EQ10;CONNECTION CCIT 4.0;OP66;ROSA TURISMO;DF41;Envio para manutená∆o central-CTG;1
01/04/2021;COT19;S«O JO«O;EQ10;CONNECTION CCIT 4.0;OP67;S«O JO«O;DF41;Envio para manutená∆o central-CTG;1
01/04/2021;COT20;ROSA TURISMO;EQ10;CONNECTION CCIT 4.0;OP66;ROSA TURISMO;DF256;Subst. de Fus°vel;1
01/04/2021;COT19;S«O JO«O;EQ10;CONNECTION CCIT 4.0;OP67;S«O JO«O;DF256;Subst. de Fus°vel;1
01/04/2021;COT4;Setut;EQ10;CONNECTION CCIT 4.0;;;DF41;Envio para manutená∆o central-CTG;1
01/04/2021;COT24;GVBUS;EQ10;CONNECTION CCIT 4.0;;;DF21;Atualizaá∆o de FW ;2
01/04/2021;COT24;GVBUS;EQ10;CONNECTION CCIT 4.0;;;DF41;Envio para manutená∆o central-CTG;2
01/04/2021;COT24;GVBUS;EQ10;CONNECTION CCIT 4.0;;;DF46;Formataá∆o da mem¢ria e subst. FW;2
01/04/2021;COT24;GVBUS;EQ10;CONNECTION CCIT 4.0;;;DF169;Subst. De Componente eletrìnico;15
01/04/2021;COT3;TEU;EQ22;V3000M;;;DF21;Atualizaá∆o de FW ;78
01/04/2021;COT3;TEU;EQ22;V3000M;;;DF41;Envio para manutená∆o central-CTG;9
01/04/2021;COT3;TEU;EQ22;V3000M;;;DF84;Regravaá∆o da EPLD;2
01/04/2021;COT3;TEU;EQ22;V3000M;;;DF115;Restauraá∆o da ROM via PC;71
01/04/2021;COT3;TEU;EQ22;V3000M;;;DF232;Subst. Do SDCard;3
01/04/2021;COT3;TEU;EQ21;V3000L;;;DF115;Restauraá∆o da ROM via PC;1
01/04/2021;COT3;TEU;EQ21;V3000L;;;DF41;Envio para manutená∆o central-CTG;1
01/04/2021;COT3;TEU;EQ26;V3000M DVR;;;DF21;Atualizaá∆o de FW ;13
01/04/2021;COT3;TEU;EQ26;V3000M DVR;;;DF115;Restauraá∆o da ROM via PC;13
01/04/2021;COT3;TEU;EQ26;V3000M DVR;;;DF41;Envio para manutená∆o central-CTG;1
01/04/2021;COT1;Transfacil;EQ27;UT (FTV 3000);;;DF35;Defeito n∆o encontrado / testes e liberaá∆o;1
01/04/2021;COT1;Transfacil;EQ27;UT (FTV 3000);;;DF88;Reparo com formataá∆o e reinst. FW/SW;4
01/04/2021;COT1;Transfacil;EQ27;UT (FTV 3000);;;DF169;Subst. De Componente eletrìnico;4
01/04/2021;COT24;GVBUS;EQ33;POS MOVE 2500;;;DF41;Envio para manutená∆o central-CTG;9
01/04/2021;COT20;Rosa Turismo;EQ31;POS 250;OP66;ROSA TURISMO;DF41;Envio para manutená∆o central-CTG;2
01/04/2021;COT19;S∆o Jo∆o;EQ31;POS 250;OP67;S«O JO«O;DF46;Formataá∆o da mem¢ria e subst. FW;1
01/04/2021;COT2;Transcard;EQ31;POS 250;;;DF7;Ajuste do M¢dulo de Impress∆o;2
01/04/2021;COT2;Transcard;EQ31;POS 250;;;DF41;Envio para manutená∆o central-CTG;5
01/04/2021;COT2;Transcard;EQ31;POS 250;;;DF46;Formataá∆o da mem¢ria e subst. FW;3
01/04/2021;COT1;Transfacil;EQ31;POS 250;OP27;TRANSFµCIL;DF41;Envio para manutená∆o central-CTG;1
01/05/2021;COT7;Alagoinhas;EQ34;CCIT 4.0 FRONTAL H2.1 C SEM BATERIA;OP68;ALAGOINHAS;DF39;Enviados para manutená∆o central CTG;2
01/05/2021;COT7;Alagoinhas;EQ34;CCIT 4.0 FRONTAL H2.1 C SEM BATERIA;OP68;ALAGOINHAS;DF113;Restaura RAM via PC;1
01/05/2021;COT21;Araguarina;EQ35;CCIT 4.0 FRONTAL H2 COM BATERIA;OP81;VIAÄ«O ARAGUARINA;DF41;Envio para manutená∆o central-CTG;1
01/05/2021;COT8;CBTU;EQ1;CCIT 3.0;OP47;CBTU - COMPANHIA BRASILEIRA DE TRENS URBANOS;DF37;Defeito n∆o encontrado e subst. FW/SW;1
01/05/2021;COT8;CBTU;EQ1;CCIT 3.0;OP47;CBTU - COMPANHIA BRASILEIRA DE TRENS URBANOS;DF88;Reparo com formataá∆o e reinst. FW/SW;4
01/05/2021;COT8;CBTU;EQ1;CCIT 3.0;OP47;CBTU - COMPANHIA BRASILEIRA DE TRENS URBANOS;DF129;Subst. Da Antena Cless e adesivo frontal;1
01/05/2021;COT8;CBTU;EQ1;CCIT 3.0;OP47;CBTU - COMPANHIA BRASILEIRA DE TRENS URBANOS;DF181;Subst. Do Cabo Flat;1
01/05/2021;COT8;CBTU;EQ1;CCIT 3.0;OP47;CBTU - COMPANHIA BRASILEIRA DE TRENS URBANOS;DF209;Subst. Do Display;2
01/05/2021;COT12;DIVPASS;EQ6;CCIT 4.0 FRONTAL H2.1;OP124;DIVPASS;DF90;Reparo com formataá∆o e subst. FW/SW;10
01/05/2021;COT11;Gov. Valadares;EQ6;CCIT 4.0 FRONTAL H2.1;OP53;VIAÄ«O MOBI;DF37;Defeito n∆o encontrado e subst. FW/SW;14
01/05/2021;COT24;GVBUS;EQ28;ATM;OP108;GVBUS - SIND. DAS EMP. DE TRANP. METROP. DA GRANDE VIT‡RIA;DF62;Limpeza no recolhedor de notas e no cash box;5
01/05/2021;COT24;GVBUS;EQ28;ATM;OP108;GVBUS - SIND. DAS EMP. DE TRANP. METROP. DA GRANDE VIT‡RIA;DF78;PC Reiniciado;2
01/05/2021;COT24;GVBUS;EQ6;CCIT 4.0 FRONTAL H2.1;;;DF15;Ajustes de parafusos e conex‰es;1
01/05/2021;COT24;GVBUS;EQ6;CCIT 4.0 FRONTAL H2.1;;;DF23;Atualizaá∆o de pacote (CCIT 4);3
01/05/2021;COT24;GVBUS;EQ6;CCIT 4.0 FRONTAL H2.1;;;DF41;Envio para manutená∆o central-CTG;25
01/05/2021;COT24;GVBUS;EQ6;CCIT 4.0 FRONTAL H2.1;;;DF46;Formataá∆o da mem¢ria e subst. FW;14
01/05/2021;COT24;GVBUS;EQ6;CCIT 4.0 FRONTAL H2.1;;;DF88;Reparo com formataá∆o e reinst. FW/SW;3
01/05/2021;COT24;GVBUS;EQ6;CCIT 4.0 FRONTAL H2.1;;;DF93;Reparo no m¢dulo;73
01/05/2021;COT6;Metro-Bahia;EQ28;ATM;OP63;METRO-BAHIA;DF7;Ajuste do M¢dulo de Impress∆o;1
01/05/2021;COT6;Metro-Bahia;EQ28;ATM;OP63;METRO-BAHIA;DF142;Subst. Da Fonte Lambda ATM;1
01/05/2021;COT6;Metro-Bahia;EQ28;ATM;OP63;METRO-BAHIA;DF143;Subst. da Impressora;2
01/05/2021;COT6;Metro-Bahia;EQ28;ATM;OP63;METRO-BAHIA;DF218;Subst. Do Monitor;3
01/05/2021;COT6;Metro-Bahia;EQ28;ATM;OP63;METRO-BAHIA;DF227;Subst. Do PC ATM;1
01/05/2021;COT6;Metro-Bahia;EQ28;ATM;OP63;METRO-BAHIA;DF228;Subst. Do PDV ATM;1
01/05/2021;COT6;Metro-Bahia;EQ28;ATM;OP63;METRO-BAHIA;DF237;Subst. Do Validador de Notas;36
01/05/2021;COT6;Metro-Bahia;EQ9;CCIT 4.0 (BLOQUEIO) FRONTAL H1;OP63;METRO-BAHIA;DF113;Restaura RAM via PC;2
01/05/2021;COT5;METROFOR/ VLT FORTALEZA;EQ38;CCIT 4.0 METROFOR;OP105;METROFOR LINHA SUL;DF41;Envio para manutená∆o central-CTG;14
01/05/2021;COT5;METROFOR/ VLT FORTALEZA;EQ38;CCIT 4.0 METROFOR;OP105;METROFOR LINHA SUL;DF88;Reparo com formataá∆o e reinst. FW/SW;10
01/05/2021;COT10;Metropolitano-Bahia;EQ6;CCIT 4.0 FRONTAL H2.1;OP64;METROPOLITANO SSA;DF41;Envio para manutená∆o central-CTG;3
01/05/2021;COT10;Metropolitano-Bahia;EQ6;CCIT 4.0 FRONTAL H2.1;OP64;METROPOLITANO SSA;DF113;Restaura RAM via PC;22
01/05/2021;COT10;Metropolitano-Bahia;EQ6;CCIT 4.0 FRONTAL H2.1;OP64;METROPOLITANO SSA;DF114;Restaura RAM via pendrive;5
01/05/2021;COT20;ROSA TURISMO;EQ36;CCIT 4.0 FRONTAL H1 COM BATERIA;OP66;ROSA TURISMO;DF113;Restaura RAM via PC;6
01/05/2021;COT20;ROSA TURISMO;EQ36;CCIT 4.0 FRONTAL H1 COM BATERIA;OP66;ROSA TURISMO;DF41;Envio para manutená∆o central-CTG;2
01/05/2021;COT19;S«O JO«O;EQ36;CCIT 4.0 FRONTAL H1 COM BATERIA;OP67;S«O JO«O;DF113;Restaura RAM via PC;13
01/05/2021;COT19;S«O JO«O;EQ36;CCIT 4.0 FRONTAL H1 COM BATERIA;OP67;S«O JO«O;DF41;Envio para manutená∆o central-CTG;3
01/05/2021;COT4;Setut;EQ6;CCIT 4.0 FRONTAL H2.1;;;DF41;Envio para manutená∆o central-CTG;12
01/05/2021;COT4;Setut;EQ6;CCIT 4.0 FRONTAL H2.1;;;DF60;Limpeza de cache;1
01/05/2021;COT4;Setut;EQ6;CCIT 4.0 FRONTAL H2.1;;;DF113;Restaura RAM via PC;1
01/05/2021;COT18;Sindpautras;EQ6;CCIT 4.0 FRONTAL H2.1;OP48;SINDPAUTRAS-SIND. PERM. AUT. TRANSP. SU;DF37;Defeito n∆o encontrado e subst. FW/SW;5
01/05/2021;COT18;Sindpautras;EQ6;CCIT 4.0 FRONTAL H2.1;OP48;SINDPAUTRAS-SIND. PERM. AUT. TRANSP. SU;DF88;Reparo com formataá∆o e reinst. FW/SW;12
01/05/2021;COT18;Sindpautras;EQ6;CCIT 4.0 FRONTAL H2.1;OP48;SINDPAUTRAS-SIND. PERM. AUT. TRANSP. SU;DF169;Subst. De Componente eletrìnico;1
01/05/2021;COT18;Sindpautras;EQ6;CCIT 4.0 FRONTAL H2.1;OP48;SINDPAUTRAS-SIND. PERM. AUT. TRANSP. SU;DF216;Subst. Do M¢dulo H2;2
01/05/2021;COT22;Taguatur;EQ8;CCIT 4.0 FRONTAL JI21 SEM BATERIA;OP82;TAGUATUR;DF41;Envio para manutená∆o central-CTG;11
01/05/2021;COT3;TEU;EQ3;CCIT 3.5;;;DF147;Subst. Da Placa CLESS;1
01/05/2021;COT3;TEU;EQ3;CCIT 3.5;;;DF158;Subst. Da placa FTCTLess V3.2;1
01/05/2021;COT3;TEU;EQ3;CCIT 3.5;;;DF162;Subst. Da Placa Mbccit;2
01/05/2021;COT3;TEU;EQ36;CCIT 4.0 FRONTAL H1 COM BATERIA;;;DF41;Envio para manutená∆o central-CTG;13
01/05/2021;COT3;TEU;EQ36;CCIT 4.0 FRONTAL H1 COM BATERIA;;;DF60;Limpeza de cache;58
01/05/2021;COT3;TEU;EQ36;CCIT 4.0 FRONTAL H1 COM BATERIA;;;DF115;Restauraá∆o da ROM via PC;143
01/05/2021;COT3;TEU;EQ36;CCIT 4.0 FRONTAL H1 COM BATERIA;;;DF132;Subst. Da Bateria de Lithium;28
01/05/2021;COT3;TEU;EQ36;CCIT 4.0 FRONTAL H1 COM BATERIA;;;DF136;Subst. Da Carcaáa inferior;18
01/05/2021;COT2;Transcard;EQ28;ATM;OP61;Setps (Transcard);DF66;Manutená∆o na Fechadura Eletrìnica;1
01/05/2021;COT2;Transcard;EQ28;ATM;OP61;Setps (Transcard);DF77;PC ATM Travado;1
01/05/2021;COT2;Transcard;EQ28;ATM;OP61;Setps (Transcard);DF82;Reconfiguraá∆o do Setup;1
01/05/2021;COT2;Transcard;EQ28;ATM;OP61;Setps (Transcard);DF142;Subst. Da Fonte Lambda ATM;2
01/05/2021;COT2;Transcard;EQ28;ATM;OP61;Setps (Transcard);DF143;Subst. da Impressora;2
01/05/2021;COT2;Transcard;EQ28;ATM;OP61;Setps (Transcard);DF228;Subst. Do PDV ATM;2
01/05/2021;COT2;Transcard;EQ28;ATM;OP61;Setps (Transcard);DF231;Subst. Do PINpad;2
01/05/2021;COT2;Transcard;EQ28;ATM;OP61;Setps (Transcard);DF237;Subst. Do Validador de Notas;4
01/05/2021;COT2;Transcard;EQ6;CCIT 4.0 FRONTAL H2.1;;;DF41;Envio para manutená∆o central-CTG;46
01/05/2021;COT2;Transcard;EQ6;CCIT 4.0 FRONTAL H2.1;;;DF101;Ressolda Mbccit;5
01/05/2021;COT2;Transcard;EQ6;CCIT 4.0 FRONTAL H2.1;;;DF113;Restaura RAM via PC;61
01/05/2021;COT2;Transcard;EQ6;CCIT 4.0 FRONTAL H2.1;;;DF114;Restaura RAM via pendrive;8
01/05/2021;COT1;Transfacil;EQ28;ATM;OP27;TRANSFµCIL;DF5;Ajuste da porta Externa;1
01/05/2021;COT1;Transfacil;EQ28;ATM;OP27;TRANSFµCIL;DF10;Ajuste mecÉnico fechadura Porta Interna;1
01/05/2021;COT1;Transfacil;EQ28;ATM;OP27;TRANSFµCIL;DF32;Defeito n∆o encontrado;3
01/05/2021;COT1;Transfacil;EQ28;ATM;OP27;TRANSFµCIL;DF64;Mal contato - Filtro de Linha com Defeito;1
01/05/2021;COT1;Transfacil;EQ28;ATM;OP27;TRANSFµCIL;DF65;Manutená∆o Cofre;3
01/05/2021;COT1;Transfacil;EQ28;ATM;OP27;TRANSFµCIL;DF67;Manutená∆o na Impressora;1
01/05/2021;COT1;Transfacil;EQ28;ATM;OP27;TRANSFµCIL;DF68;Manutená∆o no Dispenser;1
01/05/2021;COT1;Transfacil;EQ28;ATM;OP27;TRANSFµCIL;DF78;PC Reiniciado;1
01/05/2021;COT1;Transfacil;EQ28;ATM;OP27;TRANSFµCIL;DF143;Subst. da Impressora;4
01/05/2021;COT1;Transfacil;EQ28;ATM;OP27;TRANSFµCIL;DF197;Subst. Do Cofre;1
01/05/2021;COT1;Transfacil;EQ28;ATM;OP27;TRANSFµCIL;DF228;Subst. Do PDV ATM;1
01/05/2021;COT1;Transfacil;EQ28;ATM;OP27;TRANSFµCIL;DF237;Subst. Do Validador de Notas;8
01/05/2021;COT1;Transfacil;EQ28;ATM;OP27;TRANSFµCIL;DF239;Subst. Dos Orings do Validador  de Notas;3
01/05/2021;COT1;Transfacil;EQ6;CCIT 4.0 FRONTAL H2.1;;;DF9;Ajuste e aperto de conex∆o;1
01/05/2021;COT1;Transfacil;EQ6;CCIT 4.0 FRONTAL H2.1;;;DF35;Defeito n∆o encontrado / testes e liberaá∆o;1
01/05/2021;COT1;Transfacil;EQ6;CCIT 4.0 FRONTAL H2.1;;;DF37;Defeito n∆o encontrado e subst. FW/SW;4
01/05/2021;COT1;Transfacil;EQ6;CCIT 4.0 FRONTAL H2.1;;;DF88;Reparo com formataá∆o e reinst. FW/SW;115
01/05/2021;COT1;Transfacil;EQ6;CCIT 4.0 FRONTAL H2.1;;;DF136;Subst. Da Carcaáa inferior;3
01/05/2021;COT1;Transfacil;EQ6;CCIT 4.0 FRONTAL H2.1;;;DF169;Subst. De Componente eletrìnico;4
01/05/2021;COT1;Transfacil;EQ6;CCIT 4.0 FRONTAL H2.1;;;DF211;Subst. Do Equipamento completo;18
01/05/2021;COT1;Transfacil;EQ6;CCIT 4.0 FRONTAL H2.1;;;DF216;Subst. Do M¢dulo H2;13
01/05/2021;COT1;Transfacil;EQ6;CCIT 4.0 FRONTAL H2.1;;;DF238;Subst. Do Vidro CCIT V4.0;10
01/05/2021;COT23;UTB;EQ6;CCIT 4.0 FRONTAL H2.1;OP83;UTB;DF41;Envio para manutená∆o central-CTG;14
01/05/2021;COT16;Via Ouro;EQ3;CCIT 3.5;OP49;VIA OURO COLETIVOS LTDA;DF88;Reparo com formataá∆o e reinst. FW/SW;7
01/05/2021;COT16;Via Ouro;EQ3;CCIT 3.5;OP49;VIA OURO COLETIVOS LTDA;DF183;Subst. Do Cabo tranáado antena Cless;1
01/05/2021;COT1;Transfacil;EQ14;DMX200 MOD H3.1;;;DF41;Envio para manutená∆o central-CTG;9
01/05/2021;COT1;Transfacil;EQ14;DMX200 MOD H3.1;;;DF86;Reparo com configuraá∆o do setup;1
01/05/2021;COT1;Transfacil;EQ14;DMX200 MOD H3.1;;;DF88;Reparo com formataá∆o e reinst. FW/SW;95
01/05/2021;COT1;Transfacil;EQ14;DMX200 MOD H3.1;;;DF170;Subst. De Gorila Glass;1
01/05/2021;COT9;SINTRAM SEM DMX200;EQ16;PDM03;OP51;CONS‡RCIO ‡TIMO DE BILHETAGEM ELETR‚NICA ;DF37;Defeito n∆o encontrado e subst. FW/SW;2
01/05/2021;COT9;SINTRAM SEM DMX200;EQ16;PDM03;OP51;CONS‡RCIO ‡TIMO DE BILHETAGEM ELETR‚NICA ;DF88;Reparo com formataá∆o e reinst. FW/SW;62
01/05/2021;COT9;SINTRAM COM DMX200;EQ12;DMX200 MOD H3;OP51;CONS‡RCIO ‡TIMO DE BILHETAGEM ELETR‚NICA ;DF41;Envio para manutená∆o central-CTG;7
01/05/2021;COT9;SINTRAM COM DMX200;EQ12;DMX200 MOD H3;OP51;CONS‡RCIO ‡TIMO DE BILHETAGEM ELETR‚NICA ;DF88;Reparo com formataá∆o e reinst. FW/SW;15
01/05/2021;COT2;Transcard;EQ16;PDM03;;;DF22;Atualizaá∆o de pacote;3
01/05/2021;COT2;Transcard;EQ16;PDM03;;;DF41;Envio para manutená∆o central-CTG;11
01/05/2021;COT2;Transcard;EQ16;PDM03;;;DF125;Subst. Bot∆o on/off;1
01/05/2021;COT19;S«O JO«O;EQ39;DMX200L JI21 SEM BATERIA;OP67;S«O JO«O;DF115;Restauraá∆o da ROM via PC;6
01/05/2021;COT19;S«O JO«O;EQ39;DMX200L JI21 SEM BATERIA;OP67;S«O JO«O;DF41;Envio para manutená∆o central-CTG;11
01/05/2021;COT19;S«O JO«O;EQ39;DMX200L JI21 SEM BATERIA;OP67;S«O JO«O;DF97;Ressolda;2
01/05/2021;COT19;S«O JO«O;EQ39;DMX200L JI21 SEM BATERIA;OP67;S«O JO«O;DF97;Ressolda;3
01/05/2021;COT20;ROSA TURISMO;EQ39;DMX200L JI21 SEM BATERIA;OP66;ROSA TURISMO;DF115;Restauraá∆o da ROM via PC;4
01/05/2021;COT20;ROSA TURISMO;EQ39;DMX200L JI21 SEM BATERIA;OP66;ROSA TURISMO;DF41;Envio para manutená∆o central-CTG;11
01/05/2021;COT4;Setut;EQ14;DMX200 MOD H3.1;;;DF41;Envio para manutená∆o central-CTG;6
01/05/2021;COT4;Setut;EQ14;DMX200 MOD H3.1;;;DF113;Restaura RAM via PC;3
01/05/2021;COT22;Taguatur PM NOVO;EQ39;DMX200L JI21 SEM BATERIA;OP82;TAGUATUR;DF41;Envio para manutená∆o central-CTG;25
01/05/2021;COT3;TEU;EQ14;DMX200 MOD H3.1;;;DF21;Atualizaá∆o de FW ;27
01/05/2021;COT3;TEU;EQ14;DMX200 MOD H3.1;;;DF41;Envio para manutená∆o central-CTG;8
01/05/2021;COT3;TEU;EQ14;DMX200 MOD H3.1;;;DF115;Restauraá∆o da ROM via PC;27
01/05/2021;COT24;GVBUS;EQ14;DMX200 MOD H3.1;;;DF21;Atualizaá∆o de FW ;11
01/05/2021;COT24;GVBUS;EQ14;DMX200 MOD H3.1;;;DF41;Envio para manutená∆o central-CTG;96
01/05/2021;COT24;GVBUS;EQ14;DMX200 MOD H3.1;;;DF46;Formataá∆o da mem¢ria e subst. FW;2
01/05/2021;COT24;GVBUS;EQ14;DMX200 MOD H3.1;;;DF97;Ressolda;10
01/05/2021;COT24;GVBUS;EQ14;DMX200 MOD H3.1;;;DF117;Restauraá∆o de m¢dulos via PC e/ou SdCard;97
01/05/2021;COT24;GVBUS;EQ14;DMX200 MOD H3.1;;;DF132;Subst. Da Bateria de Lithium;1
01/05/2021;COT11;Gov. Valadares;EQ13;DMX200L;OP53;VIAÄ«O MOBI;DF88;Reparo com formataá∆o e reinst. FW/SW;7
01/05/2021;COT12;DIVPASS;EQ13;DMX200L;OP124;DIVPASS;DF90;Reparo com formataá∆o e subst. FW/SW;18
01/05/2021;COT12;DIVPASS;EQ13;DMX200L;OP124;DIVPASS;DF169;Subst. De Componente eletrìnico;1
01/05/2021;COT25;COOTRAPS - CE;EQ14;DMX200 MOD H3.1;OP129;COOTRAPS;DF39;Enviados para manutená∆o central CTG;13
01/05/2021;COT25;COOTRAPS - CE;EQ14;DMX200 MOD H3.1;OP129;COOTRAPS;DF90;Reparo com formataá∆o e subst. FW/SW;13
01/05/2021;COT1;Transfacil;EQ10;CONNECTION CCIT 4.0;;;DF37;Defeito n∆o encontrado e subst. FW/SW;3
01/05/2021;COT1;Transfacil;EQ10;CONNECTION CCIT 4.0;;;DF88;Reparo com formataá∆o e reinst. FW/SW;21
01/05/2021;COT1;Transfacil;EQ10;CONNECTION CCIT 4.0;;;DF102;Ressolda na Placa Connection;1
01/05/2021;COT1;Transfacil;EQ10;CONNECTION CCIT 4.0;;;DF136;Subst. Da Carcaáa inferior;1
01/05/2021;COT1;Transfacil;EQ10;CONNECTION CCIT 4.0;;;DF169;Subst. De Componente eletrìnico;7
01/05/2021;COT1;Transfacil;EQ10;CONNECTION CCIT 4.0;;;DF206;Subst. Do Conector USB;1
01/05/2021;COT1;Transcard;EQ10;CONNECTION CCIT 4.0;;;DF41;Envio para manutená∆o central-CTG;18
01/05/2021;COT1;Transcard;EQ10;CONNECTION CCIT 4.0;;;DF84;Regravaá∆o da EPLD;18
01/05/2021;COT1;Transcard;EQ10;CONNECTION CCIT 4.0;;;DF127;Subst. Conector USB;2
01/05/2021;COT1;Transcard;EQ10;CONNECTION CCIT 4.0;;;DF169;Subst. De Componente eletrìnico;2
01/05/2021;COT19;S«O JO«O;EQ10;CONNECTION CCIT 4.0;OP67;S«O JO«O;DF21;Atualizaá∆o de FW ;3
01/05/2021;COT19;S«O JO«O;EQ10;CONNECTION CCIT 4.0;OP67;S«O JO«O;DF41;Envio para manutená∆o central-CTG;1
01/05/2021;COT19;S«O JO«O;EQ10;CONNECTION CCIT 4.0;OP67;S«O JO«O;DF256;Subst. de Fus°vel;1
01/05/2021;COT20;ROSA TURISMO;EQ10;CONNECTION CCIT 4.0;OP66;ROSA TURISMO;DF21;Atualizaá∆o de FW ;2
01/05/2021;COT20;ROSA TURISMO;EQ10;CONNECTION CCIT 4.0;OP66;ROSA TURISMO;DF41;Envio para manutená∆o central-CTG;1
01/05/2021;COT20;ROSA TURISMO;EQ10;CONNECTION CCIT 4.0;OP66;ROSA TURISMO;DF256;Subst. de Fus°vel;1
01/05/2021;COT24;GVBUS;EQ10;CONNECTION CCIT 4.0;;;DF23;Atualizaá∆o de pacote (CCIT 4);14
01/05/2021;COT24;GVBUS;EQ10;CONNECTION CCIT 4.0;;;DF41;Envio para manutená∆o central-CTG;3
01/05/2021;COT24;GVBUS;EQ10;CONNECTION CCIT 4.0;;;DF92;Reparo na Connection;23
01/05/2021;COT3;TEU;EQ22;V3000M;;;DF21;Atualizaá∆o de FW ;63
01/05/2021;COT3;TEU;EQ22;V3000M;;;DF41;Envio para manutená∆o central-CTG;11
01/05/2021;COT3;TEU;EQ22;V3000M;;;DF115;Restauraá∆o da ROM via PC;63
01/05/2021;COT3;TEU;EQ22;V3000M;;;DF232;Subst. Do SDCard;1
01/05/2021;COT3;TEU;EQ21;V3000L;;;DF21;Atualizaá∆o de FW ;10
01/05/2021;COT3;TEU;EQ21;V3000L;;;DF115;Restauraá∆o da ROM via PC;10
01/05/2021;COT3;TEU;EQ21;V3000L;;;DF41;Envio para manutená∆o central-CTG;2
01/05/2021;COT3;TEU;EQ21;V3000L;;;DF232;Subst. Do SDCard;1
01/05/2021;COT3;TEU;EQ26;V3000M DVR;;;DF21;Atualizaá∆o de FW ;12
01/05/2021;COT3;TEU;EQ26;V3000M DVR;;;DF115;Restauraá∆o da ROM via PC;12
01/05/2021;COT3;TEU;EQ26;V3000M DVR;;;DF41;Envio para manutená∆o central-CTG;2
01/05/2021;COT1;Transfacil;EQ27;UT (FTV 3000);;;DF35;Defeito n∆o encontrado / testes e liberaá∆o;3
01/05/2021;COT1;Transfacil;EQ27;UT (FTV 3000);;;DF37;Defeito n∆o encontrado e subst. FW/SW;2
01/05/2021;COT1;Transfacil;EQ27;UT (FTV 3000);;;DF88;Reparo com formataá∆o e reinst. FW/SW;1
01/05/2021;COT1;Transfacil;EQ27;UT (FTV 3000);;;DF169;Subst. De Componente eletrìnico;3
01/05/2021;COT24;GVBUS;EQ33;POS MOVE 2500;;;DF211;Subst. Do Equipamento completo;2
01/05/2021;COT2;Transcard;EQ31;POS 250;;;DF7;Ajuste do M¢dulo de Impress∆o;2
01/05/2021;COT2;Transcard;EQ31;POS 250;;;DF41;Envio para manutená∆o central-CTG;2
01/05/2021;COT2;Transcard;EQ31;POS 250;;;DF46;Formataá∆o da mem¢ria e subst. FW;2
01/06/2021;COT7;Alagoinhas;EQ34;CCIT 4.0 FRONTAL H2.1 C SEM BATERIA;OP68;ALAGOINHAS;DF113;Restaura RAM via PC;3
01/06/2021;COT12;DIVPASS;EQ6;CCIT 4.0 FRONTAL H2.1;OP124;DIVPASS;DF37;Defeito n∆o encontrado e subst. FW/SW;1
01/06/2021;COT12;DIVPASS;EQ6;CCIT 4.0 FRONTAL H2.1;OP124;DIVPASS;DF117;Restauraá∆o de m¢dulos via PC e/ou SdCard;12
01/06/2021;COT11;Gov. Valadares;EQ6;CCIT 4.0 FRONTAL H2.1;OP53;VIAÄ«O MOBI;DF37;Defeito n∆o encontrado e subst. FW/SW;5
01/06/2021;COT24;GVBUS;EQ28;ATM;OP108;GVBUS - SIND. DAS EMP. DE TRANP. METROP. DA GRANDE VIT‡RIA;DF262;Retirada de nota ATM e testes;5
01/06/2021;COT24;GVBUS;EQ28;ATM;OP108;GVBUS - SIND. DAS EMP. DE TRANP. METROP. DA GRANDE VIT‡RIA;DF263;Pinpad ATM - Mudanáa de Porta e Aperto USB;1
01/06/2021;COT24;GVBUS;EQ28;ATM;OP108;GVBUS - SIND. DAS EMP. DE TRANP. METROP. DA GRANDE VIT‡RIA;DF218;Subst. Do Monitor;1
01/06/2021;COT24;GVBUS;EQ28;ATM;OP108;GVBUS - SIND. DAS EMP. DE TRANP. METROP. DA GRANDE VIT‡RIA;DF9;Ajuste e aperto de conex∆o;1
01/06/2021;COT24;GVBUS;EQ6;CCIT 4.0 FRONTAL H2.1;;;DF15;Ajustes de parafusos e conex‰es;1
01/06/2021;COT24;GVBUS;EQ6;CCIT 4.0 FRONTAL H2.1;;;DF41;Envio para manutená∆o central-CTG;8
01/06/2021;COT24;GVBUS;EQ6;CCIT 4.0 FRONTAL H2.1;;;DF93;Reparo no m¢dulo;86
01/06/2021;COT6;Metro-Bahia;EQ28;ATM;OP63;METRO-BAHIA;DF7;Ajuste do M¢dulo de Impress∆o;1
01/06/2021;COT6;Metro-Bahia;EQ28;ATM;OP63;METRO-BAHIA;DF66;Manutená∆o na Fechadura Eletrìnica;1
01/06/2021;COT6;Metro-Bahia;EQ28;ATM;OP63;METRO-BAHIA;DF143;Subst. da Impressora;3
01/06/2021;COT6;Metro-Bahia;EQ28;ATM;OP63;METRO-BAHIA;DF218;Subst. Do Monitor;2
01/06/2021;COT6;Metro-Bahia;EQ28;ATM;OP63;METRO-BAHIA;DF260;Subst. HUB Serial;2
01/06/2021;COT6;Metro-Bahia;EQ28;ATM;OP63;METRO-BAHIA;DF236;Subst. Do Teclado de Metal Frontal;2
01/06/2021;COT6;Metro-Bahia;EQ28;ATM;OP63;METRO-BAHIA;DF237;Subst. Do Validador de Notas;22
01/06/2021;COT6;Metro-Bahia;EQ28;ATM;OP63;METRO-BAHIA;DF65;Manutená∆o Cofre;1
01/06/2021;COT6;Metro-Bahia;EQ37;CCIT 3.13 BLOQUEIO;OP63;METRO-BAHIA;DF248;Substituiá∆o MAX232;1
01/06/2021;COT6;Metro-Bahia;EQ37;CCIT 3.13 BLOQUEIO;OP63;METRO-BAHIA;DF259;Subst. MAX 485 Serial ;1
01/06/2021;COT6;Metro-Bahia;EQ9;CCIT 4.0 (BLOQUEIO) FRONTAL H1;OP63;METRO-BAHIA;DF113;Restaura RAM via PC;2
01/06/2021;COT5;METROFOR/ VLT FORTALEZA;EQ38;CCIT 4.0 METROFOR;OP105;METROFOR LINHA SUL;DF41;Envio para manutená∆o central-CTG;9
01/06/2021;COT5;METROFOR/ VLT FORTALEZA;EQ38;CCIT 4.0 METROFOR;OP105;METROFOR LINHA SUL;DF88;Reparo com formataá∆o e reinst. FW/SW;18
01/06/2021;COT10;Metropolitano-Bahia;EQ6;CCIT 4.0 FRONTAL H2.1;OP64;METROPOLITANO SSA;DF41;Envio para manutená∆o central-CTG;2
01/06/2021;COT10;Metropolitano-Bahia;EQ6;CCIT 4.0 FRONTAL H2.1;OP64;METROPOLITANO SSA;DF113;Restaura RAM via PC;24
01/06/2021;COT10;Metropolitano-Bahia;EQ6;CCIT 4.0 FRONTAL H2.1;OP64;METROPOLITANO SSA;DF114;Restaura RAM via pendrive;7
01/06/2021;COT20;ROSA TURISMO;EQ36;CCIT 4.0 FRONTAL H1 COM BATERIA;OP66;ROSA TURISMO;DF113;Restaura RAM via PC;7
01/06/2021;COT20;ROSA TURISMO;EQ36;CCIT 4.0 FRONTAL H1 COM BATERIA;OP66;ROSA TURISMO;DF41;Envio para manutená∆o central-CTG;2
01/06/2021;COT19;S«O JO«O;EQ36;CCIT 4.0 FRONTAL H1 COM BATERIA;OP67;S«O JO«O;DF113;Restaura RAM via PC;13
01/06/2021;COT19;S«O JO«O;EQ36;CCIT 4.0 FRONTAL H1 COM BATERIA;OP67;S«O JO«O;DF41;Envio para manutená∆o central-CTG;6
01/06/2021;COT4;Setut;EQ6;CCIT 4.0 FRONTAL H2.1;;;DF41;Envio para manutená∆o central-CTG;7
01/06/2021;COT18;Sindpautras;EQ6;CCIT 4.0 FRONTAL H2.1;OP48;SINDPAUTRAS-SIND. PERM. AUT. TRANSP. SU;DF37;Defeito n∆o encontrado e subst. FW/SW;5
01/06/2021;COT18;Sindpautras;EQ6;CCIT 4.0 FRONTAL H2.1;OP48;SINDPAUTRAS-SIND. PERM. AUT. TRANSP. SU;DF88;Reparo com formataá∆o e reinst. FW/SW;9
01/06/2021;COT18;Sindpautras;EQ6;CCIT 4.0 FRONTAL H2.1;OP48;SINDPAUTRAS-SIND. PERM. AUT. TRANSP. SU;DF238;Subst. Do Vidro CCIT V4.0;1
01/06/2021;COT22;Taguatur;EQ8;CCIT 4.0 FRONTAL JI21 SEM BATERIA;OP82;TAGUATUR;DF41;Envio para manutená∆o central-CTG;17
01/06/2021;COT3;TEU;EQ3;CCIT 3.5;;;DF147;Subst. Da Placa CLESS;1
01/06/2021;COT3;TEU;EQ3;CCIT 3.5;;;DF162;Subst. Da Placa Mbccit;2
01/06/2021;COT3;TEU;EQ36;CCIT 4.0 FRONTAL H1 COM BATERIA;;;DF41;Envio para manutená∆o central-CTG;6
01/06/2021;COT3;TEU;EQ36;CCIT 4.0 FRONTAL H1 COM BATERIA;;;DF60;Limpeza de cache;26
01/06/2021;COT3;TEU;EQ36;CCIT 4.0 FRONTAL H1 COM BATERIA;;;DF115;Restauraá∆o da ROM via PC;145
01/06/2021;COT3;TEU;EQ36;CCIT 4.0 FRONTAL H1 COM BATERIA;;;DF132;Subst. Da Bateria de Lithium;19
01/06/2021;COT3;TEU;EQ36;CCIT 4.0 FRONTAL H1 COM BATERIA;;;DF136;Subst. Da Carcaáa inferior;17
01/06/2021;COT3;TEU;EQ36;CCIT 4.0 FRONTAL H1 COM BATERIA;;;DF135;Subst. Da Carcaáa frontal;1
01/06/2021;COT2;Transcard;EQ28;ATM;OP61;Setps (Transcard);DF66;Manutená∆o na Fechadura Eletrìnica;2
01/06/2021;COT2;Transcard;EQ28;ATM;OP61;Setps (Transcard);DF142;Subst. Da Fonte Lambda ATM;1
01/06/2021;COT2;Transcard;EQ28;ATM;OP61;Setps (Transcard);DF153;Subst. Da Placa Fonte;1
01/06/2021;COT2;Transcard;EQ28;ATM;OP61;Setps (Transcard);DF231;Subst. Do PINpad;1
01/06/2021;COT2;Transcard;EQ28;ATM;OP61;Setps (Transcard);DF237;Subst. Do Validador de Notas;7
01/06/2021;COT2;Transcard;EQ6;CCIT 4.0 FRONTAL H2.1;;;DF41;Envio para manutená∆o central-CTG;24
01/06/2021;COT2;Transcard;EQ6;CCIT 4.0 FRONTAL H2.1;;;DF101;Ressolda Mbccit;7
01/06/2021;COT2;Transcard;EQ6;CCIT 4.0 FRONTAL H2.1;;;DF113;Restaura RAM via PC;50
01/06/2021;COT2;Transcard;EQ6;CCIT 4.0 FRONTAL H2.1;;;DF114;Restaura RAM via pendrive;10
01/06/2021;COT1;Transfacil;EQ28;ATM;OP27;TRANSFµCIL;DF5;Ajuste da porta Externa;1
01/06/2021;COT1;Transfacil;EQ28;ATM;OP27;TRANSFµCIL;DF10;Ajuste mecÉnico fechadura Porta Interna;1
01/06/2021;COT1;Transfacil;EQ28;ATM;OP27;TRANSFµCIL;DF32;Defeito n∆o encontrado;3
01/06/2021;COT1;Transfacil;EQ28;ATM;OP27;TRANSFµCIL;DF64;Mal contato - Filtro de Linha com Defeito;1
01/06/2021;COT1;Transfacil;EQ28;ATM;OP27;TRANSFµCIL;DF65;Manutená∆o Cofre;5
01/06/2021;COT1;Transfacil;EQ28;ATM;OP27;TRANSFµCIL;DF67;Manutená∆o na Impressora;1
01/06/2021;COT1;Transfacil;EQ28;ATM;OP27;TRANSFµCIL;DF68;Manutená∆o no Dispenser;1
01/06/2021;COT1;Transfacil;EQ28;ATM;OP27;TRANSFµCIL;DF78;PC Reiniciado;1
01/06/2021;COT1;Transfacil;EQ28;ATM;OP27;TRANSFµCIL;DF197;Subst. Do Cofre;1
01/06/2021;COT1;Transfacil;EQ28;ATM;OP27;TRANSFµCIL;DF228;Subst. Do PDV ATM;1
01/06/2021;COT1;Transfacil;EQ28;ATM;OP27;TRANSFµCIL;DF237;Subst. Do Validador de Notas;8
01/06/2021;COT1;Transfacil;EQ28;ATM;OP27;TRANSFµCIL;DF257;Manut. No Validador de Notas;3
01/06/2021;COT1;Transfacil;EQ28;ATM;OP27;TRANSFµCIL;DF258;Subst. Da Cabeáa de Impress∆o;3
01/06/2021;COT1;Transfacil;EQ6;CCIT 4.0 FRONTAL H2.1;;;DF37;Defeito n∆o encontrado e subst. FW/SW;4
01/06/2021;COT1;Transfacil;EQ6;CCIT 4.0 FRONTAL H2.1;;;DF88;Reparo com formataá∆o e reinst. FW/SW;128
01/06/2021;COT1;Transfacil;EQ6;CCIT 4.0 FRONTAL H2.1;;;DF136;Subst. Da Carcaáa inferior;1
01/06/2021;COT1;Transfacil;EQ6;CCIT 4.0 FRONTAL H2.1;;;DF169;Subst. De Componente eletrìnico;2
01/06/2021;COT1;Transfacil;EQ6;CCIT 4.0 FRONTAL H2.1;;;DF135;Subst. Da Carcaáa frontal;1
01/06/2021;COT1;Transfacil;EQ6;CCIT 4.0 FRONTAL H2.1;;;DF216;Subst. Do M¢dulo H2;1
01/06/2021;COT1;Transfacil;EQ6;CCIT 4.0 FRONTAL H2.1;;;DF238;Subst. Do Vidro CCIT V4.0;10
01/06/2021;COT1;Transfacil;EQ6;CCIT 4.0 FRONTAL H2.1;OP13;Estaá‰es BRT Move;DF88;Reparo com formataá∆o e reinst. FW/SW;10
01/06/2021;COT1;Transfacil;EQ6;CCIT 4.0 FRONTAL H2.1;OP13;Estaá‰es BRT Move;DF216;Subst. Do M¢dulo H2;1
01/06/2021;COT16;Via Ouro;EQ3;CCIT 3.5;OP49;VIA OURO COLETIVOS LTDA;DF108;Ressolda no circuito da placa-m∆e;3
01/06/2021;COT16;Via Ouro;EQ3;CCIT 3.5;OP49;VIA OURO COLETIVOS LTDA;DF211;Subst. Do Equipamento completo;2
01/06/2021;COT16;Via Ouro;EQ3;CCIT 3.5;OP49;VIA OURO COLETIVOS LTDA;DF242;Subst. Placa Mbccit;2
01/06/2021;COT16;Via Ouro;EQ3;CCIT 3.5;OP49;VIA OURO COLETIVOS LTDA;DF88;Reparo com formataá∆o e reinst. FW/SW;2
01/06/2021;COT16;Via Ouro;EQ3;CCIT 3.5;OP49;VIA OURO COLETIVOS LTDA;DF129;Subst. Da Antena Cless e adesivo frontal;1
01/06/2021;COT1;Transfacil;EQ14;DMX200 MOD H3.1;;;DF41;Envio para manutená∆o central-CTG;10
01/06/2021;COT1;Transfacil;EQ14;DMX200 MOD H3.1;;;DF86;Reparo com configuraá∆o do setup;1
01/06/2021;COT1;Transfacil;EQ14;DMX200 MOD H3.1;;;DF88;Reparo com formataá∆o e reinst. FW/SW;73
01/06/2021;COT1;Transfacil;EQ14;DMX200 MOD H3.1;;;DF170;Subst. De Gorila Glass;2
01/06/2021;COT9;SINTRAM SEM DMX200;EQ16;PDM03;OP51;CONS‡RCIO ‡TIMO DE BILHETAGEM ELETR‚NICA ;DF88;Reparo com formataá∆o e reinst. FW/SW;3
01/06/2021;COT9;SINTRAM COM DMX200;EQ12;DMX200 MOD H3;OP51;CONS‡RCIO ‡TIMO DE BILHETAGEM ELETR‚NICA ;DF88;Reparo com formataá∆o e reinst. FW/SW;17
01/06/2021;COT9;SINTRAM COM DMX200;EQ12;DMX200 MOD H3;OP51;CONS‡RCIO ‡TIMO DE BILHETAGEM ELETR‚NICA ;DF41;Envio para manutená∆o central-CTG;4
01/06/2021;COT9;SINTRAM COM DMX200;EQ12;DMX200 MOD H3;OP51;CONS‡RCIO ‡TIMO DE BILHETAGEM ELETR‚NICA ;DF86;Reparo com configuraá∆o do setup;1
01/06/2021;COT11;Gov. Valadares;EQ13;DMX200L;OP53;VIAÄ«O MOBI;DF88;Reparo com formataá∆o e reinst. FW/SW;11
01/06/2021;COT12;DIVPASS;EQ13;DMX200L;OP124;DIVPASS;DF90;Reparo com formataá∆o e subst. FW/SW;27
01/06/2021;COT20;ROSA TURISMO;EQ39;DMX200L JI21 SEM BATERIA;OP66;ROSA TURISMO;DF115;Restauraá∆o da ROM via PC;15
01/06/2021;COT20;ROSA TURISMO;EQ39;DMX200L JI21 SEM BATERIA;OP66;ROSA TURISMO;DF41;Envio para manutená∆o central-CTG;5
01/06/2021;COT20;ROSA TURISMO;EQ39;DMX200L JI21 SEM BATERIA;OP66;ROSA TURISMO;DF97;Ressolda;4
01/06/2021;COT19;S«O JO«O;EQ39;DMX200L JI21 SEM BATERIA;OP67;S«O JO«O;DF115;Restauraá∆o da ROM via PC;5
01/06/2021;COT19;S«O JO«O;EQ39;DMX200L JI21 SEM BATERIA;OP67;S«O JO«O;DF41;Envio para manutená∆o central-CTG;5
01/06/2021;COT19;S«O JO«O;EQ39;DMX200L JI21 SEM BATERIA;OP67;S«O JO«O;DF97;Ressolda;2
01/06/2021;COT25;COOTRAPS - CE;EQ14;DMX200 MOD H3.1;OP129;COOTRAPS;DF39;Enviados para manutená∆o central CTG;17
01/06/2021;COT25;COOTRAPS - CE;EQ14;DMX200 MOD H3.1;OP129;COOTRAPS;DF90;Reparo com formataá∆o e subst. FW/SW;17
01/06/2021;COT3;TEU;EQ14;DMX200 MOD H3.1;;;DF21;Atualizaá∆o de FW ;28
01/06/2021;COT3;TEU;EQ14;DMX200 MOD H3.1;;;DF41;Envio para manutená∆o central-CTG;8
01/06/2021;COT3;TEU;EQ14;DMX200 MOD H3.1;;;DF115;Restauraá∆o da ROM via PC;28
01/06/2021;COT24;GVBUS;EQ14;DMX200 MOD H3.1;;;DF9;Ajuste e aperto de conex∆o;1
01/06/2021;COT24;GVBUS;EQ14;DMX200 MOD H3.1;;;DF41;Envio para manutená∆o central-CTG;72
01/06/2021;COT24;GVBUS;EQ14;DMX200 MOD H3.1;;;DF97;Ressolda;33
01/06/2021;COT24;GVBUS;EQ14;DMX200 MOD H3.1;;;DF117;Restauraá∆o de m¢dulos via PC e/ou SdCard;216
01/06/2021;COT22;Taguatur PM NOVO;EQ39;DMX200L JI21 SEM BATERIA;OP82;TAGUATUR;DF41;Envio para manutená∆o central-CTG;42
01/06/2021;COT1;Transfacil;EQ10;CONNECTION CCIT 4.0;;;DF37;Defeito n∆o encontrado e subst. FW/SW;1
01/06/2021;COT1;Transfacil;EQ10;CONNECTION CCIT 4.0;;;DF88;Reparo com formataá∆o e reinst. FW/SW;10
01/06/2021;COT1;Transfacil;EQ10;CONNECTION CCIT 4.0;;;DF102;Ressolda na Placa Connection;3
01/06/2021;COT1;Transfacil;EQ10;CONNECTION CCIT 4.0;;;DF169;Subst. De Componente eletrìnico;5
01/06/2021;COT1;Transfacil;EQ10;CONNECTION CCIT 4.0;;;DF206;Subst. Do Conector USB;1
01/06/2021;COT2;Transcard;EQ10;CONNECTION CCIT 4.0;;;DF41;Envio para manutená∆o central-CTG;9
01/06/2021;COT2;Transcard;EQ10;CONNECTION CCIT 4.0;;;DF46;Formataá∆o da mem¢ria e subst. FW;11
01/06/2021;COT2;Transcard;EQ10;CONNECTION CCIT 4.0;;;DF206;Subst. Do Conector USB;2
01/06/2021;COT10;Metropolitano-Bahia;EQ10;CONNECTION CCIT 4.0;OP64;METROPOLITANO SSA;DF21;Atualizaá∆o de FW ;8
01/06/2021;COT10;Metropolitano-Bahia;EQ10;CONNECTION CCIT 4.0;OP64;METROPOLITANO SSA;DF206;Subst. Do Conector USB;1
01/06/2021;COT20;ROSA TURISMO;EQ10;CONNECTION CCIT 4.0;OP66;ROSA TURISMO;DF21;Atualizaá∆o de FW ;2
01/06/2021;COT19;S«O JO«O;EQ10;CONNECTION CCIT 4.0;OP67;S«O JO«O;DF21;Atualizaá∆o de FW ;3
01/06/2021;COT24;GVBUS;EQ10;CONNECTION CCIT 4.0;;;DF46;Formataá∆o da mem¢ria e subst. FW;1
01/06/2021;COT24;GVBUS;EQ10;CONNECTION CCIT 4.0;;;DF261;Inst. Da Placa ADP Input Rev02;4
01/06/2021;COT3;TEU;EQ22;V3000M;;;DF21;Atualizaá∆o de FW ;26
01/06/2021;COT3;TEU;EQ22;V3000M;;;DF41;Envio para manutená∆o central-CTG;2
01/06/2021;COT3;TEU;EQ22;V3000M;;;DF115;Restauraá∆o da ROM via PC;27
01/06/2021;COT3;TEU;EQ22;V3000M;;;DF232;Subst. Do SDCard;8
01/06/2021;COT3;TEU;EQ21;V3000L;;;DF21;Atualizaá∆o de FW ;1
01/06/2021;COT3;TEU;EQ21;V3000L;;;DF115;Restauraá∆o da ROM via PC;1
01/06/2021;COT3;TEU;EQ26;V3000M DVR;;;DF21;Atualizaá∆o de FW ;7
01/06/2021;COT3;TEU;EQ26;V3000M DVR;;;DF115;Restauraá∆o da ROM via PC;7
01/06/2021;COT3;TEU;EQ26;V3000M DVR;;;DF41;Envio para manutená∆o central-CTG;1
01/06/2021;COT3;TEU;EQ26;V3000M DVR;;;DF232;Subst. Do SDCard;5
01/06/2021;COT1;Transfacil;EQ27;UT (FTV 3000);;;DF37;Defeito n∆o encontrado e subst. FW/SW;3
01/06/2021;COT1;Transfacil;EQ27;UT (FTV 3000);;;DF88;Reparo com formataá∆o e reinst. FW/SW;1
01/06/2021;COT1;Transfacil;EQ27;UT (FTV 3000);;;DF169;Subst. De Componente eletrìnico;2
01/06/2021;COT24;GVBUS;EQ33;POS MOVE 2500;;;DF41;Envio para manutená∆o central-CTG;11
01/06/2021;COT20;Rosa Turismo;EQ31;POS 250;OP66;ROSA TURISMO;DF46;Formataá∆o da mem¢ria e subst. FW;2
01/06/2021;COT19;S∆o Jo∆o;EQ31;POS 250;OP67;S«O JO«O;DF46;Formataá∆o da mem¢ria e subst. FW;1
01/06/2021;COT19;S∆o Jo∆o;EQ31;POS 250;OP67;S«O JO«O;DF41;Envio para manutená∆o central-CTG;1
01/06/2021;COT2;Transcard;EQ31;POS 250;;;DF7;Ajuste do M¢dulo de Impress∆o;2
01/06/2021;COT2;Transcard;EQ31;POS 250;;;DF41;Envio para manutená∆o central-CTG;7
01/06/2021;COT2;Transcard;EQ31;POS 250;;;DF46;Formataá∆o da mem¢ria e subst. FW;4
01/06/2021;COT1;Transfacil;EQ31;POS 250;OP27;TRANSFµCIL;DF41;Envio para manutená∆o central-CTG;3
01/07/2021;COT7;Alagoinhas;EQ34;CCIT 4.0 FRONTAL H2.1 C SEM BATERIA;OP68;ALAGOINHAS;DF113;Restaura RAM via PC;3
01/07/2021;COT7;Alagoinhas;EQ34;CCIT 4.0 FRONTAL H2.1 C SEM BATERIA;OP68;ALAGOINHAS;DF114;Restaura RAM via pendrive;2
01/07/2021;COT7;Alagoinhas;EQ34;CCIT 4.0 FRONTAL H2.1 C SEM BATERIA;OP68;ALAGOINHAS;DF41;Envio para manutená∆o central-CTG;2
01/07/2021;COT21;Araguarina;EQ35;CCIT 4.0 FRONTAL H2 COM BATERIA;OP81;VIAÄ«O ARAGUARINA;DF41;Envio para manutená∆o central-CTG;6
01/07/2021;COT8;CBTU;EQ1;CCIT 3.0;OP47;CBTU - COMPANHIA BRASILEIRA DE TRENS URBANOS;DF209;Subst. Do Adesivo Frontal;1
01/07/2021;COT8;CBTU;EQ1;CCIT 3.0;OP47;CBTU - COMPANHIA BRASILEIRA DE TRENS URBANOS;DF108;Ressolda no circuito da placa-m∆e;1
01/07/2021;COT24;GVBUS;EQ28;ATM;OP108;GVBUS - SIND. DAS EMP. DE TRANP. METROP. DA GRANDE VIT‡RIA;DF262;Retirada de nota ATM e testes;1
01/07/2021;COT24;GVBUS;EQ28;ATM;OP108;GVBUS - SIND. DAS EMP. DE TRANP. METROP. DA GRANDE VIT‡RIA;DF218;Subst. Do Monitor;2
01/07/2021;COT24;GVBUS;EQ28;ATM;OP108;GVBUS - SIND. DAS EMP. DE TRANP. METROP. DA GRANDE VIT‡RIA;DF67;Manutená∆o na Impressora;3
01/07/2021;COT24;GVBUS;EQ28;ATM;OP108;GVBUS - SIND. DAS EMP. DE TRANP. METROP. DA GRANDE VIT‡RIA;DF86;Reparo com configuraá∆o do setup;4
01/07/2021;COT24;GVBUS;EQ28;ATM;OP108;GVBUS - SIND. DAS EMP. DE TRANP. METROP. DA GRANDE VIT‡RIA;DF68;Manutená∆o no Dispenser;1
01/07/2021;COT24;GVBUS;EQ28;ATM;OP108;GVBUS - SIND. DAS EMP. DE TRANP. METROP. DA GRANDE VIT‡RIA;DF265;Subst. Do cabo do Validador de Notas;1
01/07/2021;COT24;GVBUS;EQ6;CCIT 4.0 FRONTAL H2.1;;;DF15;Ajustes de parafusos e conex‰es;2
01/07/2021;COT24;GVBUS;EQ6;CCIT 4.0 FRONTAL H2.1;;;DF93;Reparo no m¢dulo;73
01/07/2021;COT24;GVBUS;EQ6;CCIT 4.0 FRONTAL H2.1;;;DF132;Subst. Da Bateria de Lithium;1
01/07/2021;COT24;GVBUS;EQ6;CCIT 4.0 FRONTAL H2.1;;;DF272;Subst. Do Touchscreen do m¢dulo;1
01/07/2021;COT24;GVBUS;EQ6;CCIT 4.0 FRONTAL H2.1;;;DF217;Subst. Do M¢dulo H3.1;4
01/07/2021;COT24;GVBUS;EQ6;CCIT 4.0 FRONTAL H2.1;;;DF170;Subst. De Gorila Glass;1
01/07/2021;COT24;GVBUS;EQ6;CCIT 4.0 FRONTAL H2.1;;;DF276;Subst. Placa do M¢dulo;2
01/07/2021;COT6;Metro-Bahia;EQ28;ATM;OP63;METRO-BAHIA;DF143;Subst. da Impressora;1
01/07/2021;COT6;Metro-Bahia;EQ28;ATM;OP63;METRO-BAHIA;DF237;Subst. Do Validador de Notas;6
01/07/2021;COT6;Metro-Bahia;EQ28;ATM;OP63;METRO-BAHIA;DF66;Manutená∆o na Fechadura Eletrìnica;1
01/07/2021;COT6;Metro-Bahia;EQ28;ATM;OP63;METRO-BAHIA;DF260;Subst. HUB Serial;2
01/07/2021;COT6;METRO-BAHIA;EQ28;ATM;OP63;METRO-BAHIA;DF179;Subst. Do Cabo de Comunicaá∆o da Impressora;1
01/07/2021;COT6;Metro-Bahia;EQ28;ATM;OP63;METRO-BAHIA;DF227;Subst. Do PC ATM;1
01/07/2021;COT6;Metro-Bahia;EQ28;ATM;OP63;METRO-BAHIA;DF218;Subst. Do Monitor;4
01/07/2021;COT6;Metro-Bahia;EQ9;CCIT 4.0 (BLOQUEIO) FRONTAL H1;OP63;METRO-BAHIA;DF113;Restaura RAM via PC;2
01/07/2021;COT5;METROFOR/ VLT FORTALEZA;EQ38;CCIT 4.0 METROFOR;OP105;METROFOR LINHA SUL;DF93;Reparo no m¢dulo;3
01/07/2021;COT5;METROFOR/ VLT FORTALEZA;EQ38;CCIT 4.0 METROFOR;OP105;METROFOR LINHA SUL;DF132;Subst. Da Bateria de Lithium;9
01/07/2021;COT10;Metropolitano-Bahia;EQ6;CCIT 4.0 FRONTAL H2.1;OP64;METROPOLITANO SSA;DF113;Restaura RAM via PC;17
01/07/2021;COT10;Metropolitano-Bahia;EQ6;CCIT 4.0 FRONTAL H2.1;OP64;METROPOLITANO SSA;DF114;Restaura RAM via pendrive;4
01/07/2021;COT10;Metropolitano-Bahia;EQ6;CCIT 4.0 FRONTAL H2.1;OP64;METROPOLITANO SSA;DF41;Envio para manutená∆o central-CTG;1
01/07/2021;COT20;ROSA TURISMO;EQ36;CCIT 4.0 FRONTAL H1 COM BATERIA;OP66;ROSA TURISMO;DF113;Restaura RAM via PC;10
01/07/2021;COT20;ROSA TURISMO;EQ36;CCIT 4.0 FRONTAL H1 COM BATERIA;OP66;ROSA TURISMO;DF272;Subst. Do Touchscreen do m¢dulo;2
01/07/2021;COT20;ROSA TURISMO;EQ36;CCIT 4.0 FRONTAL H1 COM BATERIA;OP66;ROSA TURISMO;DF272;Troca de Mem¢ria;6
01/07/2021;COT20;ROSA TURISMO;EQ36;CCIT 4.0 FRONTAL H1 COM BATERIA;OP66;ROSA TURISMO;DF51;Gravaá∆o BootLoader;6
01/07/2021;COT19;S«O JO«O;EQ36;CCIT 4.0 FRONTAL H1 COM BATERIA;OP67;S«O JO«O;DF113;Restaura RAM via PC;27
01/07/2021;COT19;S«O JO«O;EQ36;CCIT 4.0 FRONTAL H1 COM BATERIA;OP67;S«O JO«O;DF272;Subst. Do Touchscreen do m¢dulo;1
01/07/2021;COT19;S«O JO«O;EQ36;CCIT 4.0 FRONTAL H1 COM BATERIA;OP67;S«O JO«O;DF209;Subst. Do Display;1
01/07/2021;COT19;S«O JO«O;EQ36;CCIT 4.0 FRONTAL H1 COM BATERIA;OP67;S«O JO«O;DF209;Troca de Mem¢ria;7
01/07/2021;COT19;S«O JO«O;EQ36;CCIT 4.0 FRONTAL H1 COM BATERIA;OP67;S«O JO«O;DF51;Gravaá∆o BootLoader;6
01/07/2021;COT17;S«O JORGE - PONTE NOVA;EQ2;CCIT 3.2;OP50;S«O JORGE AUTO ONIBUS;DF169;Subst. De Componente eletrìnico;2
01/07/2021;COT17;S«O JORGE - PONTE NOVA;EQ2;CCIT 3.2;OP50;S«O JORGE AUTO ONIBUS;DF129;Subst. Da Antena Cless e adesivo frontal;1
01/07/2021;COT17;S«O JORGE - PONTE NOVA;EQ2;CCIT 3.2;OP50;S«O JORGE AUTO ONIBUS;DF132;Subst. Da Bateria de Lithium;1
01/07/2021;COT4;Setut;EQ6;CCIT 4.0 FRONTAL H2.1;;;DF60;Limpeza de cache;1
01/07/2021;COT4;Setut;EQ6;CCIT 4.0 FRONTAL H2.1;;;DF41;Envio para manutená∆o central-CTG;10
01/07/2021;COT18;Sindpautras;EQ6;CCIT 4.0 FRONTAL H2.1;OP48;SINDPAUTRAS-SIND. PERM. AUT. TRANSP. SU;DF88;Reparo com formataá∆o e reinst. FW/SW;3
01/07/2021;COT22;Taguatur;EQ8;CCIT 4.0 FRONTAL JI21 SEM BATERIA;OP82;TAGUATUR;DF93;Reparo no m¢dulo;2
01/07/2021;COT22;Taguatur;EQ8;CCIT 4.0 FRONTAL JI21 SEM BATERIA;OP82;TAGUATUR;DF101;Ressolda Mbccit;1
01/07/2021;COT22;Taguatur;EQ8;CCIT 4.0 FRONTAL JI21 SEM BATERIA;OP82;TAGUATUR;DF21;Atualizaá∆o de FW ;1
01/07/2021;COT22;Taguatur;EQ8;CCIT 4.0 FRONTAL JI21 SEM BATERIA;OP82;TAGUATUR;DF169;Subst. De Componente eletrìnico;2
01/07/2021;COT22;Taguatur;EQ8;CCIT 4.0 FRONTAL JI21 SEM BATERIA;OP82;TAGUATUR;DF90;Reparo com formataá∆o e subst. FW/SW;21
01/07/2021;COT22;Taguatur;EQ8;CCIT 4.0 FRONTAL JI21 SEM BATERIA;OP82;TAGUATUR;DF267;Ressolda USB Interface;8
01/07/2021;COT22;Taguatur;EQ8;CCIT 4.0 FRONTAL JI21 SEM BATERIA;OP82;TAGUATUR;DF209;Subst. Do Display;1
01/07/2021;COT22;Taguatur;EQ8;CCIT 4.0 FRONTAL JI21 SEM BATERIA;OP82;TAGUATUR;DF217;Subst. Do M¢dulo H3.1;2
01/07/2021;COT22;Taguatur;EQ8;CCIT 4.0 FRONTAL JI21 SEM BATERIA;OP82;TAGUATUR;DF170;Subst. De Gorila Glass;1
01/07/2021;COT22;Taguatur;EQ8;CCIT 4.0 FRONTAL JI21 SEM BATERIA;OP82;TAGUATUR;DF268;Subst. Placa em EVA adesivado espessura 20mm;20
01/07/2021;COT22;Taguatur;EQ8;CCIT 4.0 FRONTAL JI21 SEM BATERIA;OP82;TAGUATUR;DF269;Subst. Placa em EVA adesivado espessura 16mm;20
01/07/2021;COT3;TEU;EQ36;CCIT 4.0 FRONTAL H1 COM BATERIA;;;DF115;Restauraá∆o da ROM via PC;167
01/07/2021;COT3;TEU;EQ36;CCIT 4.0 FRONTAL H1 COM BATERIA;;;DF60;Limpeza de cache;45
01/07/2021;COT3;TEU;EQ36;CCIT 4.0 FRONTAL H1 COM BATERIA;;;DF132;Subst. Da Bateria de Lithium;33
01/07/2021;COT3;TEU;EQ36;CCIT 4.0 FRONTAL H1 COM BATERIA;;;DF136;Subst. Da Carcaáa inferior;28
01/07/2021;COT3;TEU;EQ36;CCIT 4.0 FRONTAL H1 COM BATERIA;;;DF93;Reparo no m¢dulo;14
01/07/2021;COT3;TEU;EQ36;CCIT 4.0 FRONTAL H1 COM BATERIA;;;DF91;Reparo com Gravaá∆o de PIC e reinst. Do FW;8
01/07/2021;COT3;TEU;EQ36;CCIT 4.0 FRONTAL H1 COM BATERIA;;;DF144;Subst. Da Mem¢ria;1
01/07/2021;COT2;Transcard;EQ28;ATM;OP61;Setps (Transcard);DF143;Subst. da Impressora;2
01/07/2021;COT2;Transcard;EQ28;ATM;OP61;Setps (Transcard);DF237;Subst. Do Validador de Notas;39
01/07/2021;COT2;Transcard;EQ28;ATM;OP61;Setps (Transcard);DF66;Manutená∆o na Fechadura Eletrìnica;1
01/07/2021;COT2;Transcard;EQ28;ATM;OP61;Setps (Transcard);DF231;Subst. Do PINpad;1
01/07/2021;COT2;Transcard;EQ28;ATM;OP61;Setps (Transcard);DF142;Subst. Da Fonte Lambda ATM;4
01/07/2021;COT2;Transcard;EQ28;ATM;OP61;Setps (Transcard);DF218;Subst. Do Monitor;3
01/07/2021;COT2;Transcard;EQ28;ATM;OP61;Setps (Transcard);DF280;Manutená∆o no Validador de Notas;2
01/07/2021;COT2;Transcard;EQ28;ATM;OP61;Setps (Transcard);DF179;Subst. Do Cabo de Comunicaá∆o da Impressora;1
01/07/2021;COT2;Transcard;EQ28;ATM;OP61;Setps (Transcard);DF281;Subst. Fechadura Digital;2
01/07/2021;COT2;Transcard;EQ6;CCIT 4.0 FRONTAL H2.1;;;DF113;Restaura RAM via PC;59
01/07/2021;COT2;Transcard;EQ6;CCIT 4.0 FRONTAL H2.1;;;DF114;Restaura RAM via pendrive;9
01/07/2021;COT2;Transcard;EQ6;CCIT 4.0 FRONTAL H2.1;;;DF101;Ressolda Mbccit;3
01/07/2021;COT2;Transcard;EQ6;CCIT 4.0 FRONTAL H2.1;;;DF93;Reparo no m¢dulo;5
01/07/2021;COT2;Transcard;EQ6;CCIT 4.0 FRONTAL H2.1;;;DF272;Subst. Do Touchscreen do m¢dulo;1
01/07/2021;COT2;Transcard;EQ6;CCIT 4.0 FRONTAL H2.1;;;DF209;Subst. Do Display;1
01/07/2021;COT2;Transcard;EQ6;CCIT 4.0 FRONTAL H2.1;;;DF279;Modificado para M¢dulo JI21;9
01/07/2021;COT2;Transcard;EQ6;CCIT 4.0 FRONTAL H2.1;;;DF216;Subst. Do M¢dulo H2;15
01/07/2021;COT2;Transcard;EQ6;CCIT 4.0 FRONTAL H2.1;;;DF170;Subst. De Gorila Glass;10
01/07/2021;COT2;Transcard;EQ6;CCIT 4.0 FRONTAL H2.1;;;DF198;Subst. Do componente eletrìnico;10
01/07/2021;COT2;Transcard;EQ6;CCIT 4.0 FRONTAL H2.1;;;DF274;Subst. Tampa;5
01/07/2021;COT2;Transcard;EQ6;CCIT 4.0 FRONTAL H2.1;;;DF51;Gravaá∆o BootLoader;11
01/07/2021;COT1;Transfacil;EQ28;ATM;OP27;TRANSFµCIL;DF197;Subst. Do Cofre;4
01/07/2021;COT1;Transfacil;EQ28;ATM;OP27;TRANSFµCIL;DF65;Manutená∆o Cofre;3
01/07/2021;COT1;Transfacil;EQ28;ATM;OP27;TRANSFµCIL;DF237;Subst. Do Validador de Notas;4
01/07/2021;COT1;Transfacil;EQ28;ATM;OP27;TRANSFµCIL;DF32;Defeito n∆o encontrado;4
01/07/2021;COT1;Transfacil;EQ28;ATM;OP27;TRANSFµCIL;DF258;Subst. Da Cabeáa de Impress∆o;3
01/07/2021;COT1;Transfacil;EQ28;ATM;OP27;TRANSFµCIL;DF143;Subst. da Impressora;1
01/07/2021;COT1;Transfacil;EQ28;ATM;OP27;TRANSFµCIL;DF128;Subst. Da antena Cless;2
01/07/2021;COT1;Transfacil;EQ28;ATM;OP27;TRANSFµCIL;DF257;Manut. No Validador de Notas;1
01/07/2021;COT1;Transfacil;EQ28;ATM;OP27;TRANSFµCIL;DF212;Subst. Do HD;1
01/07/2021;COT1;Transfacil;EQ6;CCIT 4.0 FRONTAL H2.1;;;DF88;Reparo com formataá∆o e reinst. FW/SW;75
01/07/2021;COT1;Transfacil;EQ6;CCIT 4.0 FRONTAL H2.1;;;DF238;Subst. Do Vidro CCIT V4.0;6
01/07/2021;COT1;Transfacil;EQ6;CCIT 4.0 FRONTAL H2.1;;;DF216;Subst. Do M¢dulo H2;5
01/07/2021;COT1;Transfacil;EQ6;CCIT 4.0 FRONTAL H2.1;;;DF37;Defeito n∆o encontrado e subst. FW/SW;2
01/07/2021;COT1;Transfacil;EQ6;CCIT 4.0 FRONTAL H2.1;;;DF169;Subst. De Componente eletrìnico;1
01/07/2021;COT1;Transfacil;EQ6;CCIT 4.0 FRONTAL H2.1;;;DF136;Subst. Da Carcaáa inferior;1
01/07/2021;COT1;Transfacil;EQ6;CCIT 4.0 FRONTAL H2.1;OP13;Estaá‰es BRT Move;DF88;Reparo com formataá∆o e reinst. FW/SW;5
01/07/2021;COT1;Transfacil;EQ6;CCIT 4.0 FRONTAL H2.1;OP13;Estaá‰es BRT Move;DF238;Subst. Do Vidro CCIT V4.0;1
01/07/2021;COT23;UTB;EQ6;CCIT 4.0 FRONTAL H2.1;OP83;UTB;DF93;Reparo no m¢dulo;11
01/07/2021;COT23;UTB;EQ6;CCIT 4.0 FRONTAL H2.1;OP83;UTB;DF132;Subst. Da Bateria de Lithium;6
01/07/2021;COT23;UTB;EQ6;CCIT 4.0 FRONTAL H2.1;OP83;UTB;DF46;Formataá∆o da mem¢ria e subst. FW;8
01/07/2021;COT23;UTB;EQ6;CCIT 4.0 FRONTAL H2.1;OP83;UTB;DF272;Subst. Do Touchscreen do m¢dulo;2
01/07/2021;COT23;UTB;EQ6;CCIT 4.0 FRONTAL H2.1;OP83;UTB;DF209;Subst. Do Display;2
01/07/2021;COT23;UTB;EQ6;CCIT 4.0 FRONTAL H2.1;OP83;UTB;DF216;Subst. Do M¢dulo H2;8
01/07/2021;COT23;UTB;EQ6;CCIT 4.0 FRONTAL H2.1;OP83;UTB;DF170;Subst. De Gorila Glass;8
01/07/2021;COT23;UTB;EQ6;CCIT 4.0 FRONTAL H2.1;OP83;UTB;DF169;Subst. De Componente eletrìnico;8
01/07/2021;COT16;Via Ouro;EQ3;CCIT 3.5;OP49;VIA OURO COLETIVOS LTDA;DF88;Reparo com formataá∆o e reinst. FW/SW;2
01/07/2021;COT1;Transfacil;EQ14;DMX200 MOD H3.1;;;DF41;Envio para manutená∆o central-CTG;11
01/07/2021;COT1;Transfacil;EQ14;DMX200 MOD H3.1;;;DF88;Reparo com formataá∆o e reinst. FW/SW;86
01/07/2021;COT1;Transfacil;EQ14;DMX200 MOD H3.1;;;DF170;Subst. De Gorila Glass;3
01/07/2021;COT21;Araguarina;EQ13;DMX200L;OP81;VIAÄ«O ARAGUARINA;DF41;Envio para manutená∆o central-CTG;1
01/07/2021;COT22;Taguatur PM NOVO;EQ39;DMX200L JI21 SEM BATERIA;OP82;TAGUATUR;DF41;Envio para manutená∆o central-CTG;68
01/07/2021;COT19;S«O JO«O;EQ39;DMX200L JI21 SEM BATERIA;OP67;S«O JO«O;DF115;Restauraá∆o da ROM via PC;9
01/07/2021;COT19;S«O JO«O;EQ39;DMX200L JI21 SEM BATERIA;OP67;S«O JO«O;DF97;Ressolda;10
01/07/2021;COT20;ROSA TURISMO;EQ39;DMX200L JI21 SEM BATERIA;OP66;ROSA TURISMO;DF115;Restauraá∆o da ROM via PC;12
01/07/2021;COT4;Setut;EQ14;DMX200 MOD H3.1;;;DF41;Envio para manutená∆o central-CTG;12
01/07/2021;COT25;COOTRAPS - CE;EQ14;DMX200 MOD H3.1;OP129;COOTRAPS;DF39;Enviados para manutená∆o central CTG;20
01/07/2021;COT25;COOTRAPS - CE;EQ14;DMX200 MOD H3.1;OP129;COOTRAPS;DF90;Reparo com formataá∆o e subst. FW/SW;16
01/07/2021;COT25;COOTRAPS - CE;EQ14;DMX200 MOD H3.1;OP129;COOTRAPS;DF264;Testado Track;10
01/07/2021;COT3;TEU;EQ14;DMX200 MOD H3.1;;;DF21;Atualizaá∆o de FW ;21
01/07/2021;COT3;TEU;EQ14;DMX200 MOD H3.1;;;DF115;Restauraá∆o da ROM via PC;21
01/07/2021;COT3;TEU;EQ14;DMX200 MOD H3.1;;;DF267;Ressolda USB Interface;3
01/07/2021;COT24;GVBUS;EQ14;DMX200 MOD H3.1;;;DF9;Ajuste e aperto de conex∆o;1
01/07/2021;COT24;GVBUS;EQ14;DMX200 MOD H3.1;;;DF97;Ressolda;99
01/07/2021;COT24;GVBUS;EQ14;DMX200 MOD H3.1;;;DF117;Restauraá∆o de m¢dulos via PC e/ou SdCard;181
01/07/2021;COT24;GVBUS;EQ14;DMX200 MOD H3.1;;;DF46;Formataá∆o da mem¢ria e subst. FW;75
01/07/2021;COT3;TEU;EQ14;DMX200 MOD H3.1;;;DF46;Formataá∆o da mem¢ria e subst. FW;5
01/07/2021;COT3;TEU;EQ14;DMX200 MOD H3.1;;;DF268;Subst. Placa em EVA adesivado espessura 20mm;3
01/07/2021;COT3;TEU;EQ14;DMX200 MOD H3.1;;;DF269;Subst. Placa em EVA adesivado espessura 16mm;3
01/07/2021;COT3;TEU;EQ14;DMX200 MOD H3.1;;;DF144;Subst. Da Mem¢ria;1
01/07/2021;COT3;TEU;EQ14;DMX200 MOD H3.1;;;DF270;Gravaá∆o do IMEI;1
01/07/2021;COT3;TEU;EQ14;DMX200 MOD H3.1;;;DF217;Subst. Do M¢dulo H3.1;1
01/07/2021;COT3;TEU;EQ14;DMX200 MOD H3.1;;;DF271;Subst. Do Vidro;1
01/07/2021;COT3;TEU;EQ14;DMX200 MOD H3.1;;;DF170;Subst. De Gorila Glass;1
01/07/2021;COT24;GVBUS;EQ14;DMX200 MOD H3.1;;;DF61;Limpeza e testes;58
01/07/2021;COT24;GVBUS;EQ14;DMX200 MOD H3.1;;;DF271;Subst. Do Vidro;13
01/07/2021;COT24;GVBUS;EQ14;DMX200 MOD H3.1;;;DF272;Subst. Do Touchscreen do m¢dulo;15
01/07/2021;COT24;GVBUS;EQ14;DMX200 MOD H3.1;;;DF127;Subst. Conector USB;10
01/07/2021;COT24;GVBUS;EQ14;DMX200 MOD H3.1;;;DF217;Subst. Do M¢dulo H3.1;13
01/07/2021;COT24;GVBUS;EQ14;DMX200 MOD H3.1;;;DF170;Subst. De Gorila Glass;20
01/07/2021;COT24;GVBUS;EQ14;DMX200 MOD H3.1;;;DF268;Subst. Placa em EVA adesivado espessura 20mm;9
01/07/2021;COT24;GVBUS;EQ14;DMX200 MOD H3.1;;;DF269;Subst. Placa em EVA adesivado espessura 16mm;9
01/07/2021;COT24;GVBUS;EQ14;DMX200 MOD H3.1;;;DF165;Subst. Da Placa-m∆e;5
01/07/2021;COT24;GVBUS;EQ14;DMX200 MOD H3.1;;;DF270;Gravaá∆o do IMEI;19
01/07/2021;COT24;GVBUS;EQ14;DMX200 MOD H3.1;;;DF273;Subst. Cabo USB;5
01/07/2021;COT24;GVBUS;EQ14;DMX200 MOD H3.1;;;DF274;Subst. Tampa;2
01/07/2021;COT24;GVBUS;EQ14;DMX200 MOD H3.1;;;DF275;Subst. Placa Montada Interface PM;2
01/07/2021;COT24;GVBUS;EQ14;DMX200 MOD H3.1;;;DF169;Subst. De Componente eletrìnico;12
01/07/2021;COT24;GVBUS;EQ14;DMX200 MOD H3.1;;;DF214;Subst. Do M¢dulo do GPRS;5
01/07/2021;COT24;GVBUS;EQ14;DMX200 MOD H3.1;;;DF268;Subst. Placa em EVA adesivado espessura 20mm;1
01/07/2021;COT24;GVBUS;EQ14;DMX200 MOD H3.1;;;DF269;Subst. Placa em EVA adesivado espessura 16mm;1
01/07/2021;COT24;GVBUS;EQ14;DMX200 MOD H3.1;;;DF144;Subst. Da Mem¢ria;10
01/07/2021;COT20;ROSA TURISMO;EQ39;DMX200L JI21 SEM BATERIA;OP66;ROSA TURISMO;DF46;Formataá∆o da mem¢ria e subst. FW;7
01/07/2021;COT19;S«O JO«O;EQ39;DMX200L JI21 SEM BATERIA;OP67;S«O JO«O;DF46;Formataá∆o da mem¢ria e subst. FW;6
01/07/2021;COT20;ROSA TURISMO;EQ39;DMX200L JI21 SEM BATERIA;OP66;ROSA TURISMO;DF217;Subst. Do M¢dulo H3.1;3
01/07/2021;COT19;S«O JO«O;EQ39;DMX200L JI21 SEM BATERIA;OP67;S«O JO«O;DF217;Subst. Do M¢dulo H3.1;2
01/07/2021;COT20;ROSA TURISMO;EQ39;DMX200L JI21 SEM BATERIA;OP66;ROSA TURISMO;DF170;Subst. De Gorila Glass;5
01/07/2021;COT19;S«O JO«O;EQ39;DMX200L JI21 SEM BATERIA;OP67;S«O JO«O;DF170;Subst. De Gorila Glass;4
01/07/2021;COT20;ROSA TURISMO;EQ39;DMX200L JI21 SEM BATERIA;OP66;ROSA TURISMO;DF209;Subst. Do Display;5
01/07/2021;COT19;S«O JO«O;EQ39;DMX200L JI21 SEM BATERIA;OP67;S«O JO«O;DF209;Subst. Do Display;4
01/07/2021;COT20;ROSA TURISMO;EQ39;DMX200L JI21 SEM BATERIA;OP66;ROSA TURISMO;DF273;Subst. Cabo USB;5
01/07/2021;COT19;S«O JO«O;EQ39;DMX200L JI21 SEM BATERIA;OP67;S«O JO«O;DF273;Subst. Cabo USB;4
01/07/2021;COT20;ROSA TURISMO;EQ39;DMX200L JI21 SEM BATERIA;OP66;ROSA TURISMO;DF268;Subst. Placa em EVA adesivado espessura 20mm;7
01/07/2021;COT19;S«O JO«O;EQ39;DMX200L JI21 SEM BATERIA;OP67;S«O JO«O;DF269;Subst. Placa em EVA adesivado espessura 16mm;6
01/07/2021;COT20;ROSA TURISMO;EQ39;DMX200L JI21 SEM BATERIA;OP66;ROSA TURISMO;DF268;Subst. Placa em EVA adesivado espessura 20mm;7
01/07/2021;COT19;S«O JO«O;EQ39;DMX200L JI21 SEM BATERIA;OP67;S«O JO«O;DF269;Subst. Placa em EVA adesivado espessura 16mm;6
01/07/2021;COT9;SINTRAM COM DMX200;EQ12;DMX200 MOD H3;OP51;CONS‡RCIO ‡TIMO DE BILHETAGEM ELETR‚NICA ;DF88;Reparo com formataá∆o e reinst. FW/SW;9
01/07/2021;COT9;SINTRAM COM DMX200;EQ12;DMX200 MOD H3;OP51;CONS‡RCIO ‡TIMO DE BILHETAGEM ELETR‚NICA ;DF211;Subst. Do Equipamento completo;1
01/07/2021;COT9;SINTRAM COM DMX200;EQ12;DMX200 MOD H3;OP51;CONS‡RCIO ‡TIMO DE BILHETAGEM ELETR‚NICA ;DF252;Troca de Mem¢ria;8
01/07/2021;COT9;SINTRAM COM DMX200;EQ12;DMX200 MOD H3;OP51;CONS‡RCIO ‡TIMO DE BILHETAGEM ELETR‚NICA ;DF61;Limpeza e testes;4
01/07/2021;COT9;SINTRAM COM DMX200;EQ12;DMX200 MOD H3;OP51;CONS‡RCIO ‡TIMO DE BILHETAGEM ELETR‚NICA ;DF169;Subst. De Componente eletrìnico;5
01/07/2021;COT1;Transfacil;EQ10;CONNECTION CCIT 4.0;;;DF37;Defeito n∆o encontrado e subst. FW/SW;4
01/07/2021;COT1;Transfacil;EQ10;CONNECTION CCIT 4.0;;;DF88;Reparo com formataá∆o e reinst. FW/SW;12
01/07/2021;COT1;Transfacil;EQ10;CONNECTION CCIT 4.0;;;DF169;Subst. De Componente eletrìnico;1
01/07/2021;COT2;Transcard;EQ10;CONNECTION CCIT 4.0;;;DF46;Formataá∆o da mem¢ria e subst. FW;7
01/07/2021;COT2;Transcard;EQ10;CONNECTION CCIT 4.0;;;DF41;Envio para manutená∆o central-CTG;3
01/07/2021;COT19;S«O JO«O;EQ10;CONNECTION CCIT 4.0;OP67;S«O JO«O;DF21;Atualizaá∆o de FW ;2
01/07/2021;COT19;S«O JO«O;EQ10;CONNECTION CCIT 4.0;OP67;S«O JO«O;DF41;Envio para manutená∆o central-CTG;1
01/07/2021;COT20;ROSA TURISMO;EQ10;CONNECTION CCIT 4.0;OP66;ROSA TURISMO;DF21;Atualizaá∆o de FW ;4
01/07/2021;COT20;ROSA TURISMO;EQ10;CONNECTION CCIT 4.0;OP66;ROSA TURISMO;DF41;Envio para manutená∆o central-CTG;2
01/07/2021;COT20;ROSA TURISMO;EQ10;CONNECTION CCIT 4.0;OP66;ROSA TURISMO;DF256;Subst. de Fus°vel;1
01/07/2021;COT20;ROSA TURISMO;EQ10;CONNECTION CCIT 4.0;OP66;ROSA TURISMO;DF206;Subst. Do Conector USB;1
01/07/2021;COT24;GVBUS;EQ10;CONNECTION CCIT 4.0;;;DF277;Subst. Da Connections;3
01/07/2021;COT24;GVBUS;EQ10;CONNECTION CCIT 4.0;;;DF278;Modificaá∆o circuito catraca;32
01/07/2021;COT24;GVBUS;EQ10;CONNECTION CCIT 4.0;;;DF51;Gravaá∆o BootLoader;9
01/07/2021;COT24;GVBUS;EQ10;CONNECTION CCIT 4.0;;;DF256;Substituiá∆o de fus°vel;23
01/07/2021;COT24;GVBUS;EQ10;CONNECTION CCIT 4.0;;;DF137;Subst. Da Carcaáa Traseira;5
01/07/2021;COT24;GVBUS;EQ10;CONNECTION CCIT 4.0;;;DF169;Subst. De Componente eletrìnico;14
01/07/2021;COT3;TEU;EQ22;V3000M;;;DF21;Atualizaá∆o de FW ;51
01/07/2021;COT3;TEU;EQ22;V3000M;;;DF41;Envio para manutená∆o central-CTG;8
01/07/2021;COT3;TEU;EQ22;V3000M;;;DF115;Restauraá∆o da ROM via PC;51
01/07/2021;COT3;TEU;EQ22;V3000M;;;DF232;Subst. Do SDCard;12
01/07/2021;COT3;TEU;EQ21;V3000L;;;DF115;Restauraá∆o da ROM via PC;4
01/07/2021;COT3;TEU;EQ21;V3000L;;;DF21;Atualizaá∆o de FW ;25
01/07/2021;COT3;TEU;EQ26;V3000M DVR;;;DF21;Atualizaá∆o de FW ;15
01/07/2021;COT3;TEU;EQ26;V3000M DVR;;;DF151;Subst. Da placa DVR;1
01/07/2021;COT3;TEU;EQ22;V3000M;;;DF169;Subst. De Componente eletrìnico;2
01/07/2021;COT1;Transfacil;EQ27;UT (FTV 3000);;;DF37;Defeito n∆o encontrado e subst. FW/SW;4
01/07/2021;COT1;Transfacil;EQ27;UT (FTV 3000);;;DF88;Reparo com formataá∆o e reinst. FW/SW;1
01/07/2021;COT1;Transfacil;EQ27;UT (FTV 3000);;;DF169;Subst. De Componente eletrìnico;1
01/07/2021;COT24;GVBUS;EQ33;POS MOVE 2500;;;DF21;Atualizaá∆o de FW ;4
01/07/2021;COT24;GVBUS;EQ33;POS MOVE 2500;;;DF132;Subst. Da Bateria de Lithium;1
01/07/2021;COT24;GVBUS;EQ33;POS MOVE 2500;;;DF173;Subst. Do Adesivo Frontal;1
01/07/2021;COT10;Metropolitano-Bahia;EQ31;POS 250;OP64;METROPOLITANO SSA;DF41;Envio para manutená∆o central-CTG;2
01/07/2021;COT2;Transcard;EQ31;POS 250;;;DF46;Formataá∆o da mem¢ria e subst. FW;3
01/07/2021;COT2;Transcard;EQ31;POS 250;;;DF132;Subst. Da Bateria de Lithium;4
01/07/2021;COT2;Transcard;EQ31;POS 250;;;DF7;Ajuste do M¢dulo de Impress∆o;2
01/07/2021;COT2;Transcard;EQ31;POS 250;;;DF41;Envio para manutená∆o central-CTG;6
01/08/2021;COT7;Alagoinhas;EQ34;CCIT 4.0 FRONTAL H2.1 C SEM BATERIA;OP68;ALAGOINHAS;DF113;Restaura RAM via PC;7
01/08/2021;COT7;Alagoinhas;EQ34;CCIT 4.0 FRONTAL H2.1 C SEM BATERIA;OP68;ALAGOINHAS;DF114;Restaura RAM via pendrive;2
01/08/2021;COT21;Araguarina;EQ35;CCIT 4.0 FRONTAL H2 COM BATERIA;OP81;VIAÄ«O ARAGUARINA;DF41;Envio para manutená∆o central-CTG;3
01/08/2021;COT8;CBTU;EQ1;CCIT 3.0;OP47;CBTU - COMPANHIA BRASILEIRA DE TRENS URBANOS;DF129;Subst. Da Antena Cless e adesivo frontal;1
01/08/2021;COT8;CBTU;EQ1;CCIT 3.0;OP47;CBTU - COMPANHIA BRASILEIRA DE TRENS URBANOS;DF88;Reparo com formataá∆o e reinst. FW/SW;2
01/08/2021;COT8;CBTU;EQ1;CCIT 3.0;OP47;CBTU - COMPANHIA BRASILEIRA DE TRENS URBANOS;DF162;Subst. Da Placa Mbccit;1
01/08/2021;COT8;CBTU;EQ1;CCIT 3.0;OP47;CBTU - COMPANHIA BRASILEIRA DE TRENS URBANOS;DF159;Subst. Da placa FtctlessGPS;1
01/08/2021;COT12;DIVPASS;EQ6;CCIT 4.0 FRONTAL H2.1;OP124;DIVPASS;DF37;Defeito n∆o encontrado e subst. FW/SW;11
01/08/2021;COT12;DIVPASS;EQ6;CCIT 4.0 FRONTAL H2.1;OP124;DIVPASS;DF117;Restauraá∆o de m¢dulos via PC e/ou SdCard;2
01/08/2021;COT24;GVBUS;EQ28;ATM;OP108;GVBUS - SIND. DAS EMP. DE TRANP. METROP. DA GRANDE VIT‡RIA;DF262;Retirada de nota ATM e testes;9
01/08/2021;COT24;GVBUS;EQ28;ATM;OP108;GVBUS - SIND. DAS EMP. DE TRANP. METROP. DA GRANDE VIT‡RIA;DF231;Subst. Do PINpad;3
01/08/2021;COT24;GVBUS;EQ28;ATM;OP108;GVBUS - SIND. DAS EMP. DE TRANP. METROP. DA GRANDE VIT‡RIA;DF67;Manutená∆o na Impressora;2
01/08/2021;COT24;GVBUS;EQ28;ATM;OP108;GVBUS - SIND. DAS EMP. DE TRANP. METROP. DA GRANDE VIT‡RIA;DF86;Reparo com configuraá∆o do setup;6
01/08/2021;COT24;GVBUS;EQ28;ATM;OP108;GVBUS - SIND. DAS EMP. DE TRANP. METROP. DA GRANDE VIT‡RIA;DF68;Manutená∆o no Dispenser;5
01/08/2021;COT24;GVBUS;EQ28;ATM;OP108;GVBUS - SIND. DAS EMP. DE TRANP. METROP. DA GRANDE VIT‡RIA;DF65;Manutená∆o Cofre;1
01/08/2021;COT24;GVBUS;EQ28;ATM;OP108;GVBUS - SIND. DAS EMP. DE TRANP. METROP. DA GRANDE VIT‡RIA;DF19;ATM - defeito n∆o confirmado;1
01/08/2021;COT24;GVBUS;EQ6;CCIT 4.0 FRONTAL H2.1;;;DF93;Reparo no m¢dulo;38
01/08/2021;COT24;GVBUS;EQ6;CCIT 4.0 FRONTAL H2.1;;;DF41;Envio para manutená∆o central-CTG;4
01/08/2021;COT6;Metro-Bahia;EQ28;ATM;OP63;METRO-BAHIA;DF143;Subst. da Impressora;3
01/08/2021;COT6;Metro-Bahia;EQ28;ATM;OP63;METRO-BAHIA;DF237;Subst. Do Validador de Notas;17
01/08/2021;COT6;Metro-Bahia;EQ28;ATM;OP63;METRO-BAHIA;DF236;Subst. Do Teclado de Metal Frontal;1
01/08/2021;COT6;METRO-BAHIA;EQ28;ATM;OP63;METRO-BAHIA;DF179;Subst. Do Cabo de Comunicaá∆o da Impressora;1
01/08/2021;COT6;Metro-Bahia;EQ28;ATM;OP63;METRO-BAHIA;DF227;Subst. Do PC ATM;1
01/08/2021;COT6;Metro-Bahia;EQ28;ATM;OP63;METRO-BAHIA;DF218;Subst. Do Monitor;3
01/08/2021;COT5;METROFOR/ VLT FORTALEZA;EQ38;CCIT 4.0 METROFOR;OP105;METROFOR LINHA SUL;DF41;Envio para manutená∆o central-CTG;6
01/08/2021;COT5;METROFOR/ VLT FORTALEZA;EQ38;CCIT 4.0 METROFOR;OP105;METROFOR LINHA SUL;DF88;Reparo com formataá∆o e reinst. FW/SW;3
01/08/2021;COT10;Metropolitano-Bahia;EQ6;CCIT 4.0 FRONTAL H2.1;OP64;METROPOLITANO SSA;DF113;Restaura RAM via PC;25
01/08/2021;COT10;Metropolitano-Bahia;EQ6;CCIT 4.0 FRONTAL H2.1;OP64;METROPOLITANO SSA;DF114;Restaura RAM via pendrive;1
01/08/2021;COT10;Metropolitano-Bahia;EQ6;CCIT 4.0 FRONTAL H2.1;OP64;METROPOLITANO SSA;DF41;Envio para manutená∆o central-CTG;3
01/08/2021;COT20;ROSA TURISMO;EQ36;CCIT 4.0 FRONTAL H1 COM BATERIA;OP66;ROSA TURISMO;DF113;Restaura RAM via PC;6
01/08/2021;COT20;ROSA TURISMO;EQ36;CCIT 4.0 FRONTAL H1 COM BATERIA;OP66;ROSA TURISMO;DF41;Envio para manutená∆o central-CTG;3
01/08/2021;COT19;S«O JO«O;EQ36;CCIT 4.0 FRONTAL H1 COM BATERIA;OP67;S«O JO«O;DF113;Restaura RAM via PC;14
01/08/2021;COT19;S«O JO«O;EQ36;CCIT 4.0 FRONTAL H1 COM BATERIA;OP67;S«O JO«O;DF41;Envio para manutená∆o central-CTG;6
01/08/2021;COT17;S«O JORGE - PONTE NOVA;EQ2;CCIT 3.2;OP50;S«O JORGE AUTO ONIBUS;DF169;Subst. De Componente eletrìnico;3
01/08/2021;COT17;S«O JORGE - PONTE NOVA;EQ2;CCIT 3.2;OP50;S«O JORGE AUTO ONIBUS;DF129;Subst. Da Antena Cless e adesivo frontal;2
01/08/2021;COT17;S«O JORGE - PONTE NOVA;EQ2;CCIT 3.2;OP50;S«O JORGE AUTO ONIBUS;DF132;Subst. Da Bateria de Lithium;2
01/08/2021;COT17;S«O JORGE - PONTE NOVA;EQ2;CCIT 3.2;OP50;S«O JORGE AUTO ONIBUS;DF202;Subst. Do Conector DB15;7
01/08/2021;COT4;Setut;EQ6;CCIT 4.0 FRONTAL H2.1;;;DF60;Limpeza de cache;2
01/08/2021;COT4;Setut;EQ6;CCIT 4.0 FRONTAL H2.1;;;DF113;Restaura RAM via PC;4
01/08/2021;COT4;Setut;EQ6;CCIT 4.0 FRONTAL H2.1;;;DF41;Envio para manutená∆o central-CTG;12
01/08/2021;COT18;Sindpautras;EQ6;CCIT 4.0 FRONTAL H2.1;OP48;SINDPAUTRAS-SIND. PERM. AUT. TRANSP. SU;DF88;Reparo com formataá∆o e reinst. FW/SW;20
01/08/2021;COT18;Sindpautras;EQ6;CCIT 4.0 FRONTAL H2.1;OP48;SINDPAUTRAS-SIND. PERM. AUT. TRANSP. SU;DF37;Defeito n∆o encontrado e subst. FW/SW;3
01/08/2021;COT18;Sindpautras;EQ6;CCIT 4.0 FRONTAL H2.1;OP48;SINDPAUTRAS-SIND. PERM. AUT. TRANSP. SU;DF216;Subst. Do M¢dulo H2;1
01/08/2021;COT18;Sindpautras;EQ6;CCIT 4.0 FRONTAL H2.1;OP48;SINDPAUTRAS-SIND. PERM. AUT. TRANSP. SU;DF133;Subst. Da Campainha CCIT;1
01/08/2021;COT22;Taguatur;EQ8;CCIT 4.0 FRONTAL JI21 SEM BATERIA;OP82;TAGUATUR;DF41;Envio para manutená∆o central-CTG;8
01/08/2021;COT3;TEU;EQ3;CCIT 3.5;;;DF147;Subst. Da Placa CLESS;1
01/08/2021;COT3;TEU;EQ3;CCIT 3.5;;;DF21;Atualizaá∆o de FW ;1
01/08/2021;COT3;TEU;EQ36;CCIT 4.0 FRONTAL H1 COM BATERIA;;;DF115;Restauraá∆o da ROM via PC;137
01/08/2021;COT3;TEU;EQ36;CCIT 4.0 FRONTAL H1 COM BATERIA;;;DF60;Limpeza de cache;54
01/08/2021;COT3;TEU;EQ36;CCIT 4.0 FRONTAL H1 COM BATERIA;;;DF132;Subst. Da Bateria de Lithium;36
01/08/2021;COT3;TEU;EQ36;CCIT 4.0 FRONTAL H1 COM BATERIA;;;DF136;Subst. Da Carcaáa inferior;25
01/08/2021;COT3;TEU;EQ36;CCIT 4.0 FRONTAL H1 COM BATERIA;;;DF41;Envio para manutená∆o central-CTG;21
01/08/2021;COT2;Transcard;EQ28;ATM;OP61;Setps (Transcard);DF143;Subst. da Impressora;2
01/08/2021;COT2;Transcard;EQ28;ATM;OP61;Setps (Transcard);DF237;Subst. Do Validador de Notas;18
01/08/2021;COT2;Transcard;EQ28;ATM;OP61;Setps (Transcard);DF66;Manutená∆o na Fechadura Eletrìnica;3
01/08/2021;COT2;Transcard;EQ28;ATM;OP61;Setps (Transcard);DF231;Subst. Do PINpad;1
01/08/2021;COT2;Transcard;EQ28;ATM;OP61;Setps (Transcard);DF142;Subst. Da Fonte Lambda ATM;1
01/08/2021;COT2;Transcard;EQ6;CCIT 4.0 FRONTAL H2.1;;;DF113;Restaura RAM via PC;95
01/08/2021;COT2;Transcard;EQ6;CCIT 4.0 FRONTAL H2.1;;;DF114;Restaura RAM via pendrive;28
01/08/2021;COT2;Transcard;EQ6;CCIT 4.0 FRONTAL H2.1;;;DF101;Ressolda Mbccit;1
01/08/2021;COT2;Transcard;EQ6;CCIT 4.0 FRONTAL H2.1;;;DF41;Enviados para manutená∆o central CTG;41
01/08/2021;COT1;Transfacil;EQ28;ATM;OP27;TRANSFµCIL;DF197;Subst. Do Cofre;6
01/08/2021;COT1;Transfacil;EQ28;ATM;OP27;TRANSFµCIL;DF237;Subst. Do Validador de Notas;4
01/08/2021;COT1;Transfacil;EQ28;ATM;OP27;TRANSFµCIL;DF258;Subst. Da Cabeáa de Impress∆o;2
01/08/2021;COT1;Transfacil;EQ28;ATM;OP27;TRANSFµCIL;DF212;Subst. Do HD;1
01/08/2021;COT1;Transfacil;EQ28;ATM;OP27;TRANSFµCIL;DF85;Reinstalaá∆o do Drive da Impressora;1
01/08/2021;COT1;Transfacil;EQ28;ATM;OP27;TRANSFµCIL;DF228;Subst. Do PDV ATM;1
01/08/2021;COT1;Transfacil;EQ28;ATM;OP27;TRANSFµCIL;DF240;Subst. Placa do Monitor ATM;1
01/08/2021;COT1;Transfacil;EQ28;ATM;OP27;TRANSFµCIL;DF10;Ajuste mecÉnico fechadura Porta Interna;1
01/08/2021;COT1;Transfacil;EQ28;ATM;OP27;TRANSFµCIL;DF208;Subst. Do Dispenser do cart∆o;1
01/08/2021;COT1;Transfacil;EQ28;ATM;OP27;TRANSFµCIL;DF283;Subst. Tampa Plastico Validador de Notas;1
01/08/2021;COT1;Transfacil;EQ6;CCIT 4.0 FRONTAL H2.1;;;DF88;Reparo com formataá∆o e reinst. FW/SW;194
01/08/2021;COT1;Transfacil;EQ6;CCIT 4.0 FRONTAL H2.1;;;DF238;Subst. Do Vidro CCIT V4.0;12
01/08/2021;COT1;Transfacil;EQ6;CCIT 4.0 FRONTAL H2.1;;;DF216;Subst. Do M¢dulo H2;6
01/08/2021;COT1;Transfacil;EQ6;CCIT 4.0 FRONTAL H2.1;;;DF37;Defeito n∆o encontrado e subst. FW/SW;5
01/08/2021;COT1;Transfacil;EQ6;CCIT 4.0 FRONTAL H2.1;;;DF169;Subst. De Componente eletrìnico;3
01/08/2021;COT1;Transfacil;EQ6;CCIT 4.0 FRONTAL H2.1;;;DF136;Subst. Da Carcaáa inferior;7
01/08/2021;COT1;Transfacil;EQ6;CCIT 4.0 FRONTAL H2.1;OP13;Estaá‰es BRT Move;DF88;Reparo com formataá∆o e reinst. FW/SW;9
01/08/2021;COT1;Transfacil;EQ6;CCIT 4.0 FRONTAL H2.1;OP13;Estaá‰es BRT Move;DF216;Subst. Do M¢dulo H2;1
01/08/2021;COT1;Transfacil;EQ6;CCIT 4.0 FRONTAL H2.1;;;DF132;Subst. Da Bateria de Lithium;1
01/08/2021;COT1;Transfacil;EQ6;CCIT 4.0 FRONTAL H2.1;;;DF130;Subst. Da Antena WLAN;4
01/08/2021;COT23;UTB;EQ6;CCIT 4.0 FRONTAL H2.1;OP83;UTB;DF41;Envio para manutená∆o central-CTG;8
01/08/2021;COT16;Via Ouro;EQ3;CCIT 3.5;OP49;VIA OURO COLETIVOS LTDA;DF88;Reparo com formataá∆o e reinst. FW/SW;2
01/08/2021;COT1;Transfacil;EQ14;DMX200 MOD H3.1;;;DF41;Envio para manutená∆o central-CTG;15
01/08/2021;COT1;Transfacil;EQ14;DMX200 MOD H3.1;;;DF88;Reparo com formataá∆o e reinst. FW/SW;95
01/08/2021;COT1;Transfacil;EQ14;DMX200 MOD H3.1;;;DF170;Subst. De Gorila Glass;1
01/08/2021;COT12;DIVPASS;EQ13;DMX200L;OP124;DIVPASS;DF90;Reparo com formataá∆o e subst. FW/SW;12
01/08/2021;COT12;DIVPASS;EQ13;DMX200L;OP124;DIVPASS;DF169;Subst. De Componente eletrìnico;1
01/08/2021;COT3;TEU;EQ14;DMX200 MOD H3.1;;;DF21;Atualizaá∆o de FW ;38
01/08/2021;COT3;TEU;EQ14;DMX200 MOD H3.1;;;DF115;Restauraá∆o da ROM via PC;36
01/08/2021;COT3;TEU;EQ14;DMX200 MOD H3.1;;;DF41;Envio para manutená∆o central-CTG;11
01/08/2021;COT24;GVBUS;EQ14;DMX200 MOD H3.1;;;DF97;Ressolda;61
01/08/2021;COT24;GVBUS;EQ14;DMX200 MOD H3.1;;;DF117;Restauraá∆o de m¢dulos via PC e/ou SdCard;199
01/08/2021;COT24;GVBUS;EQ14;DMX200 MOD H3.1;;;DF46;Formataá∆o da mem¢ria e subst. FW;273
01/08/2021;COT24;GVBUS;EQ14;DMX200 MOD H3.1;;;DF270;Gravaá∆o do IMEI;18
01/08/2021;COT24;GVBUS;EQ14;DMX200 MOD H3.1;;;DF9;Ajuste e aperto de conex∆o;6
01/08/2021;COT24;GVBUS;EQ14;DMX200 MOD H3.1;;;DF169;Subst. De Componente eletrìnico;3
01/08/2021;COT24;GVBUS;EQ14;DMX200 MOD H3.1;;;DF41;Envio para manutená∆o central-CTG;139
01/08/2021;COT24;GVBUS;EQ14;DMX200 MOD H3.1;;;DF211;Subst. Do Equipamento completo;18
01/08/2021;COT22;Taguatur PM NOVO;EQ39;DMX200L JI21 SEM BATERIA;OP82;TAGUATUR;DF41;Envio para manutená∆o central-CTG;34
01/08/2021;COT19;S«O JO«O;EQ39;DMX200L JI21 SEM BATERIA;OP67;S«O JO«O;DF115;Restauraá∆o da ROM via PC;9
01/08/2021;COT19;S«O JO«O;EQ39;DMX200L JI21 SEM BATERIA;OP67;S«O JO«O;DF97;Ressolda;2
01/08/2021;COT19;S«O JO«O;EQ39;DMX200L JI21 SEM BATERIA;OP67;S«O JO«O;DF41;Envio para manutená∆o central-CTG;13
01/08/2021;COT20;ROSA TURISMO;EQ39;DMX200L JI21 SEM BATERIA;OP66;ROSA TURISMO;DF115;Restauraá∆o da ROM via PC;8
01/08/2021;COT20;ROSA TURISMO;EQ39;DMX200L JI21 SEM BATERIA;OP66;ROSA TURISMO;DF41;Envio para manutená∆o central-CTG;10
01/08/2021;COT4;Setut;EQ14;DMX200 MOD H3.1;;;DF113;Restaura RAM via PC;5
01/08/2021;COT4;Setut;EQ14;DMX200 MOD H3.1;;;DF41;Envio para manutená∆o central-CTG;11
01/08/2021;COT25;COOTRAPS - CE;EQ14;DMX200 MOD H3.1;OP129;COOTRAPS;DF39;Enviados para manutená∆o central CTG;15
01/08/2021;COT25;COOTRAPS - CE;EQ14;DMX200 MOD H3.1;OP129;COOTRAPS;DF90;Reparo com formataá∆o e subst. FW/SW;13
01/08/2021;COT25;COOTRAPS - CE;EQ14;DMX200 MOD H3.1;OP129;COOTRAPS;DF264;Testado Track;4
01/08/2021;COT1;Transfacil;EQ10;CONNECTION CCIT 4.0;;;DF37;Defeito n∆o encontrado e subst. FW/SW;1
01/08/2021;COT1;Transfacil;EQ10;CONNECTION CCIT 4.0;;;DF88;Reparo com formataá∆o e reinst. FW/SW;22
01/08/2021;COT1;Transfacil;EQ10;CONNECTION CCIT 4.0;;;DF169;Subst. De Componente eletrìnico;2
01/08/2021;COT1;Transfacil;EQ10;CONNECTION CCIT 4.0;;;DF136;Subst. Da Carcaáa inferior;3
01/08/2021;COT1;Transfacil;EQ10;CONNECTION CCIT 4.0;;;DF102;Ressolda na Placa Connection;2
01/08/2021;COT1;Transfacil;EQ10;CONNECTION CCIT 4.0;;;DF106;Ressolda na Placa Subbase;1
01/08/2021;COT1;Transfacil;EQ10;CONNECTION CCIT 4.0;;;DF230;Subst. Do pino conector;1
01/08/2021;COT24;GVBUS;EQ10;CONNECTION CCIT 4.0;;;DF278;Modificaá∆o circuito catraca;75
01/08/2021;COT24;GVBUS;EQ10;CONNECTION CCIT 4.0;;;DF21;Atualizaá∆o de FW ;2
01/08/2021;COT24;GVBUS;EQ10;CONNECTION CCIT 4.0;;;DF41;Envio para manutená∆o central-CTG;1
01/08/2021;COT24;GVBUS;EQ10;CONNECTION CCIT 4.0;;;DF127;Subst. Conector USB;1
01/08/2021;COT2;Transcard;EQ10;CONNECTION CCIT 4.0;;;DF46;Formataá∆o da mem¢ria e subst. FW;23
01/08/2021;COT2;Transcard;EQ10;CONNECTION CCIT 4.0;;;DF41;Envio para manutená∆o central-CTG;6
01/08/2021;COT2;Transcard;EQ10;CONNECTION CCIT 4.0;;;DF256;Substituiá∆o de fus°vel;2
01/08/2021;COT2;Transcard;EQ10;CONNECTION CCIT 4.0;;;DF206;Subst. Do Conector USB;2
01/08/2021;COT10;Metropolitano-Bahia;EQ10;CONNECTION CCIT 4.0;OP64;METROPOLITANO SSA;DF21;Atualizaá∆o de FW ;8
01/08/2021;COT10;Metropolitano-Bahia;EQ10;CONNECTION CCIT 4.0;OP64;METROPOLITANO SSA;DF41;Envio para manutená∆o central-CTG;1
01/08/2021;COT19;S«O JO«O;EQ10;CONNECTION CCIT 4.0;OP67;S«O JO«O;DF21;Atualizaá∆o de FW ;6
01/08/2021;COT19;S«O JO«O;EQ10;CONNECTION CCIT 4.0;OP67;S«O JO«O;DF41;Envio para manutená∆o central-CTG;1
01/08/2021;COT20;ROSA TURISMO;EQ10;CONNECTION CCIT 4.0;OP66;ROSA TURISMO;DF21;Atualizaá∆o de FW ;6
01/08/2021;COT20;ROSA TURISMO;EQ10;CONNECTION CCIT 4.0;OP66;ROSA TURISMO;DF41;Envio para manutená∆o central-CTG;1
01/08/2021;COT20;ROSA TURISMO;EQ10;CONNECTION CCIT 4.0;OP66;ROSA TURISMO;DF206;Subst. Do Conector USB;1
01/08/2021;COT3;TEU;EQ22;V3000M;;;DF21;Atualizaá∆o de FW ;43
01/08/2021;COT3;TEU;EQ22;V3000M;;;DF115;Restauraá∆o da ROM via PC;38
01/08/2021;COT3;TEU;EQ22;V3000M;;;DF26;Atualizaá∆o do PIC;1
01/08/2021;COT3;TEU;EQ21;V3000L;;;DF115;Restauraá∆o da ROM via PC;23
01/08/2021;COT3;TEU;EQ21;V3000L;;;DF21;Atualizaá∆o de FW ;17
01/08/2021;COT3;TEU;EQ26;V3000M DVR;;;DF21;Atualizaá∆o de FW ;13
01/08/2021;COT3;TEU;EQ26;V3000M DVR;;;DF115;Restauraá∆o da ROM via PC;13
01/08/2021;COT3;TEU;EQ26;V3000M DVR;;;DF26;Atualizaá∆o do PIC;2
01/08/2021;COT3;TEU;EQ26;V3000M DVR;;;DF232;Subst. Do SDCard;5
01/08/2021;COT1;Transfacil;EQ27;UT (FTV 3000);;;DF37;Defeito n∆o encontrado e subst. FW/SW;3
01/08/2021;COT1;Transfacil;EQ27;UT (FTV 3000);;;DF88;Reparo com formataá∆o e reinst. FW/SW;2
01/08/2021;COT1;Transfacil;EQ27;UT (FTV 3000);;;DF169;Subst. De Componente eletrìnico;2
01/08/2021;COT24;GVBUS;EQ33;POS MOVE 2500;;;DF21;Atualizaá∆o de FW ;6
01/08/2021;COT24;GVBUS;EQ33;POS MOVE 2500;;;DF132;Subst. Da Bateria de Lithium;1
01/08/2021;COT24;GVBUS;EQ33;POS MOVE 2500;;;DF82;Reconfiguraá∆o do Setup;1
01/08/2021;COT24;GVBUS;EQ33;POS MOVE 2500;;;DF211;Subst. Do Equipamento completo;2
01/08/2021;COT20;Rosa Turismo;EQ31;POS 250;OP66;ROSA TURISMO;DF46;Formataá∆o da mem¢ria e subst. FW;1
01/08/2021;COT20;Rosa Turismo;EQ31;POS 250;OP66;ROSA TURISMO;DF41;Envio para manutená∆o central-CTG;3
01/08/2021;COT19;S∆o Jo∆o;EQ31;POS 250;OP67;S«O JO«O;DF46;Formataá∆o da mem¢ria e subst. FW;5
01/08/2021;COT19;S∆o Jo∆o;EQ31;POS 250;OP67;S«O JO«O;DF46;Formataá∆o da mem¢ria e subst. FW;2
01/08/2021;COT2;Transcard;EQ31;POS 250;;;DF46;Formataá∆o da mem¢ria e subst. FW;3
01/08/2021;COT2;Transcard;EQ31;POS 250;;;DF132;Subst. Da Bateria de Lithium;3
01/08/2021;COT2;Transcard;EQ31;POS 250;;;DF7;Ajuste do M¢dulo de Impress∆o;3
01/08/2021;COT2;Transcard;EQ31;POS 250;;;DF41;Envio para manutená∆o central-CTG;7
01/09/2021;COT7;Alagoinhas;EQ34;CCIT 4.0 FRONTAL H2.1 C SEM BATERIA;OP68;ALAGOINHAS;DF113;Restaura RAM via PC;8
01/09/2021;COT7;Alagoinhas;EQ34;CCIT 4.0 FRONTAL H2.1 C SEM BATERIA;OP68;ALAGOINHAS;DF114;Restaura RAM via pendrive;2
01/09/2021;COT21;Araguarina;EQ35;CCIT 4.0 FRONTAL H2 COM BATERIA;OP81;VIAÄ«O ARAGUARINA;DF41;Envio para manutená∆o central-CTG;4
01/09/2021;COT8;CBTU;EQ1;CCIT 3.0;OP47;CBTU - COMPANHIA BRASILEIRA DE TRENS URBANOS;DF88;Reparo com formataá∆o e reinst. FW/SW;2
01/09/2021;COT8;CBTU;EQ1;CCIT 3.0;OP47;CBTU - COMPANHIA BRASILEIRA DE TRENS URBANOS;DF210;Subst. Do Display CCIT;1
01/09/2021;COT27;Cidade das µguas;EQ6;CCIT 4.0 FRONTAL H2.1;OP128;VIAÄ«O CIDADE DAS µGUAS;DF113;Restaura RAM via PC;2
01/09/2021;COT12;DIVPASS;EQ6;CCIT 4.0 FRONTAL H2.1;OP124;DIVPASS;DF37;Defeito n∆o encontrado e subst. FW/SW;12
01/09/2021;COT12;DIVPASS;EQ6;CCIT 4.0 FRONTAL H2.1;OP124;DIVPASS;DF117;Restauraá∆o de m¢dulos via PC e/ou SdCard;3
01/09/2021;COT11;Gov. Valadares;EQ6;CCIT 4.0 FRONTAL H2.1;OP53;VIAÄ«O MOBI;DF37;Defeito n∆o encontrado e subst. FW/SW;5
01/09/2021;COT11;Gov. Valadares;EQ6;CCIT 4.0 FRONTAL H2.1;OP53;VIAÄ«O MOBI;DF117;Restauraá∆o de m¢dulos via PC e/ou SdCard;2
01/09/2021;COT24;GVBUS;EQ28;ATM;OP108;GVBUS - SIND. DAS EMP. DE TRANP. METROP. DA GRANDE VIT‡RIA;DF262;Retirada de nota ATM e testes;2
01/09/2021;COT24;GVBUS;EQ28;ATM;OP108;GVBUS - SIND. DAS EMP. DE TRANP. METROP. DA GRANDE VIT‡RIA;DF67;Manutená∆o na Impressora;2
01/09/2021;COT24;GVBUS;EQ28;ATM;OP108;GVBUS - SIND. DAS EMP. DE TRANP. METROP. DA GRANDE VIT‡RIA;DF86;Reparo com configuraá∆o do setup;1
01/09/2021;COT24;GVBUS;EQ28;ATM;OP108;GVBUS - SIND. DAS EMP. DE TRANP. METROP. DA GRANDE VIT‡RIA;DF68;Manutená∆o no Dispenser;1
01/09/2021;COT24;GVBUS;EQ28;ATM;OP108;GVBUS - SIND. DAS EMP. DE TRANP. METROP. DA GRANDE VIT‡RIA;DF19;ATM - defeito n∆o confirmado;2
01/09/2021;COT24;GVBUS;EQ6;CCIT 4.0 FRONTAL H2.1;;;DF93;Reparo no m¢dulo;52
01/09/2021;COT24;GVBUS;EQ6;CCIT 4.0 FRONTAL H2.1;;;DF41;Envio para manutená∆o central-CTG;14
01/09/2021;COT24;GVBUS;EQ6;CCIT 4.0 FRONTAL H2.1;;;DF46;Formataá∆o da mem¢ria e subst. FW;16
01/09/2021;COT6;Metro-Bahia;EQ28;ATM;OP63;METRO-BAHIA;DF143;Subst. da Impressora;3
01/09/2021;COT6;Metro-Bahia;EQ28;ATM;OP63;METRO-BAHIA;DF237;Subst. Do Validador de Notas;8
01/09/2021;COT6;METRO-BAHIA;EQ28;ATM;OP63;METRO-BAHIA;DF179;Subst. Do Cabo de Comunicaá∆o da Impressora;1
01/09/2021;COT6;Metro-Bahia;EQ28;ATM;OP63;METRO-BAHIA;DF227;Subst. Do PC ATM;2
01/09/2021;COT6;Metro-Bahia;EQ28;ATM;OP63;METRO-BAHIA;DF218;Subst. Do Monitor;2
01/09/2021;COT6;Metro-Bahia;EQ37;CCIT 3.13 BLOQUEIO;OP63;METRO-BAHIA;DF248;Substituiá∆o MAX232;1
01/09/2021;COT6;Metro-Bahia;EQ37;CCIT 3.13 BLOQUEIO;OP63;METRO-BAHIA;DF259;Subst. MAX 485 Serial ;1
01/09/2021;COT6;Metro-Bahia;EQ37;CCIT 3.13 BLOQUEIO;OP63;METRO-BAHIA;DF132;Subst. Da Bateria de Lithium;2
01/09/2021;COT6;Metro-Bahia;EQ9;CCIT 4.0 (BLOQUEIO) FRONTAL H1;OP63;METRO-BAHIA;DF113;Restaura RAM via PC;4
01/09/2021;COT5;METROFOR/ VLT FORTALEZA;EQ38;CCIT 4.0 METROFOR;OP105;METROFOR LINHA SUL;DF41;Envio para manutená∆o central-CTG;11
01/09/2021;COT5;METROFOR/ VLT FORTALEZA;EQ38;CCIT 4.0 METROFOR;OP105;METROFOR LINHA SUL;DF88;Reparo com formataá∆o e reinst. FW/SW;6
01/09/2021;COT10;Metropolitano-Bahia;EQ6;CCIT 4.0 FRONTAL H2.1;OP64;METROPOLITANO SSA;DF113;Restaura RAM via PC;32
01/09/2021;COT10;Metropolitano-Bahia;EQ6;CCIT 4.0 FRONTAL H2.1;OP64;METROPOLITANO SSA;DF114;Restaura RAM via pendrive;3
01/09/2021;COT10;Metropolitano-Bahia;EQ6;CCIT 4.0 FRONTAL H2.1;OP64;METROPOLITANO SSA;DF41;Envio para manutená∆o central-CTG;3
01/09/2021;COT10;Metropolitano-Bahia;EQ6;CCIT 4.0 FRONTAL H2.1;OP64;METROPOLITANO SSA;DF272;Subst. Do Touchscreen do m¢dulo;5
01/09/2021;COT20;ROSA TURISMO;EQ36;CCIT 4.0 FRONTAL H1 COM BATERIA;OP66;ROSA TURISMO;DF113;Restaura RAM via PC;2
01/09/2021;COT20;ROSA TURISMO;EQ36;CCIT 4.0 FRONTAL H1 COM BATERIA;OP66;ROSA TURISMO;DF41;Envio para manutená∆o central-CTG;3
01/09/2021;COT19;S«O JO«O;EQ36;CCIT 4.0 FRONTAL H1 COM BATERIA;OP67;S«O JO«O;DF113;Restaura RAM via PC;11
01/09/2021;COT19;S«O JO«O;EQ36;CCIT 4.0 FRONTAL H1 COM BATERIA;OP67;S«O JO«O;DF41;Envio para manutená∆o central-CTG;5
01/09/2021;COT17;S«O JORGE - PONTE NOVA;EQ2;CCIT 3.2;OP50;S«O JORGE AUTO ONIBUS;DF169;Subst. De Componente eletrìnico;3
01/09/2021;COT17;S«O JORGE - PONTE NOVA;EQ2;CCIT 3.2;OP50;S«O JORGE AUTO ONIBUS;DF129;Subst. Da Antena Cless e adesivo frontal;1
01/09/2021;COT17;S«O JORGE - PONTE NOVA;EQ2;CCIT 3.2;OP50;S«O JORGE AUTO ONIBUS;DF108;Ressolda no circuito da placa-m∆e;2
01/09/2021;COT17;S«O JORGE - PONTE NOVA;EQ2;CCIT 3.2;OP50;S«O JORGE AUTO ONIBUS;DF173;Subst. Do Adesivo Frontal;1
01/09/2021;COT17;S«O JORGE - PONTE NOVA;EQ2;CCIT 3.2;OP50;S«O JORGE AUTO ONIBUS;DF129;Subst. Da Antena Cless e adesivo frontal;1
01/09/2021;COT17;S«O JORGE - PONTE NOVA;EQ2;CCIT 3.2;OP50;S«O JORGE AUTO ONIBUS;DF203;Subst. Do Conector DB25;1
01/09/2021;COT4;Setut;EQ6;CCIT 4.0 FRONTAL H2.1;;;DF60;Limpeza de cache;1
01/09/2021;COT4;Setut;EQ6;CCIT 4.0 FRONTAL H2.1;;;DF41;Envio para manutená∆o central-CTG;10
01/09/2021;COT18;Sindpautras;EQ6;CCIT 4.0 FRONTAL H2.1;OP48;SINDPAUTRAS-SIND. PERM. AUT. TRANSP. SU;DF88;Reparo com formataá∆o e reinst. FW/SW;2
01/09/2021;COT18;Sindpautras;EQ6;CCIT 4.0 FRONTAL H2.1;OP48;SINDPAUTRAS-SIND. PERM. AUT. TRANSP. SU;DF216;Subst. Do M¢dulo H2;8
01/09/2021;COT22;Taguatur;EQ8;CCIT 4.0 FRONTAL JI21 SEM BATERIA;OP82;TAGUATUR;DF41;Envio para manutená∆o central-CTG;12
01/09/2021;COT3;TEU;EQ3;CCIT 3.5;;;DF147;Subst. Da Placa CLESS;2
01/09/2021;COT3;TEU;EQ3;CCIT 3.5;;;DF162;Subst. Da Placa Mbccit;2
01/09/2021;COT3;TEU;EQ36;CCIT 4.0 FRONTAL H1 COM BATERIA;;;DF115;Restauraá∆o da ROM via PC;149
01/09/2021;COT3;TEU;EQ36;CCIT 4.0 FRONTAL H1 COM BATERIA;;;DF60;Limpeza de cache;6
01/09/2021;COT3;TEU;EQ36;CCIT 4.0 FRONTAL H1 COM BATERIA;;;DF132;Subst. Da Bateria de Lithium;17
01/09/2021;COT3;TEU;EQ36;CCIT 4.0 FRONTAL H1 COM BATERIA;;;DF136;Subst. Da Carcaáa inferior;14
01/09/2021;COT3;TEU;EQ36;CCIT 4.0 FRONTAL H1 COM BATERIA;;;DF41;Envio para manutená∆o central-CTG;8
01/09/2021;COT2;Transcard;EQ28;ATM;OP61;Setps (Transcard);DF143;Subst. da Impressora;1
01/09/2021;COT2;Transcard;EQ28;ATM;OP61;Setps (Transcard);DF237;Subst. Do Validador de Notas;4
01/09/2021;COT2;Transcard;EQ28;ATM;OP61;Setps (Transcard);DF231;Subst. Do PINpad;2
01/09/2021;COT2;Transcard;EQ28;ATM;OP61;Setps (Transcard);DF260;Subst. HUB Serial;2
01/09/2021;COT2;Transcard;EQ28;ATM;OP61;Setps (Transcard);DF218;Subst. Do Monitor;1
01/09/2021;COT2;Transcard;EQ28;ATM;OP61;Setps (Transcard);DF284;Manutená∆o PC ATM;2
01/09/2021;COT2;Transcard;EQ6;CCIT 4.0 FRONTAL H2.1;;;DF113;Restaura RAM via PC;71
01/09/2021;COT2;Transcard;EQ6;CCIT 4.0 FRONTAL H2.1;;;DF114;Restaura RAM via pendrive;22
01/09/2021;COT2;Transcard;EQ6;CCIT 4.0 FRONTAL H2.1;;;DF101;Ressolda Mbccit;5
01/09/2021;COT2;Transcard;EQ6;CCIT 4.0 FRONTAL H2.1;;;DF41;Enviados para manutená∆o central CTG;7
01/09/2021;COT1;Transfacil;EQ28;ATM;OP27;TRANSFµCIL;DF197;Subst. Do Cofre;3
01/09/2021;COT1;Transfacil;EQ28;ATM;OP27;TRANSFµCIL;DF237;Subst. Do Validador de Notas;1
01/09/2021;COT1;Transfacil;EQ28;ATM;OP27;TRANSFµCIL;DF258;Subst. Da Cabeáa de Impress∆o;4
01/09/2021;COT1;Transfacil;EQ28;ATM;OP27;TRANSFµCIL;DF212;Subst. Do HD;1
01/09/2021;COT1;Transfacil;EQ28;ATM;OP27;TRANSFµCIL;DF228;Subst. Do PDV ATM;3
01/09/2021;COT1;Transfacil;EQ28;ATM;OP27;TRANSFµCIL;DF240;Subst. Placa do Monitor ATM;1
01/09/2021;COT1;Transfacil;EQ28;ATM;OP27;TRANSFµCIL;DF65;Manutená∆o Cofre;13
01/09/2021;COT1;Transfacil;EQ28;ATM;OP27;TRANSFµCIL;DF280;Manutená∆o no Validador de Notas;7
01/09/2021;COT1;Transfacil;EQ28;ATM;OP27;TRANSFµCIL;DF165;Subst. Da Placa-m∆e;1
01/09/2021;COT1;Transfacil;EQ28;ATM;OP27;TRANSFµCIL;DF284;Manutená∆o PC ATM;1
01/09/2021;COT1;Transfacil;EQ28;ATM;OP27;TRANSFµCIL;DF67;Manutená∆o na Impressora;1
01/09/2021;COT1;Transfacil;EQ28;ATM;OP27;TRANSFµCIL;DF19;ATM - defeito n∆o confirmado;1
01/09/2021;COT1;Transfacil;EQ28;ATM;OP27;TRANSFµCIL;DF143;Subst. da Impressora;1
01/09/2021;COT1;Transfacil;EQ28;ATM;OP27;TRANSFµCIL;DF227;Subst. Do PC ATM;1
01/09/2021;COT1;Transfacil;EQ28;ATM;OP27;TRANSFµCIL;DF285;Retirado Mal Contato;1
01/09/2021;COT1;Transfacil;EQ6;CCIT 4.0 FRONTAL H2.1;;;DF88;Reparo com formataá∆o e reinst. FW/SW;115
01/09/2021;COT1;Transfacil;EQ6;CCIT 4.0 FRONTAL H2.1;;;DF238;Subst. Do Vidro CCIT V4.0;7
01/09/2021;COT1;Transfacil;EQ6;CCIT 4.0 FRONTAL H2.1;;;DF216;Subst. Do M¢dulo H2;41
01/09/2021;COT1;Transfacil;EQ6;CCIT 4.0 FRONTAL H2.1;;;DF37;Defeito n∆o encontrado e subst. FW/SW;4
01/09/2021;COT1;Transfacil;EQ6;CCIT 4.0 FRONTAL H2.1;;;DF169;Subst. De Componente eletrìnico;3
01/09/2021;COT1;Transfacil;EQ6;CCIT 4.0 FRONTAL H2.1;;;DF136;Subst. Da Carcaáa inferior;11
01/09/2021;COT1;Transfacil;EQ6;CCIT 4.0 FRONTAL H2.1;OP13;Estaá‰es BRT Move;DF88;Reparo com formataá∆o e reinst. FW/SW;11
01/09/2021;COT1;Transfacil;EQ6;CCIT 4.0 FRONTAL H2.1;OP13;Estaá‰es BRT Move;DF216;Subst. Do M¢dulo H2;4
01/09/2021;COT1;Transfacil;EQ6;CCIT 4.0 FRONTAL H2.1;;;DF130;Subst. Da Antena WLAN;2
01/09/2021;COT1;Transfacil;EQ6;CCIT 4.0 FRONTAL H2.1;;;DF15;Ajustes de parafusos e conex‰es;1
01/09/2021;COT1;Transfacil;EQ6;CCIT 4.0 FRONTAL H2.1;;;DF135;Subst. Da Carcaáa frontal;1
01/09/2021;COT23;UTB;EQ6;CCIT 4.0 FRONTAL H2.1;OP83;UTB;DF41;Envio para manutená∆o central-CTG;12
01/09/2021;COT16;Via Ouro;EQ3;CCIT 3.5;OP49;VIA OURO COLETIVOS LTDA;DF88;Reparo com formataá∆o e reinst. FW/SW;5
01/09/2021;COT16;Via Ouro;EQ3;CCIT 3.5;OP49;VIA OURO COLETIVOS LTDA;DF159;Subst. Da placa FtctlessGPS;1
01/09/2021;COT21;Araguarina;EQ13;DMX200L;OP81;VIAÄ«O ARAGUARINA;DF41;Envio para manutená∆o central-CTG;3
01/09/2021;COT22;Taguatur PM NOVO;EQ39;DMX200L JI21 SEM BATERIA;OP82;TAGUATUR;DF41;Envio para manutená∆o central-CTG;106
01/09/2021;COT24;GVBUS;EQ14;DMX200 MOD H3.1;;;DF97;Ressolda;26
01/09/2021;COT24;GVBUS;EQ14;DMX200 MOD H3.1;;;DF46;Formataá∆o da mem¢ria e subst. FW;9
01/09/2021;COT24;GVBUS;EQ14;DMX200 MOD H3.1;;;DF209;Subst. Do Display;1
01/09/2021;COT24;GVBUS;EQ14;DMX200 MOD H3.1;;;DF41;Envio para manutená∆o central-CTG;151
01/09/2021;COT1;Transfacil;EQ14;DMX200 MOD H3.1;;;DF41;Envio para manutená∆o central-CTG;21
01/09/2021;COT1;Transfacil;EQ14;DMX200 MOD H3.1;;;DF88;Reparo com formataá∆o e reinst. FW/SW;100
01/09/2021;COT1;Transfacil;EQ14;DMX200 MOD H3.1;;;DF170;Subst. De Gorila Glass;3
01/09/2021;COT1;Transfacil;EQ14;DMX200 MOD H3.1;;;DF86;Reparo com configuraá∆o do setup;1
01/09/2021;COT9;SINTRAM COM DMX200;EQ12;DMX200 MOD H3;OP51;CONS‡RCIO ‡TIMO DE BILHETAGEM ELETR‚NICA ;DF88;Reparo com formataá∆o e reinst. FW/SW;2
01/09/2021;COT9;SINTRAM COM DMX200;EQ12;DMX200 MOD H3;OP51;CONS‡RCIO ‡TIMO DE BILHETAGEM ELETR‚NICA ;DF41;Envio para manutená∆o central-CTG;1
01/09/2021;COT11;Gov. Valadares;EQ13;DMX200L;OP53;VIAÄ«O MOBI;DF88;Reparo com formataá∆o e reinst. FW/SW;15
01/09/2021;COT11;Gov. Valadares;EQ13;DMX200L;OP53;VIAÄ«O MOBI;DF86;Reparo com configuraá∆o Setup;3
01/09/2021;COT12;DIVPASS;EQ13;DMX200L;OP124;DIVPASS;DF90;Reparo com formataá∆o e subst. FW/SW;10
01/09/2021;COT12;DIVPASS;EQ13;DMX200L;OP124;DIVPASS;DF169;Subst. De Componente eletrìnico;15
01/09/2021;COT19;S«O JO«O;EQ39;DMX200L JI21 SEM BATERIA;OP67;S«O JO«O;DF115;Restauraá∆o da ROM via PC;11
01/09/2021;COT19;S«O JO«O;EQ39;DMX200L JI21 SEM BATERIA;OP67;S«O JO«O;DF97;Ressolda;11
01/09/2021;COT19;S«O JO«O;EQ39;DMX200L JI21 SEM BATERIA;OP67;S«O JO«O;DF41;Envio para manutená∆o central-CTG;7
01/09/2021;COT20;ROSA TURISMO;EQ39;DMX200L JI21 SEM BATERIA;OP66;ROSA TURISMO;DF115;Restauraá∆o da ROM via PC;6
01/09/2021;COT20;ROSA TURISMO;EQ39;DMX200L JI21 SEM BATERIA;OP66;ROSA TURISMO;DF41;Envio para manutená∆o central-CTG;2
01/09/2021;COT20;ROSA TURISMO;EQ39;DMX200L JI21 SEM BATERIA;OP66;ROSA TURISMO;DF97;Ressolda;6
01/09/2021;COT4;Setut;EQ14;DMX200 MOD H3.1;;;DF113;Restaura RAM via PC;1
01/09/2021;COT4;Setut;EQ14;DMX200 MOD H3.1;;;DF41;Envio para manutená∆o central-CTG;8
01/09/2021;COT4;Setut;EQ14;DMX200 MOD H3.1;;;DF90;Reparo com formataá∆o e subst. FW/SW;2
01/09/2021;COT25;COOTRAPS - CE;EQ14;DMX200 MOD H3.1;OP129;COOTRAPS;DF39;Enviados para manutená∆o central CTG;24
01/09/2021;COT25;COOTRAPS - CE;EQ14;DMX200 MOD H3.1;OP129;COOTRAPS;DF90;Reparo com formataá∆o e subst. FW/SW;37
01/09/2021;COT3;TEU;EQ14;DMX200 MOD H3.1;;;DF21;Atualizaá∆o de FW ;27
01/09/2021;COT3;TEU;EQ14;DMX200 MOD H3.1;;;DF115;Restauraá∆o da ROM via PC;27
01/09/2021;COT3;TEU;EQ14;DMX200 MOD H3.1;;;DF41;Envio para manutená∆o central-CTG;5
01/09/2021;COT21;Araguarina;EQ13;DMX200L;OP81;VIAÄ«O ARAGUARINA;DF41;Envio para manutená∆o central-CTG;2
01/09/2021;COT24;GVBUS;EQ10;CONNECTION CCIT 4.0;;;DF278;Modificaá∆o circuito catraca;5
01/09/2021;COT24;GVBUS;EQ10;CONNECTION CCIT 4.0;;;DF21;Atualizaá∆o de FW ;6
01/09/2021;COT1;Transfacil;EQ10;CONNECTION CCIT 4.0;;;DF37;Defeito n∆o encontrado e subst. FW/SW;5
01/09/2021;COT1;Transfacil;EQ10;CONNECTION CCIT 4.0;;;DF88;Reparo com formataá∆o e reinst. FW/SW;22
01/09/2021;COT1;Transfacil;EQ10;CONNECTION CCIT 4.0;;;DF169;Subst. De Componente eletrìnico;3
01/09/2021;COT1;Transfacil;EQ10;CONNECTION CCIT 4.0;;;DF136;Subst. Da Carcaáa inferior;2
01/09/2021;COT2;Transcard;EQ10;CONNECTION CCIT 4.0;;;DF46;Formataá∆o da mem¢ria e subst. FW;22
01/09/2021;COT2;Transcard;EQ10;CONNECTION CCIT 4.0;;;DF256;Substituiá∆o de fus°vel;2
01/09/2021;COT2;Transcard;EQ10;CONNECTION CCIT 4.0;;;DF206;Subst. Do Conector USB;2
01/09/2021;COT10;Metropolitano-Bahia;EQ10;CONNECTION CCIT 4.0;OP64;METROPOLITANO SSA;DF21;Atualizaá∆o de FW ;4
01/09/2021;COT19;S«O JO«O;EQ10;CONNECTION CCIT 4.0;OP67;S«O JO«O;DF21;Atualizaá∆o de FW ;7
01/09/2021;COT20;ROSA TURISMO;EQ10;CONNECTION CCIT 4.0;OP66;ROSA TURISMO;DF21;Atualizaá∆o de FW ;2
01/09/2021;COT20;ROSA TURISMO;EQ10;CONNECTION CCIT 4.0;OP66;ROSA TURISMO;DF41;Envio para manutená∆o central-CTG;1
01/09/2021;COT10;Metropolitano-Bahia;EQ10;CONNECTION CCIT 4.0;OP64;METROPOLITANO SSA;DF206;Subst. Do Conector USB;1
01/09/2021;COT10;Metropolitano-Bahia;EQ10;CONNECTION CCIT 4.0;OP64;METROPOLITANO SSA;DF21;Atualizaá∆o de FW ;5
01/09/2021;COT10;Metropolitano-Bahia;EQ10;CONNECTION CCIT 4.0;OP64;METROPOLITANO SSA;DF256;Substituiá∆o de fus°vel;1
01/09/2021;COT10;Metropolitano-Bahia;EQ10;CONNECTION CCIT 4.0;OP64;METROPOLITANO SSA;DF41;Envio para manutená∆o central-CTG;1
01/09/2021;COT10;Metropolitano-Bahia;EQ10;CONNECTION CCIT 4.0;OP64;METROPOLITANO SSA;DF58;Intervená∆o com solda e/ou subst. Componente (4.0);1
01/09/2021;COT3;TEU;EQ22;V3000M;;;DF21;Atualizaá∆o de FW ;15
01/09/2021;COT3;TEU;EQ22;V3000M;;;DF115;Restauraá∆o da ROM via PC;15
01/09/2021;COT3;TEU;EQ26;V3000M DVR;;;DF21;Atualizaá∆o de FW ;14
01/09/2021;COT3;TEU;EQ26;V3000M DVR;;;DF115;Restauraá∆o da ROM via PC;14
01/09/2021;COT3;TEU;EQ22;V3000M;;;DF41;Envio para manutená∆o central-CTG;5
01/09/2021;COT3;TEU;EQ22;V3000M;;;DF186;Subst. Do cart∆o SD 32 GB;1
01/09/2021;COT3;TEU;EQ26;V3000M DVR;;;DF41;Envio para manutená∆o central-CTG;1
01/09/2021;COT1;Transfacil;EQ27;UT (FTV 3000);;;DF169;Subst. De Componente eletrìnico;9
01/09/2021;COT24;GVBUS;EQ33;POS MOVE 2500;;;DF41;Envio para manutená∆o central-CTG;14
01/09/2021;COT20;Rosa Turismo;EQ31;POS 250;OP66;ROSA TURISMO;DF46;Formataá∆o da mem¢ria e subst. FW;2
01/09/2021;COT20;Rosa Turismo;EQ31;POS 250;OP66;ROSA TURISMO;DF41;Envio para manutená∆o central-CTG;2
01/09/2021;COT20;Rosa Turismo;EQ31;POS 250;OP66;ROSA TURISMO;DF41;Envio para manutená∆o central-CTG;2
01/09/2021;COT2;Transcard;EQ31;POS 250;;;DF46;Formataá∆o da mem¢ria e subst. FW;2
01/09/2021;COT2;Transcard;EQ31;POS 250;;;DF132;Subst. Da Bateria de Lithium;3
01/09/2021;COT2;Transcard;EQ31;POS 250;;;DF7;Ajuste do M¢dulo de Impress∆o;3
01/09/2021;COT2;Transcard;EQ31;POS 250;;;DF41;Envio para manutená∆o central-CTG;5
01/10/2021;COT7;Alagoinhas;EQ34;CCIT 4.0 FRONTAL H2.1 C SEM BATERIA;OP68;ALAGOINHAS;DF113;Restaura RAM via PC;2
01/10/2021;COT21;Araguarina;EQ35;CCIT 4.0 FRONTAL H2 COM BATERIA;OP81;VIAÄ«O ARAGUARINA;DF128;Subst. Da antena Cless;1
01/10/2021;COT21;Araguarina;EQ35;CCIT 4.0 FRONTAL H2 COM BATERIA;OP81;VIAÄ«O ARAGUARINA;DF21;Atualizaá∆o de FW ;1
01/10/2021;COT8;CBTU;EQ1;CCIT 3.0;OP47;CBTU - COMPANHIA BRASILEIRA DE TRENS URBANOS;DF129;Subst. Da Antena Cless e adesivo frontal;1
01/10/2021;COT8;CBTU;EQ1;CCIT 3.0;OP47;CBTU - COMPANHIA BRASILEIRA DE TRENS URBANOS;DF88;Reparo com formataá∆o e reinst. FW/SW;3
01/10/2021;COT8;CBTU;EQ1;CCIT 3.0;OP47;CBTU - COMPANHIA BRASILEIRA DE TRENS URBANOS;DF183;Subst. Do Cabo tranáado antena Cless;1
01/10/2021;COT8;CBTU;EQ1;CCIT 3.0;OP47;CBTU - COMPANHIA BRASILEIRA DE TRENS URBANOS;DF159;Subst. Da placa FtctlessGPS;1
01/10/2021;COT27;Cidade das µguas;EQ6;CCIT 4.0 FRONTAL H2.1;OP128;VIAÄ«O CIDADE DAS µGUAS;DF113;Restaura RAM via PC;1
01/10/2021;COT12;DIVPASS;EQ6;CCIT 4.0 FRONTAL H2.1;OP124;DIVPASS;DF117;Restauraá∆o de m¢dulos via PC e/ou SdCard;8
01/10/2021;COT12;DIVPASS;EQ6;CCIT 4.0 FRONTAL H2.1;OP124;DIVPASS;DF37;Defeito n∆o encontrado e subst. FW/SW;6
01/10/2021;COT11;Gov. Valadares;EQ6;CCIT 4.0 FRONTAL H2.1;OP53;VIAÄ«O MOBI;DF117;Restauraá∆o de m¢dulos via PC e/ou SdCard;4
01/10/2021;COT24;GVBUS;EQ28;ATM;OP108;GVBUS - SIND. DAS EMP. DE TRANP. METROP. DA GRANDE VIT‡RIA;DF262;Retirada de nota ATM e testes;14
01/10/2021;COT24;GVBUS;EQ28;ATM;OP108;GVBUS - SIND. DAS EMP. DE TRANP. METROP. DA GRANDE VIT‡RIA;DF67;Manutená∆o na Impressora;2
01/10/2021;COT24;GVBUS;EQ28;ATM;OP108;GVBUS - SIND. DAS EMP. DE TRANP. METROP. DA GRANDE VIT‡RIA;DF86;Reparo com configuraá∆o do setup;3
01/10/2021;COT24;GVBUS;EQ28;ATM;OP108;GVBUS - SIND. DAS EMP. DE TRANP. METROP. DA GRANDE VIT‡RIA;DF68;Manutená∆o no Dispenser;1
01/10/2021;COT24;GVBUS;EQ28;ATM;OP108;GVBUS - SIND. DAS EMP. DE TRANP. METROP. DA GRANDE VIT‡RIA;DF19;ATM - defeito n∆o confirmado;2
01/10/2021;COT24;GVBUS;EQ28;ATM;OP108;GVBUS - SIND. DAS EMP. DE TRANP. METROP. DA GRANDE VIT‡RIA;DF65;Manutená∆o Cofre;6
01/10/2021;COT24;GVBUS;EQ6;CCIT 4.0 FRONTAL H2.1;;;DF93;Reparo no m¢dulo;1
01/10/2021;COT24;GVBUS;EQ6;CCIT 4.0 FRONTAL H2.1;;;DF221;Subst. do Painel Frontal;1
01/10/2021;COT24;GVBUS;EQ6;CCIT 4.0 FRONTAL H2.1;;;DF276;Subst. Placa do M¢dulo;1
01/10/2021;COT24;GVBUS;EQ6;CCIT 4.0 FRONTAL H2.1;;;DF272;Subst. Do Touchscreen do m¢dulo;3
01/10/2021;COT24;GVBUS;EQ6;CCIT 4.0 FRONTAL H2.1;;;DF289;Subst. Do Fundo do Validador;3
01/10/2021;COT24;GVBUS;EQ6;CCIT 4.0 FRONTAL H2.1;;;DF169;Subst. De Componente eletrìnico;1
01/10/2021;COT24;GVBUS;EQ6;CCIT 4.0 FRONTAL H2.1;;;DF93;Reparo no m¢dulo;7
01/10/2021;COT24;GVBUS;EQ6;CCIT 4.0 FRONTAL H2.1;;;DF21;Atualizaá∆o de FW ;8
01/10/2021;COT6;Metro-Bahia;EQ28;ATM;OP63;METRO-BAHIA;DF143;Subst. da Impressora;4
01/10/2021;COT6;Metro-Bahia;EQ28;ATM;OP63;METRO-BAHIA;DF237;Subst. Do Validador de Notas;15
01/10/2021;COT6;METRO-BAHIA;EQ28;ATM;OP63;METRO-BAHIA;DF179;Subst. Do Cabo de Comunicaá∆o da Impressora;1
01/10/2021;COT6;Metro-Bahia;EQ28;ATM;OP63;METRO-BAHIA;DF227;Subst. Do PC ATM;2
01/10/2021;COT6;Metro-Bahia;EQ28;ATM;OP63;METRO-BAHIA;DF218;Subst. Do Monitor;2
01/10/2021;COT6;Metro-Bahia;EQ28;ATM;OP63;METRO-BAHIA;DF236;Subst. Do Teclado de Metal Frontal;1
01/10/2021;COT6;Metro-Bahia;EQ9;CCIT 4.0 (BLOQUEIO) FRONTAL H1;OP63;METRO-BAHIA;DF113;Restaura RAM via PC;2
01/10/2021;COT5;METROFOR/ VLT FORTALEZA;EQ38;CCIT 4.0 METROFOR;OP105;METROFOR LINHA SUL;DF41;Envio para manutená∆o central-CTG;8
01/10/2021;COT10;Metropolitano-Bahia;EQ6;CCIT 4.0 FRONTAL H2.1;OP64;METROPOLITANO SSA;DF113;Restaura RAM via PC;18
01/10/2021;COT10;Metropolitano-Bahia;EQ6;CCIT 4.0 FRONTAL H2.1;OP64;METROPOLITANO SSA;DF272;Subst. Do Touchscreen do m¢dulo;6
01/10/2021;COT10;Metropolitano-Bahia;EQ6;CCIT 4.0 FRONTAL H2.1;OP64;METROPOLITANO SSA;DF238;Subst. Do Vidro CCIT V4.0;1
01/10/2021;COT10;Metropolitano-Bahia;EQ6;CCIT 4.0 FRONTAL H2.1;OP64;METROPOLITANO SSA;DF279;Modificado para M¢dulo JI21;1
01/10/2021;COT10;Metropolitano-Bahia;EQ6;CCIT 4.0 FRONTAL H2.1;OP64;METROPOLITANO SSA;DF217;Subst. Do M¢dulo H3.1;1
01/10/2021;COT20;ROSA TURISMO;EQ36;CCIT 4.0 FRONTAL H1 COM BATERIA;OP66;ROSA TURISMO;DF113;Restaura RAM via PC;4
01/10/2021;COT20;ROSA TURISMO;EQ36;CCIT 4.0 FRONTAL H1 COM BATERIA;OP66;ROSA TURISMO;DF286;Subst. Tela;1
01/10/2021;COT20;ROSA TURISMO;EQ36;CCIT 4.0 FRONTAL H1 COM BATERIA;OP66;ROSA TURISMO;DF272;Subst. Do Touchscreen do m¢dulo;2
01/10/2021;COT20;ROSA TURISMO;EQ36;CCIT 4.0 FRONTAL H1 COM BATERIA;OP66;ROSA TURISMO;DF117;Restauraá∆o de m¢dulos via PC e/ou SdCard;3
01/10/2021;COT20;ROSA TURISMO;EQ36;CCIT 4.0 FRONTAL H1 COM BATERIA;OP66;ROSA TURISMO;DF21;Atualizaá∆o de FW ;3
01/10/2021;COT19;S«O JO«O;EQ36;CCIT 4.0 FRONTAL H1 COM BATERIA;OP67;S«O JO«O;DF113;Restaura RAM via PC;11
01/10/2021;COT19;S«O JO«O;EQ36;CCIT 4.0 FRONTAL H1 COM BATERIA;OP67;S«O JO«O;DF272;Subst. Do Touchscreen do m¢dulo;2
01/10/2021;COT19;S«O JO«O;EQ36;CCIT 4.0 FRONTAL H1 COM BATERIA;OP67;S«O JO«O;DF117;Restauraá∆o de m¢dulos via PC e/ou SdCard;3
01/10/2021;COT19;S«O JO«O;EQ36;CCIT 4.0 FRONTAL H1 COM BATERIA;OP67;S«O JO«O;DF21;Atualizaá∆o de FW ;3
01/10/2021;COT4;Setut;EQ6;CCIT 4.0 FRONTAL H2.1;;;DF60;Limpeza de cache;1
01/10/2021;COT4;Setut;EQ6;CCIT 4.0 FRONTAL H2.1;;;DF113;Restaura RAM via PC;2
01/10/2021;COT4;Setut;EQ6;CCIT 4.0 FRONTAL H2.1;;;DF216;Subst. Do M¢dulo H2;22
01/10/2021;COT4;Setut;EQ6;CCIT 4.0 FRONTAL H2.1;;;DF279;Modificado para M¢dulo JI21;21
01/10/2021;COT4;Setut;EQ6;CCIT 4.0 FRONTAL H2.1;;;DF273;Subst. Cabo USB;6
01/10/2021;COT4;Setut;EQ6;CCIT 4.0 FRONTAL H2.1;;;DF169;Subst. De Componente eletrìnico;22
01/10/2021;COT18;Sindpautras;EQ6;CCIT 4.0 FRONTAL H2.1;OP48;SINDPAUTRAS-SIND. PERM. AUT. TRANSP. SU;DF216;Subst. Do M¢dulo H2;10
01/10/2021;COT22;Taguatur;EQ8;CCIT 4.0 FRONTAL JI21 SEM BATERIA;OP82;TAGUATUR;DF279;Modificado para M¢dulo JI21;1
01/10/2021;COT22;Taguatur;EQ8;CCIT 4.0 FRONTAL JI21 SEM BATERIA;OP82;TAGUATUR;DF26;Atualizaá∆o do PIC;2
01/10/2021;COT22;Taguatur;EQ8;CCIT 4.0 FRONTAL JI21 SEM BATERIA;OP82;TAGUATUR;DF93;Reparo no m¢dulo;3
01/10/2021;COT22;Taguatur;EQ8;CCIT 4.0 FRONTAL JI21 SEM BATERIA;OP82;TAGUATUR;DF238;Subst. Do Vidro CCIT V4.0;1
01/10/2021;COT22;Taguatur;EQ8;CCIT 4.0 FRONTAL JI21 SEM BATERIA;OP82;TAGUATUR;DF169;Subst. De Componente eletrìnico;2
01/10/2021;COT3;TEU;EQ3;CCIT 3.5;;;DF221;Subst. do Painel Frontal;1
01/10/2021;COT3;TEU;EQ3;CCIT 3.5;;;DF157;Subst. Da Placa FTCLess;1
01/10/2021;COT3;TEU;EQ36;CCIT 4.0 FRONTAL H1 COM BATERIA;;;DF115;Restauraá∆o da ROM via PC;168
01/10/2021;COT3;TEU;EQ36;CCIT 4.0 FRONTAL H1 COM BATERIA;;;DF60;Limpeza de cache;7
01/10/2021;COT3;TEU;EQ36;CCIT 4.0 FRONTAL H1 COM BATERIA;;;DF132;Subst. Da Bateria de Lithium;17
01/10/2021;COT3;TEU;EQ36;CCIT 4.0 FRONTAL H1 COM BATERIA;;;DF136;Subst. Da Carcaáa inferior;12
01/10/2021;COT2;Transcard;EQ28;ATM;OP61;Setps (Transcard);DF143;Subst. da Impressora;2
01/10/2021;COT2;Transcard;EQ28;ATM;OP61;Setps (Transcard);DF237;Subst. Do Validador de Notas;4
01/10/2021;COT2;Transcard;EQ28;ATM;OP61;Setps (Transcard);DF231;Subst. Do PINpad;1
01/10/2021;COT2;Transcard;EQ28;ATM;OP61;Setps (Transcard);DF228;Subst. Do PDV ATM;2
01/10/2021;COT2;Transcard;EQ6;CCIT 4.0 FRONTAL H2.1;;;DF113;Restaura RAM via PC;67
01/10/2021;COT2;Transcard;EQ6;CCIT 4.0 FRONTAL H2.1;;;DF114;Restaura RAM via pendrive;12
01/10/2021;COT2;Transcard;EQ6;CCIT 4.0 FRONTAL H2.1;;;DF101;Ressolda Mbccit;3
01/10/2021;COT2;Transcard;EQ6;CCIT 4.0 FRONTAL H2.1;;;DF216;Subst. Do M¢dulo H2;24
01/10/2021;COT2;Transcard;EQ6;CCIT 4.0 FRONTAL H2.1;;;DF272;Subst. Do Touchscreen do m¢dulo;3
01/10/2021;COT1;Transfacil;EQ28;ATM;OP27;TRANSFµCIL;DF197;Subst. Do Cofre;1
01/10/2021;COT1;Transfacil;EQ28;ATM;OP27;TRANSFµCIL;DF237;Subst. Do Validador de Notas;2
01/10/2021;COT1;Transfacil;EQ28;ATM;OP27;TRANSFµCIL;DF258;Subst. Da Cabeáa de Impress∆o;2
01/10/2021;COT1;Transfacil;EQ28;ATM;OP27;TRANSFµCIL;DF228;Subst. Do PDV ATM;1
01/10/2021;COT1;Transfacil;EQ28;ATM;OP27;TRANSFµCIL;DF280;Manutená∆o no Validador de Notas;1
01/10/2021;COT1;Transfacil;EQ28;ATM;OP27;TRANSFµCIL;DF67;Manutená∆o na Impressora;1
01/10/2021;COT1;Transfacil;EQ28;ATM;OP27;TRANSFµCIL;DF19;ATM - defeito n∆o confirmado;1
01/10/2021;COT1;Transfacil;EQ28;ATM;OP27;TRANSFµCIL;DF143;Subst. da Impressora;1
01/10/2021;COT1;Transfacil;EQ28;ATM;OP27;TRANSFµCIL;DF208;Subst. Do Dispenser do cart∆o;1
01/10/2021;COT1;Transfacil;EQ6;CCIT 4.0 FRONTAL H2.1;;;DF88;Reparo com formataá∆o e reinst. FW/SW;126
01/10/2021;COT1;Transfacil;EQ6;CCIT 4.0 FRONTAL H2.1;;;DF238;Subst. Do Vidro CCIT V4.0;11
01/10/2021;COT1;Transfacil;EQ6;CCIT 4.0 FRONTAL H2.1;;;DF216;Subst. Do M¢dulo H2;74
01/10/2021;COT1;Transfacil;EQ6;CCIT 4.0 FRONTAL H2.1;;;DF37;Defeito n∆o encontrado e subst. FW/SW;8
01/10/2021;COT1;Transfacil;EQ6;CCIT 4.0 FRONTAL H2.1;;;DF169;Subst. De Componente eletrìnico;4
01/10/2021;COT1;Transfacil;EQ6;CCIT 4.0 FRONTAL H2.1;;;DF136;Subst. Da Carcaáa inferior;6
01/10/2021;COT1;Transfacil;EQ6;CCIT 4.0 FRONTAL H2.1;OP13;Estaá‰es BRT Move;DF88;Reparo com formataá∆o e reinst. FW/SW;8
01/10/2021;COT1;Transfacil;EQ6;CCIT 4.0 FRONTAL H2.1;OP13;Estaá‰es BRT Move;DF216;Subst. Do M¢dulo H2;5
01/10/2021;COT1;Transfacil;EQ6;CCIT 4.0 FRONTAL H2.1;;;DF130;Subst. Da Antena WLAN;2
01/10/2021;COT1;Transfacil;EQ6;CCIT 4.0 FRONTAL H2.1;;;DF133;Subst. Da Campainha CCIT;1
01/10/2021;COT1;Transfacil;EQ6;CCIT 4.0 FRONTAL H2.1;;;DF135;Subst. Da Carcaáa frontal;1
01/10/2021;COT1;Transfacil;EQ6;CCIT 4.0 FRONTAL H2.1;OP13;Estaá‰es BRT Move;DF133;Subst. Da Campainha CCIT;1
01/10/2021;COT15;TURIN OURO BRANCO;EQ6;CCIT 4.0 FRONTAL H2.1;OP127;TURIN OURO BRANCO MG;DF216;Subst. Do M¢dulo H2;3
01/10/2021;COT16;Via Ouro;EQ3;CCIT 3.5;OP49;VIA OURO COLETIVOS LTDA;DF88;Reparo com formataá∆o e reinst. FW/SW;1
01/10/2021;COT1;Transfacil;EQ14;DMX200 MOD H3.1;;;DF88;Reparo com formataá∆o e reinst. FW/SW;89
01/10/2021;COT1;Transfacil;EQ14;DMX200 MOD H3.1;;;DF170;Subst. De Gorila Glass;1
01/10/2021;COT1;Transfacil;EQ14;DMX200 MOD H3.1;;;DF169;Subst. De Componente eletrìnico;15
01/10/2021;COT1;Transfacil;EQ14;DMX200 MOD H3.1;;;DF211;Subst. Do Equipamento completo;1
01/10/2021;COT11;Gov. Valadares;EQ13;DMX200L;OP53;VIAÄ«O MOBI;DF88;Reparo com formataá∆o e reinst. FW/SW;7
01/10/2021;COT12;DIVPASS;EQ13;DMX200L;OP124;DIVPASS;DF90;Reparo com formataá∆o e subst. FW/SW;14
01/10/2021;COT19;S«O JO«O;EQ39;DMX200L JI21 SEM BATERIA;OP67;S«O JO«O;DF115;Restauraá∆o da ROM via PC;4
01/10/2021;COT19;S«O JO«O;EQ39;DMX200L JI21 SEM BATERIA;OP67;S«O JO«O;DF97;Ressolda;4
01/10/2021;COT20;ROSA TURISMO;EQ39;DMX200L JI21 SEM BATERIA;OP66;ROSA TURISMO;DF115;Restauraá∆o da ROM via PC;6
01/10/2021;COT20;ROSA TURISMO;EQ39;DMX200L JI21 SEM BATERIA;OP66;ROSA TURISMO;DF41;Envio para manutená∆o central-CTG;6
01/10/2021;COT20;ROSA TURISMO;EQ39;DMX200L JI21 SEM BATERIA;OP66;ROSA TURISMO;DF97;Ressolda;7
01/10/2021;COT4;Setut;EQ14;DMX200 MOD H3.1;;;DF113;Restaura RAM via PC;1
01/10/2021;COT4;Setut;EQ14;DMX200 MOD H3.1;;;DF90;Reparo com formataá∆o e subst. FW/SW;38
01/10/2021;COT25;COOTRAPS - CE;EQ14;DMX200 MOD H3.1;OP129;COOTRAPS;DF90;Reparo com formataá∆o e subst. FW/SW;16
01/10/2021;COT3;TEU;EQ14;DMX200 MOD H3.1;;;DF21;Atualizaá∆o de FW ;17
01/10/2021;COT3;TEU;EQ14;DMX200 MOD H3.1;;;DF115;Restauraá∆o da ROM via PC;17
01/10/2021;COT24;GVBUS;EQ14;DMX200 MOD H3.1;;;DF97;Ressolda;167
01/10/2021;COT24;GVBUS;EQ14;DMX200 MOD H3.1;;;DF270;Gravaá∆o do IMEI;119
01/10/2021;COT24;GVBUS;EQ14;DMX200 MOD H3.1;;;DF287;Regravaá∆o de IP;41
01/10/2021;COT24;GVBUS;EQ14;DMX200 MOD H3.1;;;DF93;Reparo no m¢dulo;10
01/10/2021;COT24;GVBUS;EQ14;DMX200 MOD H3.1;;;DF21;Atualizaá∆o de FW ;7
01/10/2021;COT24;GVBUS;EQ14;DMX200 MOD H3.1;;;DF46;Formataá∆o da mem¢ria e subst. FW;138
01/10/2021;COT24;GVBUS;EQ14;DMX200 MOD H3.1;;;DF127;Subst. Conector USB;25
01/10/2021;COT3;TEU;EQ14;DMX200 MOD H3.1;;;DF209;Subst. Do Display;2
01/10/2021;COT3;TEU;EQ14;DMX200 MOD H3.1;;;DF165;Subst. Da Placa-m∆e;1
01/10/2021;COT3;TEU;EQ14;DMX200 MOD H3.1;;;DF169;Subst. De Componente eletrìnico;11
01/10/2021;COT1;Transfacil;EQ14;DMX200 MOD H3.1;;;DF144;Subst. Da Mem¢ria;22
01/10/2021;COT1;Transfacil;EQ14;DMX200 MOD H3.1;;;DF165;Subst. Da Placa-m∆e;19
01/10/2021;COT1;Transfacil;EQ14;DMX200 MOD H3.1;;;DF206;Subst. Do Conector USB;11
01/10/2021;COT1;Transfacil;EQ14;DMX200 MOD H3.1;;;DF221;Subst. do Painel Frontal;4
01/10/2021;COT1;Transfacil;EQ14;DMX200 MOD H3.1;;;DF273;Subst. Cabo USB;17
01/10/2021;COT25;COOTRAPS - CE;EQ14;DMX200 MOD H3.1;OP129;COOTRAPS;DF272;Subst. Do Touchscreen do m¢dulo;8
01/10/2021;COT25;COOTRAPS - CE;EQ14;DMX200 MOD H3.1;OP129;COOTRAPS;DF268;Subst. Placa em EVA adesivado espessura 20mm;28
01/10/2021;COT25;COOTRAPS - CE;EQ14;DMX200 MOD H3.1;OP129;COOTRAPS;DF269;Subst. Placa em EVA adesivado espessura 16mm;28
01/10/2021;COT25;COOTRAPS - CE;EQ14;DMX200 MOD H3.1;OP129;COOTRAPS;DF288;Subst. Auto Adesivo para Vidro;24
01/10/2021;COT25;COOTRAPS - CE;EQ14;DMX200 MOD H3.1;OP129;COOTRAPS;DF169;Subst. De Componente eletrìnico;2
01/10/2021;COT25;COOTRAPS - CE;EQ14;DMX200 MOD H3.1;OP129;COOTRAPS;DF217;Subst. Do M¢dulo H3.1;5
01/10/2021;COT25;COOTRAPS - CE;EQ14;DMX200 MOD H3.1;OP129;COOTRAPS;DF271;Subst. Do Vidro;24
01/10/2021;COT25;COOTRAPS - CE;EQ14;DMX200 MOD H3.1;OP129;COOTRAPS;DF267;Ressolda USB Interface;8
01/10/2021;COT25;COOTRAPS - CE;EQ14;DMX200 MOD H3.1;OP129;COOTRAPS;DF97;Ressolda;3
01/10/2021;COT25;COOTRAPS - CE;EQ14;DMX200 MOD H3.1;OP129;COOTRAPS;DF46;Formataá∆o da mem¢ria e subst. FW;30
01/10/2021;COT24;GVBUS;EQ14;DMX200 MOD H3.1;;;DF165;Subst. Da Placa-m∆e;2
01/10/2021;COT24;GVBUS;EQ14;DMX200 MOD H3.1;;;DF268;Subst. Placa em EVA adesivado espessura 20mm;12
01/10/2021;COT24;GVBUS;EQ14;DMX200 MOD H3.1;;;DF269;Subst. Placa em EVA adesivado espessura 16mm;12
01/10/2021;COT24;GVBUS;EQ14;DMX200 MOD H3.1;;;DF290;Subst. Da Antena 3G/GPRS para m¢dulo JI21;11
01/10/2021;COT24;GVBUS;EQ14;DMX200 MOD H3.1;;;DF288;Subst. Auto Adesivo para Vidro;68
01/10/2021;COT24;GVBUS;EQ14;DMX200 MOD H3.1;;;DF217;Subst. Do M¢dulo H3.1;6
01/10/2021;COT24;GVBUS;EQ14;DMX200 MOD H3.1;;;DF144;Subst. Da Mem¢ria;34
01/10/2021;COT24;GVBUS;EQ14;DMX200 MOD H3.1;;;DF209;Subst. Do Display;27
01/10/2021;COT24;GVBUS;EQ14;DMX200 MOD H3.1;;;DF272;Subst. Do Touchscreen do m¢dulo;2
01/10/2021;COT24;GVBUS;EQ14;DMX200 MOD H3.1;;;DF273;Subst. Cabo USB;12
01/10/2021;COT24;GVBUS;EQ14;DMX200 MOD H3.1;;;DF275;Subst. Placa Montada Interface PM;7
01/10/2021;COT24;GVBUS;EQ14;DMX200 MOD H3.1;;;DF135;Subst. Da Carcaáa frontal;11
01/10/2021;COT24;GVBUS;EQ14;DMX200 MOD H3.1;;;DF271;Subst. Do Vidro;70
01/10/2021;COT24;GVBUS;EQ14;DMX200 MOD H3.1;;;DF169;Subst. De Componente eletrìnico;57
01/10/2021;COT24;GVBUS;EQ14;DMX200 MOD H3.1;;;DF267;Ressolda USB Interface;11
01/10/2021;COT24;GVBUS;EQ14;DMX200 MOD H3.1;;;DF97;Ressolda;6
01/10/2021;COT19;S«O JO«O;EQ39;DMX200L JI21 SEM BATERIA;OP67;S«O JO«O;DF272;Subst. Do Touchscreen do m¢dulo;12
01/10/2021;COT19;S«O JO«O;EQ39;DMX200L JI21 SEM BATERIA;OP67;S«O JO«O;DF209;Subst. Do Display;4
01/10/2021;COT19;S«O JO«O;EQ39;DMX200L JI21 SEM BATERIA;OP67;S«O JO«O;DF165;Subst. Da Placa-m∆e;7
01/10/2021;COT19;S«O JO«O;EQ39;DMX200L JI21 SEM BATERIA;OP67;S«O JO«O;DF288;Subst. Auto Adesivo para Vidro;14
01/10/2021;COT19;S«O JO«O;EQ39;DMX200L JI21 SEM BATERIA;OP67;S«O JO«O;DF127;Subst. Conector USB;3
01/10/2021;COT19;S«O JO«O;EQ39;DMX200L JI21 SEM BATERIA;OP67;S«O JO«O;DF271;Subst. Do Vidro;14
01/10/2021;COT19;S«O JO«O;EQ39;DMX200L JI21 SEM BATERIA;OP67;S«O JO«O;DF46;Formataá∆o da mem¢ria e subst. FW;19
01/10/2021;COT4;Setut;EQ14;DMX200 MOD H3.1;;;DF209;Subst. Do Display;2
01/10/2021;COT4;Setut;EQ14;DMX200 MOD H3.1;;;DF271;Subst. Do Vidro;34
01/10/2021;COT4;Setut;EQ14;DMX200 MOD H3.1;;;DF272;Subst. Do Touchscreen do m¢dulo;34
01/10/2021;COT4;Setut;EQ14;DMX200 MOD H3.1;;;DF268;Subst. Placa em EVA adesivado espessura 20mm;43
01/10/2021;COT4;Setut;EQ14;DMX200 MOD H3.1;;;DF269;Subst. Placa em EVA adesivado espessura 16mm;43
01/10/2021;COT4;Setut;EQ14;DMX200 MOD H3.1;;;DF290;Subst. Da Antena 3G/GPRS para m¢dulo JI21;9
01/10/2021;COT4;Setut;EQ14;DMX200 MOD H3.1;;;DF288;Subst. Auto Adesivo para Vidro;34
01/10/2021;COT4;Setut;EQ14;DMX200 MOD H3.1;;;DF127;Subst. Conector USB;4
01/10/2021;COT4;Setut;EQ14;DMX200 MOD H3.1;;;DF270;Gravaá∆o do IMEI;41
01/10/2021;COT4;Setut;EQ14;DMX200 MOD H3.1;;;DF287;Regravaá∆o de IP;42
01/10/2021;COT22;Taguatur PM NOVO;EQ39;DMX200L JI21 SEM BATERIA;OP82;TAGUATUR;DF209;Subst. Do Display;1
01/10/2021;COT22;Taguatur PM NOVO;EQ39;DMX200L JI21 SEM BATERIA;OP82;TAGUATUR;DF272;Subst. Do Touchscreen do m¢dulo;4
01/10/2021;COT22;Taguatur PM NOVO;EQ39;DMX200L JI21 SEM BATERIA;OP82;TAGUATUR;DF268;Subst. Placa em EVA adesivado espessura 20mm;47
01/10/2021;COT22;Taguatur PM NOVO;EQ39;DMX200L JI21 SEM BATERIA;OP82;TAGUATUR;DF269;Subst. Placa em EVA adesivado espessura 16mm;47
01/10/2021;COT22;Taguatur PM NOVO;EQ39;DMX200L JI21 SEM BATERIA;OP82;TAGUATUR;DF288;Subst. Auto Adesivo para Vidro;16
01/10/2021;COT22;Taguatur PM NOVO;EQ39;DMX200L JI21 SEM BATERIA;OP82;TAGUATUR;DF271;Subst. Do Vidro;15
01/10/2021;COT22;Taguatur PM NOVO;EQ39;DMX200L JI21 SEM BATERIA;OP82;TAGUATUR;DF90;Reparo com formataá∆o e subst. FW/SW;47
01/10/2021;COT1;Transfacil;EQ10;CONNECTION CCIT 4.0;;;DF37;Defeito n∆o encontrado e subst. FW/SW;5
01/10/2021;COT1;Transfacil;EQ10;CONNECTION CCIT 4.0;;;DF88;Reparo com formataá∆o e reinst. FW/SW;28
01/10/2021;COT1;Transfacil;EQ10;CONNECTION CCIT 4.0;;;DF169;Subst. De Componente eletrìnico;3
01/10/2021;COT1;Transfacil;EQ10;CONNECTION CCIT 4.0;;;DF136;Subst. Da Carcaáa inferior;2
01/10/2021;COT2;Transcard;EQ10;CONNECTION CCIT 4.0;;;DF46;Formataá∆o da mem¢ria e subst. FW;22
01/10/2021;COT2;Transcard;EQ10;CONNECTION CCIT 4.0;;;DF256;Substituiá∆o de fus°vel;6
01/10/2021;COT2;Transcard;EQ10;CONNECTION CCIT 4.0;;;DF206;Subst. Do Conector USB;2
01/10/2021;COT2;Transcard;EQ10;CONNECTION CCIT 4.0;;;DF37;Defeito n∆o encontrado e subst. FW/SW;8
01/10/2021;COT19;S«O JO«O;EQ10;CONNECTION CCIT 4.0;OP67;S«O JO«O;DF21;Atualizaá∆o de FW ;6
01/10/2021;COT20;ROSA TURISMO;EQ10;CONNECTION CCIT 4.0;OP66;ROSA TURISMO;DF21;Atualizaá∆o de FW ;7
01/10/2021;COT24;GVBUS;EQ10;CONNECTION CCIT 4.0;;;DF169;Subst. De Componente eletrìnico;41
01/10/2021;COT24;GVBUS;EQ10;CONNECTION CCIT 4.0;;;DF278;Modificaá∆o circuito catraca;48
01/10/2021;COT24;GVBUS;EQ10;CONNECTION CCIT 4.0;;;DF26;Atualizaá∆o do PIC;9
01/10/2021;COT3;TEU;EQ22;V3000M;;;DF21;Atualizaá∆o de FW ;29
01/10/2021;COT3;TEU;EQ22;V3000M;;;DF115;Restauraá∆o da ROM via PC;28
01/10/2021;COT3;TEU;EQ26;V3000M DVR;;;DF21;Atualizaá∆o de FW ;8
01/10/2021;COT3;TEU;EQ26;V3000M DVR;;;DF115;Restauraá∆o da ROM via PC;8
01/10/2021;COT3;TEU;EQ22;V3000M;;;DF186;Subst. Do cart∆o SD 32 GB;13
01/10/2021;COT3;TEU;EQ26;V3000M DVR;;;DF186;Subst. Do cart∆o SD 32 GB;2
01/10/2021;COT3;TEU;EQ21;V3000L;;;DF21;Atualizaá∆o de FW ;1
01/10/2021;COT3;TEU;EQ21;V3000L;;;DF115;Restauraá∆o da ROM via PC;1
01/10/2021;COT3;TEU;EQ26;V3000M DVR;;;DF169;Subst. De Componente eletrìnico;8
01/10/2021;COT1;Transfacil;EQ27;UT (FTV 3000);;;DF88;Reparo com formataá∆o e reinst. FW/SW;3
01/10/2021;COT24;GVBUS;EQ33;POS MOVE 2500;;;DF41;Envio para manutená∆o central-CTG;11
01/10/2021;COT24;GVBUS;EQ33;POS MOVE 2500;;;DF132;Subst. Da Bateria de Lithium;1
01/10/2021;COT2;Transcard;EQ31;POS 250;;;DF46;Formataá∆o da mem¢ria e subst. FW;2
01/10/2021;COT2;Transcard;EQ31;POS 250;;;DF132;Subst. Da Bateria de Lithium;2
01/10/2021;COT2;Transcard;EQ31;POS 250;;;DF7;Ajuste do M¢dulo de Impress∆o;3
01/10/2021;COT2;Transcard;EQ31;POS 250;;;DF41;Envio para manutená∆o central-CTG;12
01/11/2021;COT7;Alagoinhas;EQ34;CCIT 4.0 FRONTAL H2.1 C SEM BATERIA;OP68;ALAGOINHAS;DF113;Restaura RAM via PC;6
01/11/2021;COT21;Araguarina;EQ35;CCIT 4.0 FRONTAL H2 COM BATERIA;OP81;VIAÄ«O ARAGUARINA;DF41;Envio para manutená∆o central-CTG;2
01/11/2021;COT8;CBTU;EQ1;CCIT 3.0;OP47;CBTU - COMPANHIA BRASILEIRA DE TRENS URBANOS;DF88;Reparo com formataá∆o e reinst. FW/SW;6
01/11/2021;COT8;CBTU;EQ1;CCIT 3.0;OP47;CBTU - COMPANHIA BRASILEIRA DE TRENS URBANOS;DF183;Subst. Do Cabo tranáado antena Cless;1
01/11/2021;COT8;CBTU;EQ1;CCIT 3.0;OP47;CBTU - COMPANHIA BRASILEIRA DE TRENS URBANOS;DF159;Subst. Da placa FtctlessGPS;2
01/11/2021;COT8;CBTU;EQ1;CCIT 3.0;OP47;CBTU - COMPANHIA BRASILEIRA DE TRENS URBANOS;DF108;Ressolda no circuito da placa-m∆e;1
01/11/2021;COT8;CBTU;EQ1;CCIT 3.0;OP47;CBTU - COMPANHIA BRASILEIRA DE TRENS URBANOS;DF209;Subst. Do Adesivo Frontal;1
01/11/2021;COT8;CBTU;EQ1;CCIT 3.0;OP47;CBTU - COMPANHIA BRASILEIRA DE TRENS URBANOS;DF211;Subst. Do Equipamento completo;1
01/11/2021;COT12;DIVPASS;EQ6;CCIT 4.0 FRONTAL H2.1;OP124;DIVPASS;DF117;Restauraá∆o de m¢dulos via PC e/ou SdCard;8
01/11/2021;COT12;DIVPASS;EQ6;CCIT 4.0 FRONTAL H2.1;OP124;DIVPASS;DF88;Reparo com formataá∆o e reinst. FW/SW;1
01/11/2021;COT24;GVBUS;EQ28;ATM;OP108;GVBUS - SIND. DAS EMP. DE TRANP. METROP. DA GRANDE VIT‡RIA;DF262;Retirada de nota ATM e testes;14
01/11/2021;COT24;GVBUS;EQ28;ATM;OP108;GVBUS - SIND. DAS EMP. DE TRANP. METROP. DA GRANDE VIT‡RIA;DF67;Manutená∆o na Impressora;2
01/11/2021;COT24;GVBUS;EQ28;ATM;OP108;GVBUS - SIND. DAS EMP. DE TRANP. METROP. DA GRANDE VIT‡RIA;DF86;Reparo com configuraá∆o do setup;4
01/11/2021;COT24;GVBUS;EQ28;ATM;OP108;GVBUS - SIND. DAS EMP. DE TRANP. METROP. DA GRANDE VIT‡RIA;DF68;Manutená∆o no Dispenser;1
01/11/2021;COT24;GVBUS;EQ28;ATM;OP108;GVBUS - SIND. DAS EMP. DE TRANP. METROP. DA GRANDE VIT‡RIA;DF19;ATM - defeito n∆o confirmado;2
01/11/2021;COT24;GVBUS;EQ28;ATM;OP108;GVBUS - SIND. DAS EMP. DE TRANP. METROP. DA GRANDE VIT‡RIA;DF65;Manutená∆o Cofre;6
01/11/2021;COT24;GVBUS;EQ28;ATM;OP108;GVBUS - SIND. DAS EMP. DE TRANP. METROP. DA GRANDE VIT‡RIA;DF263;Pinpad ATM - Mudanáa de Porta e Aperto USB;2
01/11/2021;COT24;GVBUS;EQ28;ATM;OP108;GVBUS - SIND. DAS EMP. DE TRANP. METROP. DA GRANDE VIT‡RIA;DF17;Aplicaá∆o Travando;2
01/11/2021;COT24;GVBUS;EQ6;CCIT 4.0 FRONTAL H2.1;;;DF93;Reparo no m¢dulo;38
01/11/2021;COT24;GVBUS;EQ6;CCIT 4.0 FRONTAL H2.1;;;DF41;Envio para manutená∆o central-CTG;18
01/11/2021;COT24;GVBUS;EQ6;CCIT 4.0 FRONTAL H2.1;;;DF88;Reparo com formataá∆o e reinst. FW/SW;4
01/11/2021;COT6;Metro-Bahia;EQ28;ATM;OP63;METRO-BAHIA;DF143;Subst. da Impressora;3
01/11/2021;COT6;Metro-Bahia;EQ28;ATM;OP63;METRO-BAHIA;DF237;Subst. Do Validador de Notas;15
01/11/2021;COT6;Metro-Bahia;EQ28;ATM;OP63;METRO-BAHIA;DF227;Subst. Do PC ATM;2
01/11/2021;COT6;Metro-Bahia;EQ28;ATM;OP63;METRO-BAHIA;DF228;Subst. Do PDV ATM;1
01/11/2021;COT6;Metro-Bahia;EQ9;CCIT 4.0 (BLOQUEIO) FRONTAL H1;OP63;METRO-BAHIA;DF41;Envio para manutená∆o central-CTG;1
01/11/2021;COT6;Metro-Bahia;EQ9;CCIT 4.0 (BLOQUEIO) FRONTAL H1;OP63;METRO-BAHIA;DF113;Restaura RAM via PC;4
01/11/2021;COT5;METROFOR/ VLT FORTALEZA;EQ38;CCIT 4.0 METROFOR;OP105;METROFOR LINHA SUL;DF41;Envio para manutená∆o central-CTG;11
01/11/2021;COT10;Metropolitano-Bahia;EQ28;ATM;OP64;METROPOLITANO SSA;DF237;Subst. Do Validador de Notas;1
01/11/2021;COT10;Metropolitano-Bahia;EQ6;CCIT 4.0 FRONTAL H2.1;OP64;METROPOLITANO SSA;DF113;Restaura RAM via PC;24
01/11/2021;COT10;Metropolitano-Bahia;EQ6;CCIT 4.0 FRONTAL H2.1;OP64;METROPOLITANO SSA;DF41;Envio para manutená∆o central-CTG;2
01/11/2021;COT10;Metropolitano-Bahia;EQ6;CCIT 4.0 FRONTAL H2.1;OP64;METROPOLITANO SSA;DF272;Subst. Do Touchscreen do m¢dulo;7
01/11/2021;COT20;ROSA TURISMO;EQ36;CCIT 4.0 FRONTAL H1 COM BATERIA;OP66;ROSA TURISMO;DF113;Restaura RAM via PC;6
01/11/2021;COT20;ROSA TURISMO;EQ36;CCIT 4.0 FRONTAL H1 COM BATERIA;OP66;ROSA TURISMO;DF41;Envio para manutená∆o central-CTG;8
01/11/2021;COT20;ROSA TURISMO;EQ36;CCIT 4.0 FRONTAL H1 COM BATERIA;OP66;ROSA TURISMO;DF272;Subst. Do Touchscreen do m¢dulo;3
01/11/2021;COT19;S«O JO«O;EQ36;CCIT 4.0 FRONTAL H1 COM BATERIA;OP67;S«O JO«O;DF113;Restaura RAM via PC;10
01/11/2021;COT19;S«O JO«O;EQ36;CCIT 4.0 FRONTAL H1 COM BATERIA;OP67;S«O JO«O;DF41;Envio para manutená∆o central-CTG;9
01/11/2021;COT19;S«O JO«O;EQ36;CCIT 4.0 FRONTAL H1 COM BATERIA;OP67;S«O JO«O;DF272;Subst. Do Touchscreen do m¢dulo;2
01/11/2021;COT17;S«O JORGE - PONTE NOVA;EQ2;CCIT 3.2;OP50;S«O JORGE AUTO ONIBUS;DF202;Subst. Do Conector DB15;6
01/11/2021;COT17;S«O JORGE - PONTE NOVA;EQ2;CCIT 3.2;OP50;S«O JORGE AUTO ONIBUS;DF108;Ressolda no circuito da placa-m∆e;1
01/11/2021;COT17;S«O JORGE - PONTE NOVA;EQ2;CCIT 3.2;OP50;S«O JORGE AUTO ONIBUS;DF159;Subst. Da placa FtctlessGPS;1
01/11/2021;COT4;Setut;EQ6;CCIT 4.0 FRONTAL H2.1;;;DF60;Limpeza de cache;5
01/11/2021;COT4;Setut;EQ6;CCIT 4.0 FRONTAL H2.1;;;DF113;Restaura RAM via PC;3
01/11/2021;COT4;Setut;EQ6;CCIT 4.0 FRONTAL H2.1;;;DF41;Envio para manutená∆o central-CTG;15
01/11/2021;COT18;Sindpautras;EQ6;CCIT 4.0 FRONTAL H2.1;OP48;SINDPAUTRAS-SIND. PERM. AUT. TRANSP. SU;DF88;Reparo com formataá∆o e reinst. FW/SW;8
01/11/2021;COT18;Sindpautras;EQ6;CCIT 4.0 FRONTAL H2.1;OP48;SINDPAUTRAS-SIND. PERM. AUT. TRANSP. SU;DF35;Defeito n∆o encontrado / testes e liberaá∆o;6
01/11/2021;COT18;Sindpautras;EQ6;CCIT 4.0 FRONTAL H2.1;OP48;SINDPAUTRAS-SIND. PERM. AUT. TRANSP. SU;DF86;Reparo com configuraá∆o do setup;1
01/11/2021;COT22;Taguatur;EQ8;CCIT 4.0 FRONTAL JI21 SEM BATERIA;OP82;TAGUATUR;DF41;Envio para manutená∆o central-CTG;26
01/11/2021;COT3;TEU;EQ3;CCIT 3.5;;;DF221;Subst. do Painel Frontal;2
01/11/2021;COT3;TEU;EQ3;CCIT 3.5;;;DF157;Subst. Da Placa FTCLess;2
01/11/2021;COT3;TEU;EQ36;CCIT 4.0 FRONTAL H1 COM BATERIA;;;DF115;Restauraá∆o da ROM via PC;161
01/11/2021;COT3;TEU;EQ36;CCIT 4.0 FRONTAL H1 COM BATERIA;;;DF60;Limpeza de cache;4
01/11/2021;COT3;TEU;EQ36;CCIT 4.0 FRONTAL H1 COM BATERIA;;;DF132;Subst. Da Bateria de Lithium;36
01/11/2021;COT3;TEU;EQ36;CCIT 4.0 FRONTAL H1 COM BATERIA;;;DF136;Subst. Da Carcaáa inferior;25
01/11/2021;COT3;TEU;EQ36;CCIT 4.0 FRONTAL H1 COM BATERIA;;;DF41;Envio para manutená∆o central-CTG;10
01/11/2021;COT2;Transcard;EQ28;ATM;OP61;Setps (Transcard);DF143;Subst. da Impressora;2
01/11/2021;COT2;Transcard;EQ28;ATM;OP61;Setps (Transcard);DF237;Subst. Do Validador de Notas;32
01/11/2021;COT2;Transcard;EQ28;ATM;OP61;Setps (Transcard);DF231;Subst. Do PINpad;2
01/11/2021;COT2;Transcard;EQ6;CCIT 4.0 FRONTAL H2.1;;;DF113;Restaura RAM via PC;52
01/11/2021;COT2;Transcard;EQ6;CCIT 4.0 FRONTAL H2.1;;;DF114;Restaura RAM via pendrive;13
01/11/2021;COT2;Transcard;EQ6;CCIT 4.0 FRONTAL H2.1;;;DF101;Ressolda Mbccit;2
01/11/2021;COT2;Transcard;EQ6;CCIT 4.0 FRONTAL H2.1;;;DF41;Enviados para manutená∆o central CTG;31
01/11/2021;COT2;Transcard;EQ6;CCIT 4.0 FRONTAL H2.1;;;DF272;Subst. Do Touchscreen do m¢dulo;16
01/11/2021;COT1;Transfacil;EQ28;ATM;OP27;TRANSFµCIL;DF197;Subst. Do Cofre;1
01/11/2021;COT1;Transfacil;EQ28;ATM;OP27;TRANSFµCIL;DF237;Subst. Do Validador de Notas;7
01/11/2021;COT1;Transfacil;EQ28;ATM;OP27;TRANSFµCIL;DF258;Subst. Da Cabeáa de Impress∆o;2
01/11/2021;COT1;Transfacil;EQ28;ATM;OP27;TRANSFµCIL;DF228;Subst. Do PDV ATM;2
01/11/2021;COT1;Transfacil;EQ28;ATM;OP27;TRANSFµCIL;DF280;Manutená∆o no Validador de Notas;1
01/11/2021;COT1;Transfacil;EQ28;ATM;OP27;TRANSFµCIL;DF67;Manutená∆o na Impressora;1
01/11/2021;COT1;Transfacil;EQ28;ATM;OP27;TRANSFµCIL;DF19;ATM - defeito n∆o confirmado;2
01/11/2021;COT1;Transfacil;EQ28;ATM;OP27;TRANSFµCIL;DF143;Subst. da Impressora;2
01/11/2021;COT1;Transfacil;EQ28;ATM;OP27;TRANSFµCIL;DF128;Subst. Da antena Cless;2
01/11/2021;COT1;Transfacil;EQ28;ATM;OP27;TRANSFµCIL;DF5;Ajuste da porta Externa;2
01/11/2021;COT1;Transfacil;EQ28;ATM;OP27;TRANSFµCIL;DF227;Subst. Do PC ATM;1
01/11/2021;COT1;Transfacil;EQ6;CCIT 4.0 FRONTAL H2.1;;;DF88;Reparo com formataá∆o e reinst. FW/SW;143
01/11/2021;COT1;Transfacil;EQ6;CCIT 4.0 FRONTAL H2.1;;;DF238;Subst. Do Vidro CCIT V4.0;15
01/11/2021;COT1;Transfacil;EQ6;CCIT 4.0 FRONTAL H2.1;;;DF216;Subst. Do M¢dulo H2;30
01/11/2021;COT1;Transfacil;EQ6;CCIT 4.0 FRONTAL H2.1;;;DF37;Defeito n∆o encontrado e subst. FW/SW;10
01/11/2021;COT1;Transfacil;EQ6;CCIT 4.0 FRONTAL H2.1;;;DF169;Subst. De Componente eletrìnico;3
01/11/2021;COT1;Transfacil;EQ6;CCIT 4.0 FRONTAL H2.1;;;DF136;Subst. Da Carcaáa inferior;3
01/11/2021;COT1;Transfacil;EQ6;CCIT 4.0 FRONTAL H2.1;OP13;Estaá‰es BRT Move;DF88;Reparo com formataá∆o e reinst. FW/SW;9
01/11/2021;COT1;Transfacil;EQ6;CCIT 4.0 FRONTAL H2.1;OP13;Estaá‰es BRT Move;DF216;Subst. Do M¢dulo H2;1
01/11/2021;COT1;Transfacil;EQ6;CCIT 4.0 FRONTAL H2.1;;;DF130;Subst. Da Antena WLAN;3
01/11/2021;COT1;Transfacil;EQ6;CCIT 4.0 FRONTAL H2.1;;;DF86;Reparo com configuraá∆o do setup;1
01/11/2021;COT1;Transfacil;EQ6;CCIT 4.0 FRONTAL H2.1;OP13;Estaá‰es BRT Move;DF238;Subst. Do Vidro CCIT V4.0;1
01/11/2021;COT23;UTB;EQ6;CCIT 4.0 FRONTAL H2.1;OP83;UTB;DF41;Envio para manutená∆o central-CTG;14
01/11/2021;COT16;Via Ouro;EQ3;CCIT 3.5;OP49;VIA OURO COLETIVOS LTDA;DF88;Reparo com formataá∆o e reinst. FW/SW;6
01/11/2021;COT16;Via Ouro;EQ3;CCIT 3.5;OP49;VIA OURO COLETIVOS LTDA;DF129;Subst. Da Antena Cless e adesivo frontal;1
01/11/2021;COT16;Via Ouro;EQ3;CCIT 3.5;OP49;VIA OURO COLETIVOS LTDA;DF211;Subst. Do Equipamento completo;1
01/11/2021;COT16;Via Ouro;EQ3;CCIT 3.5;OP49;VIA OURO COLETIVOS LTDA;DF108;Ressolda no circuito da placa-m∆e;1
01/11/2021;COT16;Via Ouro;EQ3;CCIT 3.5;OP49;VIA OURO COLETIVOS LTDA;DF132;Subst. Da Bateria de Lithium;1
01/11/2021;COT16;Via Ouro;EQ3;CCIT 3.5;OP49;VIA OURO COLETIVOS LTDA;DF108;Ressolda no circuito da placa-m∆e;1
01/11/2021;COT1;Transfacil;EQ14;DMX200 MOD H3.1;;;DF41;Envio para manutená∆o central-CTG;24
01/11/2021;COT1;Transfacil;EQ14;DMX200 MOD H3.1;;;DF88;Reparo com formataá∆o e reinst. FW/SW;111
01/11/2021;COT1;Transfacil;EQ14;DMX200 MOD H3.1;;;DF169;Subst. De Componente eletrìnico;16
01/11/2021;COT11;Gov. Valadares;EQ13;DMX200L;OP53;VIAÄ«O MOBI;DF88;Reparo com formataá∆o e reinst. FW/SW;8
01/11/2021;COT11;Gov. Valadares;EQ13;DMX200L;OP53;VIAÄ«O MOBI;DF169;Subst. De Componente eletrìnico;6
01/11/2021;COT12;DIVPASS;EQ13;DMX200L;OP124;DIVPASS;DF90;Reparo com formataá∆o e subst. FW/SW;9
01/11/2021;COT12;DIVPASS;EQ13;DMX200L;OP124;DIVPASS;DF169;Subst. De Componente eletrìnico;2
01/11/2021;COT24;GVBUS;EQ14;DMX200 MOD H3.1;;;DF41;Envio para manutená∆o central-CTG;67
01/11/2021;COT24;GVBUS;EQ14;DMX200 MOD H3.1;;;DF97;Ressolda;172
01/11/2021;COT24;GVBUS;EQ14;DMX200 MOD H3.1;;;DF46;Formataá∆o da mem¢ria e subst. FW;67
01/11/2021;COT24;GVBUS;EQ14;DMX200 MOD H3.1;;;DF127;Subst. Conector USB;4
01/11/2021;COT19;S«O JO«O;EQ39;DMX200L JI21 SEM BATERIA;OP67;S«O JO«O;DF115;Restauraá∆o da ROM via PC;8
01/11/2021;COT19;S«O JO«O;EQ39;DMX200L JI21 SEM BATERIA;OP67;S«O JO«O;DF97;Ressolda;4
01/11/2021;COT19;S«O JO«O;EQ39;DMX200L JI21 SEM BATERIA;OP67;S«O JO«O;DF41;Envio para manutená∆o central-CTG;8
01/11/2021;COT20;ROSA TURISMO;EQ39;DMX200L JI21 SEM BATERIA;OP66;ROSA TURISMO;DF115;Restauraá∆o da ROM via PC;15
01/11/2021;COT20;ROSA TURISMO;EQ39;DMX200L JI21 SEM BATERIA;OP66;ROSA TURISMO;DF41;Envio para manutená∆o central-CTG;4
01/11/2021;COT20;ROSA TURISMO;EQ39;DMX200L JI21 SEM BATERIA;OP66;ROSA TURISMO;DF97;Ressolda;9
01/11/2021;COT4;Setut;EQ14;DMX200 MOD H3.1;;;DF41;Envio para manutená∆o central-CTG;97
01/11/2021;COT25;COOTRAPS - CE;EQ14;DMX200 MOD H3.1;OP129;COOTRAPS;DF39;Enviados para manutená∆o central CTG;11
01/11/2021;COT25;COOTRAPS - CE;EQ14;DMX200 MOD H3.1;OP129;COOTRAPS;DF90;Reparo com formataá∆o e subst. FW/SW;13
01/11/2021;COT3;TEU;EQ14;DMX200 MOD H3.1;;;DF21;Atualizaá∆o de FW ;15
01/11/2021;COT3;TEU;EQ14;DMX200 MOD H3.1;;;DF115;Restauraá∆o da ROM via PC;15
01/11/2021;COT3;TEU;EQ14;DMX200 MOD H3.1;;;DF41;Envio para manutená∆o central-CTG;4
01/11/2021;COT21;Araguarina;EQ13;DMX200L;OP81;VIAÄ«O ARAGUARINA;DF41;Envio para manutená∆o central-CTG;2
01/11/2021;COT22;Taguatur PM NOVO;EQ39;DMX200L JI21 SEM BATERIA;OP82;TAGUATUR;DF41;Envio para manutená∆o central-CTG;59
01/11/2021;COT1;Transfacil;EQ10;CONNECTION CCIT 4.0;;;DF37;Defeito n∆o encontrado e subst. FW/SW;5
01/11/2021;COT1;Transfacil;EQ10;CONNECTION CCIT 4.0;;;DF88;Reparo com formataá∆o e reinst. FW/SW;29
01/11/2021;COT1;Transfacil;EQ10;CONNECTION CCIT 4.0;;;DF169;Subst. De Componente eletrìnico;1
01/11/2021;COT1;Transfacil;EQ10;CONNECTION CCIT 4.0;;;DF136;Subst. Da Carcaáa inferior;3
01/11/2021;COT24;GVBUS;EQ10;CONNECTION CCIT 4.0;;;DF41;Envio para manutená∆o central-CTG;4
01/11/2021;COT2;Transcard;EQ10;CONNECTION CCIT 4.0;;;DF46;Formataá∆o da mem¢ria e subst. FW;8
01/11/2021;COT2;Transcard;EQ10;CONNECTION CCIT 4.0;;;DF256;Substituiá∆o de fus°vel;3
01/11/2021;COT2;Transcard;EQ10;CONNECTION CCIT 4.0;;;DF206;Subst. Do Conector USB;1
01/11/2021;COT2;Transcard;EQ10;CONNECTION CCIT 4.0;;;DF41;Envio para manutená∆o central-CTG;8
01/11/2021;COT10;Metropolitano-Bahia;EQ10;CONNECTION CCIT 4.0;OP64;METROPOLITANO SSA;DF21;Atualizaá∆o de FW ;4
01/11/2021;COT10;Metropolitano-Bahia;EQ10;CONNECTION CCIT 4.0;OP64;METROPOLITANO SSA;DF256;Substituiá∆o de fus°vel;1
01/11/2021;COT10;Metropolitano-Bahia;EQ10;CONNECTION CCIT 4.0;OP64;METROPOLITANO SSA;DF41;Envio para manutená∆o central-CTG;1
01/11/2021;COT19;S«O JO«O;EQ10;CONNECTION CCIT 4.0;OP67;S«O JO«O;DF21;Atualizaá∆o de FW ;5
01/11/2021;COT20;ROSA TURISMO;EQ10;CONNECTION CCIT 4.0;OP66;ROSA TURISMO;DF21;Atualizaá∆o de FW ;4
01/11/2021;COT3;TEU;EQ22;V3000M;;;DF21;Atualizaá∆o de FW ;22
01/11/2021;COT3;TEU;EQ22;V3000M;;;DF115;Restauraá∆o da ROM via PC;22
01/11/2021;COT3;TEU;EQ26;V3000M DVR;;;DF21;Atualizaá∆o de FW ;9
01/11/2021;COT3;TEU;EQ26;V3000M DVR;;;DF115;Restauraá∆o da ROM via PC;9
01/11/2021;COT3;TEU;EQ22;V3000M;;;DF186;Subst. Do cart∆o SD 32 GB;4
01/11/2021;COT3;TEU;EQ26;V3000M DVR;;;DF41;Envio para manutená∆o central-CTG;2
01/11/2021;COT3;TEU;EQ21;V3000L;;;DF21;Atualizaá∆o de FW ;1
01/11/2021;COT3;TEU;EQ21;V3000L;;;DF115;Restauraá∆o da ROM via PC;1
01/11/2021;COT1;Transfacil;EQ27;UT (FTV 3000);;;DF169;Subst. De Componente eletrìnico;2
01/11/2021;COT1;Transfacil;EQ27;UT (FTV 3000);;;DF88;Reparo com formataá∆o e reinst. FW/SW;5
01/11/2021;COT24;GVBUS;EQ33;POS MOVE 2500;;;DF41;Envio para manutená∆o central-CTG;11
01/11/2021;COT2;Transcard;EQ31;POS 250;;;DF46;Formataá∆o da mem¢ria e subst. FW;2
01/11/2021;COT2;Transcard;EQ31;POS 250;;;DF132;Subst. Da Bateria de Lithium;2
01/11/2021;COT2;Transcard;EQ31;POS 250;;;DF7;Ajuste do M¢dulo de Impress∆o;3
01/11/2021;COT2;Transcard;EQ31;POS 250;;;DF41;Envio para manutená∆o central-CTG;7
01/12/2021;COT8;CBTU;EQ1;CCIT 3.0;OP47;CBTU - COMPANHIA BRASILEIRA DE TRENS URBANOS;DF88;Reparo com formataá∆o e reinst. FW/SW;3
01/12/2021;COT8;CBTU;EQ1;CCIT 3.0;OP47;CBTU - COMPANHIA BRASILEIRA DE TRENS URBANOS;DF183;Subst. Do Cabo tranáado antena Cless;2
01/12/2021;COT8;CBTU;EQ1;CCIT 3.0;OP47;CBTU - COMPANHIA BRASILEIRA DE TRENS URBANOS;DF159;Subst. Da placa FtctlessGPS;1
01/12/2021;COT8;CBTU;EQ1;CCIT 3.0;OP47;CBTU - COMPANHIA BRASILEIRA DE TRENS URBANOS;DF108;Ressolda no circuito da placa-m∆e;2
01/12/2021;COT8;CBTU;EQ1;CCIT 3.0;OP47;CBTU - COMPANHIA BRASILEIRA DE TRENS URBANOS;DF211;Subst. Do Equipamento completo;2
01/12/2021;COT8;CBTU;EQ1;CCIT 3.0;OP47;CBTU - COMPANHIA BRASILEIRA DE TRENS URBANOS;DF37;Defeito n∆o encontrado e subst. FW/SW;2
01/12/2021;COT27;Cidade das µguas;EQ6;CCIT 4.0 FRONTAL H2.1;OP128;VIAÄ«O CIDADE DAS µGUAS;DF113;Restaura RAM via PC;3
01/12/2021;COT12;DIVPASS;EQ6;CCIT 4.0 FRONTAL H2.1;OP124;DIVPASS;DF37;Defeito n∆o encontrado e subst. FW/SW;27
01/12/2021;COT33;FLORIAN‡POLIS;EQ8;CCIT 4.0 FRONTAL JI21 SEM BATERIA;;;DF114;Restaura RAM via pendrive;6
01/12/2021;COT11;Gov. Valadares;EQ6;CCIT 4.0 FRONTAL H2.1;OP53;VIAÄ«O MOBI;DF37;Defeito n∆o encontrado e subst. FW/SW;13
01/12/2021;COT24;GVBUS;EQ28;ATM;OP108;GVBUS - SIND. DAS EMP. DE TRANP. METROP. DA GRANDE VIT‡RIA;DF262;Retirada de nota ATM e testes;5
01/12/2021;COT24;GVBUS;EQ28;ATM;OP108;GVBUS - SIND. DAS EMP. DE TRANP. METROP. DA GRANDE VIT‡RIA;DF67;Manutená∆o na Impressora;4
01/12/2021;COT24;GVBUS;EQ28;ATM;OP108;GVBUS - SIND. DAS EMP. DE TRANP. METROP. DA GRANDE VIT‡RIA;DF86;Reparo com configuraá∆o do setup;2
01/12/2021;COT24;GVBUS;EQ28;ATM;OP108;GVBUS - SIND. DAS EMP. DE TRANP. METROP. DA GRANDE VIT‡RIA;DF68;Manutená∆o no Dispenser;3
01/12/2021;COT24;GVBUS;EQ28;ATM;OP108;GVBUS - SIND. DAS EMP. DE TRANP. METROP. DA GRANDE VIT‡RIA;DF19;ATM - defeito n∆o confirmado;3
01/12/2021;COT24;GVBUS;EQ28;ATM;OP108;GVBUS - SIND. DAS EMP. DE TRANP. METROP. DA GRANDE VIT‡RIA;DF65;Manutená∆o Cofre;2
01/12/2021;COT24;GVBUS;EQ28;ATM;OP108;GVBUS - SIND. DAS EMP. DE TRANP. METROP. DA GRANDE VIT‡RIA;DF263;Pinpad ATM - Mudanáa de Porta e Aperto USB;3
01/12/2021;COT24;GVBUS;EQ6;CCIT 4.0 FRONTAL H2.1;;;DF93;Reparo no m¢dulo;12
01/12/2021;COT24;GVBUS;EQ6;CCIT 4.0 FRONTAL H2.1;;;DF41;Envio para manutená∆o central-CTG;26
01/12/2021;COT24;GVBUS;EQ6;CCIT 4.0 FRONTAL H2.1;;;DF88;Reparo com formataá∆o e reinst. FW/SW;40
01/12/2021;COT24;GVBUS;EQ6;CCIT 4.0 FRONTAL H2.1;;;DF292;Ressolda conector USB;7
01/12/2021;COT6;Metro-Bahia;EQ28;ATM;OP63;METRO-BAHIA;DF143;Subst. da Impressora;11
01/12/2021;COT6;Metro-Bahia;EQ28;ATM;OP63;METRO-BAHIA;DF237;Subst. Do Validador de Notas;15
01/12/2021;COT6;Metro-Bahia;EQ28;ATM;OP63;METRO-BAHIA;DF227;Subst. Do PC ATM;1
01/12/2021;COT6;Metro-Bahia;EQ28;ATM;OP63;METRO-BAHIA;DF228;Subst. Do PDV ATM;1
01/12/2021;COT6;Metro-Bahia;EQ28;ATM;OP63;METRO-BAHIA;DF218;Subst. Do Monitor;2
01/12/2021;COT6;Metro-Bahia;EQ28;ATM;OP63;METRO-BAHIA;DF5;Ajuste da porta Externa;11
01/12/2021;COT5;METROFOR/ VLT FORTALEZA;EQ38;CCIT 4.0 METROFOR;OP105;METROFOR LINHA SUL;DF41;Envio para manutená∆o central-CTG;11
01/12/2021;COT10;Metropolitano-Bahia;EQ6;CCIT 4.0 FRONTAL H2.1;OP64;METROPOLITANO SSA;DF113;Restaura RAM via PC;24
01/12/2021;COT10;Metropolitano-Bahia;EQ6;CCIT 4.0 FRONTAL H2.1;OP64;METROPOLITANO SSA;DF41;Envio para manutená∆o central-CTG;2
01/12/2021;COT10;Metropolitano-Bahia;EQ6;CCIT 4.0 FRONTAL H2.1;OP64;METROPOLITANO SSA;DF272;Subst. Do Touchscreen do m¢dulo;7
01/12/2021;COT20;ROSA TURISMO;EQ36;CCIT 4.0 FRONTAL H1 COM BATERIA;OP66;ROSA TURISMO;DF113;Restaura RAM via PC;5
01/12/2021;COT20;ROSA TURISMO;EQ36;CCIT 4.0 FRONTAL H1 COM BATERIA;OP66;ROSA TURISMO;DF41;Envio para manutená∆o central-CTG;3
01/12/2021;COT19;S«O JO«O;EQ36;CCIT 4.0 FRONTAL H1 COM BATERIA;OP67;S«O JO«O;DF113;Restaura RAM via PC;9
01/12/2021;COT19;S«O JO«O;EQ36;CCIT 4.0 FRONTAL H1 COM BATERIA;OP67;S«O JO«O;DF41;Envio para manutená∆o central-CTG;2
01/12/2021;COT19;S«O JO«O;EQ36;CCIT 4.0 FRONTAL H1 COM BATERIA;OP67;S«O JO«O;DF272;Subst. Do Touchscreen do m¢dulo;1
01/12/2021;COT17;S«O JORGE - PONTE NOVA;EQ2;CCIT 3.2;OP50;S«O JORGE AUTO ONIBUS;DF202;Subst. Do Conector DB15;6
01/12/2021;COT17;S«O JORGE - PONTE NOVA;EQ2;CCIT 3.2;OP50;S«O JORGE AUTO ONIBUS;DF108;Ressolda no circuito da placa-m∆e;1
01/12/2021;COT17;S«O JORGE - PONTE NOVA;EQ2;CCIT 3.2;OP50;S«O JORGE AUTO ONIBUS;DF159;Subst. Da placa FtctlessGPS;1
01/12/2021;COT4;Setut;EQ6;CCIT 4.0 FRONTAL H2.1;;;DF60;Limpeza de cache;7
01/12/2021;COT4;Setut;EQ6;CCIT 4.0 FRONTAL H2.1;;;DF113;Restaura RAM via PC;1
01/12/2021;COT4;Setut;EQ6;CCIT 4.0 FRONTAL H2.1;;;DF41;Envio para manutená∆o central-CTG;20
01/12/2021;COT18;Sindpautras;EQ6;CCIT 4.0 FRONTAL H2.1;OP48;SINDPAUTRAS-SIND. PERM. AUT. TRANSP. SU;DF88;Reparo com formataá∆o e reinst. FW/SW;13
01/12/2021;COT18;Sindpautras;EQ6;CCIT 4.0 FRONTAL H2.1;OP48;SINDPAUTRAS-SIND. PERM. AUT. TRANSP. SU;DF35;Defeito n∆o encontrado / testes e liberaá∆o;2
01/12/2021;COT3;TEU;EQ3;CCIT 3.5;;;DF162;Subst. Da Placa Mbccit;1
01/12/2021;COT3;TEU;EQ3;CCIT 3.5;;;DF157;Subst. Da Placa FTCLess;1
01/12/2021;COT3;TEU;EQ36;CCIT 4.0 FRONTAL H1 COM BATERIA;;;DF115;Restauraá∆o da ROM via PC;122
01/12/2021;COT3;TEU;EQ36;CCIT 4.0 FRONTAL H1 COM BATERIA;;;DF60;Limpeza de cache;20
01/12/2021;COT3;TEU;EQ36;CCIT 4.0 FRONTAL H1 COM BATERIA;;;DF132;Subst. Da Bateria de Lithium;17
01/12/2021;COT3;TEU;EQ36;CCIT 4.0 FRONTAL H1 COM BATERIA;;;DF136;Subst. Da Carcaáa inferior;21
01/12/2021;COT3;TEU;EQ36;CCIT 4.0 FRONTAL H1 COM BATERIA;;;DF41;Envio para manutená∆o central-CTG;14
01/12/2021;COT2;Transcard;EQ28;ATM;OP61;Setps (Transcard);DF143;Subst. da Impressora;2
01/12/2021;COT2;Transcard;EQ28;ATM;OP61;Setps (Transcard);DF237;Subst. Do Validador de Notas;9
01/12/2021;COT2;Transcard;EQ28;ATM;OP61;Setps (Transcard);DF231;Subst. Do PINpad;1
01/12/2021;COT2;Transcard;EQ28;ATM;OP61;Setps (Transcard);DF284;Manutená∆o PC ATM;3
01/12/2021;COT2;Transcard;EQ28;ATM;OP61;Setps (Transcard);DF218;Subst. Do Monitor;1
01/12/2021;COT2;Transcard;EQ28;ATM;OP61;Setps (Transcard);DF66;Manutená∆o na Fechadura Eletrìnica;2
01/12/2021;COT2;Transcard;EQ28;ATM;OP61;Setps (Transcard);DF4;Ajuste da Porta do Cofre;1
01/12/2021;COT2;Transcard;EQ6;CCIT 4.0 FRONTAL H2.1;;;DF113;Restaura RAM via PC;58
01/12/2021;COT2;Transcard;EQ6;CCIT 4.0 FRONTAL H2.1;;;DF114;Restaura RAM via pendrive;14
01/12/2021;COT2;Transcard;EQ6;CCIT 4.0 FRONTAL H2.1;;;DF101;Ressolda Mbccit;2
01/12/2021;COT2;Transcard;EQ6;CCIT 4.0 FRONTAL H2.1;;;DF41;Enviados para manutená∆o central CTG;44
01/12/2021;COT2;Transcard;EQ6;CCIT 4.0 FRONTAL H2.1;;;DF272;Subst. Do Touchscreen do m¢dulo;22
01/12/2021;COT1;Transfacil;EQ28;ATM;OP27;TRANSFµCIL;DF197;Subst. Do Cofre;5
01/12/2021;COT1;Transfacil;EQ28;ATM;OP27;TRANSFµCIL;DF237;Subst. Do Validador de Notas;6
01/12/2021;COT1;Transfacil;EQ28;ATM;OP27;TRANSFµCIL;DF258;Subst. Da Cabeáa de Impress∆o;4
01/12/2021;COT1;Transfacil;EQ28;ATM;OP27;TRANSFµCIL;DF280;Manutená∆o no Validador de Notas;1
01/12/2021;COT1;Transfacil;EQ28;ATM;OP27;TRANSFµCIL;DF67;Manutená∆o na Impressora;1
01/12/2021;COT1;Transfacil;EQ28;ATM;OP27;TRANSFµCIL;DF19;ATM - defeito n∆o confirmado;5
01/12/2021;COT1;Transfacil;EQ28;ATM;OP27;TRANSFµCIL;DF143;Subst. da Impressora;1
01/12/2021;COT1;Transfacil;EQ28;ATM;OP27;TRANSFµCIL;DF227;Subst. Do PC ATM;1
01/12/2021;COT1;Transfacil;EQ28;ATM;OP27;TRANSFµCIL;DF208;Subst. Do Dispenser do cart∆o;1
01/12/2021;COT1;Transfacil;EQ28;ATM;OP27;TRANSFµCIL;DF291;Subst. Da Placa Controladora da Impressora;1
01/12/2021;COT1;Transfacil;EQ28;ATM;OP27;TRANSFµCIL;DF212;Subst. Do HD;1
01/12/2021;COT1;Transfacil;EQ28;ATM;OP27;TRANSFµCIL;DF283;Subst. Tampa Plastico Validador de Notas;1
01/12/2021;COT1;Transfacil;EQ6;CCIT 4.0 FRONTAL H2.1;;;DF88;Reparo com formataá∆o e reinst. FW/SW;172
01/12/2021;COT1;Transfacil;EQ6;CCIT 4.0 FRONTAL H2.1;;;DF238;Subst. Do Vidro CCIT V4.0;11
01/12/2021;COT1;Transfacil;EQ6;CCIT 4.0 FRONTAL H2.1;;;DF216;Subst. Do M¢dulo H2;24
01/12/2021;COT1;Transfacil;EQ6;CCIT 4.0 FRONTAL H2.1;;;DF37;Defeito n∆o encontrado e subst. FW/SW;9
01/12/2021;COT1;Transfacil;EQ6;CCIT 4.0 FRONTAL H2.1;;;DF169;Subst. De Componente eletrìnico;1
01/12/2021;COT1;Transfacil;EQ6;CCIT 4.0 FRONTAL H2.1;;;DF136;Subst. Da Carcaáa inferior;5
01/12/2021;COT1;Transfacil;EQ6;CCIT 4.0 FRONTAL H2.1;OP13;Estaá‰es BRT Move;DF88;Reparo com formataá∆o e reinst. FW/SW;9
01/12/2021;COT1;Transfacil;EQ6;CCIT 4.0 FRONTAL H2.1;;;DF135;Subst. Da Carcaáa frontal;1
01/12/2021;COT1;Transfacil;EQ6;CCIT 4.0 FRONTAL H2.1;;;DF35;Defeito n∆o encontrado / testes e liberaá∆o;5
01/12/2021;COT1;Transfacil;EQ14;DMX200 MOD H3.1;;;DF41;Envio para manutená∆o central-CTG;16
01/12/2021;COT1;Transfacil;EQ14;DMX200 MOD H3.1;;;DF88;Reparo com formataá∆o e reinst. FW/SW;95
01/12/2021;COT1;Transfacil;EQ14;DMX200 MOD H3.1;;;DF169;Subst. De Componente eletrìnico;6
01/12/2021;COT12;DIVPASS;EQ13;DMX200L;OP124;DIVPASS;DF90;Reparo com formataá∆o e subst. FW/SW;25
01/12/2021;COT12;DIVPASS;EQ13;DMX200L;OP124;DIVPASS;DF169;Subst. De Componente eletrìnico;1
01/12/2021;COT19;S«O JO«O;EQ39;DMX200L JI21 SEM BATERIA;OP67;S«O JO«O;DF115;Restauraá∆o da ROM via PC;13
01/12/2021;COT19;S«O JO«O;EQ39;DMX200L JI21 SEM BATERIA;OP67;S«O JO«O;DF41;Envio para manutená∆o central-CTG;6
01/12/2021;COT20;ROSA TURISMO;EQ39;DMX200L JI21 SEM BATERIA;OP66;ROSA TURISMO;DF115;Restauraá∆o da ROM via PC;10
01/12/2021;COT20;ROSA TURISMO;EQ39;DMX200L JI21 SEM BATERIA;OP66;ROSA TURISMO;DF41;Envio para manutená∆o central-CTG;2
01/12/2021;COT20;ROSA TURISMO;EQ39;DMX200L JI21 SEM BATERIA;OP66;ROSA TURISMO;DF97;Ressolda;6
01/12/2021;COT4;Setut;EQ14;DMX200 MOD H3.1;;;DF41;Envio para manutená∆o central-CTG;26
01/12/2021;COT25;COOTRAPS - CE;EQ14;DMX200 MOD H3.1;OP129;COOTRAPS;DF39;Enviados para manutená∆o central CTG;45
01/12/2021;COT25;COOTRAPS - CE;EQ14;DMX200 MOD H3.1;OP129;COOTRAPS;DF90;Reparo com formataá∆o e subst. FW/SW;51
01/12/2021;COT24;GVBUS;EQ14;DMX200 MOD H3.1;;;DF41;Envio para manutená∆o central-CTG;43
01/12/2021;COT24;GVBUS;EQ14;DMX200 MOD H3.1;;;DF46;Formataá∆o da mem¢ria e subst. FW;43
01/12/2021;COT24;GVBUS;EQ14;DMX200 MOD H3.1;;;DF127;Subst. Conector USB;3
01/12/2021;COT24;GVBUS;EQ14;DMX200 MOD H3.1;;;DF292;Ressolda conector USB;151
01/12/2021;COT33;FLORIAN‡POLIS;EQ15;DMX200L SEM BATERIA;;;DF46;Formataá∆o da mem¢ria e subst. FW;2
01/12/2021;COT33;FLORIAN‡POLIS;EQ15;DMX200L SEM BATERIA;;;DF41;Envio para manutená∆o central-CTG;2
01/12/2021;COT3;TEU;EQ14;DMX200 MOD H3.1;;;DF21;Atualizaá∆o de FW ;29
01/12/2021;COT3;TEU;EQ14;DMX200 MOD H3.1;;;DF115;Restauraá∆o da ROM via PC;25
01/12/2021;COT3;TEU;EQ14;DMX200 MOD H3.1;;;DF41;Envio para manutená∆o central-CTG;2
01/12/2021;COT1;Transfacil;EQ10;CONNECTION CCIT 4.0;;;DF37;Defeito n∆o encontrado e subst. FW/SW;4
01/12/2021;COT1;Transfacil;EQ10;CONNECTION CCIT 4.0;;;DF88;Reparo com formataá∆o e reinst. FW/SW;20
01/12/2021;COT1;Transfacil;EQ10;CONNECTION CCIT 4.0;;;DF169;Subst. De Componente eletrìnico;5
01/12/2021;COT1;Transfacil;EQ10;CONNECTION CCIT 4.0;;;DF102;Ressolda na Placa Connection;3
01/12/2021;COT2;Transcard;EQ10;CONNECTION CCIT 4.0;;;DF46;Formataá∆o da mem¢ria e subst. FW;16
01/12/2021;COT2;Transcard;EQ10;CONNECTION CCIT 4.0;;;DF256;Substituiá∆o de fus°vel;5
01/12/2021;COT2;Transcard;EQ10;CONNECTION CCIT 4.0;;;DF206;Subst. Do Conector USB;1
01/12/2021;COT2;Transcard;EQ10;CONNECTION CCIT 4.0;;;DF41;Envio para manutená∆o central-CTG;13
01/12/2021;COT10;Metropolitano-Bahia;EQ10;CONNECTION CCIT 4.0;OP64;METROPOLITANO SSA;DF21;Atualizaá∆o de FW ;6
01/12/2021;COT10;Metropolitano-Bahia;EQ10;CONNECTION CCIT 4.0;OP64;METROPOLITANO SSA;DF256;Substituiá∆o de fus°vel;1
01/12/2021;COT19;S«O JO«O;EQ10;CONNECTION CCIT 4.0;OP67;S«O JO«O;DF21;Atualizaá∆o de FW ;1
01/12/2021;COT20;ROSA TURISMO;EQ10;CONNECTION CCIT 4.0;OP66;ROSA TURISMO;DF21;Atualizaá∆o de FW ;2
01/12/2021;COT24;GVBUS;EQ10;CONNECTION CCIT 4.0;;;DF41;Envio para manutená∆o central-CTG;14
01/12/2021;COT24;GVBUS;EQ10;CONNECTION CCIT 4.0;;;DF293;Recall Circuito Catraca (placa ADP);2
01/12/2021;COT3;TEU;EQ22;V3000M;;;DF21;Atualizaá∆o de FW ;45
01/12/2021;COT3;TEU;EQ22;V3000M;;;DF115;Restauraá∆o da ROM via PC;35
01/12/2021;COT3;TEU;EQ22;V3000M;;;DF41;Envio para manutená∆o central-CTG;10
01/12/2021;COT3;TEU;EQ22;V3000M;;;DF186;Subst. Do cart∆o SD 32 GB;14
01/12/2021;COT3;TEU;EQ21;V3000L;;;DF21;Atualizaá∆o de FW ;15
01/12/2021;COT3;TEU;EQ21;V3000L;;;DF115;Restauraá∆o da ROM via PC;13
01/12/2021;COT3;TEU;EQ26;V3000M DVR;;;DF21;Atualizaá∆o de FW ;4
01/12/2021;COT3;TEU;EQ26;V3000M DVR;;;DF115;Restauraá∆o da ROM via PC;3
01/12/2021;COT3;TEU;EQ26;V3000M DVR;;;DF41;Envio para manutená∆o central-CTG;2
01/12/2021;COT1;Transfacil;EQ27;UT (FTV 3000);;;DF88;Reparo com formataá∆o e reinst. FW/SW;5
01/12/2021;COT1;Transfacil;EQ27;UT (FTV 3000);;;DF169;Subst. De Componente eletrìnico;8
01/12/2021;COT24;GVBUS;EQ33;POS MOVE 2500;;;DF132;Subst. Da Bateria de Lithium;1
01/12/2021;COT24;GVBUS;EQ33;POS MOVE 2500;;;DF41;Envio para manutená∆o central-CTG;12
01/12/2021;COT20;Rosa Turismo;EQ31;POS 250;OP66;ROSA TURISMO;DF41;Envio para manutená∆o central-CTG;1
01/12/2021;COT20;Rosa Turismo;EQ31;POS 250;OP66;ROSA TURISMO;DF46;Formataá∆o da mem¢ria e subst. FW;2
01/12/2021;COT19;S∆o Jo∆o;EQ31;POS 250;OP67;S«O JO«O;DF46;Formataá∆o da mem¢ria e subst. FW;3
01/12/2021;COT2;Transcard;EQ31;POS 250;;;DF46;Formataá∆o da mem¢ria e subst. FW;3
01/12/2021;COT2;Transcard;EQ31;POS 250;;;DF132;Subst. Da Bateria de Lithium;3
01/12/2021;COT2;Transcard;EQ31;POS 250;;;DF7;Ajuste do M¢dulo de Impress∆o;4
01/12/2021;COT2;Transcard;EQ31;POS 250;;;DF41;Envio para manutená∆o central-CTG;7
01/01/2022;COT7;Alagoinhas;EQ34;CCIT 4.0 FRONTAL H2.1 C SEM BATERIA;OP68;ALAGOINHAS;DF113;Restaura RAM via PC;5
01/01/2022;COT8;CBTU;EQ1;CCIT 3.0;OP47;CBTU - COMPANHIA BRASILEIRA DE TRENS URBANOS;DF88;Reparo com formataá∆o e reinst. FW/SW;5
01/01/2022;COT8;CBTU;EQ1;CCIT 3.0;OP47;CBTU - COMPANHIA BRASILEIRA DE TRENS URBANOS;DF183;Subst. Do Cabo tranáado antena Cless;3
01/01/2022;COT8;CBTU;EQ1;CCIT 3.0;OP47;CBTU - COMPANHIA BRASILEIRA DE TRENS URBANOS;DF159;Subst. Da placa FtctlessGPS;1
01/01/2022;COT8;CBTU;EQ1;CCIT 3.0;OP47;CBTU - COMPANHIA BRASILEIRA DE TRENS URBANOS;DF108;Ressolda no circuito da placa-m∆e;2
01/01/2022;COT12;DIVPASS;EQ6;CCIT 4.0 FRONTAL H2.1;OP124;DIVPASS;DF88;Reparo com formataá∆o e reinst. FW/SW;6
01/01/2022;COT12;DIVPASS;EQ6;CCIT 4.0 FRONTAL H2.1;OP124;DIVPASS;DF37;Defeito n∆o encontrado e subst. FW/SW;2
01/01/2022;COT12;DIVPASS;EQ6;CCIT 4.0 FRONTAL H2.1;OP124;DIVPASS;DF216;Subst. Do M¢dulo H2;3
01/01/2022;COT12;DIVPASS;EQ6;CCIT 4.0 FRONTAL H2.1;OP124;DIVPASS;DF108;Ressolda no circuito da placa-m∆e;1
01/01/2022;COT11;Gov. Valadares;EQ6;CCIT 4.0 FRONTAL H2.1;OP53;VIAÄ«O MOBI;DF37;Defeito n∆o encontrado e subst. FW/SW;8
01/01/2022;COT24;GVBUS;EQ28;ATM;OP108;GVBUS - SIND. DAS EMP. DE TRANP. METROP. DA GRANDE VIT‡RIA;DF262;Retirada de nota ATM e testes;3
01/01/2022;COT24;GVBUS;EQ28;ATM;OP108;GVBUS - SIND. DAS EMP. DE TRANP. METROP. DA GRANDE VIT‡RIA;DF67;Manutená∆o na Impressora;2
01/01/2022;COT24;GVBUS;EQ28;ATM;OP108;GVBUS - SIND. DAS EMP. DE TRANP. METROP. DA GRANDE VIT‡RIA;DF294;Cofre Entupido;4
01/01/2022;COT24;GVBUS;EQ28;ATM;OP108;GVBUS - SIND. DAS EMP. DE TRANP. METROP. DA GRANDE VIT‡RIA;DF2;Ajuste Bobina na Impressora;1
01/01/2022;COT24;GVBUS;EQ28;ATM;OP108;GVBUS - SIND. DAS EMP. DE TRANP. METROP. DA GRANDE VIT‡RIA;DF78;PC Reiniciado;2
01/01/2022;COT24;GVBUS;EQ6;CCIT 4.0 FRONTAL H2.1;;;DF93;Reparo no m¢dulo;19
01/01/2022;COT24;GVBUS;EQ6;CCIT 4.0 FRONTAL H2.1;;;DF41;Envio para manutená∆o central-CTG;34
01/01/2022;COT24;GVBUS;EQ6;CCIT 4.0 FRONTAL H2.1;;;DF88;Reparo com formataá∆o e reinst. FW/SW;64
01/01/2022;COT24;GVBUS;EQ6;CCIT 4.0 FRONTAL H2.1;;;DF82;Reconfiguraá∆o do Setup;1
01/01/2022;COT6;Metro-Bahia;EQ28;ATM;OP63;METRO-BAHIA;DF143;Subst. da Impressora;6
01/01/2022;COT6;Metro-Bahia;EQ28;ATM;OP63;METRO-BAHIA;DF237;Subst. Do Validador de Notas;10
01/01/2022;COT6;Metro-Bahia;EQ28;ATM;OP63;METRO-BAHIA;DF227;Subst. Do PC ATM;1
01/01/2022;COT6;Metro-Bahia;EQ28;ATM;OP63;METRO-BAHIA;DF218;Subst. Do Monitor;1
01/01/2022;COT6;Metro-Bahia;EQ28;ATM;OP63;METRO-BAHIA;DF66;Manutená∆o na Fechadura Eletrìnica;1
01/01/2022;COT6;Metro-Bahia;EQ9;CCIT 4.0 (BLOQUEIO) FRONTAL H1;OP63;METRO-BAHIA;DF113;Restaura RAM via PC;3
01/01/2022;COT5;METROFOR/ VLT FORTALEZA;EQ38;CCIT 4.0 METROFOR;OP105;METROFOR LINHA SUL;DF41;Envio para manutená∆o central-CTG;9
01/01/2022;COT10;Metropolitano-Bahia;EQ6;CCIT 4.0 FRONTAL H2.1;OP64;METROPOLITANO SSA;DF113;Restaura RAM via PC;22
01/01/2022;COT10;Metropolitano-Bahia;EQ6;CCIT 4.0 FRONTAL H2.1;OP64;METROPOLITANO SSA;DF41;Envio para manutená∆o central-CTG;8
01/01/2022;COT10;Metropolitano-Bahia;EQ6;CCIT 4.0 FRONTAL H2.1;OP64;METROPOLITANO SSA;DF272;Subst. Do Touchscreen do m¢dulo;9
01/01/2022;COT20;ROSA TURISMO;EQ36;CCIT 4.0 FRONTAL H1 COM BATERIA;OP66;ROSA TURISMO;DF113;Restaura RAM via PC;2
01/01/2022;COT19;S«O JO«O;EQ36;CCIT 4.0 FRONTAL H1 COM BATERIA;OP67;S«O JO«O;DF113;Restaura RAM via PC;5
01/01/2022;COT19;S«O JO«O;EQ36;CCIT 4.0 FRONTAL H1 COM BATERIA;OP67;S«O JO«O;DF41;Envio para manutená∆o central-CTG;1
01/01/2022;COT17;S«O JORGE - PONTE NOVA;EQ2;CCIT 3.2;OP50;S«O JORGE AUTO ONIBUS;DF169;Subst. De Componente eletrìnico;2
01/01/2022;COT17;S«O JORGE - PONTE NOVA;EQ2;CCIT 3.2;OP50;S«O JORGE AUTO ONIBUS;DF108;Ressolda no circuito da placa-m∆e;2
01/01/2022;COT17;S«O JORGE - PONTE NOVA;EQ2;CCIT 3.2;OP50;S«O JORGE AUTO ONIBUS;DF88;Reparo com formataá∆o e reinst. FW/SW;2
01/01/2022;COT4;Setut;EQ6;CCIT 4.0 FRONTAL H2.1;;;DF60;Limpeza de cache;4
01/01/2022;COT4;Setut;EQ6;CCIT 4.0 FRONTAL H2.1;;;DF113;Restaura RAM via PC;1
01/01/2022;COT4;Setut;EQ6;CCIT 4.0 FRONTAL H2.1;;;DF41;Envio para manutená∆o central-CTG;17
01/01/2022;COT18;Sindpautras;EQ6;CCIT 4.0 FRONTAL H2.1;OP48;SINDPAUTRAS-SIND. PERM. AUT. TRANSP. SU;DF88;Reparo com formataá∆o e reinst. FW/SW;5
01/01/2022;COT18;Sindpautras;EQ6;CCIT 4.0 FRONTAL H2.1;OP48;SINDPAUTRAS-SIND. PERM. AUT. TRANSP. SU;DF35;Defeito n∆o encontrado / testes e liberaá∆o;1
01/01/2022;COT3;TEU;EQ36;CCIT 4.0 FRONTAL H1 COM BATERIA;;;DF115;Restauraá∆o da ROM via PC;182
01/01/2022;COT3;TEU;EQ36;CCIT 4.0 FRONTAL H1 COM BATERIA;;;DF60;Limpeza de cache;15
01/01/2022;COT3;TEU;EQ36;CCIT 4.0 FRONTAL H1 COM BATERIA;;;DF132;Subst. Da Bateria de Lithium;62
01/01/2022;COT3;TEU;EQ36;CCIT 4.0 FRONTAL H1 COM BATERIA;;;DF136;Subst. Da Carcaáa inferior;26
01/01/2022;COT3;TEU;EQ36;CCIT 4.0 FRONTAL H1 COM BATERIA;;;DF41;Envio para manutená∆o central-CTG;15
01/01/2022;COT2;Transcard;EQ28;ATM;OP61;Setps (Transcard);DF143;Subst. da Impressora;4
01/01/2022;COT2;Transcard;EQ28;ATM;OP61;Setps (Transcard);DF237;Subst. Do Validador de Notas;4
01/01/2022;COT2;Transcard;EQ28;ATM;OP61;Setps (Transcard);DF284;Manutená∆o PC ATM;2
01/01/2022;COT2;Transcard;EQ28;ATM;OP61;Setps (Transcard);DF228;Subst. Do PDV ATM;2
01/01/2022;COT2;Transcard;EQ6;CCIT 4.0 FRONTAL H2.1;;;DF113;Restaura RAM via PC;61
01/01/2022;COT2;Transcard;EQ6;CCIT 4.0 FRONTAL H2.1;;;DF114;Restaura RAM via pendrive;17
01/01/2022;COT2;Transcard;EQ6;CCIT 4.0 FRONTAL H2.1;;;DF101;Ressolda Mbccit;2
01/01/2022;COT2;Transcard;EQ6;CCIT 4.0 FRONTAL H2.1;;;DF41;Enviados para manutená∆o central CTG;36
01/01/2022;COT2;Transcard;EQ6;CCIT 4.0 FRONTAL H2.1;;;DF272;Subst. Do Touchscreen do m¢dulo;25
01/01/2022;COT1;Transfacil;EQ28;ATM;OP27;TRANSFµCIL;DF237;Subst. Do Validador de Notas;5
01/01/2022;COT1;Transfacil;EQ28;ATM;OP27;TRANSFµCIL;DF258;Subst. Da Cabeáa de Impress∆o;4
01/01/2022;COT1;Transfacil;EQ28;ATM;OP27;TRANSFµCIL;DF280;Manutená∆o no Validador de Notas;1
01/01/2022;COT1;Transfacil;EQ28;ATM;OP27;TRANSFµCIL;DF67;Manutená∆o na Impressora;1
01/01/2022;COT1;Transfacil;EQ28;ATM;OP27;TRANSFµCIL;DF19;ATM - defeito n∆o confirmado;5
01/01/2022;COT1;Transfacil;EQ28;ATM;OP27;TRANSFµCIL;DF283;Subst. Tampa Plastico Validador de Notas;2
01/01/2022;COT1;Transfacil;EQ28;ATM;OP27;TRANSFµCIL;DF65;Manutená∆o Cofre;2
01/01/2022;COT1;Transfacil;EQ28;ATM;OP27;TRANSFµCIL;DF68;Manutená∆o no Dispenser;2
01/01/2022;COT1;Transfacil;EQ28;ATM;OP27;TRANSFµCIL;DF69;Manutená∆o no Sensor de Porta;1
01/01/2022;COT1;Transfacil;EQ28;ATM;OP27;TRANSFµCIL;DF218;Subst. Do Monitor;1
01/01/2022;COT1;Transfacil;EQ28;ATM;OP27;TRANSFµCIL;DF66;Manutená∆o na Fechadura Eletrìnica;2
01/01/2022;COT1;Transfacil;EQ28;ATM;OP27;TRANSFµCIL;DF78;PC Reiniciado;1
01/01/2022;COT1;Transfacil;EQ28;ATM;OP27;TRANSFµCIL;DF49;Formataá∆o e Reinstalaá∆o do PC;1
01/01/2022;COT1;Transfacil;EQ6;CCIT 4.0 FRONTAL H2.1;;;DF88;Reparo com formataá∆o e reinst. FW/SW;185
01/01/2022;COT1;Transfacil;EQ6;CCIT 4.0 FRONTAL H2.1;;;DF238;Subst. Do Vidro CCIT V4.0;10
01/01/2022;COT1;Transfacil;EQ6;CCIT 4.0 FRONTAL H2.1;;;DF216;Subst. Do M¢dulo H2;13
01/01/2022;COT1;Transfacil;EQ6;CCIT 4.0 FRONTAL H2.1;;;DF37;Defeito n∆o encontrado e subst. FW/SW;11
01/01/2022;COT1;Transfacil;EQ6;CCIT 4.0 FRONTAL H2.1;;;DF169;Subst. De Componente eletrìnico;1
01/01/2022;COT1;Transfacil;EQ6;CCIT 4.0 FRONTAL H2.1;;;DF136;Subst. Da Carcaáa inferior;1
01/01/2022;COT1;Transfacil;EQ6;CCIT 4.0 FRONTAL H2.1;OP13;Estaá‰es BRT Move;DF88;Reparo com formataá∆o e reinst. FW/SW;9
01/01/2022;COT1;Transfacil;EQ6;CCIT 4.0 FRONTAL H2.1;;;DF130;Subst. Da Antena WLAN;4
01/01/2022;COT1;Transfacil;EQ6;CCIT 4.0 FRONTAL H2.1;;;DF108;Ressolda no circuito da placa-m∆e;2
01/01/2022;COT1;Transfacil;EQ6;CCIT 4.0 FRONTAL H2.1;;;DF9;Ajuste e aperto de conex∆o;2
01/01/2022;COT1;Transfacil;EQ6;CCIT 4.0 FRONTAL H2.1;OP13;Estaá‰es BRT Move;DF174;Subst. do Adesivo frontal Cless;1
01/01/2022;COT1;Transfacil;EQ6;CCIT 4.0 FRONTAL H2.1;OP13;Estaá‰es BRT Move;DF216;Subst. Do M¢dulo H2;1
01/01/2022;COT1;Transfacil;EQ6;CCIT 4.0 FRONTAL H2.1;OP13;Estaá‰es BRT Move;DF108;Ressolda no circuito da placa-m∆e;1
01/01/2022;COT1;Transfacil;EQ14;DMX200 MOD H3.1;;;DF41;Envio para manutená∆o central-CTG;20
01/01/2022;COT1;Transfacil;EQ14;DMX200 MOD H3.1;;;DF88;Reparo com formataá∆o e reinst. FW/SW;84
01/01/2022;COT1;Transfacil;EQ14;DMX200 MOD H3.1;;;DF169;Subst. De Componente eletrìnico;11
01/01/2022;COT12;DIVPASS;EQ13;DMX200L;OP124;DIVPASS;DF90;Reparo com formataá∆o e subst. FW/SW;12
01/01/2022;COT24;GVBUS;EQ14;DMX200 MOD H3.1;;;DF41;Envio para manutená∆o central-CTG;36
01/01/2022;COT24;GVBUS;EQ14;DMX200 MOD H3.1;;;DF46;Formataá∆o da mem¢ria e subst. FW;11
01/01/2022;COT24;GVBUS;EQ14;DMX200 MOD H3.1;;;DF292;Ressolda conector USB;137
01/01/2022;COT3;TEU;EQ14;DMX200 MOD H3.1;;;DF21;Atualizaá∆o de FW ;19
01/01/2022;COT3;TEU;EQ14;DMX200 MOD H3.1;;;DF115;Restauraá∆o da ROM via PC;19
01/01/2022;COT3;TEU;EQ14;DMX200 MOD H3.1;;;DF41;Envio para manutená∆o central-CTG;6
01/01/2022;COT19;S«O JO«O;EQ39;DMX200L JI21 SEM BATERIA;OP67;S«O JO«O;DF41;Envio para manutená∆o central-CTG;5
01/01/2022;COT19;S«O JO«O;EQ39;DMX200L JI21 SEM BATERIA;OP67;S«O JO«O;DF115;Restauraá∆o da ROM via PC;21
01/01/2022;COT19;S«O JO«O;EQ39;DMX200L JI21 SEM BATERIA;OP67;S«O JO«O;DF97;Ressolda;2
01/01/2022;COT20;ROSA TURISMO;EQ39;DMX200L JI21 SEM BATERIA;OP66;ROSA TURISMO;DF41;Envio para manutená∆o central-CTG;2
01/01/2022;COT20;ROSA TURISMO;EQ39;DMX200L JI21 SEM BATERIA;OP66;ROSA TURISMO;DF115;Restauraá∆o da ROM via PC;13
01/01/2022;COT20;ROSA TURISMO;EQ39;DMX200L JI21 SEM BATERIA;OP66;ROSA TURISMO;DF97;Ressolda;4
01/01/2022;COT4;Setut;EQ14;DMX200 MOD H3.1;;;DF41;Envio para manutená∆o central-CTG;9
01/01/2022;COT25;COOTRAPS - CE;EQ14;DMX200 MOD H3.1;OP129;COOTRAPS;DF39;Enviados para manutená∆o central CTG;38
01/01/2022;COT25;COOTRAPS - CE;EQ14;DMX200 MOD H3.1;OP129;COOTRAPS;DF90;Reparo com formataá∆o e subst. FW/SW;33
01/01/2022;COT1;Transfacil;EQ10;CONNECTION CCIT 4.0;;;DF37;Defeito n∆o encontrado e subst. FW/SW;4
01/01/2022;COT1;Transfacil;EQ10;CONNECTION CCIT 4.0;;;DF88;Reparo com formataá∆o e reinst. FW/SW;20
01/01/2022;COT1;Transfacil;EQ10;CONNECTION CCIT 4.0;;;DF169;Subst. De Componente eletrìnico;5
01/01/2022;COT1;Transfacil;EQ10;CONNECTION CCIT 4.0;;;DF102;Ressolda na Placa Connection;3
01/01/2022;COT24;GVBUS;EQ10;CONNECTION CCIT 4.0;;;DF187;Subst. Do cart∆o SD/HD;1
01/01/2022;COT2;Transcard;EQ10;CONNECTION CCIT 4.0;;;DF46;Formataá∆o da mem¢ria e subst. FW;16
01/01/2022;COT2;Transcard;EQ10;CONNECTION CCIT 4.0;;;DF256;Substituiá∆o de fus°vel;5
01/01/2022;COT2;Transcard;EQ10;CONNECTION CCIT 4.0;;;DF206;Subst. Do Conector USB;1
01/01/2022;COT2;Transcard;EQ10;CONNECTION CCIT 4.0;;;DF41;Envio para manutená∆o central-CTG;13
01/01/2022;COT10;Metropolitano-Bahia;EQ10;CONNECTION CCIT 4.0;OP64;METROPOLITANO SSA;DF21;Atualizaá∆o de FW ;5
01/01/2022;COT10;Metropolitano-Bahia;EQ10;CONNECTION CCIT 4.0;OP64;METROPOLITANO SSA;DF41;Envio para manutená∆o central-CTG;2
01/01/2022;COT19;S«O JO«O;EQ10;CONNECTION CCIT 4.0;OP67;S«O JO«O;DF21;Atualizaá∆o de FW ;2
01/01/2022;COT19;S«O JO«O;EQ10;CONNECTION CCIT 4.0;OP67;S«O JO«O;DF41;Envio para manutená∆o central-CTG;2
01/01/2022;COT20;ROSA TURISMO;EQ10;CONNECTION CCIT 4.0;OP66;ROSA TURISMO;DF41;Envio para manutená∆o central-CTG;3
01/01/2022;COT3;TEU;EQ22;V3000M;;;DF21;Atualizaá∆o de FW ;33
01/01/2022;COT3;TEU;EQ22;V3000M;;;DF115;Restauraá∆o da ROM via PC;29
01/01/2022;COT3;TEU;EQ22;V3000M;;;DF41;Envio para manutená∆o central-CTG;13
01/01/2022;COT3;TEU;EQ22;V3000M;;;DF186;Subst. Do cart∆o SD 32 GB;17
01/01/2022;COT3;TEU;EQ21;V3000L;;;DF21;Atualizaá∆o de FW ;3
01/01/2022;COT3;TEU;EQ21;V3000L;;;DF115;Restauraá∆o da ROM via PC;2
01/01/2022;COT3;TEU;EQ26;V3000M DVR;;;DF21;Atualizaá∆o de FW ;9
01/01/2022;COT3;TEU;EQ26;V3000M DVR;;;DF115;Restauraá∆o da ROM via PC;8
01/01/2022;COT3;TEU;EQ26;V3000M DVR;;;DF41;Envio para manutená∆o central-CTG;4
01/01/2022;COT3;TEU;EQ26;V3000M DVR;;;DF186;Subst. Do cart∆o SD 32 GB;7
01/01/2022;COT1;Transfacil;EQ27;UT (FTV 3000);;;DF88;Reparo com formataá∆o e reinst. FW/SW;8
01/01/2022;COT1;Transfacil;EQ27;UT (FTV 3000);;;DF169;Subst. De Componente eletrìnico;4
01/01/2022;COT24;GVBUS;EQ33;POS MOVE 2500;;;DF41;Envio para manutená∆o central-CTG;13
01/01/2022;COT19;S∆o Jo∆o;EQ31;POS 250;OP67;S«O JO«O;DF41;Envio para manutená∆o central-CTG;3
01/01/2022;COT2;Transcard;EQ31;POS 250;;;DF46;Formataá∆o da mem¢ria e subst. FW;3
01/01/2022;COT2;Transcard;EQ31;POS 250;;;DF132;Subst. Da Bateria de Lithium;2
01/01/2022;COT2;Transcard;EQ31;POS 250;;;DF7;Ajuste do M¢dulo de Impress∆o;4
01/01/2022;COT2;Transcard;EQ31;POS 250;;;DF41;Envio para manutená∆o central-CTG;9
01/02/2022;COT7;Alagoinhas;EQ34;CCIT 4.0 FRONTAL H2.1 C SEM BATERIA;OP68;ALAGOINHAS;DF113;Restaura RAM via PC;4
01/02/2022;COT21;Araguarina;EQ35;CCIT 4.0 FRONTAL H2 COM BATERIA;OP81;VIAÄ«O ARAGUARINA;DF41;Envio para manutená∆o central-CTG;3
01/02/2022;COT27;Cidade das µguas;EQ6;CCIT 4.0 FRONTAL H2.1;OP128;VIAÄ«O CIDADE DAS µGUAS;DF113;Restaura RAM via PC;1
01/02/2022;COT12;DIVPASS;EQ6;CCIT 4.0 FRONTAL H2.1;OP124;DIVPASS;DF88;Reparo com formataá∆o e reinst. FW/SW;10
01/02/2022;COT12;DIVPASS;EQ6;CCIT 4.0 FRONTAL H2.1;OP124;DIVPASS;DF216;Subst. Do M¢dulo H2;3
01/02/2022;COT12;DIVPASS;EQ6;CCIT 4.0 FRONTAL H2.1;OP124;DIVPASS;DF37;Defeito n∆o encontrado e subst. FW/SW;1
01/02/2022;COT12;DIVPASS;EQ6;CCIT 4.0 FRONTAL H2.1;OP124;DIVPASS;DF290;Subst. Da Antena 3G/GPRS para m¢dulo JI21;1
01/02/2022;COT12;DIVPASS;EQ6;CCIT 4.0 FRONTAL H2.1;OP124;DIVPASS;DF272;Subst. Do Touchscreen do m¢dulo;3
01/02/2022;COT11;Gov. Valadares;EQ6;CCIT 4.0 FRONTAL H2.1;OP53;VIAÄ«O MOBI;DF88;Reparo com formataá∆o e reinst. FW/SW;7
01/02/2022;COT11;Gov. Valadares;EQ6;CCIT 4.0 FRONTAL H2.1;OP53;VIAÄ«O MOBI;DF37;Defeito n∆o encontrado e subst. FW/SW;6
01/02/2022;COT11;Gov. Valadares;EQ6;CCIT 4.0 FRONTAL H2.1;OP53;VIAÄ«O MOBI;DF216;Subst. Do M¢dulo H2;2
01/02/2022;COT11;Gov. Valadares;EQ6;CCIT 4.0 FRONTAL H2.1;OP53;VIAÄ«O MOBI;DF169;Subst. De Componente eletrìnico;2
01/02/2022;COT11;Gov. Valadares;EQ6;CCIT 4.0 FRONTAL H2.1;OP53;VIAÄ«O MOBI;DF276;Subst. Placa do M¢dulo;1
01/02/2022;COT24;GVBUS;EQ28;ATM;OP108;GVBUS - SIND. DAS EMP. DE TRANP. METROP. DA GRANDE VIT‡RIA;DF262;Retirada de nota ATM e testes;8
01/02/2022;COT24;GVBUS;EQ28;ATM;OP108;GVBUS - SIND. DAS EMP. DE TRANP. METROP. DA GRANDE VIT‡RIA;DF218;Subst. Do Monitor;1
01/02/2022;COT24;GVBUS;EQ28;ATM;OP108;GVBUS - SIND. DAS EMP. DE TRANP. METROP. DA GRANDE VIT‡RIA;DF294;Cofre Entupido;6
01/02/2022;COT24;GVBUS;EQ28;ATM;OP108;GVBUS - SIND. DAS EMP. DE TRANP. METROP. DA GRANDE VIT‡RIA;DF78;PC Reiniciado;2
01/02/2022;COT24;GVBUS;EQ6;CCIT 4.0 FRONTAL H2.1;;;DF93;Reparo no m¢dulo;63
01/02/2022;COT24;GVBUS;EQ6;CCIT 4.0 FRONTAL H2.1;;;DF41;Envio para manutená∆o central-CTG;17
01/02/2022;COT6;Metro-Bahia;EQ28;ATM;OP63;METRO-BAHIA;DF143;Subst. da Impressora;1
01/02/2022;COT6;Metro-Bahia;EQ28;ATM;OP63;METRO-BAHIA;DF237;Subst. Do Validador de Notas;13
01/02/2022;COT6;Metro-Bahia;EQ28;ATM;OP63;METRO-BAHIA;DF227;Subst. Do PC ATM;2
01/02/2022;COT6;Metro-Bahia;EQ28;ATM;OP63;METRO-BAHIA;DF218;Subst. Do Monitor;3
01/02/2022;COT6;Metro-Bahia;EQ28;ATM;OP63;METRO-BAHIA;DF66;Manutená∆o na Fechadura Eletrìnica;1
01/02/2022;COT6;Metro-Bahia;EQ28;ATM;OP63;METRO-BAHIA;DF228;Subst. Do PDV ATM;1
01/02/2022;COT6;Metro-Bahia;EQ28;ATM;OP63;METRO-BAHIA;DF231;Subst. Do PINpad;1
01/02/2022;COT6;Metro-Bahia;EQ37;CCIT 3.13 BLOQUEIO;OP63;METRO-BAHIA;DF150;Subst. Da Placa Drive Antena;1
01/02/2022;COT6;Metro-Bahia;EQ9;CCIT 4.0 (BLOQUEIO) FRONTAL H1;OP63;METRO-BAHIA;DF113;Restaura RAM via PC;2
01/02/2022;COT6;Metro-Bahia;EQ9;CCIT 4.0 (BLOQUEIO) FRONTAL H1;OP63;METRO-BAHIA;DF41;Envio para manutená∆o central-CTG;3
01/02/2022;COT10;Metropolitano-Bahia;EQ6;CCIT 4.0 FRONTAL H2.1;OP64;METROPOLITANO SSA;DF113;Restaura RAM via PC;27
01/02/2022;COT10;Metropolitano-Bahia;EQ6;CCIT 4.0 FRONTAL H2.1;OP64;METROPOLITANO SSA;DF41;Envio para manutená∆o central-CTG;2
01/02/2022;COT10;Metropolitano-Bahia;EQ6;CCIT 4.0 FRONTAL H2.1;OP64;METROPOLITANO SSA;DF272;Subst. Do Touchscreen do m¢dulo;2
01/02/2022;COT10;Metropolitano-Bahia;EQ6;CCIT 4.0 FRONTAL H2.1;OP64;METROPOLITANO SSA;DF114;Restaura RAM via pendrive;6
01/02/2022;COT20;ROSA TURISMO;EQ36;CCIT 4.0 FRONTAL H1 COM BATERIA;OP66;ROSA TURISMO;DF113;Restaura RAM via PC;10
01/02/2022;COT20;ROSA TURISMO;EQ36;CCIT 4.0 FRONTAL H1 COM BATERIA;OP66;ROSA TURISMO;DF41;Envio para manutená∆o central-CTG;7
01/02/2022;COT19;S«O JO«O;EQ36;CCIT 4.0 FRONTAL H1 COM BATERIA;OP67;S«O JO«O;DF113;Restaura RAM via PC;7
01/02/2022;COT19;S«O JO«O;EQ36;CCIT 4.0 FRONTAL H1 COM BATERIA;OP67;S«O JO«O;DF41;Envio para manutená∆o central-CTG;3
01/02/2022;COT17;S«O JORGE - PONTE NOVA;EQ2;CCIT 3.2;OP50;S«O JORGE AUTO ONIBUS;DF132;Subst. Da Bateria de Lithium;1
01/02/2022;COT17;S«O JORGE - PONTE NOVA;EQ2;CCIT 3.2;OP50;S«O JORGE AUTO ONIBUS;DF108;Ressolda no circuito da placa-m∆e;5
01/02/2022;COT17;S«O JORGE - PONTE NOVA;EQ2;CCIT 3.2;OP50;S«O JORGE AUTO ONIBUS;DF88;Reparo com formataá∆o e reinst. FW/SW;5
01/02/2022;COT4;Setut;EQ6;CCIT 4.0 FRONTAL H2.1;;;DF41;Envio para manutená∆o central-CTG;15
01/02/2022;COT18;Sindpautras;EQ6;CCIT 4.0 FRONTAL H2.1;OP48;SINDPAUTRAS-SIND. PERM. AUT. TRANSP. SU;DF88;Reparo com formataá∆o e reinst. FW/SW;1
01/02/2022;COT22;Taguatur;EQ8;CCIT 4.0 FRONTAL JI21 SEM BATERIA;OP82;TAGUATUR;DF41;Envio para manutená∆o central-CTG;5
01/02/2022;COT3;TEU;EQ3;CCIT 3.5;;;DF162;Subst. Da Placa Mbccit;1
01/02/2022;COT3;TEU;EQ3;CCIT 3.5;;;DF157;Subst. Da Placa FTCLess;1
01/02/2022;COT3;TEU;EQ36;CCIT 4.0 FRONTAL H1 COM BATERIA;;;DF115;Restauraá∆o da ROM via PC;124
01/02/2022;COT3;TEU;EQ36;CCIT 4.0 FRONTAL H1 COM BATERIA;;;DF60;Limpeza de cache;43
01/02/2022;COT3;TEU;EQ36;CCIT 4.0 FRONTAL H1 COM BATERIA;;;DF132;Subst. Da Bateria de Lithium;51
01/02/2022;COT3;TEU;EQ36;CCIT 4.0 FRONTAL H1 COM BATERIA;;;DF136;Subst. Da Carcaáa inferior;15
01/02/2022;COT3;TEU;EQ36;CCIT 4.0 FRONTAL H1 COM BATERIA;;;DF41;Envio para manutená∆o central-CTG;13
01/02/2022;COT2;Transcard;EQ28;ATM;OP61;Setps (Transcard);DF143;Subst. da Impressora;4
01/02/2022;COT2;Transcard;EQ28;ATM;OP61;Setps (Transcard);DF237;Subst. Do Validador de Notas;7
01/02/2022;COT2;Transcard;EQ28;ATM;OP61;Setps (Transcard);DF284;Manutená∆o PC ATM;1
01/02/2022;COT2;Transcard;EQ28;ATM;OP61;Setps (Transcard);DF231;Subst. Do PINpad;1
01/02/2022;COT2;Transcard;EQ6;CCIT 4.0 FRONTAL H2.1;;;DF113;Restaura RAM via PC;51
01/02/2022;COT2;Transcard;EQ6;CCIT 4.0 FRONTAL H2.1;;;DF114;Restaura RAM via pendrive;23
01/02/2022;COT2;Transcard;EQ6;CCIT 4.0 FRONTAL H2.1;;;DF101;Ressolda Mbccit;3
01/02/2022;COT2;Transcard;EQ6;CCIT 4.0 FRONTAL H2.1;;;DF41;Enviados para manutená∆o central CTG;55
01/02/2022;COT2;Transcard;EQ6;CCIT 4.0 FRONTAL H2.1;;;DF272;Subst. Do Touchscreen do m¢dulo;19
01/02/2022;COT1;Transfacil;EQ28;ATM;OP27;TRANSFµCIL;DF237;Subst. Do Validador de Notas;9
01/02/2022;COT1;Transfacil;EQ28;ATM;OP27;TRANSFµCIL;DF258;Subst. Da Cabeáa de Impress∆o;3
01/02/2022;COT1;Transfacil;EQ28;ATM;OP27;TRANSFµCIL;DF280;Manutená∆o no Validador de Notas;2
01/02/2022;COT1;Transfacil;EQ28;ATM;OP27;TRANSFµCIL;DF67;Manutená∆o na Impressora;3
01/02/2022;COT1;Transfacil;EQ28;ATM;OP27;TRANSFµCIL;DF19;ATM - defeito n∆o confirmado;3
01/02/2022;COT1;Transfacil;EQ28;ATM;OP27;TRANSFµCIL;DF283;Subst. Tampa Plastico Validador de Notas;1
01/02/2022;COT1;Transfacil;EQ28;ATM;OP27;TRANSFµCIL;DF65;Manutená∆o Cofre;3
01/02/2022;COT1;Transfacil;EQ28;ATM;OP27;TRANSFµCIL;DF68;Manutená∆o no Dispenser;4
01/02/2022;COT1;Transfacil;EQ28;ATM;OP27;TRANSFµCIL;DF218;Subst. Do Monitor;2
01/02/2022;COT1;Transfacil;EQ28;ATM;OP27;TRANSFµCIL;DF212;Subst. Do HD;1
01/02/2022;COT1;Transfacil;EQ28;ATM;OP27;TRANSFµCIL;DF227;Subst. Do PC ATM;3
01/02/2022;COT1;Transfacil;EQ28;ATM;OP27;TRANSFµCIL;DF143;Subst. da Impressora;1
01/02/2022;COT1;Transfacil;EQ6;CCIT 4.0 FRONTAL H2.1;;;DF88;Reparo com formataá∆o e reinst. FW/SW;172
01/02/2022;COT1;Transfacil;EQ6;CCIT 4.0 FRONTAL H2.1;;;DF238;Subst. Do Vidro CCIT V4.0;11
01/02/2022;COT1;Transfacil;EQ6;CCIT 4.0 FRONTAL H2.1;;;DF216;Subst. Do M¢dulo H2;17
01/02/2022;COT1;Transfacil;EQ6;CCIT 4.0 FRONTAL H2.1;;;DF37;Defeito n∆o encontrado e subst. FW/SW;15
01/02/2022;COT1;Transfacil;EQ6;CCIT 4.0 FRONTAL H2.1;;;DF169;Subst. De Componente eletrìnico;3
01/02/2022;COT1;Transfacil;EQ6;CCIT 4.0 FRONTAL H2.1;;;DF136;Subst. Da Carcaáa inferior;5
01/02/2022;COT1;Transfacil;EQ6;CCIT 4.0 FRONTAL H2.1;OP13;Estaá‰es BRT Move;DF88;Reparo com formataá∆o e reinst. FW/SW;4
01/02/2022;COT1;Transfacil;EQ6;CCIT 4.0 FRONTAL H2.1;;;DF130;Subst. Da Antena WLAN;4
01/02/2022;COT1;Transfacil;EQ6;CCIT 4.0 FRONTAL H2.1;;;DF108;Ressolda no circuito da placa-m∆e;1
01/02/2022;COT1;Transfacil;EQ6;CCIT 4.0 FRONTAL H2.1;;;DF9;Ajuste e aperto de conex∆o;1
01/02/2022;COT1;Transfacil;EQ6;CCIT 4.0 FRONTAL H2.1;OP13;Estaá‰es BRT Move;DF169;Subst. De Componente eletrìnico;1
01/02/2022;COT23;UTB;EQ6;CCIT 4.0 FRONTAL H2.1;OP83;UTB;DF41;Envio para manutená∆o central-CTG;18
01/02/2022;COT1;Transfacil;EQ14;DMX200 MOD H3.1;;;DF41;Envio para manutená∆o central-CTG;22
01/02/2022;COT1;Transfacil;EQ14;DMX200 MOD H3.1;;;DF88;Reparo com formataá∆o e reinst. FW/SW;103
01/02/2022;COT1;Transfacil;EQ14;DMX200 MOD H3.1;;;DF169;Subst. De Componente eletrìnico;9
01/02/2022;COT1;Transfacil;EQ14;DMX200 MOD H3.1;;;DF170;Subst. De Gorila Glass;1
01/02/2022;COT11;Gov. Valadares;EQ13;DMX200L;OP53;VIAÄ«O MOBI;DF88;Reparo com formataá∆o e reinst. FW/SW;2
01/02/2022;COT12;DIVPASS;EQ13;DMX200L;OP124;DIVPASS;DF90;Reparo com formataá∆o e subst. FW/SW;12
01/02/2022;COT12;DIVPASS;EQ13;DMX200L;OP124;DIVPASS;DF41;Envio para manutená∆o central-CTG;2
01/02/2022;COT19;S«O JO«O;EQ39;DMX200L JI21 SEM BATERIA;OP67;S«O JO«O;DF41;Envio para manutená∆o central-CTG;4
01/02/2022;COT19;S«O JO«O;EQ39;DMX200L JI21 SEM BATERIA;OP67;S«O JO«O;DF115;Restauraá∆o da ROM via PC;15
01/02/2022;COT19;S«O JO«O;EQ39;DMX200L JI21 SEM BATERIA;OP67;S«O JO«O;DF97;Ressolda;3
01/02/2022;COT20;ROSA TURISMO;EQ39;DMX200L JI21 SEM BATERIA;OP66;ROSA TURISMO;DF41;Envio para manutená∆o central-CTG;2
01/02/2022;COT20;ROSA TURISMO;EQ39;DMX200L JI21 SEM BATERIA;OP66;ROSA TURISMO;DF115;Restauraá∆o da ROM via PC;15
01/02/2022;COT20;ROSA TURISMO;EQ39;DMX200L JI21 SEM BATERIA;OP66;ROSA TURISMO;DF97;Ressolda;4
01/02/2022;COT4;Setut;EQ14;DMX200 MOD H3.1;;;DF41;Envio para manutená∆o central-CTG;15
01/02/2022;COT25;COOTRAPS - CE;EQ14;DMX200 MOD H3.1;OP129;COOTRAPS;DF39;Enviados para manutená∆o central CTG;15
01/02/2022;COT25;COOTRAPS - CE;EQ14;DMX200 MOD H3.1;OP129;COOTRAPS;DF90;Reparo com formataá∆o e subst. FW/SW;52
01/02/2022;COT24;GVBUS;EQ14;DMX200 MOD H3.1;;;DF41;Envio para manutená∆o central-CTG;22
01/02/2022;COT24;GVBUS;EQ14;DMX200 MOD H3.1;;;DF46;Formataá∆o da mem¢ria e subst. FW;18
01/02/2022;COT24;GVBUS;EQ14;DMX200 MOD H3.1;;;DF292;Ressolda conector USB;48
01/02/2022;COT24;GVBUS;EQ14;DMX200 MOD H3.1;;;DF93;Reparo no m¢dulo;7
01/02/2022;COT3;TEU;EQ14;DMX200 MOD H3.1;;;DF21;Atualizaá∆o de FW ;11
01/02/2022;COT3;TEU;EQ14;DMX200 MOD H3.1;;;DF115;Restauraá∆o da ROM via PC;11
01/02/2022;COT3;TEU;EQ14;DMX200 MOD H3.1;;;DF41;Envio para manutená∆o central-CTG;5
01/02/2022;COT21;Araguarina;EQ13;DMX200L;OP81;VIAÄ«O ARAGUARINA;DF41;Envio para manutená∆o central-CTG;3
01/02/2022;COT22;Taguatur PM NOVO;EQ39;DMX200L JI21 SEM BATERIA;OP82;TAGUATUR;DF41;Envio para manutená∆o central-CTG;21
01/02/2022;COT1;Transfacil;EQ10;CONNECTION CCIT 4.0;;;DF37;Defeito n∆o encontrado e subst. FW/SW;1
01/02/2022;COT1;Transfacil;EQ10;CONNECTION CCIT 4.0;;;DF88;Reparo com formataá∆o e reinst. FW/SW;30
01/02/2022;COT1;Transfacil;EQ10;CONNECTION CCIT 4.0;;;DF169;Subst. De Componente eletrìnico;1
01/02/2022;COT1;Transfacil;EQ10;CONNECTION CCIT 4.0;;;DF102;Ressolda na Placa Connection;1
01/02/2022;COT2;Transcard;EQ10;CONNECTION CCIT 4.0;;;DF46;Formataá∆o da mem¢ria e subst. FW;16
01/02/2022;COT2;Transcard;EQ10;CONNECTION CCIT 4.0;;;DF256;Substituiá∆o de fus°vel;2
01/02/2022;COT2;Transcard;EQ10;CONNECTION CCIT 4.0;;;DF206;Subst. Do Conector USB;2
01/02/2022;COT2;Transcard;EQ10;CONNECTION CCIT 4.0;;;DF41;Envio para manutená∆o central-CTG;5
01/02/2022;COT19;S«O JO«O;EQ10;CONNECTION CCIT 4.0;OP67;S«O JO«O;DF21;Atualizaá∆o de FW ;3
01/02/2022;COT20;ROSA TURISMO;EQ10;CONNECTION CCIT 4.0;OP66;ROSA TURISMO;DF21;Atualizaá∆o de FW ;1
01/02/2022;COT4;Setut;EQ10;CONNECTION CCIT 4.0;;;DF41;Envio para manutená∆o central-CTG;4
01/02/2022;COT3;TEU;EQ22;V3000M;;;DF21;Atualizaá∆o de FW ;30
01/02/2022;COT3;TEU;EQ22;V3000M;;;DF115;Restauraá∆o da ROM via PC;30
01/02/2022;COT3;TEU;EQ22;V3000M;;;DF41;Envio para manutená∆o central-CTG;4
01/02/2022;COT3;TEU;EQ22;V3000M;;;DF186;Subst. Do cart∆o SD 32 GB;2
01/02/2022;COT3;TEU;EQ21;V3000L;;;DF21;Atualizaá∆o de FW ;1
01/02/2022;COT3;TEU;EQ21;V3000L;;;DF115;Restauraá∆o da ROM via PC;1
01/02/2022;COT3;TEU;EQ26;V3000M DVR;;;DF21;Atualizaá∆o de FW ;9
01/02/2022;COT3;TEU;EQ26;V3000M DVR;;;DF115;Restauraá∆o da ROM via PC;8
01/02/2022;COT3;TEU;EQ26;V3000M DVR;;;DF41;Envio para manutená∆o central-CTG;4
01/02/2022;COT3;TEU;EQ26;V3000M DVR;;;DF186;Subst. Do cart∆o SD 32 GB;7
01/02/2022;COT1;Transfacil;EQ27;UT (FTV 3000);;;DF169;Subst. De Componente eletrìnico;4
01/02/2022;COT19;S∆o Jo∆o;EQ31;POS 250;OP67;S«O JO«O;DF41;Envio para manutená∆o central-CTG;1
01/02/2022;COT19;S∆o Jo∆o;EQ31;POS 250;OP67;S«O JO«O;DF46;Formataá∆o da mem¢ria e subst. FW;2
01/02/2022;COT2;Transcard;EQ31;POS 250;;;DF41;Envio para manutená∆o central-CTG;10
01/02/2022;COT25;COOTRAPS - CE;EQ17;FONTE PM;OP129;COOTRAPS;DF88;Reparo com formataá∆o e reinst. FW/SW;7
01/03/2022;COT7;Alagoinhas;EQ34;CCIT 4.0 FRONTAL H2.1 C SEM BATERIA;OP68;ALAGOINHAS;DF113;Restaura RAM via PC;6
01/03/2022;COT7;Alagoinhas;EQ34;CCIT 4.0 FRONTAL H2.1 C SEM BATERIA;OP68;ALAGOINHAS;DF41;Envio para manutená∆o central-CTG;1
01/03/2022;COT21;Araguarina;EQ35;CCIT 4.0 FRONTAL H2 COM BATERIA;OP81;VIAÄ«O ARAGUARINA;DF41;Envio para manutená∆o central-CTG;3
01/03/2022;COT27;Cidade das µguas;EQ6;CCIT 4.0 FRONTAL H2.1;OP128;VIAÄ«O CIDADE DAS µGUAS;DF286;Subst. Tela;1
01/03/2022;COT12;DIVPASS;EQ6;CCIT 4.0 FRONTAL H2.1;OP124;DIVPASS;DF88;Reparo com formataá∆o e reinst. FW/SW;8
01/03/2022;COT12;DIVPASS;EQ6;CCIT 4.0 FRONTAL H2.1;OP124;DIVPASS;DF216;Subst. Do M¢dulo H2;3
01/03/2022;COT12;DIVPASS;EQ6;CCIT 4.0 FRONTAL H2.1;OP124;DIVPASS;DF37;Defeito n∆o encontrado e subst. FW/SW;1
01/03/2022;COT11;Gov. Valadares;EQ6;CCIT 4.0 FRONTAL H2.1;OP53;VIAÄ«O MOBI;DF88;Reparo com formataá∆o e reinst. FW/SW;4
01/03/2022;COT11;Gov. Valadares;EQ6;CCIT 4.0 FRONTAL H2.1;OP53;VIAÄ«O MOBI;DF37;Defeito n∆o encontrado e subst. FW/SW;4
01/03/2022;COT11;Gov. Valadares;EQ6;CCIT 4.0 FRONTAL H2.1;OP53;VIAÄ«O MOBI;DF216;Subst. Do M¢dulo H2;2
01/03/2022;COT24;GVBUS;EQ28;ATM;OP108;GVBUS - SIND. DAS EMP. DE TRANP. METROP. DA GRANDE VIT‡RIA;DF262;Retirada de nota ATM e testes;6
01/03/2022;COT24;GVBUS;EQ28;ATM;OP108;GVBUS - SIND. DAS EMP. DE TRANP. METROP. DA GRANDE VIT‡RIA;DF294;Cofre Entupido;4
01/03/2022;COT24;GVBUS;EQ6;CCIT 4.0 FRONTAL H2.1;;;DF93;Reparo no m¢dulo;64
01/03/2022;COT24;GVBUS;EQ6;CCIT 4.0 FRONTAL H2.1;;;DF41;Envio para manutená∆o central-CTG;38
01/03/2022;COT24;GVBUS;EQ6;CCIT 4.0 FRONTAL H2.1;;;DF21;Atualizaá∆o de FW ;9
01/03/2022;COT6;Metro-Bahia;EQ28;ATM;OP63;METRO-BAHIA;DF143;Subst. da Impressora;8
01/03/2022;COT6;Metro-Bahia;EQ28;ATM;OP63;METRO-BAHIA;DF237;Subst. Do Validador de Notas;10
01/03/2022;COT6;Metro-Bahia;EQ28;ATM;OP63;METRO-BAHIA;DF218;Subst. Do Monitor;1
01/03/2022;COT6;Metro-Bahia;EQ9;CCIT 4.0 (BLOQUEIO) FRONTAL H1;OP63;METRO-BAHIA;DF113;Restaura RAM via PC;2
01/03/2022;COT6;Metro-Bahia;EQ9;CCIT 4.0 (BLOQUEIO) FRONTAL H1;OP63;METRO-BAHIA;DF41;Envio para manutená∆o central-CTG;3
01/03/2022;COT5;METROFOR/ VLT FORTALEZA;EQ38;CCIT 4.0 METROFOR;OP105;METROFOR LINHA SUL;DF41;Envio para manutená∆o central-CTG;12
01/03/2022;COT10;Metropolitano-Bahia;EQ6;CCIT 4.0 FRONTAL H2.1;OP64;METROPOLITANO SSA;DF113;Restaura RAM via PC;25
01/03/2022;COT10;Metropolitano-Bahia;EQ6;CCIT 4.0 FRONTAL H2.1;OP64;METROPOLITANO SSA;DF41;Envio para manutená∆o central-CTG;4
01/03/2022;COT10;Metropolitano-Bahia;EQ6;CCIT 4.0 FRONTAL H2.1;OP64;METROPOLITANO SSA;DF114;Restaura RAM via pendrive;6
01/03/2022;COT19;S«O JO«O;EQ36;CCIT 4.0 FRONTAL H1 COM BATERIA;OP67;S«O JO«O;DF113;Restaura RAM via PC;11
01/03/2022;COT19;S«O JO«O;EQ36;CCIT 4.0 FRONTAL H1 COM BATERIA;OP67;S«O JO«O;DF41;Envio para manutená∆o central-CTG;1
01/03/2022;COT17;S«O JORGE - PONTE NOVA;EQ2;CCIT 3.2;OP50;S«O JORGE AUTO ONIBUS;DF88;Reparo com formataá∆o e reinst. FW/SW;5
01/03/2022;COT17;S«O JORGE - PONTE NOVA;EQ2;CCIT 3.2;OP50;S«O JORGE AUTO ONIBUS;DF108;Ressolda no circuito da placa-m∆e;5
01/03/2022;COT17;S«O JORGE - PONTE NOVA;EQ2;CCIT 3.2;OP50;S«O JORGE AUTO ONIBUS;DF132;Subst. Da Bateria de Lithium;1
01/03/2022;COT4;Setut;EQ6;CCIT 4.0 FRONTAL H2.1;;;DF113;Restaura RAM via PC;1
01/03/2022;COT4;Setut;EQ6;CCIT 4.0 FRONTAL H2.1;;;DF41;Envio para manutená∆o central-CTG;10
01/03/2022;COT18;Sindpautras;EQ6;CCIT 4.0 FRONTAL H2.1;OP48;SINDPAUTRAS-SIND. PERM. AUT. TRANSP. SU;DF88;Reparo com formataá∆o e reinst. FW/SW;17
01/03/2022;COT18;Sindpautras;EQ6;CCIT 4.0 FRONTAL H2.1;OP48;SINDPAUTRAS-SIND. PERM. AUT. TRANSP. SU;DF37;Defeito n∆o encontrado e subst. FW/SW;5
01/03/2022;COT18;Sindpautras;EQ6;CCIT 4.0 FRONTAL H2.1;OP48;SINDPAUTRAS-SIND. PERM. AUT. TRANSP. SU;DF216;Subst. Do M¢dulo H2;2
01/03/2022;COT22;Taguatur;EQ8;CCIT 4.0 FRONTAL JI21 SEM BATERIA;OP82;TAGUATUR;DF41;Envio para manutená∆o central-CTG;8
01/03/2022;COT3;TEU;EQ36;CCIT 4.0 FRONTAL H1 COM BATERIA;;;DF115;Restauraá∆o da ROM via PC;232
01/03/2022;COT3;TEU;EQ36;CCIT 4.0 FRONTAL H1 COM BATERIA;;;DF60;Limpeza de cache;13
01/03/2022;COT3;TEU;EQ36;CCIT 4.0 FRONTAL H1 COM BATERIA;;;DF132;Subst. Da Bateria de Lithium;3
01/03/2022;COT3;TEU;EQ36;CCIT 4.0 FRONTAL H1 COM BATERIA;;;DF114;Restaura RAM via pendrive;192
01/03/2022;COT3;TEU;EQ36;CCIT 4.0 FRONTAL H1 COM BATERIA;;;DF41;Envio para manutená∆o central-CTG;3
01/03/2022;COT2;Transcard;EQ28;ATM;OP61;Setps (Transcard);DF143;Subst. da Impressora;1
01/03/2022;COT2;Transcard;EQ28;ATM;OP61;Setps (Transcard);DF237;Subst. Do Validador de Notas;11
01/03/2022;COT2;Transcard;EQ28;ATM;OP61;Setps (Transcard);DF284;Manutená∆o PC ATM;1
01/03/2022;COT2;Transcard;EQ28;ATM;OP61;Setps (Transcard);DF231;Subst. Do PINpad;2
01/03/2022;COT2;Transcard;EQ6;CCIT 4.0 FRONTAL H2.1;;;DF113;Restaura RAM via PC;64
01/03/2022;COT2;Transcard;EQ6;CCIT 4.0 FRONTAL H2.1;;;DF114;Restaura RAM via pendrive;13
01/03/2022;COT2;Transcard;EQ6;CCIT 4.0 FRONTAL H2.1;;;DF101;Ressolda Mbccit;4
01/03/2022;COT2;Transcard;EQ6;CCIT 4.0 FRONTAL H2.1;;;DF41;Enviados para manutená∆o central CTG;37
01/03/2022;COT2;Transcard;EQ6;CCIT 4.0 FRONTAL H2.1;;;DF272;Subst. Do Touchscreen do m¢dulo;22
01/03/2022;COT1;Transfacil;EQ28;ATM;OP27;TRANSFµCIL;DF237;Subst. Do Validador de Notas;1
01/03/2022;COT1;Transfacil;EQ28;ATM;OP27;TRANSFµCIL;DF258;Subst. Da Cabeáa de Impress∆o;2
01/03/2022;COT1;Transfacil;EQ28;ATM;OP27;TRANSFµCIL;DF67;Manutená∆o na Impressora;6
01/03/2022;COT1;Transfacil;EQ28;ATM;OP27;TRANSFµCIL;DF65;Manutená∆o Cofre;6
01/03/2022;COT1;Transfacil;EQ28;ATM;OP27;TRANSFµCIL;DF68;Manutená∆o no Dispenser;2
01/03/2022;COT1;Transfacil;EQ28;ATM;OP27;TRANSFµCIL;DF218;Subst. Do Monitor;1
01/03/2022;COT1;Transfacil;EQ28;ATM;OP27;TRANSFµCIL;DF227;Subst. Do PC ATM;1
01/03/2022;COT1;Transfacil;EQ28;ATM;OP27;TRANSFµCIL;DF197;Subst. Do Cofre;1
01/03/2022;COT1;Transfacil;EQ3;CCIT 3.5;;;DF88;Reparo com formataá∆o e reinst. FW/SW;4
01/03/2022;COT1;Transfacil;EQ3;CCIT 3.5;;;DF108;Ressolda no circuito da placa-m∆e;2
01/03/2022;COT1;Transfacil;EQ6;CCIT 4.0 FRONTAL H2.1;;;DF88;Reparo com formataá∆o e reinst. FW/SW;222
01/03/2022;COT1;Transfacil;EQ6;CCIT 4.0 FRONTAL H2.1;;;DF238;Subst. Do Vidro CCIT V4.0;10
01/03/2022;COT1;Transfacil;EQ6;CCIT 4.0 FRONTAL H2.1;;;DF216;Subst. Do M¢dulo H2;6
01/03/2022;COT1;Transfacil;EQ6;CCIT 4.0 FRONTAL H2.1;;;DF37;Defeito n∆o encontrado e subst. FW/SW;5
01/03/2022;COT1;Transfacil;EQ6;CCIT 4.0 FRONTAL H2.1;;;DF169;Subst. De Componente eletrìnico;1
01/03/2022;COT1;Transfacil;EQ6;CCIT 4.0 FRONTAL H2.1;;;DF136;Subst. Da Carcaáa inferior;3
01/03/2022;COT1;Transfacil;EQ6;CCIT 4.0 FRONTAL H2.1;OP13;Estaá‰es BRT Move;DF88;Reparo com formataá∆o e reinst. FW/SW;15
01/03/2022;COT1;Transfacil;EQ6;CCIT 4.0 FRONTAL H2.1;;;DF130;Subst. Da Antena WLAN;1
01/03/2022;COT1;Transfacil;EQ6;CCIT 4.0 FRONTAL H2.1;;;DF108;Ressolda no circuito da placa-m∆e;2
01/03/2022;COT15;TURIN OURO BRANCO;EQ6;CCIT 4.0 FRONTAL H2.1;OP127;TURIN OURO BRANCO MG;DF216;Subst. Do M¢dulo H2;1
01/03/2022;COT15;TURIN OURO BRANCO;EQ6;CCIT 4.0 FRONTAL H2.1;OP127;TURIN OURO BRANCO MG;DF88;Reparo com formataá∆o e reinst. FW/SW;7
01/03/2022;COT15;TURIN OURO BRANCO;EQ6;CCIT 4.0 FRONTAL H2.1;OP127;TURIN OURO BRANCO MG;DF169;Subst. De Componente eletrìnico;1
01/03/2022;COT14;TURIN OURO PRETO;EQ6;CCIT 4.0 FRONTAL H2.1;OP52;VIAÄ«O TURIN OURO PRETO;DF216;Subst. Do M¢dulo H2;1
01/03/2022;COT14;TURIN OURO PRETO;EQ6;CCIT 4.0 FRONTAL H2.1;OP52;VIAÄ«O TURIN OURO PRETO;DF88;Reparo com formataá∆o e reinst. FW/SW;9
01/03/2022;COT14;TURIN OURO PRETO;EQ6;CCIT 4.0 FRONTAL H2.1;OP52;VIAÄ«O TURIN OURO PRETO;DF169;Subst. De Componente eletrìnico;1
01/03/2022;COT14;TURIN OURO PRETO;EQ6;CCIT 4.0 FRONTAL H2.1;OP52;VIAÄ«O TURIN OURO PRETO;DF272;Subst. Do Touchscreen do m¢dulo;2
01/03/2022;COT23;UTB;EQ6;CCIT 4.0 FRONTAL H2.1;OP83;UTB;DF41;Envio para manutená∆o central-CTG;22
01/03/2022;COT16;Via Ouro;EQ6;CCIT 4.0 FRONTAL H2.1;OP49;VIA OURO COLETIVOS LTDA;DF37;Defeito n∆o encontrado e subst. FW/SW;1
01/03/2022;COT1;Transfacil;EQ14;DMX200 MOD H3.1;;;DF41;Envio para manutená∆o central-CTG;14
01/03/2022;COT1;Transfacil;EQ14;DMX200 MOD H3.1;;;DF88;Reparo com formataá∆o e reinst. FW/SW;83
01/03/2022;COT11;Gov. Valadares;EQ13;DMX200L;OP53;VIAÄ«O MOBI;DF88;Reparo com formataá∆o e reinst. FW/SW;5
01/03/2022;COT12;DIVPASS;EQ13;DMX200L;OP124;DIVPASS;DF90;Reparo com formataá∆o e subst. FW/SW;5
01/03/2022;COT12;DIVPASS;EQ13;DMX200L;OP124;DIVPASS;DF41;Envio para manutená∆o central-CTG;1
01/03/2022;COT20;ROSA TURISMO;EQ39;DMX200L JI21 SEM BATERIA;OP66;ROSA TURISMO;DF41;Envio para manutená∆o central-CTG;1
01/03/2022;COT20;ROSA TURISMO;EQ39;DMX200L JI21 SEM BATERIA;OP66;ROSA TURISMO;DF115;Restauraá∆o da ROM via PC;4
01/03/2022;COT20;ROSA TURISMO;EQ39;DMX200L JI21 SEM BATERIA;OP66;ROSA TURISMO;DF97;Ressolda;3
01/03/2022;COT19;S«O JO«O;EQ39;DMX200L JI21 SEM BATERIA;OP67;S«O JO«O;DF41;Envio para manutená∆o central-CTG;1
01/03/2022;COT19;S«O JO«O;EQ39;DMX200L JI21 SEM BATERIA;OP67;S«O JO«O;DF115;Restauraá∆o da ROM via PC;6
01/03/2022;COT19;S«O JO«O;EQ39;DMX200L JI21 SEM BATERIA;OP67;S«O JO«O;DF97;Ressolda;3
01/03/2022;COT4;Setut;EQ14;DMX200 MOD H3.1;;;DF41;Envio para manutená∆o central-CTG;3
01/03/2022;COT25;COOTRAPS - CE;EQ14;DMX200 MOD H3.1;OP129;COOTRAPS;DF39;Enviados para manutená∆o central CTG;10
01/03/2022;COT25;COOTRAPS - CE;EQ14;DMX200 MOD H3.1;OP129;COOTRAPS;DF90;Reparo com formataá∆o e subst. FW/SW;23
01/03/2022;COT24;GVBUS;EQ14;DMX200 MOD H3.1;;;DF41;Envio para manutená∆o central-CTG;44
01/03/2022;COT24;GVBUS;EQ14;DMX200 MOD H3.1;;;DF46;Formataá∆o da mem¢ria e subst. FW;21
01/03/2022;COT24;GVBUS;EQ14;DMX200 MOD H3.1;;;DF292;Ressolda conector USB;74
01/03/2022;COT21;Araguarina;EQ13;DMX200L;OP81;VIAÄ«O ARAGUARINA;DF41;Envio para manutená∆o central-CTG;5
01/03/2022;COT22;Taguatur PM NOVO;EQ39;DMX200L JI21 SEM BATERIA;OP82;TAGUATUR;DF41;Envio para manutená∆o central-CTG;22
01/03/2022;COT1;Transfacil;EQ10;CONNECTION CCIT 4.0;;;DF37;Defeito n∆o encontrado e subst. FW/SW;3
01/03/2022;COT1;Transfacil;EQ10;CONNECTION CCIT 4.0;;;DF88;Reparo com formataá∆o e reinst. FW/SW;31
01/03/2022;COT1;Transfacil;EQ10;CONNECTION CCIT 4.0;;;DF169;Subst. De Componente eletrìnico;2
01/03/2022;COT1;Transfacil;EQ10;CONNECTION CCIT 4.0;;;DF102;Ressolda na Placa Connection;1
01/03/2022;COT2;Transcard;EQ10;CONNECTION CCIT 4.0;;;DF46;Formataá∆o da mem¢ria e subst. FW;14
01/03/2022;COT2;Transcard;EQ10;CONNECTION CCIT 4.0;;;DF256;Substituiá∆o de fus°vel;2
01/03/2022;COT2;Transcard;EQ10;CONNECTION CCIT 4.0;;;DF206;Subst. Do Conector USB;2
01/03/2022;COT2;Transcard;EQ10;CONNECTION CCIT 4.0;;;DF41;Envio para manutená∆o central-CTG;9
01/03/2022;COT10;Metropolitano-Bahia;EQ10;CONNECTION CCIT 4.0;OP64;METROPOLITANO SSA;DF21;Atualizaá∆o de FW ;6
01/03/2022;COT19;S«O JO«O;EQ10;CONNECTION CCIT 4.0;OP67;S«O JO«O;DF21;Atualizaá∆o de FW ;3
01/03/2022;COT3;TEU;EQ22;V3000M;;;DF21;Atualizaá∆o de FW ;56
01/03/2022;COT3;TEU;EQ22;V3000M;;;DF115;Restauraá∆o da ROM via PC;56
01/03/2022;COT3;TEU;EQ22;V3000M;;;DF41;Envio para manutená∆o central-CTG;6
01/03/2022;COT3;TEU;EQ26;V3000M DVR;;;DF21;Atualizaá∆o de FW ;10
01/03/2022;COT3;TEU;EQ26;V3000M DVR;;;DF115;Restauraá∆o da ROM via PC;10
01/03/2022;COT1;Transfacil;EQ27;UT (FTV 3000);;;DF169;Subst. De Componente eletrìnico;5
01/03/2022;COT1;Transfacil;EQ27;UT (FTV 3000);;;DF88;Reparo com formataá∆o e reinst. FW/SW;6
01/03/2022;COT24;GVBUS;EQ33;POS MOVE 2500;;;DF41;Envio para manutená∆o central-CTG;20
01/03/2022;COT10;Metropolitano-Bahia;EQ31;POS 250;OP64;METROPOLITANO SSA;DF41;Envio para manutená∆o central-CTG;2
01/03/2022;COT19;S∆o Jo∆o;EQ31;POS 250;OP67;S«O JO«O;DF41;Envio para manutená∆o central-CTG;2
01/03/2022;COT19;S∆o Jo∆o;EQ31;POS 250;OP67;S«O JO«O;DF46;Formataá∆o da mem¢ria e subst. FW;1
01/03/2022;COT2;Transcard;EQ31;POS 250;;;DF41;Envio para manutená∆o central-CTG;5
01/04/2022;COT7;Alagoinhas;EQ34;CCIT 4.0 FRONTAL H2.1 C SEM BATERIA;OP68;ALAGOINHAS;DF113;Restaura RAM via PC;3
01/04/2022;COT7;Alagoinhas;EQ34;CCIT 4.0 FRONTAL H2.1 C SEM BATERIA;OP68;ALAGOINHAS;DF41;Envio para manutená∆o central-CTG;1
01/04/2022;COT21;Araguarina;EQ35;CCIT 4.0 FRONTAL H2 COM BATERIA;OP81;VIAÄ«O ARAGUARINA;DF41;Envio para manutená∆o central-CTG;3
01/04/2022;COT8;CBTU;EQ1;CCIT 3.0;OP47;CBTU - COMPANHIA BRASILEIRA DE TRENS URBANOS;DF88;Reparo com formataá∆o e reinst. FW/SW;1
01/04/2022;COT12;DIVPASS;EQ6;CCIT 4.0 FRONTAL H2.1;OP124;DIVPASS;DF88;Reparo com formataá∆o e reinst. FW/SW;6
01/04/2022;COT12;DIVPASS;EQ6;CCIT 4.0 FRONTAL H2.1;OP124;DIVPASS;DF238;Subst. Do Vidro CCIT V4.0;1
01/04/2022;COT12;DIVPASS;EQ6;CCIT 4.0 FRONTAL H2.1;OP124;DIVPASS;DF37;Defeito n∆o encontrado e subst. FW/SW;1
01/04/2022;COT12;DIVPASS;EQ6;CCIT 4.0 FRONTAL H2.1;OP124;DIVPASS;DF272;Subst. Do Touchscreen do m¢dulo;1
01/04/2022;COT33;FLORIAN‡POLIS;EQ8;CCIT 4.0 FRONTAL JI21 SEM BATERIA;;;DF115;Restauraá∆o da ROM via PC;15
01/04/2022;COT33;FLORIAN‡POLIS;EQ8;CCIT 4.0 FRONTAL JI21 SEM BATERIA;;;DF60;Limpeza de cache;6
01/04/2022;COT33;FLORIAN‡POLIS;EQ8;CCIT 4.0 FRONTAL JI21 SEM BATERIA;;;DF41;Envio para manutená∆o central-CTG;2
01/04/2022;COT24;GVBUS;EQ28;ATM;OP108;GVBUS - SIND. DAS EMP. DE TRANP. METROP. DA GRANDE VIT‡RIA;DF262;Retirada de nota ATM e testes;3
01/04/2022;COT24;GVBUS;EQ28;ATM;OP108;GVBUS - SIND. DAS EMP. DE TRANP. METROP. DA GRANDE VIT‡RIA;DF19;ATM - defeito n∆o confirmado;1
01/04/2022;COT24;GVBUS;EQ28;ATM;OP108;GVBUS - SIND. DAS EMP. DE TRANP. METROP. DA GRANDE VIT‡RIA;DF296;ATM - sem conex∆o com internet;1
01/04/2022;COT24;GVBUS;EQ6;CCIT 4.0 FRONTAL H2.1;;;DF91;Reparo com Gravaá∆o de PIC e reinst. Do FW;6
01/04/2022;COT24;GVBUS;EQ6;CCIT 4.0 FRONTAL H2.1;;;DF41;Envio para manutená∆o central-CTG;42
01/04/2022;COT24;GVBUS;EQ6;CCIT 4.0 FRONTAL H2.1;;;DF21;Atualizaá∆o de FW ;9
01/04/2022;COT6;Metro-Bahia;EQ28;ATM;OP63;METRO-BAHIA;DF143;Subst. da Impressora;3
01/04/2022;COT6;Metro-Bahia;EQ28;ATM;OP63;METRO-BAHIA;DF237;Subst. Do Validador de Notas;16
01/04/2022;COT6;Metro-Bahia;EQ28;ATM;OP63;METRO-BAHIA;DF218;Subst. Do Monitor;1
01/04/2022;COT6;Metro-Bahia;EQ28;ATM;OP63;METRO-BAHIA;DF228;Subst. Do PDV ATM;1
01/04/2022;COT6;Metro-Bahia;EQ28;ATM;OP63;METRO-BAHIA;DF260;Subst. HUB Serial;1
01/04/2022;COT6;Metro-Bahia;EQ28;ATM;OP63;METRO-BAHIA;DF284;Manutená∆o PC ATM;2
01/04/2022;COT6;Metro-Bahia;EQ28;ATM;OP63;METRO-BAHIA;DF236;Subst. Do Teclado de Metal Frontal;1
01/04/2022;COT6;Metro-Bahia;EQ9;CCIT 4.0 (BLOQUEIO) FRONTAL H1;OP63;METRO-BAHIA;DF113;Restaura RAM via PC;8
01/04/2022;COT6;Metro-Bahia;EQ9;CCIT 4.0 (BLOQUEIO) FRONTAL H1;OP63;METRO-BAHIA;DF41;Envio para manutená∆o central-CTG;3
01/04/2022;COT10;Metropolitano-Bahia;EQ6;CCIT 4.0 FRONTAL H2.1;OP64;METROPOLITANO SSA;DF113;Restaura RAM via PC;33
01/04/2022;COT10;Metropolitano-Bahia;EQ6;CCIT 4.0 FRONTAL H2.1;OP64;METROPOLITANO SSA;DF41;Envio para manutená∆o central-CTG;4
01/04/2022;COT10;Metropolitano-Bahia;EQ6;CCIT 4.0 FRONTAL H2.1;OP64;METROPOLITANO SSA;DF114;Restaura RAM via pendrive;5
01/04/2022;COT20;ROSA TURISMO;EQ36;CCIT 4.0 FRONTAL H1 COM BATERIA;OP66;ROSA TURISMO;DF113;Restaura RAM via PC;15
01/04/2022;COT19;S«O JO«O;EQ36;CCIT 4.0 FRONTAL H1 COM BATERIA;OP67;S«O JO«O;DF113;Restaura RAM via PC;5
01/04/2022;COT19;S«O JO«O;EQ36;CCIT 4.0 FRONTAL H1 COM BATERIA;OP67;S«O JO«O;DF41;Envio para manutená∆o central-CTG;3
01/04/2022;COT17;S«O JORGE - PONTE NOVA;EQ2;CCIT 3.2;OP50;S«O JORGE AUTO ONIBUS;DF88;Reparo com formataá∆o e reinst. FW/SW;6
01/04/2022;COT4;Setut;EQ6;CCIT 4.0 FRONTAL H2.1;;;DF41;Envio para manutená∆o central-CTG;24
01/04/2022;COT18;Sindpautras;EQ6;CCIT 4.0 FRONTAL H2.1;OP48;SINDPAUTRAS-SIND. PERM. AUT. TRANSP. SU;DF88;Reparo com formataá∆o e reinst. FW/SW;5
01/04/2022;COT22;Taguatur;EQ8;CCIT 4.0 FRONTAL JI21 SEM BATERIA;OP82;TAGUATUR;DF41;Envio para manutená∆o central-CTG;39
01/04/2022;COT3;TEU;EQ36;CCIT 4.0 FRONTAL H1 COM BATERIA;;;DF115;Restauraá∆o da ROM via PC;192
01/04/2022;COT3;TEU;EQ36;CCIT 4.0 FRONTAL H1 COM BATERIA;;;DF60;Limpeza de cache;159
01/04/2022;COT3;TEU;EQ36;CCIT 4.0 FRONTAL H1 COM BATERIA;;;DF132;Subst. Da Bateria de Lithium;4
01/04/2022;COT3;TEU;EQ36;CCIT 4.0 FRONTAL H1 COM BATERIA;;;DF114;Restaura RAM via pendrive;197
01/04/2022;COT3;TEU;EQ36;CCIT 4.0 FRONTAL H1 COM BATERIA;;;DF41;Envio para manutená∆o central-CTG;15
01/04/2022;COT2;Transcard;EQ28;ATM;OP61;Setps (Transcard);DF143;Subst. da Impressora;3
01/04/2022;COT2;Transcard;EQ28;ATM;OP61;Setps (Transcard);DF237;Subst. Do Validador de Notas;6
01/04/2022;COT2;Transcard;EQ28;ATM;OP61;Setps (Transcard);DF284;Manutená∆o PC ATM;1
01/04/2022;COT2;Transcard;EQ28;ATM;OP61;Setps (Transcard);DF231;Subst. Do PINpad;3
01/04/2022;COT2;Transcard;EQ28;ATM;OP61;Setps (Transcard);DF228;Subst. Do PDV ATM;1
01/04/2022;COT2;Transcard;EQ6;CCIT 4.0 FRONTAL H2.1;;;DF113;Restaura RAM via PC;71
01/04/2022;COT2;Transcard;EQ6;CCIT 4.0 FRONTAL H2.1;;;DF114;Restaura RAM via pendrive;13
01/04/2022;COT2;Transcard;EQ6;CCIT 4.0 FRONTAL H2.1;;;DF101;Ressolda Mbccit;5
01/04/2022;COT2;Transcard;EQ6;CCIT 4.0 FRONTAL H2.1;;;DF41;Enviados para manutená∆o central CTG;37
01/04/2022;COT2;Transcard;EQ6;CCIT 4.0 FRONTAL H2.1;;;DF272;Subst. Do Touchscreen do m¢dulo;24
01/04/2022;COT1;Transfacil;EQ28;ATM;OP27;TRANSFµCIL;DF237;Subst. Do Validador de Notas;2
01/04/2022;COT1;Transfacil;EQ28;ATM;OP27;TRANSFµCIL;DF258;Subst. Da Cabeáa de Impress∆o;4
01/04/2022;COT1;Transfacil;EQ28;ATM;OP27;TRANSFµCIL;DF65;Manutená∆o Cofre;1
01/04/2022;COT1;Transfacil;EQ28;ATM;OP27;TRANSFµCIL;DF227;Subst. Do PC ATM;2
01/04/2022;COT1;Transfacil;EQ28;ATM;OP27;TRANSFµCIL;DF197;Subst. Do Cofre;2
01/04/2022;COT1;Transfacil;EQ28;ATM;OP27;TRANSFµCIL;DF280;Manutená∆o no Validador de Notas;3
01/04/2022;COT1;Transfacil;EQ28;ATM;OP27;TRANSFµCIL;DF143;Subst. da Impressora;1
01/04/2022;COT1;Transfacil;EQ28;ATM;OP27;TRANSFµCIL;DF228;Subst. Do PDV ATM;1
01/04/2022;COT1;Transfacil;EQ28;ATM;OP27;TRANSFµCIL;DF212;Subst. Do HD;1
01/04/2022;COT1;Transfacil;EQ6;CCIT 4.0 FRONTAL H2.1;;;DF88;Reparo com formataá∆o e reinst. FW/SW;181
01/04/2022;COT1;Transfacil;EQ6;CCIT 4.0 FRONTAL H2.1;;;DF238;Subst. Do Vidro CCIT V4.0;15
01/04/2022;COT1;Transfacil;EQ6;CCIT 4.0 FRONTAL H2.1;;;DF216;Subst. Do M¢dulo H2;3
01/04/2022;COT1;Transfacil;EQ6;CCIT 4.0 FRONTAL H2.1;;;DF37;Defeito n∆o encontrado e subst. FW/SW;4
01/04/2022;COT1;Transfacil;EQ6;CCIT 4.0 FRONTAL H2.1;;;DF136;Subst. Da Carcaáa inferior;1
01/04/2022;COT1;Transfacil;EQ6;CCIT 4.0 FRONTAL H2.1;;;DF130;Subst. Da Antena WLAN;1
01/04/2022;COT1;Transfacil;EQ6;CCIT 4.0 FRONTAL H2.1;OP13;Estaá‰es BRT Move;DF88;Reparo com formataá∆o e reinst. FW/SW;12
01/04/2022;COT1;Transfacil;EQ6;CCIT 4.0 FRONTAL H2.1;OP13;Estaá‰es BRT Move;DF238;Subst. Do Vidro CCIT V4.0;2
01/04/2022;COT1;Transfacil;EQ6;CCIT 4.0 FRONTAL H2.1;OP13;Estaá‰es BRT Move;DF37;Defeito n∆o encontrado e subst. FW/SW;1
01/04/2022;COT23;UTB;EQ6;CCIT 4.0 FRONTAL H2.1;OP83;UTB;DF41;Envio para manutená∆o central-CTG;11
01/04/2022;COT16;Via Ouro;EQ6;CCIT 4.0 FRONTAL H2.1;OP49;VIA OURO COLETIVOS LTDA;DF37;Defeito n∆o encontrado e subst. FW/SW;1
01/04/2022;COT1;Transfacil;EQ14;DMX200 MOD H3.1;;;DF41;Envio para manutená∆o central-CTG;14
01/04/2022;COT1;Transfacil;EQ14;DMX200 MOD H3.1;;;DF88;Reparo com formataá∆o e reinst. FW/SW;77
01/04/2022;COT12;DIVPASS;EQ13;DMX200L;OP124;DIVPASS;DF90;Reparo com formataá∆o e subst. FW/SW;6
01/04/2022;COT24;GVBUS;EQ14;DMX200 MOD H3.1;;;DF41;Envio para manutená∆o central-CTG;26
01/04/2022;COT24;GVBUS;EQ14;DMX200 MOD H3.1;;;DF46;Formataá∆o da mem¢ria e subst. FW;21
01/04/2022;COT24;GVBUS;EQ14;DMX200 MOD H3.1;;;DF292;Ressolda conector USB;46
01/04/2022;COT3;TEU;EQ14;DMX200 MOD H3.1;;;DF21;Atualizaá∆o de FW ;40
01/04/2022;COT3;TEU;EQ14;DMX200 MOD H3.1;;;DF115;Restauraá∆o da ROM via PC;24
01/04/2022;COT3;TEU;EQ14;DMX200 MOD H3.1;;;DF41;Envio para manutená∆o central-CTG;7
01/04/2022;COT33;FLORIAN‡POLIS;EQ15;DMX200L SEM BATERIA;;;DF21;Atualizaá∆o de FW ;38
01/04/2022;COT33;FLORIAN‡POLIS;EQ15;DMX200L SEM BATERIA;;;DF115;Restauraá∆o da ROM via PC;38
01/04/2022;COT33;FLORIAN‡POLIS;EQ15;DMX200L SEM BATERIA;;;DF297;Subst. PMS;4
01/04/2022;COT33;FLORIAN‡POLIS;EQ15;DMX200L SEM BATERIA;;;DF270;Gravaá∆o do IMEI;1
01/04/2022;COT33;FLORIAN‡POLIS;EQ15;DMX200L SEM BATERIA;;;DF41;Envio para manutená∆o central-CTG;4
01/04/2022;COT22;Taguatur PM NOVO;EQ39;DMX200L JI21 SEM BATERIA;OP82;TAGUATUR;DF41;Envio para manutená∆o central-CTG;52
01/04/2022;COT19;S«O JO«O;EQ39;DMX200L JI21 SEM BATERIA;OP67;S«O JO«O;DF127;Subst. Conector USB;2
01/04/2022;COT19;S«O JO«O;EQ39;DMX200L JI21 SEM BATERIA;OP67;S«O JO«O;DF115;Restauraá∆o da ROM via PC;8
01/04/2022;COT19;S«O JO«O;EQ39;DMX200L JI21 SEM BATERIA;OP67;S«O JO«O;DF97;Ressolda;1
01/04/2022;COT20;ROSA TURISMO;EQ39;DMX200L JI21 SEM BATERIA;OP66;ROSA TURISMO;DF41;Envio para manutená∆o central-CTG;3
01/04/2022;COT20;ROSA TURISMO;EQ39;DMX200L JI21 SEM BATERIA;OP66;ROSA TURISMO;DF115;Restauraá∆o da ROM via PC;9
01/04/2022;COT20;ROSA TURISMO;EQ39;DMX200L JI21 SEM BATERIA;OP66;ROSA TURISMO;DF97;Ressolda;3
01/04/2022;COT4;Setut;EQ14;DMX200 MOD H3.1;;;DF41;Envio para manutená∆o central-CTG;6
01/04/2022;COT25;COOTRAPS - CE;EQ14;DMX200 MOD H3.1;OP129;COOTRAPS;DF39;Enviados para manutená∆o central CTG;12
01/04/2022;COT25;COOTRAPS - CE;EQ14;DMX200 MOD H3.1;OP129;COOTRAPS;DF90;Reparo com formataá∆o e subst. FW/SW;10
01/04/2022;COT25;COOTRAPS - CE;EQ14;DMX200 MOD H3.1;OP129;COOTRAPS;DF298;Subst. De placa do sensor;6
01/04/2022;COT1;Transfacil;EQ10;CONNECTION CCIT 4.0;;;DF88;Reparo com formataá∆o e reinst. FW/SW;14
01/04/2022;COT1;Transfacil;EQ10;CONNECTION CCIT 4.0;;;DF169;Subst. De Componente eletrìnico;1
01/04/2022;COT24;GVBUS;EQ10;CONNECTION CCIT 4.0;;;DF41;Envio para manutená∆o central-CTG;1
01/04/2022;COT2;Transcard;EQ10;CONNECTION CCIT 4.0;;;DF46;Formataá∆o da mem¢ria e subst. FW;18
01/04/2022;COT2;Transcard;EQ10;CONNECTION CCIT 4.0;;;DF256;Substituiá∆o de fus°vel;2
01/04/2022;COT2;Transcard;EQ10;CONNECTION CCIT 4.0;;;DF206;Subst. Do Conector USB;4
01/04/2022;COT2;Transcard;EQ10;CONNECTION CCIT 4.0;;;DF41;Envio para manutená∆o central-CTG;3
01/04/2022;COT10;Metropolitano-Bahia;EQ10;CONNECTION CCIT 4.0;OP64;METROPOLITANO SSA;DF21;Atualizaá∆o de FW ;7
01/04/2022;COT10;Metropolitano-Bahia;EQ10;CONNECTION CCIT 4.0;OP64;METROPOLITANO SSA;DF41;Envio para manutená∆o central-CTG;1
01/04/2022;COT19;S«O JO«O;EQ10;CONNECTION CCIT 4.0;OP67;S«O JO«O;DF21;Atualizaá∆o de FW ;2
01/04/2022;COT3;TEU;EQ22;V3000M;;;DF21;Atualizaá∆o de FW ;79
01/04/2022;COT3;TEU;EQ22;V3000M;;;DF115;Restauraá∆o da ROM via PC;79
01/04/2022;COT3;TEU;EQ22;V3000M;;;DF41;Envio para manutená∆o central-CTG;4
01/04/2022;COT3;TEU;EQ26;V3000M DVR;;;DF21;Atualizaá∆o de FW ;35
01/04/2022;COT3;TEU;EQ26;V3000M DVR;;;DF115;Restauraá∆o da ROM via PC;27
01/04/2022;COT3;TEU;EQ21;V3000L;;;DF21;Atualizaá∆o de FW ;3
01/04/2022;COT3;TEU;EQ21;V3000L;;;DF115;Restauraá∆o da ROM via PC;3
01/04/2022;COT3;TEU;EQ22;V3000M;;;DF41;Envio para manutená∆o central-CTG;1
01/04/2022;COT1;Transfacil;EQ27;UT (FTV 3000);;;DF169;Subst. De Componente eletrìnico;12
01/04/2022;COT1;Transfacil;EQ27;UT (FTV 3000);;;DF88;Reparo com formataá∆o e reinst. FW/SW;5
01/04/2022;COT1;Transfacil;EQ27;UT (FTV 3000);;;DF33;Defeito n∆o encontrado - testes e liberaá∆o;3
01/04/2022;COT24;GVBUS;EQ33;POS MOVE 2500;;;DF41;Envio para manutená∆o central-CTG;11
01/04/2022;COT20;Rosa Turismo;EQ31;POS 250;OP66;ROSA TURISMO;DF41;Envio para manutená∆o central-CTG;1
01/04/2022;COT20;Rosa Turismo;EQ31;POS 250;OP66;ROSA TURISMO;DF46;Formataá∆o da mem¢ria e subst. FW;1
01/04/2022;COT2;Transcard;EQ31;POS 250;;;DF41;Envio para manutená∆o central-CTG;11
01/04/2022;COT2;Transcard;EQ31;POS 250;;;DF46;Formataá∆o da mem¢ria e subst. FW;2
01/04/2022;COT2;Transcard;EQ31;POS 250;;;DF7;Ajuste do M¢dulo de Impress∆o;2
01/05/2022;COT8;CBTU;EQ1;CCIT 3.0;OP47;CBTU - COMPANHIA BRASILEIRA DE TRENS URBANOS;DF88;Reparo com formataá∆o e reinst. FW/SW;2
01/05/2022;COT8;CBTU;EQ1;CCIT 3.0;OP47;CBTU - COMPANHIA BRASILEIRA DE TRENS URBANOS;DF37;Defeito n∆o encontrado e subst. FW/SW;1
01/05/2022;COT8;CBTU;EQ1;CCIT 3.0;OP47;CBTU - COMPANHIA BRASILEIRA DE TRENS URBANOS;DF129;Subst. Da Antena Cless e adesivo frontal;2
01/05/2022;COT12;DIVPASS;EQ6;CCIT 4.0 FRONTAL H2.1;OP124;DIVPASS;DF88;Reparo com formataá∆o e reinst. FW/SW;14
01/05/2022;COT12;DIVPASS;EQ6;CCIT 4.0 FRONTAL H2.1;OP124;DIVPASS;DF238;Subst. Do Vidro CCIT V4.0;1
01/05/2022;COT12;DIVPASS;EQ6;CCIT 4.0 FRONTAL H2.1;OP124;DIVPASS;DF37;Defeito n∆o encontrado e subst. FW/SW;1
01/05/2022;COT12;DIVPASS;EQ6;CCIT 4.0 FRONTAL H2.1;OP124;DIVPASS;DF130;Subst. Da Antena WLAN;1
01/05/2022;COT24;GVBUS;EQ28;ATM;OP108;GVBUS - SIND. DAS EMP. DE TRANP. METROP. DA GRANDE VIT‡RIA;DF262;Retirada de nota ATM e testes;5
01/05/2022;COT24;GVBUS;EQ28;ATM;OP108;GVBUS - SIND. DAS EMP. DE TRANP. METROP. DA GRANDE VIT‡RIA;DF78;PC Reiniciado;2
01/05/2022;COT24;GVBUS;EQ28;ATM;OP108;GVBUS - SIND. DAS EMP. DE TRANP. METROP. DA GRANDE VIT‡RIA;DF231;Subst. Do PINpad;1
01/05/2022;COT24;GVBUS;EQ28;ATM;OP108;GVBUS - SIND. DAS EMP. DE TRANP. METROP. DA GRANDE VIT‡RIA;DF299;Subst. De UPEX ATM;2
01/05/2022;COT24;GVBUS;EQ6;CCIT 4.0 FRONTAL H2.1;;;DF91;Reparo com Gravaá∆o de PIC e reinst. Do FW;81
01/05/2022;COT24;GVBUS;EQ6;CCIT 4.0 FRONTAL H2.1;;;DF41;Envio para manutená∆o central-CTG;53
01/05/2022;COT24;GVBUS;EQ6;CCIT 4.0 FRONTAL H2.1;;;DF21;Atualizaá∆o de FW ;11
01/05/2022;COT6;Metro-Bahia;EQ28;ATM;OP63;METRO-BAHIA;DF143;Subst. da Impressora;7
01/05/2022;COT6;Metro-Bahia;EQ28;ATM;OP63;METRO-BAHIA;DF237;Subst. Do Validador de Notas;12
01/05/2022;COT6;Metro-Bahia;EQ28;ATM;OP63;METRO-BAHIA;DF218;Subst. Do Monitor;2
01/05/2022;COT6;Metro-Bahia;EQ28;ATM;OP63;METRO-BAHIA;DF260;Subst. HUB Serial;2
01/05/2022;COT6;Metro-Bahia;EQ28;ATM;OP63;METRO-BAHIA;DF284;Manutená∆o PC ATM;2
01/05/2022;COT6;Metro-Bahia;EQ28;ATM;OP63;METRO-BAHIA;DF236;Subst. Do Teclado de Metal Frontal;1
01/05/2022;COT5;METROFOR/ VLT FORTALEZA;EQ38;CCIT 4.0 METROFOR;OP105;METROFOR LINHA SUL;DF113;Restaura RAM via PC;4
01/05/2022;COT5;METROFOR/ VLT FORTALEZA;EQ38;CCIT 4.0 METROFOR;OP105;METROFOR LINHA SUL;DF41;Envio para manutená∆o central-CTG;22
01/05/2022;COT5;METROFOR/ VLT FORTALEZA;EQ38;CCIT 4.0 METROFOR;OP105;METROFOR LINHA SUL;DF88;Reparo com formataá∆o e reinst. FW/SW;3
01/05/2022;COT10;Metropolitano-Bahia;EQ6;CCIT 4.0 FRONTAL H2.1;OP64;METROPOLITANO SSA;DF113;Restaura RAM via PC;35
01/05/2022;COT10;Metropolitano-Bahia;EQ6;CCIT 4.0 FRONTAL H2.1;OP64;METROPOLITANO SSA;DF41;Envio para manutená∆o central-CTG;5
01/05/2022;COT10;Metropolitano-Bahia;EQ6;CCIT 4.0 FRONTAL H2.1;OP64;METROPOLITANO SSA;DF114;Restaura RAM via pendrive;7
01/05/2022;COT20;ROSA TURISMO;EQ36;CCIT 4.0 FRONTAL H1 COM BATERIA;OP66;ROSA TURISMO;DF113;Restaura RAM via PC;3
01/05/2022;COT20;ROSA TURISMO;EQ36;CCIT 4.0 FRONTAL H1 COM BATERIA;OP66;ROSA TURISMO;DF41;Envio para manutená∆o central-CTG;2
01/05/2022;COT19;S«O JO«O;EQ36;CCIT 4.0 FRONTAL H1 COM BATERIA;OP67;S«O JO«O;DF113;Restaura RAM via PC;3
01/05/2022;COT19;S«O JO«O;EQ36;CCIT 4.0 FRONTAL H1 COM BATERIA;OP67;S«O JO«O;DF41;Envio para manutená∆o central-CTG;1
01/05/2022;COT17;S«O JORGE - PONTE NOVA;EQ2;CCIT 3.2;OP50;S«O JORGE AUTO ONIBUS;DF88;Reparo com formataá∆o e reinst. FW/SW;9
01/05/2022;COT17;S«O JORGE - PONTE NOVA;EQ2;CCIT 3.2;OP50;S«O JORGE AUTO ONIBUS;DF211;Subst. Do Equipamento completo;1
01/05/2022;COT4;Setut;EQ6;CCIT 4.0 FRONTAL H2.1;;;DF41;Envio para manutená∆o central-CTG;15
01/05/2022;COT18;Sindpautras;EQ6;CCIT 4.0 FRONTAL H2.1;OP48;SINDPAUTRAS-SIND. PERM. AUT. TRANSP. SU;DF88;Reparo com formataá∆o e reinst. FW/SW;33
01/05/2022;COT18;Sindpautras;EQ6;CCIT 4.0 FRONTAL H2.1;OP48;SINDPAUTRAS-SIND. PERM. AUT. TRANSP. SU;DF216;Subst. Do M¢dulo H2;3
01/05/2022;COT18;Sindpautras;EQ6;CCIT 4.0 FRONTAL H2.1;OP48;SINDPAUTRAS-SIND. PERM. AUT. TRANSP. SU;DF37;Defeito n∆o encontrado e subst. FW/SW;3
01/05/2022;COT18;Sindpautras;EQ6;CCIT 4.0 FRONTAL H2.1;OP48;SINDPAUTRAS-SIND. PERM. AUT. TRANSP. SU;DF108;Ressolda no circuito da placa-m∆e;2
01/05/2022;COT22;Taguatur;EQ35;CCIT 4.0 FRONTAL H2 COM BATERIA;OP82;TAGUATUR;DF41;Envio para manutená∆o central-CTG;10
01/05/2022;COT3;TEU;EQ36;CCIT 4.0 FRONTAL H1 COM BATERIA;;;DF115;Restauraá∆o da ROM via PC;186
01/05/2022;COT3;TEU;EQ36;CCIT 4.0 FRONTAL H1 COM BATERIA;;;DF60;Limpeza de cache;44
01/05/2022;COT3;TEU;EQ36;CCIT 4.0 FRONTAL H1 COM BATERIA;;;DF132;Subst. Da Bateria de Lithium;5
01/05/2022;COT3;TEU;EQ36;CCIT 4.0 FRONTAL H1 COM BATERIA;;;DF41;Envio para manutená∆o central-CTG;19
01/05/2022;COT2;Transcard;EQ28;ATM;OP61;Setps (Transcard);DF143;Subst. da Impressora;3
01/05/2022;COT2;Transcard;EQ28;ATM;OP61;Setps (Transcard);DF237;Subst. Do Validador de Notas;5
01/05/2022;COT2;Transcard;EQ28;ATM;OP61;Setps (Transcard);DF228;Subst. Do PDV ATM;1
01/05/2022;COT2;Transcard;EQ28;ATM;OP61;Setps (Transcard);DF218;Subst. Do Monitor;1
01/05/2022;COT2;Transcard;EQ28;ATM;OP61;Setps (Transcard);DF284;Manutená∆o PC ATM;1
01/05/2022;COT2;Transcard;EQ6;CCIT 4.0 FRONTAL H2.1;;;DF113;Restaura RAM via PC;69
01/05/2022;COT2;Transcard;EQ6;CCIT 4.0 FRONTAL H2.1;;;DF114;Restaura RAM via pendrive;15
01/05/2022;COT2;Transcard;EQ6;CCIT 4.0 FRONTAL H2.1;;;DF101;Ressolda Mbccit;5
01/05/2022;COT2;Transcard;EQ6;CCIT 4.0 FRONTAL H2.1;;;DF41;Enviados para manutená∆o central CTG;25
01/05/2022;COT2;Transcard;EQ6;CCIT 4.0 FRONTAL H2.1;;;DF272;Subst. Do Touchscreen do m¢dulo;39
01/05/2022;COT1;Transfacil;EQ28;ATM;OP27;TRANSFµCIL;DF237;Subst. Do Validador de Notas;9
01/05/2022;COT1;Transfacil;EQ28;ATM;OP27;TRANSFµCIL;DF65;Manutená∆o Cofre;4
01/05/2022;COT1;Transfacil;EQ28;ATM;OP27;TRANSFµCIL;DF227;Subst. Do PC ATM;2
01/05/2022;COT1;Transfacil;EQ28;ATM;OP27;TRANSFµCIL;DF197;Subst. Do Cofre;1
01/05/2022;COT1;Transfacil;EQ28;ATM;OP27;TRANSFµCIL;DF280;Manutená∆o no Validador de Notas;4
01/05/2022;COT1;Transfacil;EQ28;ATM;OP27;TRANSFµCIL;DF228;Subst. Do PDV ATM;1
01/05/2022;COT1;Transfacil;EQ28;ATM;OP27;TRANSFµCIL;DF212;Subst. Do HD;2
01/05/2022;COT1;Transfacil;EQ28;ATM;OP27;TRANSFµCIL;DF19;ATM - defeito n∆o confirmado;5
01/05/2022;COT1;Transfacil;EQ28;ATM;OP27;TRANSFµCIL;DF85;Reinstalaá∆o do Drive da Impressora;1
01/05/2022;COT1;Transfacil;EQ28;ATM;OP27;TRANSFµCIL;DF128;Subst. Da antena Cless;1
01/05/2022;COT1;Transfacil;EQ28;ATM;OP27;TRANSFµCIL;DF10;Ajuste mecÉnico fechadura Porta Interna;2
01/05/2022;COT1;Transfacil;EQ6;CCIT 4.0 FRONTAL H2.1;;;DF88;Reparo com formataá∆o e reinst. FW/SW;150
01/05/2022;COT1;Transfacil;EQ6;CCIT 4.0 FRONTAL H2.1;;;DF238;Subst. Do Vidro CCIT V4.0;9
01/05/2022;COT1;Transfacil;EQ6;CCIT 4.0 FRONTAL H2.1;;;DF216;Subst. Do M¢dulo H2;3
01/05/2022;COT1;Transfacil;EQ6;CCIT 4.0 FRONTAL H2.1;;;DF37;Defeito n∆o encontrado e subst. FW/SW;6
01/05/2022;COT1;Transfacil;EQ6;CCIT 4.0 FRONTAL H2.1;;;DF136;Subst. Da Carcaáa inferior;4
01/05/2022;COT1;Transfacil;EQ6;CCIT 4.0 FRONTAL H2.1;;;DF130;Subst. Da Antena WLAN;3
01/05/2022;COT1;Transfacil;EQ6;CCIT 4.0 FRONTAL H2.1;;;DF108;Ressolda no circuito da placa-m∆e;2
01/05/2022;COT1;Transfacil;EQ6;CCIT 4.0 FRONTAL H2.1;;;DF133;Subst. Da Campainha CCIT;1
01/05/2022;COT1;Transfacil;EQ6;CCIT 4.0 FRONTAL H2.1;OP13;Estaá‰es BRT Move;DF88;Reparo com formataá∆o e reinst. FW/SW;19
01/05/2022;COT1;Transfacil;EQ6;CCIT 4.0 FRONTAL H2.1;OP13;Estaá‰es BRT Move;DF238;Subst. Do Vidro CCIT V4.0;1
01/05/2022;COT15;TURIN OURO BRANCO;EQ6;CCIT 4.0 FRONTAL H2.1;OP127;TURIN OURO BRANCO MG;DF88;Reparo com formataá∆o e reinst. FW/SW;8
01/05/2022;COT15;TURIN OURO BRANCO;EQ6;CCIT 4.0 FRONTAL H2.1;OP127;TURIN OURO BRANCO MG;DF169;Subst. De Componente eletrìnico;1
01/05/2022;COT14;TURIN OURO PRETO;EQ6;CCIT 4.0 FRONTAL H2.1;OP52;VIAÄ«O TURIN OURO PRETO;DF88;Reparo com formataá∆o e reinst. FW/SW;8
01/05/2022;COT23;UTB;EQ6;CCIT 4.0 FRONTAL H2.1;OP83;UTB;DF41;Envio para manutená∆o central-CTG;15
01/05/2022;COT1;Transfacil;EQ14;DMX200 MOD H3.1;;;DF41;Envio para manutená∆o central-CTG;27
01/05/2022;COT1;Transfacil;EQ14;DMX200 MOD H3.1;;;DF88;Reparo com formataá∆o e reinst. FW/SW;107
01/05/2022;COT1;Transfacil;EQ14;DMX200 MOD H3.1;;;DF170;Subst. De Gorila Glass;1
01/05/2022;COT11;Gov. Valadares;EQ13;DMX200L;OP53;VIAÄ«O MOBI;DF88;Reparo com formataá∆o e reinst. FW/SW;5
01/05/2022;COT12;DIVPASS;EQ13;DMX200L;OP124;DIVPASS;DF90;Reparo com formataá∆o e subst. FW/SW;10
01/05/2022;COT12;DIVPASS;EQ13;DMX200L;OP124;DIVPASS;DF41;Envio para manutená∆o central-CTG;2
01/05/2022;COT3;TEU;EQ14;DMX200 MOD H3.1;;;DF21;Atualizaá∆o de FW ;18
01/05/2022;COT3;TEU;EQ14;DMX200 MOD H3.1;;;DF115;Restauraá∆o da ROM via PC;1
01/05/2022;COT21;Araguarina;EQ13;DMX200L;OP81;VIAÄ«O ARAGUARINA;DF41;Envio para manutená∆o central-CTG;5
01/05/2022;COT22;Taguatur PM NOVO;EQ39;DMX200L JI21 SEM BATERIA;OP82;TAGUATUR;DF41;Envio para manutená∆o central-CTG;19
01/05/2022;COT19;S«O JO«O;EQ39;DMX200L JI21 SEM BATERIA;OP67;S«O JO«O;DF41;Envio para manutená∆o central-CTG;1
01/05/2022;COT4;Setut;EQ14;DMX200 MOD H3.1;;;DF41;Envio para manutená∆o central-CTG;2
01/05/2022;COT25;COOTRAPS - CE;EQ14;DMX200 MOD H3.1;OP129;COOTRAPS;DF39;Enviados para manutená∆o central CTG;10
01/05/2022;COT25;COOTRAPS - CE;EQ14;DMX200 MOD H3.1;OP129;COOTRAPS;DF90;Reparo com formataá∆o e subst. FW/SW;13
01/05/2022;COT24;GVBUS;EQ14;DMX200 MOD H3.1;;;DF41;Envio para manutená∆o central-CTG;44
01/05/2022;COT24;GVBUS;EQ14;DMX200 MOD H3.1;;;DF46;Formataá∆o da mem¢ria e subst. FW;37
01/05/2022;COT24;GVBUS;EQ14;DMX200 MOD H3.1;;;DF292;Ressolda conector USB;25
01/05/2022;COT24;GVBUS;EQ14;DMX200 MOD H3.1;;;DF21;Atualizaá∆o de FW ;71
01/05/2022;COT1;Transfacil;EQ10;CONNECTION CCIT 4.0;;;DF88;Reparo com formataá∆o e reinst. FW/SW;25
01/05/2022;COT1;Transfacil;EQ10;CONNECTION CCIT 4.0;;;DF37;Defeito n∆o encontrado e subst. FW/SW;1
01/05/2022;COT2;Transcard;EQ10;CONNECTION CCIT 4.0;;;DF46;Formataá∆o da mem¢ria e subst. FW;19
01/05/2022;COT2;Transcard;EQ10;CONNECTION CCIT 4.0;;;DF256;Substituiá∆o de fus°vel;3
01/05/2022;COT2;Transcard;EQ10;CONNECTION CCIT 4.0;;;DF206;Subst. Do Conector USB;3
01/05/2022;COT2;Transcard;EQ10;CONNECTION CCIT 4.0;;;DF41;Envio para manutená∆o central-CTG;4
01/05/2022;COT10;Metropolitano-Bahia;EQ10;CONNECTION CCIT 4.0;OP64;METROPOLITANO SSA;DF21;Atualizaá∆o de FW ;6
01/05/2022;COT10;Metropolitano-Bahia;EQ10;CONNECTION CCIT 4.0;OP64;METROPOLITANO SSA;DF41;Envio para manutená∆o central-CTG;3
01/05/2022;COT19;S«O JO«O;EQ10;CONNECTION CCIT 4.0;OP67;S«O JO«O;DF21;Atualizaá∆o de FW ;5
01/05/2022;COT20;ROSA TURISMO;EQ10;CONNECTION CCIT 4.0;OP66;ROSA TURISMO;DF21;Atualizaá∆o de FW ;5
01/05/2022;COT24;GVBUS;EQ10;CONNECTION CCIT 4.0;;;DF41;Envio para manutená∆o central-CTG;15
01/05/2022;COT24;GVBUS;EQ10;CONNECTION CCIT 4.0;;;DF21;Atualizaá∆o de FW ;12
01/05/2022;COT3;TEU;EQ22;V3000M;;;DF21;Atualizaá∆o de FW ;66
01/05/2022;COT3;TEU;EQ22;V3000M;;;DF115;Restauraá∆o da ROM via PC;66
01/05/2022;COT3;TEU;EQ22;V3000M;;;DF232;Subst. Do SDCard;6
01/05/2022;COT3;TEU;EQ22;V3000M;;;DF26;Atualizaá∆o do PIC;3
01/05/2022;COT3;TEU;EQ22;V3000M;;;DF41;Envio para manutená∆o central-CTG;2
01/05/2022;COT3;TEU;EQ21;V3000L;;;DF21;Atualizaá∆o de FW ;5
01/05/2022;COT3;TEU;EQ21;V3000L;;;DF115;Restauraá∆o da ROM via PC;5
01/05/2022;COT3;TEU;EQ26;V3000M DVR;;;DF21;Atualizaá∆o de FW ;23
01/05/2022;COT3;TEU;EQ26;V3000M DVR;;;DF115;Restauraá∆o da ROM via PC;23
01/05/2022;COT3;TEU;EQ26;V3000M DVR;;;DF232;Subst. Do SDCard;4
01/05/2022;COT3;TEU;EQ26;V3000M DVR;;;DF41;Envio para manutená∆o central-CTG;5
01/05/2022;COT1;Transfacil;EQ27;UT (FTV 3000);;;DF169;Subst. De Componente eletrìnico;12
01/05/2022;COT1;Transfacil;EQ27;UT (FTV 3000);;;DF88;Reparo com formataá∆o e reinst. FW/SW;5
01/05/2022;COT1;Transfacil;EQ27;UT (FTV 3000);;;DF33;Defeito n∆o encontrado - testes e liberaá∆o;3
01/05/2022;COT20;Rosa Turismo;EQ31;POS 250;OP66;ROSA TURISMO;DF41;Envio para manutená∆o central-CTG;2
01/05/2022;COT20;Rosa Turismo;EQ31;POS 250;OP66;ROSA TURISMO;DF46;Formataá∆o da mem¢ria e subst. FW;2
01/05/2022;COT19;S∆o Jo∆o;EQ31;POS 250;OP67;S«O JO«O;DF41;Envio para manutená∆o central-CTG;2
01/05/2022;COT19;S∆o Jo∆o;EQ31;POS 250;OP67;S«O JO«O;DF46;Formataá∆o da mem¢ria e subst. FW;2
01/05/2022;COT2;Transcard;EQ31;POS 250;;;DF41;Envio para manutená∆o central-CTG;7
01/05/2022;COT2;Transcard;EQ31;POS 250;;;DF46;Formataá∆o da mem¢ria e subst. FW;1
01/05/2022;COT2;Transcard;EQ31;POS 250;;;DF7;Ajuste do M¢dulo de Impress∆o;2
01/05/2022;COT25;COOTRAPS - CE;EQ17;FONTE PM;OP129;COOTRAPS;DF41;Envio para manutená∆o central-CTG;2
01/06/2022;COT7;Alagoinhas;EQ34;CCIT 4.0 FRONTAL H2.1 C SEM BATERIA;OP68;ALAGOINHAS;DF113;Restaura RAM via PC;3
01/06/2022;COT21;Araguarina;EQ35;CCIT 4.0 FRONTAL H2 COM BATERIA;OP81;VIAÄ«O ARAGUARINA;DF41;Envio para manutená∆o central-CTG;2
01/06/2022;COT8;CBTU;EQ1;CCIT 3.0;OP47;CBTU - COMPANHIA BRASILEIRA DE TRENS URBANOS;DF88;Reparo com formataá∆o e reinst. FW/SW;6
01/06/2022;COT8;CBTU;EQ1;CCIT 3.0;OP47;CBTU - COMPANHIA BRASILEIRA DE TRENS URBANOS;DF129;Subst. Da Antena Cless e adesivo frontal;1
01/06/2022;COT12;DIVPASS;EQ6;CCIT 4.0 FRONTAL H2.1;OP124;DIVPASS;DF88;Reparo com formataá∆o e reinst. FW/SW;2
01/06/2022;COT12;DIVPASS;EQ6;CCIT 4.0 FRONTAL H2.1;OP124;DIVPASS;DF37;Defeito n∆o encontrado e subst. FW/SW;1
01/06/2022;COT33;FLORIAN‡POLIS;EQ8;CCIT 4.0 FRONTAL JI21 SEM BATERIA;;;DF115;Restauraá∆o da ROM via PC;12
01/06/2022;COT24;GVBUS;EQ28;ATM;OP108;GVBUS - SIND. DAS EMP. DE TRANP. METROP. DA GRANDE VIT‡RIA;DF262;Retirada de nota ATM e testes;3
01/06/2022;COT24;GVBUS;EQ28;ATM;OP108;GVBUS - SIND. DAS EMP. DE TRANP. METROP. DA GRANDE VIT‡RIA;DF78;PC Reiniciado;3
01/06/2022;COT24;GVBUS;EQ28;ATM;OP108;GVBUS - SIND. DAS EMP. DE TRANP. METROP. DA GRANDE VIT‡RIA;DF231;Subst. Do PINpad;2
01/06/2022;COT24;GVBUS;EQ28;ATM;OP108;GVBUS - SIND. DAS EMP. DE TRANP. METROP. DA GRANDE VIT‡RIA;DF208;Subst. Do Dispenser do cart∆o;3
01/06/2022;COT24;GVBUS;EQ28;ATM;OP108;GVBUS - SIND. DAS EMP. DE TRANP. METROP. DA GRANDE VIT‡RIA;DF218;Subst. Do Monitor;3
01/06/2022;COT24;GVBUS;EQ6;CCIT 4.0 FRONTAL H2.1;;;DF91;Reparo com Gravaá∆o de PIC e reinst. Do FW;59
01/06/2022;COT24;GVBUS;EQ6;CCIT 4.0 FRONTAL H2.1;;;DF41;Envio para manutená∆o central-CTG;35
01/06/2022;COT24;GVBUS;EQ6;CCIT 4.0 FRONTAL H2.1;;;DF21;Atualizaá∆o de FW ;13
01/06/2022;COT24;GVBUS;EQ6;CCIT 4.0 FRONTAL H2.1;;;DF93;Reparo no m¢dulo;58
01/06/2022;COT6;Metro-Bahia;EQ28;ATM;OP63;METRO-BAHIA;DF143;Subst. da Impressora;4
01/06/2022;COT6;Metro-Bahia;EQ28;ATM;OP63;METRO-BAHIA;DF237;Subst. Do Validador de Notas;23
01/06/2022;COT6;Metro-Bahia;EQ28;ATM;OP63;METRO-BAHIA;DF218;Subst. Do Monitor;1
01/06/2022;COT6;Metro-Bahia;EQ28;ATM;OP63;METRO-BAHIA;DF284;Manutená∆o PC ATM;1
01/06/2022;COT6;METRO-BAHIA;EQ6;CCIT 4.0 FRONTAL H2.1;OP63;METRO-BAHIA;DF113;Restaura RAM via PC;13
01/06/2022;COT5;METROFOR/ VLT FORTALEZA;EQ38;CCIT 4.0 METROFOR;OP105;METROFOR LINHA SUL;DF41;Envio para manutená∆o central-CTG;4
01/06/2022;COT5;METROFOR/ VLT FORTALEZA;EQ38;CCIT 4.0 METROFOR;OP105;METROFOR LINHA SUL;DF88;Reparo com formataá∆o e reinst. FW/SW;2
01/06/2022;COT10;Metropolitano-Bahia;EQ6;CCIT 4.0 FRONTAL H2.1;OP64;METROPOLITANO SSA;DF113;Restaura RAM via PC;35
01/06/2022;COT10;Metropolitano-Bahia;EQ6;CCIT 4.0 FRONTAL H2.1;OP64;METROPOLITANO SSA;DF41;Envio para manutená∆o central-CTG;5
01/06/2022;COT10;Metropolitano-Bahia;EQ6;CCIT 4.0 FRONTAL H2.1;OP64;METROPOLITANO SSA;DF114;Restaura RAM via pendrive;7
01/06/2022;COT10;Metropolitano-Bahia;EQ6;CCIT 4.0 FRONTAL H2.1;OP64;METROPOLITANO SSA;DF272;Subst. Do Touchscreen do m¢dulo;3
01/06/2022;COT20;ROSA TURISMO;EQ36;CCIT 4.0 FRONTAL H1 COM BATERIA;OP66;ROSA TURISMO;DF113;Restaura RAM via PC;7
01/06/2022;COT20;ROSA TURISMO;EQ36;CCIT 4.0 FRONTAL H1 COM BATERIA;OP66;ROSA TURISMO;DF41;Envio para manutená∆o central-CTG;3
01/06/2022;COT19;S«O JO«O;EQ36;CCIT 4.0 FRONTAL H1 COM BATERIA;OP67;S«O JO«O;DF113;Restaura RAM via PC;13
01/06/2022;COT19;S«O JO«O;EQ36;CCIT 4.0 FRONTAL H1 COM BATERIA;OP67;S«O JO«O;DF41;Envio para manutená∆o central-CTG;5
01/06/2022;COT19;S«O JO«O;EQ36;CCIT 4.0 FRONTAL H1 COM BATERIA;OP67;S«O JO«O;DF132;Subst. Da Bateria de Lithium;4
01/06/2022;COT19;S«O JO«O;EQ36;CCIT 4.0 FRONTAL H1 COM BATERIA;OP67;S«O JO«O;DF101;Ressolda Mbccit;2
01/06/2022;COT17;S«O JORGE - PONTE NOVA;EQ2;CCIT 3.2;OP50;S«O JORGE AUTO ONIBUS;DF88;Reparo com formataá∆o e reinst. FW/SW;4
01/06/2022;COT4;Setut;EQ6;CCIT 4.0 FRONTAL H2.1;;;DF41;Envio para manutená∆o central-CTG;29
01/06/2022;COT18;Sindpautras;EQ6;CCIT 4.0 FRONTAL H2.1;OP48;SINDPAUTRAS-SIND. PERM. AUT. TRANSP. SU;DF88;Reparo com formataá∆o e reinst. FW/SW;5
01/06/2022;COT3;TEU;EQ3;CCIT 3.5;;;DF162;Subst. Da Placa Mbccit;1
01/06/2022;COT3;TEU;EQ3;CCIT 3.5;;;DF157;Subst. Da Placa FTCLess;1
01/06/2022;COT3;TEU;EQ36;CCIT 4.0 FRONTAL H1 COM BATERIA;;;DF115;Restauraá∆o da ROM via PC;161
01/06/2022;COT3;TEU;EQ36;CCIT 4.0 FRONTAL H1 COM BATERIA;;;DF60;Limpeza de cache;40
01/06/2022;COT3;TEU;EQ36;CCIT 4.0 FRONTAL H1 COM BATERIA;;;DF132;Subst. Da Bateria de Lithium;6
01/06/2022;COT3;TEU;EQ36;CCIT 4.0 FRONTAL H1 COM BATERIA;;;DF41;Envio para manutená∆o central-CTG;12
01/06/2022;COT3;TEU;EQ36;CCIT 4.0 FRONTAL H1 COM BATERIA;;;DF136;Subst. Da Carcaáa inferior;29
01/06/2022;COT2;Transcard;EQ28;ATM;OP61;Setps (Transcard);DF237;Subst. Do Validador de Notas;5
01/06/2022;COT2;Transcard;EQ28;ATM;OP61;Setps (Transcard);DF284;Manutená∆o PC ATM;2
01/06/2022;COT2;Transcard;EQ28;ATM;OP61;Setps (Transcard);DF142;Subst. Da Fonte Lambda ATM;2
01/06/2022;COT2;Transcard;EQ6;CCIT 4.0 FRONTAL H2.1;;;DF113;Restaura RAM via PC;81
01/06/2022;COT2;Transcard;EQ6;CCIT 4.0 FRONTAL H2.1;;;DF114;Restaura RAM via pendrive;22
01/06/2022;COT2;Transcard;EQ6;CCIT 4.0 FRONTAL H2.1;;;DF101;Ressolda Mbccit;7
01/06/2022;COT2;Transcard;EQ6;CCIT 4.0 FRONTAL H2.1;;;DF41;Enviados para manutená∆o central CTG;8
01/06/2022;COT2;Transcard;EQ6;CCIT 4.0 FRONTAL H2.1;;;DF272;Subst. Do Touchscreen do m¢dulo;36
01/06/2022;COT1;Transfacil;EQ28;ATM;OP27;TRANSFµCIL;DF237;Subst. Do Validador de Notas;5
01/06/2022;COT1;Transfacil;EQ28;ATM;OP27;TRANSFµCIL;DF65;Manutená∆o Cofre;1
01/06/2022;COT1;Transfacil;EQ28;ATM;OP27;TRANSFµCIL;DF227;Subst. Do PC ATM;2
01/06/2022;COT1;Transfacil;EQ28;ATM;OP27;TRANSFµCIL;DF197;Subst. Do Cofre;4
01/06/2022;COT1;Transfacil;EQ28;ATM;OP27;TRANSFµCIL;DF280;Manutená∆o no Validador de Notas;4
01/06/2022;COT1;Transfacil;EQ28;ATM;OP27;TRANSFµCIL;DF19;ATM - defeito n∆o confirmado;9
01/06/2022;COT1;Transfacil;EQ6;CCIT 4.0 FRONTAL H2.1;;;DF88;Reparo com formataá∆o e reinst. FW/SW;109
01/06/2022;COT1;Transfacil;EQ6;CCIT 4.0 FRONTAL H2.1;;;DF238;Subst. Do Vidro CCIT V4.0;15
01/06/2022;COT1;Transfacil;EQ6;CCIT 4.0 FRONTAL H2.1;;;DF216;Subst. Do M¢dulo H2;2
01/06/2022;COT1;Transfacil;EQ6;CCIT 4.0 FRONTAL H2.1;;;DF37;Defeito n∆o encontrado e subst. FW/SW;4
01/06/2022;COT1;Transfacil;EQ6;CCIT 4.0 FRONTAL H2.1;;;DF130;Subst. Da Antena WLAN;1
01/06/2022;COT1;Transfacil;EQ6;CCIT 4.0 FRONTAL H2.1;;;DF133;Subst. Da Campainha CCIT;1
01/06/2022;COT1;Transfacil;EQ6;CCIT 4.0 FRONTAL H2.1;OP13;Estaá‰es BRT Move;DF88;Reparo com formataá∆o e reinst. FW/SW;31
01/06/2022;COT15;TURIN OURO BRANCO;EQ6;CCIT 4.0 FRONTAL H2.1;OP127;TURIN OURO BRANCO MG;DF88;Reparo com formataá∆o e reinst. FW/SW;1
01/06/2022;COT14;TURIN OURO PRETO;EQ6;CCIT 4.0 FRONTAL H2.1;OP52;VIAÄ«O TURIN OURO PRETO;DF88;Reparo com formataá∆o e reinst. FW/SW;1
01/06/2022;COT23;UTB;EQ6;CCIT 4.0 FRONTAL H2.1;OP83;UTB;DF41;Envio para manutená∆o central-CTG;14
01/06/2022;COT1;Transfacil;EQ14;DMX200 MOD H3.1;;;DF41;Envio para manutená∆o central-CTG;16
01/06/2022;COT1;Transfacil;EQ14;DMX200 MOD H3.1;;;DF88;Reparo com formataá∆o e reinst. FW/SW;88
01/06/2022;COT1;Transfacil;EQ14;DMX200 MOD H3.1;;;DF170;Subst. De Gorila Glass;1
01/06/2022;COT1;Transfacil;EQ14;DMX200 MOD H3.1;;;DF169;Subst. De Componente eletrìnico;8
01/06/2022;COT11;Gov. Valadares;EQ13;DMX200L;OP53;VIAÄ«O MOBI;DF88;Reparo com formataá∆o e reinst. FW/SW;3
01/06/2022;COT11;Gov. Valadares;EQ13;DMX200L;OP53;VIAÄ«O MOBI;DF41;Envio para manutená∆o central-CTG;3
01/06/2022;COT12;DIVPASS;EQ13;DMX200L;OP124;DIVPASS;DF90;Reparo com formataá∆o e subst. FW/SW;2
01/06/2022;COT20;ROSA TURISMO;EQ39;DMX200L JI21 SEM BATERIA;OP66;ROSA TURISMO;DF115;Restauraá∆o da ROM via PC;6
01/06/2022;COT20;ROSA TURISMO;EQ39;DMX200L JI21 SEM BATERIA;OP66;ROSA TURISMO;DF41;Envio para manutená∆o central-CTG;6
01/06/2022;COT20;ROSA TURISMO;EQ39;DMX200L JI21 SEM BATERIA;OP66;ROSA TURISMO;DF300;Ressolda antena GPRS e slot de chip;3
01/06/2022;COT19;S«O JO«O;EQ39;DMX200L JI21 SEM BATERIA;OP67;S«O JO«O;DF115;Restauraá∆o da ROM via PC;4
01/06/2022;COT19;S«O JO«O;EQ39;DMX200L JI21 SEM BATERIA;OP67;S«O JO«O;DF41;Envio para manutená∆o central-CTG;4
01/06/2022;COT19;S«O JO«O;EQ39;DMX200L JI21 SEM BATERIA;OP67;S«O JO«O;DF300;Ressolda antena GPRS e slot de chip;2
01/06/2022;COT4;Setut;EQ14;DMX200 MOD H3.1;;;DF41;Envio para manutená∆o central-CTG;14
01/06/2022;COT25;COOTRAPS - CE;EQ14;DMX200 MOD H3.1;OP129;COOTRAPS;DF39;Enviados para manutená∆o central CTG;17
01/06/2022;COT25;COOTRAPS - CE;EQ14;DMX200 MOD H3.1;OP129;COOTRAPS;DF90;Reparo com formataá∆o e subst. FW/SW;26
01/06/2022;COT3;TEU;EQ14;DMX200 MOD H3.1;;;DF21;Atualizaá∆o de FW ;1
01/06/2022;COT3;TEU;EQ14;DMX200 MOD H3.1;;;DF115;Restauraá∆o da ROM via PC;1
01/06/2022;COT33;FLORIAN‡POLIS;EQ15;DMX200L SEM BATERIA;;;DF21;Atualizaá∆o de FW ;23
01/06/2022;COT33;FLORIAN‡POLIS;EQ15;DMX200L SEM BATERIA;;;DF115;Restauraá∆o da ROM via PC;23
01/06/2022;COT33;FLORIAN‡POLIS;EQ15;DMX200L SEM BATERIA;;;DF297;Subst. PMS;1
01/06/2022;COT33;FLORIAN‡POLIS;EQ15;DMX200L SEM BATERIA;;;DF41;Envio para manutená∆o central-CTG;5
01/06/2022;COT24;GVBUS;EQ14;DMX200 MOD H3.1;;;DF41;Envio para manutená∆o central-CTG;85
01/06/2022;COT24;GVBUS;EQ14;DMX200 MOD H3.1;;;DF46;Formataá∆o da mem¢ria e subst. FW;92
01/06/2022;COT24;GVBUS;EQ14;DMX200 MOD H3.1;;;DF292;Ressolda conector USB;85
01/06/2022;COT24;GVBUS;EQ14;DMX200 MOD H3.1;;;DF21;Atualizaá∆o de FW ;88
01/06/2022;COT21;Araguarina;EQ13;DMX200L;OP81;VIAÄ«O ARAGUARINA;DF41;Envio para manutená∆o central-CTG;5
01/06/2022;COT22;Taguatur PM NOVO;EQ39;DMX200L JI21 SEM BATERIA;OP82;TAGUATUR;DF41;Envio para manutená∆o central-CTG;24
01/06/2022;COT1;Transfacil;EQ10;CONNECTION CCIT 4.0;;;DF88;Reparo com formataá∆o e reinst. FW/SW;18
01/06/2022;COT2;Transcard;EQ10;CONNECTION CCIT 4.0;;;DF46;Formataá∆o da mem¢ria e subst. FW;31
01/06/2022;COT2;Transcard;EQ10;CONNECTION CCIT 4.0;;;DF256;Substituiá∆o de fus°vel;3
01/06/2022;COT2;Transcard;EQ10;CONNECTION CCIT 4.0;;;DF206;Subst. Do Conector USB;1
01/06/2022;COT2;Transcard;EQ10;CONNECTION CCIT 4.0;;;DF41;Envio para manutená∆o central-CTG;3
01/06/2022;COT2;Transcard;EQ10;CONNECTION CCIT 4.0;;;DF59;Intervená‰es com Solda;7
01/06/2022;COT19;S«O JO«O;EQ10;CONNECTION CCIT 4.0;OP67;S«O JO«O;DF21;Atualizaá∆o de FW ;3
01/06/2022;COT4;Setut;EQ10;CONNECTION CCIT 4.0;;;DF41;Envio para manutená∆o central-CTG;2
01/06/2022;COT24;GVBUS;EQ10;CONNECTION CCIT 4.0;;;DF41;Envio para manutená∆o central-CTG;5
01/06/2022;COT24;GVBUS;EQ10;CONNECTION CCIT 4.0;;;DF21;Atualizaá∆o de FW ;3
01/06/2022;COT3;TEU;EQ22;V3000M;;;DF21;Atualizaá∆o de FW ;51
01/06/2022;COT3;TEU;EQ22;V3000M;;;DF115;Restauraá∆o da ROM via PC;51
01/06/2022;COT3;TEU;EQ22;V3000M;;;DF41;Envio para manutená∆o central-CTG;1
01/06/2022;COT3;TEU;EQ21;V3000L;;;DF21;Atualizaá∆o de FW ;1
01/06/2022;COT3;TEU;EQ21;V3000L;;;DF115;Restauraá∆o da ROM via PC;1
01/06/2022;COT3;TEU;EQ26;V3000M DVR;;;DF21;Atualizaá∆o de FW ;13
01/06/2022;COT3;TEU;EQ26;V3000M DVR;;;DF115;Restauraá∆o da ROM via PC;13
01/06/2022;COT3;TEU;EQ26;V3000M DVR;;;DF41;Envio para manutená∆o central-CTG;3
01/06/2022;COT1;Transfacil;EQ27;UT (FTV 3000);;;DF169;Subst. De Componente eletrìnico;5
01/06/2022;COT1;Transfacil;EQ27;UT (FTV 3000);;;DF88;Reparo com formataá∆o e reinst. FW/SW;1
01/06/2022;COT24;GVBUS;EQ33;POS MOVE 2500;;;DF41;Envio para manutená∆o central-CTG;19
01/06/2022;COT20;Rosa Turismo;EQ31;POS 250;OP66;ROSA TURISMO;DF41;Envio para manutená∆o central-CTG;1
01/06/2022;COT20;Rosa Turismo;EQ31;POS 250;OP66;ROSA TURISMO;DF46;Formataá∆o da mem¢ria e subst. FW;3
01/06/2022;COT19;S∆o Jo∆o;EQ31;POS 250;OP67;S«O JO«O;DF41;Envio para manutená∆o central-CTG;2
01/06/2022;COT19;S∆o Jo∆o;EQ31;POS 250;OP67;S«O JO«O;DF46;Formataá∆o da mem¢ria e subst. FW;1
01/06/2022;COT2;Transcard;EQ31;POS 250;;;DF41;Envio para manutená∆o central-CTG;4
01/06/2022;COT2;Transcard;EQ31;POS 250;;;DF46;Formataá∆o da mem¢ria e subst. FW;1
01/07/2022;COT7;Alagoinhas;EQ34;CCIT 4.0 FRONTAL H2.1 C SEM BATERIA;OP68;ALAGOINHAS;DF113;Restaura RAM via PC;3
01/07/2022;COT8;CBTU;EQ1;CCIT 3.0;OP47;CBTU - COMPANHIA BRASILEIRA DE TRENS URBANOS;DF88;Reparo com formataá∆o e reinst. FW/SW;5
01/07/2022;COT8;CBTU;EQ1;CCIT 3.0;OP47;CBTU - COMPANHIA BRASILEIRA DE TRENS URBANOS;DF211;Subst. Do Equipamento completo;3
01/07/2022;COT27;Cidade das µguas;EQ6;CCIT 4.0 FRONTAL H2.1;OP128;VIAÄ«O CIDADE DAS µGUAS;DF113;Restaura RAM via PC;2
01/07/2022;COT33;FLORIAN‡POLIS;EQ8;CCIT 4.0 FRONTAL JI21 SEM BATERIA;;;DF41;Envio para manutená∆o central-CTG;1
01/07/2022;COT33;FLORIAN‡POLIS;EQ8;CCIT 4.0 FRONTAL JI21 SEM BATERIA;;;DF115;Restauraá∆o da ROM via PC;10
01/07/2022;COT11;Gov. Valadares;EQ6;CCIT 4.0 FRONTAL H2.1;OP53;VIAÄ«O MOBI;DF88;Reparo com formataá∆o e reinst. FW/SW;5
01/07/2022;COT11;Gov. Valadares;EQ6;CCIT 4.0 FRONTAL H2.1;OP53;VIAÄ«O MOBI;DF37;Defeito n∆o encontrado e subst. FW/SW;3
01/07/2022;COT11;Gov. Valadares;EQ6;CCIT 4.0 FRONTAL H2.1;OP53;VIAÄ«O MOBI;DF272;Subst. Do Touchscreen do m¢dulo;2
01/07/2022;COT24;GVBUS;EQ28;ATM;OP108;GVBUS - SIND. DAS EMP. DE TRANP. METROP. DA GRANDE VIT‡RIA;DF262;Retirada de nota ATM e testes;2
01/07/2022;COT24;GVBUS;EQ28;ATM;OP108;GVBUS - SIND. DAS EMP. DE TRANP. METROP. DA GRANDE VIT‡RIA;DF78;PC Reiniciado;6
01/07/2022;COT24;GVBUS;EQ28;ATM;OP108;GVBUS - SIND. DAS EMP. DE TRANP. METROP. DA GRANDE VIT‡RIA;DF231;Subst. Do PINpad;2
01/07/2022;COT24;GVBUS;EQ28;ATM;OP108;GVBUS - SIND. DAS EMP. DE TRANP. METROP. DA GRANDE VIT‡RIA;DF299;Subst. De UPEX ATM;3
01/07/2022;COT24;GVBUS;EQ6;CCIT 4.0 FRONTAL H2.1;;;DF91;Reparo com Gravaá∆o de PIC e reinst. Do FW;9
01/07/2022;COT24;GVBUS;EQ6;CCIT 4.0 FRONTAL H2.1;;;DF41;Envio para manutená∆o central-CTG;31
01/07/2022;COT24;GVBUS;EQ6;CCIT 4.0 FRONTAL H2.1;;;DF21;Atualizaá∆o de FW ;42
01/07/2022;COT24;GVBUS;EQ6;CCIT 4.0 FRONTAL H2.1;;;DF93;Reparo no m¢dulo;9
01/07/2022;COT6;Metro-Bahia;EQ28;ATM;OP63;METRO-BAHIA;DF237;Subst. Do Validador de Notas;17
01/07/2022;COT6;Metro-Bahia;EQ28;ATM;OP63;METRO-BAHIA;DF143;Subst. da Impressora;10
01/07/2022;COT6;Metro-Bahia;EQ28;ATM;OP63;METRO-BAHIA;DF284;Manutená∆o PC ATM;1
01/07/2022;COT6;Metro-Bahia;EQ28;ATM;OP63;METRO-BAHIA;DF69;Manutená∆o no Sensor de Porta;1
01/07/2022;COT6;Metro-Bahia;EQ28;ATM;OP63;METRO-BAHIA;DF228;Subst. Do PDV ATM;2
01/07/2022;COT6;METRO-BAHIA;EQ6;CCIT 4.0 FRONTAL H2.1;OP63;METRO-BAHIA;DF113;Restaura RAM via PC;1
01/07/2022;COT5;METROFOR/ VLT FORTALEZA;EQ38;CCIT 4.0 METROFOR;OP105;METROFOR LINHA SUL;DF41;Envio para manutená∆o central-CTG;19
01/07/2022;COT5;METROFOR/ VLT FORTALEZA;EQ38;CCIT 4.0 METROFOR;OP105;METROFOR LINHA SUL;DF88;Reparo com formataá∆o e reinst. FW/SW;3
01/07/2022;COT10;Metropolitano-Bahia;EQ6;CCIT 4.0 FRONTAL H2.1;OP64;METROPOLITANO SSA;DF113;Restaura RAM via PC;27
01/07/2022;COT10;Metropolitano-Bahia;EQ6;CCIT 4.0 FRONTAL H2.1;OP64;METROPOLITANO SSA;DF41;Envio para manutená∆o central-CTG;4
01/07/2022;COT10;Metropolitano-Bahia;EQ6;CCIT 4.0 FRONTAL H2.1;OP64;METROPOLITANO SSA;DF114;Restaura RAM via pendrive;13
01/07/2022;COT20;ROSA TURISMO;EQ36;CCIT 4.0 FRONTAL H1 COM BATERIA;OP66;ROSA TURISMO;DF113;Restaura RAM via PC;7
01/07/2022;COT19;S«O JO«O;EQ36;CCIT 4.0 FRONTAL H1 COM BATERIA;OP67;S«O JO«O;DF113;Restaura RAM via PC;13
01/07/2022;COT19;S«O JO«O;EQ36;CCIT 4.0 FRONTAL H1 COM BATERIA;OP67;S«O JO«O;DF41;Envio para manutená∆o central-CTG;2
01/07/2022;COT19;S«O JO«O;EQ36;CCIT 4.0 FRONTAL H1 COM BATERIA;OP67;S«O JO«O;DF286;Subst. Tela;2
01/07/2022;COT19;S«O JO«O;EQ36;CCIT 4.0 FRONTAL H1 COM BATERIA;OP67;S«O JO«O;DF101;Ressolda Mbccit;1
01/07/2022;COT4;Setut;EQ6;CCIT 4.0 FRONTAL H2.1;;;DF41;Envio para manutená∆o central-CTG;9
01/07/2022;COT18;Sindpautras;EQ6;CCIT 4.0 FRONTAL H2.1;OP48;SINDPAUTRAS-SIND. PERM. AUT. TRANSP. SU;DF88;Reparo com formataá∆o e reinst. FW/SW;21
01/07/2022;COT22;Taguatur;EQ35;CCIT 4.0 FRONTAL H2 COM BATERIA;OP82;TAGUATUR;DF41;Envio para manutená∆o central-CTG;8
01/07/2022;COT3;TEU;EQ3;CCIT 3.5;;;DF162;Subst. Da Placa Mbccit;1
01/07/2022;COT3;TEU;EQ3;CCIT 3.5;;;DF157;Subst. Da Placa FTCLess;1
01/07/2022;COT3;TEU;EQ36;CCIT 4.0 FRONTAL H1 COM BATERIA;;;DF115;Restauraá∆o da ROM via PC;124
01/07/2022;COT3;TEU;EQ36;CCIT 4.0 FRONTAL H1 COM BATERIA;;;DF60;Limpeza de cache;91
01/07/2022;COT3;TEU;EQ36;CCIT 4.0 FRONTAL H1 COM BATERIA;;;DF132;Subst. Da Bateria de Lithium;35
01/07/2022;COT3;TEU;EQ36;CCIT 4.0 FRONTAL H1 COM BATERIA;;;DF41;Envio para manutená∆o central-CTG;21
01/07/2022;COT3;TEU;EQ36;CCIT 4.0 FRONTAL H1 COM BATERIA;;;DF136;Subst. Da Carcaáa inferior;40
01/07/2022;COT3;TEU;EQ36;CCIT 4.0 FRONTAL H1 COM BATERIA;;;DF114;Restaura RAM via pendrive;12
01/07/2022;COT2;Transcard;EQ28;ATM;OP61;Setps (Transcard);DF237;Subst. Do Validador de Notas;4
01/07/2022;COT2;Transcard;EQ28;ATM;OP61;Setps (Transcard);DF7;Ajuste do M¢dulo de Impress∆o;2
01/07/2022;COT2;Transcard;EQ28;ATM;OP61;Setps (Transcard);DF143;Subst. da Impressora;3
01/07/2022;COT2;Transcard;EQ28;ATM;OP61;Setps (Transcard);DF228;Subst. Do PDV ATM;2
01/07/2022;COT2;Transcard;EQ28;ATM;OP61;Setps (Transcard);DF231;Subst. Do PINpad;2
01/07/2022;COT2;Transcard;EQ6;CCIT 4.0 FRONTAL H2.1;;;DF113;Restaura RAM via PC;77
01/07/2022;COT2;Transcard;EQ6;CCIT 4.0 FRONTAL H2.1;;;DF114;Restaura RAM via pendrive;19
01/07/2022;COT2;Transcard;EQ6;CCIT 4.0 FRONTAL H2.1;;;DF101;Ressolda Mbccit;5
01/07/2022;COT2;Transcard;EQ6;CCIT 4.0 FRONTAL H2.1;;;DF41;Enviados para manutená∆o central CTG;10
01/07/2022;COT2;Transcard;EQ6;CCIT 4.0 FRONTAL H2.1;;;DF272;Subst. Do Touchscreen do m¢dulo;35
01/07/2022;COT1;Transfacil;EQ28;ATM;OP27;TRANSFµCIL;DF237;Subst. Do Validador de Notas;11
01/07/2022;COT1;Transfacil;EQ28;ATM;OP27;TRANSFµCIL;DF19;ATM - defeito n∆o confirmado;7
01/07/2022;COT1;Transfacil;EQ28;ATM;OP27;TRANSFµCIL;DF283;Subst. Tampa Plastico Validador de Notas;2
01/07/2022;COT1;Transfacil;EQ28;ATM;OP27;TRANSFµCIL;DF143;Subst. da Impressora;2
01/07/2022;COT1;Transfacil;EQ28;ATM;OP27;TRANSFµCIL;DF67;Manutená∆o na Impressora;1
01/07/2022;COT1;Transfacil;EQ28;ATM;OP27;TRANSFµCIL;DF301;Reativaá∆o da chave do Windows;1
01/07/2022;COT1;Transfacil;EQ6;CCIT 4.0 FRONTAL H2.1;;;DF88;Reparo com formataá∆o e reinst. FW/SW;150
01/07/2022;COT1;Transfacil;EQ6;CCIT 4.0 FRONTAL H2.1;;;DF238;Subst. Do Vidro CCIT V4.0;9
01/07/2022;COT1;Transfacil;EQ6;CCIT 4.0 FRONTAL H2.1;;;DF37;Defeito n∆o encontrado e subst. FW/SW;11
01/07/2022;COT1;Transfacil;EQ6;CCIT 4.0 FRONTAL H2.1;;;DF133;Subst. Da Campainha CCIT;2
01/07/2022;COT1;Transfacil;EQ6;CCIT 4.0 FRONTAL H2.1;OP13;Estaá‰es BRT Move;DF88;Reparo com formataá∆o e reinst. FW/SW;46
01/07/2022;COT1;Transfacil;EQ6;CCIT 4.0 FRONTAL H2.1;OP13;Estaá‰es BRT Move;DF133;Subst. Da Campainha CCIT;1
01/07/2022;COT1;Transfacil;EQ14;DMX200 MOD H3.1;;;DF41;Envio para manutená∆o central-CTG;21
01/07/2022;COT1;Transfacil;EQ14;DMX200 MOD H3.1;;;DF88;Reparo com formataá∆o e reinst. FW/SW;75
01/07/2022;COT1;Transfacil;EQ14;DMX200 MOD H3.1;;;DF170;Subst. De Gorila Glass;2
01/07/2022;COT11;Gov. Valadares;EQ13;DMX200L;OP53;VIAÄ«O MOBI;DF88;Reparo com formataá∆o e reinst. FW/SW;15
01/07/2022;COT12;DIVPASS;EQ13;DMX200L;OP124;DIVPASS;DF90;Reparo com formataá∆o e subst. FW/SW;10
01/07/2022;COT3;TEU;EQ14;DMX200 MOD H3.1;;;DF21;Atualizaá∆o de FW ;12
01/07/2022;COT3;TEU;EQ14;DMX200 MOD H3.1;;;DF115;Restauraá∆o da ROM via PC;12
01/07/2022;COT3;TEU;EQ14;DMX200 MOD H3.1;;;DF41;Envio para manutená∆o central-CTG;3
01/07/2022;COT33;FLORIAN‡POLIS;EQ15;DMX200L SEM BATERIA;;;DF21;Atualizaá∆o de FW ;22
01/07/2022;COT33;FLORIAN‡POLIS;EQ15;DMX200L SEM BATERIA;;;DF115;Restauraá∆o da ROM via PC;10
01/07/2022;COT33;FLORIAN‡POLIS;EQ15;DMX200L SEM BATERIA;;;DF41;Envio para manutená∆o central-CTG;3
01/07/2022;COT22;Taguatur PM NOVO;EQ39;DMX200L JI21 SEM BATERIA;OP82;TAGUATUR;DF41;Envio para manutená∆o central-CTG;15
01/07/2022;COT19;S«O JO«O;EQ39;DMX200L JI21 SEM BATERIA;OP67;S«O JO«O;DF115;Restauraá∆o da ROM via PC;3
01/07/2022;COT19;S«O JO«O;EQ39;DMX200L JI21 SEM BATERIA;OP67;S«O JO«O;DF41;Envio para manutená∆o central-CTG;4
01/07/2022;COT19;S«O JO«O;EQ39;DMX200L JI21 SEM BATERIA;OP67;S«O JO«O;DF300;Ressolda antena GPRS e slot de chip;3
01/07/2022;COT19;S«O JO«O;EQ39;DMX200L JI21 SEM BATERIA;OP67;S«O JO«O;DF302;Instalaá∆o de 2o capacitor em paralelo;13
01/07/2022;COT20;ROSA TURISMO;EQ39;DMX200L JI21 SEM BATERIA;OP66;ROSA TURISMO;DF115;Restauraá∆o da ROM via PC;3
01/07/2022;COT20;ROSA TURISMO;EQ39;DMX200L JI21 SEM BATERIA;OP66;ROSA TURISMO;DF41;Envio para manutená∆o central-CTG;3
01/07/2022;COT20;ROSA TURISMO;EQ39;DMX200L JI21 SEM BATERIA;OP66;ROSA TURISMO;DF300;Ressolda antena GPRS e slot de chip;2
01/07/2022;COT20;ROSA TURISMO;EQ39;DMX200L JI21 SEM BATERIA;OP66;ROSA TURISMO;DF302;Instalaá∆o de 2o capacitor em paralelo;13
01/07/2022;COT25;COOTRAPS - CE;EQ14;DMX200 MOD H3.1;OP129;COOTRAPS;DF39;Enviados para manutená∆o central CTG;7
01/07/2022;COT25;COOTRAPS - CE;EQ14;DMX200 MOD H3.1;OP129;COOTRAPS;DF90;Reparo com formataá∆o e subst. FW/SW;10
01/07/2022;COT24;GVBUS;EQ14;DMX200 MOD H3.1;;;DF41;Envio para manutená∆o central-CTG;77
01/07/2022;COT24;GVBUS;EQ14;DMX200 MOD H3.1;;;DF46;Formataá∆o da mem¢ria e subst. FW;8
01/07/2022;COT24;GVBUS;EQ14;DMX200 MOD H3.1;;;DF292;Ressolda conector USB;110
01/07/2022;COT24;GVBUS;EQ14;DMX200 MOD H3.1;;;DF21;Atualizaá∆o de FW ;30
01/07/2022;COT1;Transfacil;EQ10;CONNECTION CCIT 4.0;;;DF88;Reparo com formataá∆o e reinst. FW/SW;29
01/07/2022;COT2;Transcard;EQ10;CONNECTION CCIT 4.0;;;DF46;Formataá∆o da mem¢ria e subst. FW;25
01/07/2022;COT2;Transcard;EQ10;CONNECTION CCIT 4.0;;;DF256;Substituiá∆o de fus°vel;3
01/07/2022;COT2;Transcard;EQ10;CONNECTION CCIT 4.0;;;DF41;Envio para manutená∆o central-CTG;5
01/07/2022;COT10;Metropolitano-Bahia;EQ10;CONNECTION CCIT 4.0;OP64;METROPOLITANO SSA;DF41;Envio para manutená∆o central-CTG;3
01/07/2022;COT19;S«O JO«O;EQ10;CONNECTION CCIT 4.0;OP67;S«O JO«O;DF21;Atualizaá∆o de FW ;2
01/07/2022;COT20;ROSA TURISMO;EQ10;CONNECTION CCIT 4.0;OP66;ROSA TURISMO;DF41;Envio para manutená∆o central-CTG;1
01/07/2022;COT4;Setut;EQ10;CONNECTION CCIT 4.0;;;DF41;Envio para manutená∆o central-CTG;11
01/07/2022;COT24;GVBUS;EQ10;CONNECTION CCIT 4.0;;;DF41;Envio para manutená∆o central-CTG;8
01/07/2022;COT24;GVBUS;EQ10;CONNECTION CCIT 4.0;;;DF21;Atualizaá∆o de FW ;3
01/07/2022;COT3;TEU;EQ22;V3000M;;;DF21;Atualizaá∆o de FW ;41
01/07/2022;COT3;TEU;EQ22;V3000M;;;DF115;Restauraá∆o da ROM via PC;41
01/07/2022;COT3;TEU;EQ22;V3000M;;;DF232;Subst. Do SDCard;4
01/07/2022;COT3;TEU;EQ22;V3000M;;;DF26;Atualizaá∆o do PIC;2
01/07/2022;COT3;TEU;EQ22;V3000M;;;DF41;Envio para manutená∆o central-CTG;1
01/07/2022;COT3;TEU;EQ21;V3000L;;;DF21;Atualizaá∆o de FW ;1
01/07/2022;COT3;TEU;EQ21;V3000L;;;DF115;Restauraá∆o da ROM via PC;1
01/07/2022;COT3;TEU;EQ26;V3000M DVR;;;DF21;Atualizaá∆o de FW ;49
01/07/2022;COT3;TEU;EQ26;V3000M DVR;;;DF115;Restauraá∆o da ROM via PC;46
01/07/2022;COT3;TEU;EQ26;V3000M DVR;;;DF232;Subst. Do SDCard;2
01/07/2022;COT3;TEU;EQ26;V3000M DVR;;;DF41;Envio para manutená∆o central-CTG;3
01/07/2022;COT1;Transfacil;EQ27;UT (FTV 3000);;;DF169;Subst. De Componente eletrìnico;8
01/07/2022;COT24;GVBUS;EQ33;POS MOVE 2500;;;DF41;Envio para manutená∆o central-CTG;16
01/07/2022;COT2;Transcard;EQ31;POS 250;;;DF41;Envio para manutená∆o central-CTG;7
01/07/2022;COT2;Transcard;EQ31;POS 250;;;DF46;Formataá∆o da mem¢ria e subst. FW;7
01/08/2022;COT8;CBTU;EQ1;CCIT 3.0;OP47;CBTU - COMPANHIA BRASILEIRA DE TRENS URBANOS;DF88;Reparo com formataá∆o e reinst. FW/SW;2
01/08/2022;COT12;DIVPASS;EQ6;CCIT 4.0 FRONTAL H2.1;OP124;DIVPASS;DF88;Reparo com formataá∆o e reinst. FW/SW;17
01/08/2022;COT12;DIVPASS;EQ6;CCIT 4.0 FRONTAL H2.1;OP124;DIVPASS;DF37;Defeito n∆o encontrado e subst. FW/SW;1
01/08/2022;COT12;DIVPASS;EQ6;CCIT 4.0 FRONTAL H2.1;OP124;DIVPASS;DF238;Subst. Do Vidro CCIT V4.0;1
01/08/2022;COT33;FLORIAN‡POLIS;EQ8;CCIT 4.0 FRONTAL JI21 SEM BATERIA;;;DF41;Envio para manutená∆o central-CTG;4
01/08/2022;COT33;FLORIAN‡POLIS;EQ8;CCIT 4.0 FRONTAL JI21 SEM BATERIA;;;DF115;Restauraá∆o da ROM via PC;7
01/08/2022;COT11;Gov. Valadares;EQ6;CCIT 4.0 FRONTAL H2.1;OP53;VIAÄ«O MOBI;DF88;Reparo com formataá∆o e reinst. FW/SW;11
01/08/2022;COT11;Gov. Valadares;EQ6;CCIT 4.0 FRONTAL H2.1;OP53;VIAÄ«O MOBI;DF210;Subst. Do Display CCIT;1
01/08/2022;COT11;Gov. Valadares;EQ6;CCIT 4.0 FRONTAL H2.1;OP53;VIAÄ«O MOBI;DF276;Subst. Placa do M¢dulo;1
01/08/2022;COT24;GVBUS;EQ28;ATM;OP108;GVBUS - SIND. DAS EMP. DE TRANP. METROP. DA GRANDE VIT‡RIA;DF262;Retirada de nota ATM e testes;4
01/08/2022;COT24;GVBUS;EQ28;ATM;OP108;GVBUS - SIND. DAS EMP. DE TRANP. METROP. DA GRANDE VIT‡RIA;DF78;PC Reiniciado;4
01/08/2022;COT24;GVBUS;EQ28;ATM;OP108;GVBUS - SIND. DAS EMP. DE TRANP. METROP. DA GRANDE VIT‡RIA;DF299;Subst. De UPEX ATM;4
01/08/2022;COT24;GVBUS;EQ28;ATM;OP108;GVBUS - SIND. DAS EMP. DE TRANP. METROP. DA GRANDE VIT‡RIA;DF143;Subst. da Impressora;1
01/08/2022;COT24;GVBUS;EQ28;ATM;OP108;GVBUS - SIND. DAS EMP. DE TRANP. METROP. DA GRANDE VIT‡RIA;DF208;Subst. Do Dispenser do cart∆o;1
01/08/2022;COT24;GVBUS;EQ6;CCIT 4.0 FRONTAL H2.1;;;DF91;Reparo com Gravaá∆o de PIC e reinst. Do FW;81
01/08/2022;COT24;GVBUS;EQ6;CCIT 4.0 FRONTAL H2.1;;;DF41;Envio para manutená∆o central-CTG;14
01/08/2022;COT24;GVBUS;EQ6;CCIT 4.0 FRONTAL H2.1;;;DF21;Atualizaá∆o de FW ;81
01/08/2022;COT6;Metro-Bahia;EQ28;ATM;OP63;METRO-BAHIA;DF237;Subst. Do Validador de Notas;30
01/08/2022;COT6;Metro-Bahia;EQ28;ATM;OP63;METRO-BAHIA;DF143;Subst. da Impressora;3
01/08/2022;COT6;Metro-Bahia;EQ28;ATM;OP63;METRO-BAHIA;DF284;Manutená∆o PC ATM;1
01/08/2022;COT6;METRO-BAHIA;EQ6;CCIT 4.0 FRONTAL H2.1;OP63;METRO-BAHIA;DF113;Restaura RAM via PC;3
01/08/2022;COT5;METROFOR/ VLT FORTALEZA;EQ38;CCIT 4.0 METROFOR;OP105;METROFOR LINHA SUL;DF41;Envio para manutená∆o central-CTG;18
01/08/2022;COT10;Metropolitano-Bahia;EQ6;CCIT 4.0 FRONTAL H2.1;OP64;METROPOLITANO SSA;DF41;Envio para manutená∆o central-CTG;3
01/08/2022;COT20;ROSA TURISMO;EQ36;CCIT 4.0 FRONTAL H1 COM BATERIA;OP66;ROSA TURISMO;DF113;Restaura RAM via PC;4
01/08/2022;COT20;ROSA TURISMO;EQ36;CCIT 4.0 FRONTAL H1 COM BATERIA;OP66;ROSA TURISMO;DF41;Envio para manutená∆o central-CTG;3
01/08/2022;COT19;S«O JO«O;EQ36;CCIT 4.0 FRONTAL H1 COM BATERIA;OP67;S«O JO«O;DF113;Restaura RAM via PC;5
01/08/2022;COT19;S«O JO«O;EQ36;CCIT 4.0 FRONTAL H1 COM BATERIA;OP67;S«O JO«O;DF41;Envio para manutená∆o central-CTG;3
01/08/2022;COT4;Setut;EQ6;CCIT 4.0 FRONTAL H2.1;;;DF41;Envio para manutená∆o central-CTG;5
01/08/2022;COT4;Setut;EQ6;CCIT 4.0 FRONTAL H2.1;;;DF113;Restaura RAM via PC;2
01/08/2022;COT18;Sindpautras;EQ6;CCIT 4.0 FRONTAL H2.1;OP48;SINDPAUTRAS-SIND. PERM. AUT. TRANSP. SU;DF88;Reparo com formataá∆o e reinst. FW/SW;18
01/08/2022;COT22;Taguatur;EQ35;CCIT 4.0 FRONTAL H2 COM BATERIA;OP82;TAGUATUR;DF41;Envio para manutená∆o central-CTG;2
01/08/2022;COT3;TEU;EQ3;CCIT 3.5;;;DF162;Subst. Da Placa Mbccit;2
01/08/2022;COT3;TEU;EQ3;CCIT 3.5;;;DF157;Subst. Da Placa FTCLess;2
01/08/2022;COT3;TEU;EQ36;CCIT 4.0 FRONTAL H1 COM BATERIA;;;DF115;Restauraá∆o da ROM via PC;112
01/08/2022;COT3;TEU;EQ36;CCIT 4.0 FRONTAL H1 COM BATERIA;;;DF60;Limpeza de cache;52
01/08/2022;COT3;TEU;EQ36;CCIT 4.0 FRONTAL H1 COM BATERIA;;;DF132;Subst. Da Bateria de Lithium;29
01/08/2022;COT3;TEU;EQ36;CCIT 4.0 FRONTAL H1 COM BATERIA;;;DF41;Envio para manutená∆o central-CTG;12
01/08/2022;COT3;TEU;EQ36;CCIT 4.0 FRONTAL H1 COM BATERIA;;;DF136;Subst. Da Carcaáa inferior;35
01/08/2022;COT3;TEU;EQ36;CCIT 4.0 FRONTAL H1 COM BATERIA;;;DF114;Restaura RAM via pendrive;5
01/08/2022;COT2;Transcard;EQ28;ATM;OP61;Setps (Transcard);DF237;Subst. Do Validador de Notas;2
01/08/2022;COT2;Transcard;EQ28;ATM;OP61;Setps (Transcard);DF228;Subst. Do PDV ATM;2
01/08/2022;COT2;Transcard;EQ28;ATM;OP61;Setps (Transcard);DF231;Subst. Do PINpad;1
01/08/2022;COT2;Transcard;EQ6;CCIT 4.0 FRONTAL H2.1;;;DF113;Restaura RAM via PC;34
01/08/2022;COT2;Transcard;EQ6;CCIT 4.0 FRONTAL H2.1;;;DF114;Restaura RAM via pendrive;8
01/08/2022;COT2;Transcard;EQ6;CCIT 4.0 FRONTAL H2.1;;;DF101;Ressolda Mbccit;5
01/08/2022;COT2;Transcard;EQ6;CCIT 4.0 FRONTAL H2.1;;;DF41;Enviados para manutená∆o central CTG;10
01/08/2022;COT2;Transcard;EQ6;CCIT 4.0 FRONTAL H2.1;;;DF272;Subst. Do Touchscreen do m¢dulo;12
01/08/2022;COT1;Transfacil;EQ28;ATM;OP27;TRANSFµCIL;DF237;Subst. Do Validador de Notas;5
01/08/2022;COT1;Transfacil;EQ28;ATM;OP27;TRANSFµCIL;DF19;ATM - defeito n∆o confirmado;3
01/08/2022;COT1;Transfacil;EQ28;ATM;OP27;TRANSFµCIL;DF143;Subst. da Impressora;1
01/08/2022;COT1;Transfacil;EQ28;ATM;OP27;TRANSFµCIL;DF258;Subst. Da Cabeáa de Impress∆o;1
01/08/2022;COT1;Transfacil;EQ28;ATM;OP27;TRANSFµCIL;DF228;Subst. Do PDV ATM;1
01/08/2022;COT1;Transfacil;EQ28;ATM;OP27;TRANSFµCIL;DF257;Manut. no Validador de Notas;1
01/08/2022;COT1;Transfacil;EQ28;ATM;OP27;TRANSFµCIL;DF5;Ajuste da porta Externa;1
01/08/2022;COT1;Transfacil;EQ28;ATM;OP27;TRANSFµCIL;DF69;Manutená∆o no Sensor de Porta;1
01/08/2022;COT1;Transfacil;EQ6;CCIT 4.0 FRONTAL H2.1;;;DF88;Reparo com formataá∆o e reinst. FW/SW;130
01/08/2022;COT1;Transfacil;EQ6;CCIT 4.0 FRONTAL H2.1;;;DF238;Subst. Do Vidro CCIT V4.0;11
01/08/2022;COT1;Transfacil;EQ6;CCIT 4.0 FRONTAL H2.1;;;DF37;Defeito n∆o encontrado e subst. FW/SW;7
01/08/2022;COT1;Transfacil;EQ6;CCIT 4.0 FRONTAL H2.1;;;DF133;Subst. Da Campainha CCIT;2
01/08/2022;COT1;Transfacil;EQ6;CCIT 4.0 FRONTAL H2.1;;;DF130;Subst. Da Antena WLAN;14
01/08/2022;COT1;Transfacil;EQ6;CCIT 4.0 FRONTAL H2.1;;;DF216;Subst. Do M¢dulo H2;3
01/08/2022;COT1;Transfacil;EQ6;CCIT 4.0 FRONTAL H2.1;;;DF135;Subst. Da Carcaáa frontal;1
01/08/2022;COT1;Transfacil;EQ6;CCIT 4.0 FRONTAL H2.1;OP13;Estaá‰es BRT Move;DF88;Reparo com formataá∆o e reinst. FW/SW;54
01/08/2022;COT1;Transfacil;EQ6;CCIT 4.0 FRONTAL H2.1;OP13;Estaá‰es BRT Move;DF131;Subst. Da Antena Wlan do CCIT;4
01/08/2022;COT1;Transfacil;EQ6;CCIT 4.0 FRONTAL H2.1;OP13;Estaá‰es BRT Move;DF169;Subst. De Componente eletrìnico;1
01/08/2022;COT1;Transfacil;EQ6;CCIT 4.0 FRONTAL H2.1;OP13;Estaá‰es BRT Move;DF136;Subst. Da Carcaáa inferior;1
01/08/2022;COT14;TURIN OURO PRETO;EQ6;CCIT 4.0 FRONTAL H2.1;OP52;VIAÄ«O TURIN OURO PRETO;DF88;Reparo com formataá∆o e reinst. FW/SW;9
01/08/2022;COT23;UTB;EQ6;CCIT 4.0 FRONTAL H2.1;OP83;UTB;DF41;Envio para manutená∆o central-CTG;7
01/08/2022;COT16;Via Ouro;EQ6;CCIT 4.0 FRONTAL H2.1;OP49;VIA OURO COLETIVOS LTDA;DF90;Reparo com formataá∆o e subst. FW/SW;3
01/08/2022;COT24;GVBUS;EQ14;DMX200 MOD H3.1;;;DF41;Envio para manutená∆o central-CTG;39
01/08/2022;COT24;GVBUS;EQ14;DMX200 MOD H3.1;;;DF46;Formataá∆o da mem¢ria e subst. FW;10
01/08/2022;COT24;GVBUS;EQ14;DMX200 MOD H3.1;;;DF292;Ressolda conector USB;61
01/08/2022;COT24;GVBUS;EQ14;DMX200 MOD H3.1;;;DF21;Atualizaá∆o de FW ;155
01/08/2022;COT1;Transfacil;EQ14;DMX200 MOD H3.1;;;DF41;Envio para manutená∆o central-CTG;12
01/08/2022;COT1;Transfacil;EQ14;DMX200 MOD H3.1;;;DF88;Reparo com formataá∆o e reinst. FW/SW;83
01/08/2022;COT1;Transfacil;EQ14;DMX200 MOD H3.1;;;DF170;Subst. De Gorila Glass;1
01/08/2022;COT11;Gov. Valadares;EQ13;DMX200L;OP53;VIAÄ«O MOBI;DF88;Reparo com formataá∆o e reinst. FW/SW;12
01/08/2022;COT12;DIVPASS;EQ13;DMX200L;OP124;DIVPASS;DF90;Reparo com formataá∆o e subst. FW/SW;15
01/08/2022;COT12;DIVPASS;EQ13;DMX200L;OP124;DIVPASS;DF170;Subst. De Gorila Glass;1
01/08/2022;COT19;S«O JO«O;EQ39;DMX200L JI21 SEM BATERIA;OP67;S«O JO«O;DF115;Restauraá∆o da ROM via PC;2
01/08/2022;COT19;S«O JO«O;EQ39;DMX200L JI21 SEM BATERIA;OP67;S«O JO«O;DF41;Envio para manutená∆o central-CTG;4
01/08/2022;COT19;S«O JO«O;EQ39;DMX200L JI21 SEM BATERIA;OP67;S«O JO«O;DF300;Ressolda antena GPRS e slot de chip;2
01/08/2022;COT19;S«O JO«O;EQ39;DMX200L JI21 SEM BATERIA;OP67;S«O JO«O;DF302;Instalaá∆o de 2o capacitor em paralelo;4
01/08/2022;COT20;ROSA TURISMO;EQ39;DMX200L JI21 SEM BATERIA;OP66;ROSA TURISMO;DF115;Restauraá∆o da ROM via PC;3
01/08/2022;COT20;ROSA TURISMO;EQ39;DMX200L JI21 SEM BATERIA;OP66;ROSA TURISMO;DF41;Envio para manutená∆o central-CTG;8
01/08/2022;COT20;ROSA TURISMO;EQ39;DMX200L JI21 SEM BATERIA;OP66;ROSA TURISMO;DF300;Ressolda antena GPRS e slot de chip;2
01/08/2022;COT20;ROSA TURISMO;EQ39;DMX200L JI21 SEM BATERIA;OP66;ROSA TURISMO;DF302;Instalaá∆o de 2o capacitor em paralelo;5
01/08/2022;COT4;Setut;EQ14;DMX200 MOD H3.1;;;DF41;Envio para manutená∆o central-CTG;18
01/08/2022;COT25;COOTRAPS - CE;EQ14;DMX200 MOD H3.1;OP129;COOTRAPS;DF90;Reparo com formataá∆o e subst. FW/SW;10
01/08/2022;COT25;COOTRAPS - CE;EQ14;DMX200 MOD H3.1;OP129;COOTRAPS;DF39;Enviados para manutená∆o central CTG;20
01/08/2022;COT3;TEU;EQ14;DMX200 MOD H3.1;;;DF21;Atualizaá∆o de FW ;2
01/08/2022;COT3;TEU;EQ14;DMX200 MOD H3.1;;;DF115;Restauraá∆o da ROM via PC;2
01/08/2022;COT33;FLORIAN‡POLIS;EQ15;DMX200L SEM BATERIA;;;DF21;Atualizaá∆o de FW ;35
01/08/2022;COT33;FLORIAN‡POLIS;EQ15;DMX200L SEM BATERIA;;;DF115;Restauraá∆o da ROM via PC;25
01/08/2022;COT33;FLORIAN‡POLIS;EQ15;DMX200L SEM BATERIA;;;DF41;Envio para manutená∆o central-CTG;6
01/08/2022;COT22;Taguatur PM NOVO;EQ39;DMX200L JI21 SEM BATERIA;OP82;TAGUATUR;DF41;Envio para manutená∆o central-CTG;40
01/08/2022;COT24;GVBUS;EQ10;CONNECTION CCIT 4.0;;;DF41;Envio para manutená∆o central-CTG;8
01/08/2022;COT24;GVBUS;EQ10;CONNECTION CCIT 4.0;;;DF21;Atualizaá∆o de FW ;31
01/08/2022;COT1;Transfacil;EQ10;CONNECTION CCIT 4.0;;;DF88;Reparo com formataá∆o e reinst. FW/SW;20
01/08/2022;COT1;Transfacil;EQ10;CONNECTION CCIT 4.0;;;DF136;Subst. Da Carcaáa inferior;2
01/08/2022;COT1;Transfacil;EQ10;CONNECTION CCIT 4.0;;;DF169;Subst. De Componente eletrìnico;2
01/08/2022;COT1;Transfacil;EQ10;CONNECTION CCIT 4.0;;;DF211;Subst. Do Equipamento completo;1
01/08/2022;COT1;Transfacil;EQ10;CONNECTION CCIT 4.0;;;DF37;Defeito n∆o encontrado e subst. FW/SW;1
01/08/2022;COT2;Transcard;EQ10;CONNECTION CCIT 4.0;;;DF46;Formataá∆o da mem¢ria e subst. FW;9
01/08/2022;COT2;Transcard;EQ10;CONNECTION CCIT 4.0;;;DF41;Envio para manutená∆o central-CTG;12
01/08/2022;COT20;ROSA TURISMO;EQ10;CONNECTION CCIT 4.0;OP66;ROSA TURISMO;DF41;Envio para manutená∆o central-CTG;1
01/08/2022;COT19;S«O JO«O;EQ10;CONNECTION CCIT 4.0;OP67;S«O JO«O;DF41;Envio para manutená∆o central-CTG;1
01/08/2022;COT3;TEU;EQ22;V3000M;;;DF21;Atualizaá∆o de FW ;31
01/08/2022;COT3;TEU;EQ22;V3000M;;;DF115;Restauraá∆o da ROM via PC;28
01/08/2022;COT3;TEU;EQ22;V3000M;;;DF41;Envio para manutená∆o central-CTG;1
01/08/2022;COT3;TEU;EQ26;V3000M DVR;;;DF21;Atualizaá∆o de FW ;23
01/08/2022;COT3;TEU;EQ26;V3000M DVR;;;DF115;Restauraá∆o da ROM via PC;23
01/08/2022;COT1;Transfacil;EQ27;UT (FTV 3000);;;DF169;Subst. De Componente eletrìnico;7
01/08/2022;COT1;Transfacil;EQ27;UT (FTV 3000);;;DF90;Reparo com formataá∆o e subst. FW/SW;8
01/08/2022;COT19;S∆o Jo∆o;EQ31;POS 250;OP67;S«O JO«O;DF41;Envio para manutená∆o central-CTG;2
01/08/2022;COT19;S∆o Jo∆o;EQ31;POS 250;OP67;S«O JO«O;DF46;Formataá∆o da mem¢ria e subst. FW;2
01/08/2022;COT2;Transcard;EQ31;POS 250;;;DF41;Envio para manutená∆o central-CTG;1
01/08/2022;COT2;Transcard;EQ31;POS 250;;;DF46;Formataá∆o da mem¢ria e subst. FW;6
01/08/2022;COT25;COOTRAPS - CE;EQ17;FONTE PM;OP129;COOTRAPS;DF41;Envio para manutená∆o central-CTG;10
01/09/2022;COT7;Alagoinhas;EQ34;CCIT 4.0 FRONTAL H2.1 C SEM BATERIA;OP68;ALAGOINHAS;DF113;Restaura RAM via PC;4
01/09/2022;COT21;Araguarina;EQ35;CCIT 4.0 FRONTAL H2 COM BATERIA;OP81;VIAÄ«O ARAGUARINA;DF41;Envio para manutená∆o central-CTG;1
01/09/2022;COT8;CBTU;EQ1;CCIT 3.0;OP47;CBTU - COMPANHIA BRASILEIRA DE TRENS URBANOS;DF88;Reparo com formataá∆o e reinst. FW/SW;7
01/09/2022;COT27;Cidade das µguas;EQ6;CCIT 4.0 FRONTAL H2.1;OP128;VIAÄ«O CIDADE DAS µGUAS;DF113;Restaura RAM via PC;3
01/09/2022;COT12;DIVPASS;EQ6;CCIT 4.0 FRONTAL H2.1;OP124;DIVPASS;DF88;Reparo com formataá∆o e reinst. FW/SW;7
01/09/2022;COT12;DIVPASS;EQ6;CCIT 4.0 FRONTAL H2.1;OP124;DIVPASS;DF37;Defeito n∆o encontrado e subst. FW/SW;1
01/09/2022;COT33;FLORIAN‡POLIS;EQ8;CCIT 4.0 FRONTAL JI21 SEM BATERIA;;;DF41;Envio para manutená∆o central-CTG;1
01/09/2022;COT33;FLORIAN‡POLIS;EQ8;CCIT 4.0 FRONTAL JI21 SEM BATERIA;;;DF115;Restauraá∆o da ROM via PC;6
01/09/2022;COT33;FLORIAN‡POLIS;EQ8;CCIT 4.0 FRONTAL JI21 SEM BATERIA;;;DF60;Limpeza de cache;2
01/09/2022;COT11;Gov. Valadares;EQ6;CCIT 4.0 FRONTAL H2.1;OP53;VIAÄ«O MOBI;DF88;Reparo com formataá∆o e reinst. FW/SW;9
01/09/2022;COT24;GVBUS;EQ28;ATM;OP108;GVBUS - SIND. DAS EMP. DE TRANP. METROP. DA GRANDE VIT‡RIA;DF262;Retirada de nota ATM e testes;11
01/09/2022;COT24;GVBUS;EQ28;ATM;OP108;GVBUS - SIND. DAS EMP. DE TRANP. METROP. DA GRANDE VIT‡RIA;DF78;PC Reiniciado;1
01/09/2022;COT24;GVBUS;EQ28;ATM;OP108;GVBUS - SIND. DAS EMP. DE TRANP. METROP. DA GRANDE VIT‡RIA;DF218;Subst. Do Monitor;1
01/09/2022;COT24;GVBUS;EQ6;CCIT 4.0 FRONTAL H2.1;;;DF91;Reparo com Gravaá∆o de PIC e reinst. Do FW;19
01/09/2022;COT24;GVBUS;EQ6;CCIT 4.0 FRONTAL H2.1;;;DF41;Envio para manutená∆o central-CTG;58
01/09/2022;COT24;GVBUS;EQ6;CCIT 4.0 FRONTAL H2.1;;;DF21;Atualizaá∆o de FW ;125
01/09/2022;COT6;Metro-Bahia;EQ28;ATM;OP63;METRO-BAHIA;DF237;Subst. Do Validador de Notas;13
01/09/2022;COT6;Metro-Bahia;EQ28;ATM;OP63;METRO-BAHIA;DF143;Subst. da Impressora;1
01/09/2022;COT6;Metro-Bahia;EQ28;ATM;OP63;METRO-BAHIA;DF142;Subst. Da Fonte Lambda ATM;1
01/09/2022;COT6;Metro-Bahia;EQ28;ATM;OP63;METRO-BAHIA;DF236;Subst. Do Teclado de Metal Frontal;2
01/09/2022;COT6;Metro-Bahia;EQ28;ATM;OP63;METRO-BAHIA;DF218;Subst. Do Monitor;2
01/09/2022;COT6;METRO-BAHIA;EQ6;CCIT 4.0 FRONTAL H2.1;OP63;METRO-BAHIA;DF113;Restaura RAM via PC;6
01/09/2022;COT6;METRO-BAHIA;EQ6;CCIT 4.0 FRONTAL H2.1;OP63;METRO-BAHIA;DF114;Restaura RAM via pendrive;2
01/09/2022;COT5;METROFOR/ VLT FORTALEZA;EQ38;CCIT 4.0 METROFOR;OP105;METROFOR LINHA SUL;DF41;Envio para manutená∆o central-CTG;12
01/09/2022;COT10;Metropolitano-Bahia;EQ6;CCIT 4.0 FRONTAL H2.1;OP64;METROPOLITANO SSA;DF41;Envio para manutená∆o central-CTG;2
01/09/2022;COT10;Metropolitano-Bahia;EQ6;CCIT 4.0 FRONTAL H2.1;OP64;METROPOLITANO SSA;DF113;Restaura RAM via PC;13
01/09/2022;COT10;Metropolitano-Bahia;EQ6;CCIT 4.0 FRONTAL H2.1;OP64;METROPOLITANO SSA;DF114;Restaura RAM via pendrive;7
01/09/2022;COT10;Metropolitano-Bahia;EQ6;CCIT 4.0 FRONTAL H2.1;OP64;METROPOLITANO SSA;DF272;Subst. Do Touchscreen do m¢dulo;19
01/09/2022;COT20;ROSA TURISMO;EQ36;CCIT 4.0 FRONTAL H1 COM BATERIA;OP66;ROSA TURISMO;DF113;Restaura RAM via PC;4
01/09/2022;COT20;ROSA TURISMO;EQ36;CCIT 4.0 FRONTAL H1 COM BATERIA;OP66;ROSA TURISMO;DF41;Envio para manutená∆o central-CTG;3
01/09/2022;COT19;S«O JO«O;EQ36;CCIT 4.0 FRONTAL H1 COM BATERIA;OP67;S«O JO«O;DF113;Restaura RAM via PC;10
01/09/2022;COT19;S«O JO«O;EQ36;CCIT 4.0 FRONTAL H1 COM BATERIA;OP67;S«O JO«O;DF41;Envio para manutená∆o central-CTG;4
01/09/2022;COT19;S«O JO«O;EQ36;CCIT 4.0 FRONTAL H1 COM BATERIA;OP67;S«O JO«O;DF114;Restaura RAM via pendrive;3
01/09/2022;COT19;S«O JO«O;EQ36;CCIT 4.0 FRONTAL H1 COM BATERIA;OP67;S«O JO«O;DF209;Subst. Do Display;2
01/09/2022;COT17;S∆o Jorge;OP50;S«O JORGE AUTO ONIBUS ;OP50;S«O JORGE AUTO ONIBUS ;DF90;Reparo com formataá∆o e subst. FW/SW;2
01/09/2022;COT4;Setut;EQ6;CCIT 4.0 FRONTAL H2.1;;;DF41;Envio para manutená∆o central-CTG;7
01/09/2022;COT4;Setut;EQ6;CCIT 4.0 FRONTAL H2.1;;;DF113;Restaura RAM via PC;3
01/09/2022;COT4;Setut;EQ6;CCIT 4.0 FRONTAL H2.1;;;DF60;Limpeza de cache;1
01/09/2022;COT18;Sindpautras;EQ6;CCIT 4.0 FRONTAL H2.1;OP48;SINDPAUTRAS-SIND. PERM. AUT. TRANSP. SU;DF88;Reparo com formataá∆o e reinst. FW/SW;16
01/09/2022;COT18;Sindpautras;EQ6;CCIT 4.0 FRONTAL H2.1;OP48;SINDPAUTRAS-SIND. PERM. AUT. TRANSP. SU;DF130;Subst. Da Antena WLAN;1
01/09/2022;COT22;Taguatur;EQ35;CCIT 4.0 FRONTAL H2 COM BATERIA;OP82;TAGUATUR;DF41;Envio para manutená∆o central-CTG;14
01/09/2022;COT3;TEU;EQ3;CCIT 3.5;;;DF162;Subst. Da Placa Mbccit;2
01/09/2022;COT3;TEU;EQ3;CCIT 3.5;;;DF157;Subst. Da Placa FTCLess;1
01/09/2022;COT3;TEU;EQ36;CCIT 4.0 FRONTAL H1 COM BATERIA;;;DF115;Restauraá∆o da ROM via PC;172
01/09/2022;COT3;TEU;EQ36;CCIT 4.0 FRONTAL H1 COM BATERIA;;;DF60;Limpeza de cache;38
01/09/2022;COT3;TEU;EQ36;CCIT 4.0 FRONTAL H1 COM BATERIA;;;DF132;Subst. Da Bateria de Lithium;18
01/09/2022;COT3;TEU;EQ36;CCIT 4.0 FRONTAL H1 COM BATERIA;;;DF41;Envio para manutená∆o central-CTG;11
01/09/2022;COT3;TEU;EQ36;CCIT 4.0 FRONTAL H1 COM BATERIA;;;DF136;Subst. Da Carcaáa inferior;26
01/09/2022;COT3;TEU;EQ36;CCIT 4.0 FRONTAL H1 COM BATERIA;;;DF114;Restaura RAM via pendrive;9
01/09/2022;COT2;Transcard;EQ28;ATM;OP61;Setps (Transcard);DF237;Subst. Do Validador de Notas;2
01/09/2022;COT2;Transcard;EQ28;ATM;OP61;Setps (Transcard);DF228;Subst. Do PDV ATM;1
01/09/2022;COT2;Transcard;EQ28;ATM;OP61;Setps (Transcard);DF231;Subst. Do PINpad;1
01/09/2022;COT2;Transcard;EQ28;ATM;OP61;Setps (Transcard);DF143;Subst. da Impressora;1
01/09/2022;COT2;Transcard;EQ28;ATM;OP61;Setps (Transcard);DF284;Manutená∆o PC ATM;1
01/09/2022;COT2;Transcard;EQ6;CCIT 4.0 FRONTAL H2.1;;;DF113;Restaura RAM via PC;72
01/09/2022;COT2;Transcard;EQ6;CCIT 4.0 FRONTAL H2.1;;;DF114;Restaura RAM via pendrive;13
01/09/2022;COT2;Transcard;EQ6;CCIT 4.0 FRONTAL H2.1;;;DF101;Ressolda Mbccit;7
01/09/2022;COT2;Transcard;EQ6;CCIT 4.0 FRONTAL H2.1;;;DF41;Enviados para manutená∆o central CTG;10
01/09/2022;COT2;Transcard;EQ6;CCIT 4.0 FRONTAL H2.1;;;DF272;Subst. Do Touchscreen do m¢dulo;26
01/09/2022;COT1;Transfacil;EQ28;ATM;OP27;TRANSFµCIL;DF237;Subst. Do Validador de Notas;7
01/09/2022;COT1;Transfacil;EQ28;ATM;OP27;TRANSFµCIL;DF19;ATM - defeito n∆o confirmado;9
01/09/2022;COT1;Transfacil;EQ28;ATM;OP27;TRANSFµCIL;DF143;Subst. da Impressora;1
01/09/2022;COT1;Transfacil;EQ28;ATM;OP27;TRANSFµCIL;DF258;Subst. Da Cabeáa de Impress∆o;3
01/09/2022;COT1;Transfacil;EQ28;ATM;OP27;TRANSFµCIL;DF228;Subst. Do PDV ATM;2
01/09/2022;COT1;Transfacil;EQ28;ATM;OP27;TRANSFµCIL;DF257;Manut. no Validador de Notas;4
01/09/2022;COT1;Transfacil;EQ28;ATM;OP27;TRANSFµCIL;DF69;Manutená∆o no Sensor de Porta;1
01/09/2022;COT1;Transfacil;EQ28;ATM;OP27;TRANSFµCIL;DF65;Manutená∆o Cofre;2
01/09/2022;COT1;Transfacil;EQ28;ATM;OP27;TRANSFµCIL;DF67;Manutená∆o na Impressora;5
01/09/2022;COT1;Transfacil;EQ28;ATM;OP27;TRANSFµCIL;DF85;Reinstalaá∆o do Drive da Impressora;1
01/09/2022;COT1;Transfacil;EQ28;ATM;OP27;TRANSFµCIL;DF207;Subst. Do Conversor Serial;1
01/09/2022;COT1;Transfacil;EQ28;ATM;OP27;TRANSFµCIL;DF197;Subst. Do Cofre;1
01/09/2022;COT1;Transfacil;EQ28;ATM;OP27;TRANSFµCIL;DF227;Subst. Do PC ATM;1
01/09/2022;COT1;Transfacil;EQ6;CCIT 4.0 FRONTAL H2.1;;;DF88;Reparo com formataá∆o e reinst. FW/SW;224
01/09/2022;COT1;Transfacil;EQ6;CCIT 4.0 FRONTAL H2.1;;;DF238;Subst. Do Vidro CCIT V4.0;12
01/09/2022;COT1;Transfacil;EQ6;CCIT 4.0 FRONTAL H2.1;;;DF37;Defeito n∆o encontrado e subst. FW/SW;5
01/09/2022;COT1;Transfacil;EQ6;CCIT 4.0 FRONTAL H2.1;;;DF133;Subst. Da Campainha CCIT;1
01/09/2022;COT1;Transfacil;EQ6;CCIT 4.0 FRONTAL H2.1;;;DF130;Subst. Da Antena WLAN;1
01/09/2022;COT1;Transfacil;EQ6;CCIT 4.0 FRONTAL H2.1;;;DF216;Subst. Do M¢dulo H2;3
01/09/2022;COT1;Transfacil;EQ6;CCIT 4.0 FRONTAL H2.1;;;DF108;Ressolda no circuito da placa-m∆e;3
01/09/2022;COT1;Transfacil;EQ6;CCIT 4.0 FRONTAL H2.1;OP13;Estaá‰es BRT Move;DF88;Reparo com formataá∆o e reinst. FW/SW;42
01/09/2022;COT1;Transfacil;EQ6;CCIT 4.0 FRONTAL H2.1;OP13;Estaá‰es BRT Move;DF131;Subst. Da Antena Wlan do CCIT;1
01/09/2022;COT1;Transfacil;EQ6;CCIT 4.0 FRONTAL H2.1;OP13;Estaá‰es BRT Move;DF136;Subst. Da Carcaáa inferior;1
01/09/2022;COT1;Transfacil;EQ6;CCIT 4.0 FRONTAL H2.1;;;DF169;Subst. De Componente eletrìnico;7
01/09/2022;COT1;Transfacil;EQ6;CCIT 4.0 FRONTAL H2.1;;;DF136;Subst. Da Carcaáa inferior;2
01/09/2022;COT1;Transfacil;EQ6;CCIT 4.0 FRONTAL H2.1;OP13;Estaá‰es BRT Move;DF238;Subst. Do Vidro CCIT V4.0;1
01/09/2022;COT1;Transfacil;EQ6;CCIT 4.0 FRONTAL H2.1;OP13;Estaá‰es BRT Move;DF37;Defeito n∆o encontrado e subst. FW/SW;2
01/09/2022;COT14;TURIN OURO PRETO;EQ6;CCIT 4.0 FRONTAL H2.1;OP52;VIAÄ«O TURIN OURO PRETO;DF88;Reparo com formataá∆o e reinst. FW/SW;5
01/09/2022;COT14;TURIN OURO PRETO;EQ6;CCIT 4.0 FRONTAL H2.1;OP52;VIAÄ«O TURIN OURO PRETO;DF272;Subst. Do Touchscreen do m¢dulo;1
01/09/2022;COT23;UTB;EQ6;CCIT 4.0 FRONTAL H2.1;OP83;UTB;DF41;Envio para manutená∆o central-CTG;8
01/09/2022;COT16;Via Ouro;EQ6;CCIT 4.0 FRONTAL H2.1;OP49;VIA OURO COLETIVOS LTDA;DF90;Reparo com formataá∆o e subst. FW/SW;13
01/09/2022;COT16;Via Ouro;EQ6;CCIT 4.0 FRONTAL H2.1;OP49;VIA OURO COLETIVOS LTDA;DF37;Defeito n∆o encontrado e subst. FW/SW;1
01/09/2022;COT1;Transfacil;EQ14;DMX200 MOD H3.1;;;DF41;Envio para manutená∆o central-CTG;16
01/09/2022;COT1;Transfacil;EQ14;DMX200 MOD H3.1;;;DF88;Reparo com formataá∆o e reinst. FW/SW;50
01/09/2022;COT1;Transfacil;EQ14;DMX200 MOD H3.1;;;DF170;Subst. De Gorila Glass;1
01/09/2022;COT12;DIVPASS;EQ13;DMX200L;OP124;DIVPASS;DF90;Reparo com formataá∆o e subst. FW/SW;12
01/09/2022;COT19;S«O JO«O;EQ39;DMX200L JI21 SEM BATERIA;OP67;S«O JO«O;DF115;Restauraá∆o da ROM via PC;4
01/09/2022;COT19;S«O JO«O;EQ39;DMX200L JI21 SEM BATERIA;OP67;S«O JO«O;DF41;Envio para manutená∆o central-CTG;5
01/09/2022;COT19;S«O JO«O;EQ39;DMX200L JI21 SEM BATERIA;OP67;S«O JO«O;DF300;Ressolda antena GPRS e slot de chip;2
01/09/2022;COT19;S«O JO«O;EQ39;DMX200L JI21 SEM BATERIA;OP67;S«O JO«O;DF302;Instalaá∆o de 2o capacitor em paralelo;7
01/09/2022;COT20;ROSA TURISMO;EQ39;DMX200L JI21 SEM BATERIA;OP66;ROSA TURISMO;DF115;Restauraá∆o da ROM via PC;4
01/09/2022;COT20;ROSA TURISMO;EQ39;DMX200L JI21 SEM BATERIA;OP66;ROSA TURISMO;DF41;Envio para manutená∆o central-CTG;4
01/09/2022;COT20;ROSA TURISMO;EQ39;DMX200L JI21 SEM BATERIA;OP66;ROSA TURISMO;DF300;Ressolda antena GPRS e slot de chip;2
01/09/2022;COT20;ROSA TURISMO;EQ39;DMX200L JI21 SEM BATERIA;OP66;ROSA TURISMO;DF302;Instalaá∆o de 2o capacitor em paralelo;5
01/09/2022;COT25;COOTRAPS - CE;EQ14;DMX200 MOD H3.1;OP129;COOTRAPS;DF39;Enviados para manutená∆o central CTG;16
01/09/2022;COT24;GVBUS;EQ14;DMX200 MOD H3.1;;;DF41;Envio para manutená∆o central-CTG;73
01/09/2022;COT24;GVBUS;EQ14;DMX200 MOD H3.1;;;DF46;Formataá∆o da mem¢ria e subst. FW;11
01/09/2022;COT24;GVBUS;EQ14;DMX200 MOD H3.1;;;DF292;Ressolda conector USB;57
01/09/2022;COT24;GVBUS;EQ14;DMX200 MOD H3.1;;;DF21;Atualizaá∆o de FW ;234
01/09/2022;COT24;GVBUS;EQ14;DMX200 MOD H3.1;;;DF127;Subst. Conector USB;14
01/09/2022;COT3;TEU;EQ14;DMX200 MOD H3.1;;;DF21;Atualizaá∆o de FW ;26
01/09/2022;COT3;TEU;EQ14;DMX200 MOD H3.1;;;DF115;Restauraá∆o da ROM via PC;26
01/09/2022;COT3;TEU;EQ14;DMX200 MOD H3.1;;;DF41;Envio para manutená∆o central-CTG;7
01/09/2022;COT33;FLORIAN‡POLIS;EQ15;DMX200L SEM BATERIA;;;DF21;Atualizaá∆o de FW ;40
01/09/2022;COT33;FLORIAN‡POLIS;EQ15;DMX200L SEM BATERIA;;;DF115;Restauraá∆o da ROM via PC;36
01/09/2022;COT33;FLORIAN‡POLIS;EQ15;DMX200L SEM BATERIA;;;DF41;Envio para manutená∆o central-CTG;1
01/09/2022;COT21;Araguarina;EQ13;DMX200L;OP81;VIAÄ«O ARAGUARINA;DF41;Envio para manutená∆o central-CTG;4
01/09/2022;COT22;Taguatur PM NOVO;EQ39;DMX200L JI21 SEM BATERIA;OP82;TAGUATUR;DF41;Envio para manutená∆o central-CTG;33
01/09/2022;COT1;Transfacil;EQ10;CONNECTION CCIT 4.0;;;DF88;Reparo com formataá∆o e reinst. FW/SW;17
01/09/2022;COT1;Transfacil;EQ10;CONNECTION CCIT 4.0;;;DF169;Subst. De Componente eletrìnico;3
01/09/2022;COT2;Transcard;EQ10;CONNECTION CCIT 4.0;;;DF46;Formataá∆o da mem¢ria e subst. FW;22
01/09/2022;COT2;Transcard;EQ10;CONNECTION CCIT 4.0;;;DF41;Envio para manutená∆o central-CTG;6
01/09/2022;COT2;Transcard;EQ10;CONNECTION CCIT 4.0;;;DF256;Substituiá∆o de fus°vel;1
01/09/2022;COT10;Metropolitano-Bahia;EQ10;CONNECTION CCIT 4.0;OP64;METROPOLITANO SSA;DF21;Atualizaá∆o de FW ;9
01/09/2022;COT10;Metropolitano-Bahia;EQ10;CONNECTION CCIT 4.0;OP64;METROPOLITANO SSA;DF41;Envio para manutená∆o central-CTG;1
01/09/2022;COT10;Metropolitano-Bahia;EQ10;CONNECTION CCIT 4.0;OP64;METROPOLITANO SSA;DF256;Substituiá∆o de fus°vel;1
01/09/2022;COT24;GVBUS;EQ10;CONNECTION CCIT 4.0;;;DF293;Recall Circuito Catraca (placa ADP);15
01/09/2022;COT3;TEU;EQ22;V3000M;;;DF21;Atualizaá∆o de FW ;85
01/09/2022;COT3;TEU;EQ22;V3000M;;;DF115;Restauraá∆o da ROM via PC;81
01/09/2022;COT3;TEU;EQ22;V3000M;;;DF41;Envio para manutená∆o central-CTG;4
01/09/2022;COT3;TEU;EQ22;V3000M;;;DF232;Subst. Do SDCard;14
01/09/2022;COT3;TEU;EQ21;V3000L;;;DF21;Atualizaá∆o de FW ;10
01/09/2022;COT3;TEU;EQ21;V3000L;;;DF115;Restauraá∆o da ROM via PC;10
01/09/2022;COT3;TEU;EQ26;V3000M DVR;;;DF21;Atualizaá∆o de FW ;15
01/09/2022;COT3;TEU;EQ26;V3000M DVR;;;DF115;Restauraá∆o da ROM via PC;15
01/09/2022;COT3;TEU;EQ26;V3000M DVR;;;DF41;Envio para manutená∆o central-CTG;1
01/09/2022;COT3;TEU;EQ26;V3000M DVR;;;DF232;Subst. Do SDCard;1
01/09/2022;COT1;Transfacil;EQ27;UT (FTV 3000);;;DF169;Subst. De Componente eletrìnico;2
01/09/2022;COT24;GVBUS;EQ33;POS MOVE 2500;;;DF41;Envio para manutená∆o central-CTG;16
01/09/2022;COT2;Transcard;EQ31;POS 250;;;DF41;Envio para manutená∆o central-CTG;2
01/09/2022;COT2;Transcard;EQ31;POS 250;;;DF46;Formataá∆o da mem¢ria e subst. FW;9
01/10/2022;COT7;Alagoinhas;EQ34;CCIT 4.0 FRONTAL H2.1 C SEM BATERIA;OP68;ALAGOINHAS;DF113;Restaura RAM via PC;5
01/10/2022;COT21;Araguarina;EQ35;CCIT 4.0 FRONTAL H2 COM BATERIA;OP81;VIAÄ«O ARAGUARINA;DF41;Envio para manutená∆o central-CTG;1
01/10/2022;COT21;Araguarina;EQ34;CCIT 4.0 FRONTAL H2.1 C SEM BATERIA;OP81;VIAÄ«O ARAGUARINA;DF41;Envio para manutená∆o central-CTG;8
01/10/2022;COT27;Cidade das µguas;EQ6;CCIT 4.0 FRONTAL H2.1;OP128;VIAÄ«O CIDADE DAS µGUAS;DF113;Restaura RAM via PC;4
01/10/2022;COT27;Cidade das µguas;EQ6;CCIT 4.0 FRONTAL H2.1;OP128;VIAÄ«O CIDADE DAS µGUAS;DF41;Envio para manutená∆o central-CTG;1
01/10/2022;COT12;DIVPASS;EQ6;CCIT 4.0 FRONTAL H2.1;OP124;DIVPASS;DF88;Reparo com formataá∆o e reinst. FW/SW;8
01/10/2022;COT12;DIVPASS;EQ6;CCIT 4.0 FRONTAL H2.1;OP124;DIVPASS;DF130;Subst. Da Antena WLAN;1
01/10/2022;COT12;DIVPASS;EQ6;CCIT 4.0 FRONTAL H2.1;OP124;DIVPASS;DF209;Subst. Do Display;1
01/10/2022;COT12;DIVPASS;EQ6;CCIT 4.0 FRONTAL H2.1;OP124;DIVPASS;DF136;Subst. Da Carcaáa inferior;1
01/10/2022;COT33;FLORIAN‡POLIS;EQ8;CCIT 4.0 FRONTAL JI21 SEM BATERIA;;;DF41;Envio para manutená∆o central-CTG;1
01/10/2022;COT33;FLORIAN‡POLIS;EQ8;CCIT 4.0 FRONTAL JI21 SEM BATERIA;;;DF115;Restauraá∆o da ROM via PC;7
01/10/2022;COT11;Gov. Valadares;EQ6;CCIT 4.0 FRONTAL H2.1;OP53;VIAÄ«O MOBI;DF88;Reparo com formataá∆o e reinst. FW/SW;1
01/10/2022;COT24;GVBUS;EQ28;ATM;OP108;GVBUS - SIND. DAS EMP. DE TRANP. METROP. DA GRANDE VIT‡RIA;DF262;Retirada de nota ATM e testes;12
01/10/2022;COT24;GVBUS;EQ28;ATM;OP108;GVBUS - SIND. DAS EMP. DE TRANP. METROP. DA GRANDE VIT‡RIA;DF78;PC Reiniciado;4
01/10/2022;COT24;GVBUS;EQ28;ATM;OP108;GVBUS - SIND. DAS EMP. DE TRANP. METROP. DA GRANDE VIT‡RIA;DF197;Subst. Do Cofre;2
01/10/2022;COT24;GVBUS;EQ28;ATM;OP108;GVBUS - SIND. DAS EMP. DE TRANP. METROP. DA GRANDE VIT‡RIA;DF143;Subst. da Impressora;2
01/10/2022;COT24;GVBUS;EQ28;ATM;OP108;GVBUS - SIND. DAS EMP. DE TRANP. METROP. DA GRANDE VIT‡RIA;DF299;Subst. De UPEX ATM;1
01/10/2022;COT24;GVBUS;EQ28;ATM;OP108;GVBUS - SIND. DAS EMP. DE TRANP. METROP. DA GRANDE VIT‡RIA;DF237;Subst. Do Validador de Notas;2
01/10/2022;COT24;GVBUS;EQ6;CCIT 4.0 FRONTAL H2.1;;;DF91;Reparo com Gravaá∆o de PIC e reinst. Do FW;12
01/10/2022;COT24;GVBUS;EQ6;CCIT 4.0 FRONTAL H2.1;;;DF41;Envio para manutená∆o central-CTG;18
01/10/2022;COT24;GVBUS;EQ6;CCIT 4.0 FRONTAL H2.1;;;DF21;Atualizaá∆o de FW ;132
01/10/2022;COT6;Metro-Bahia;EQ28;ATM;OP63;METRO-BAHIA;DF237;Subst. Do Validador de Notas;13
01/10/2022;COT6;Metro-Bahia;EQ28;ATM;OP63;METRO-BAHIA;DF143;Subst. da Impressora;5
01/10/2022;COT6;Metro-Bahia;EQ28;ATM;OP63;METRO-BAHIA;DF228;Subst. Do PDV ATM;4
01/10/2022;COT6;Metro-Bahia;EQ28;ATM;OP63;METRO-BAHIA;DF260;Subst. HUB Serial;1
01/10/2022;COT6;Metro-Bahia;EQ28;ATM;OP63;METRO-BAHIA;DF218;Subst. Do Monitor;1
01/10/2022;COT6;Metro-Bahia;EQ28;ATM;OP63;METRO-BAHIA;DF284;Manutená∆o PC ATM;1
01/10/2022;COT6;METRO-BAHIA;EQ6;CCIT 4.0 FRONTAL H2.1;OP63;METRO-BAHIA;DF113;Restaura RAM via PC;1
01/10/2022;COT5;METROFOR/ VLT FORTALEZA;EQ38;CCIT 4.0 METROFOR;OP105;METROFOR LINHA SUL;DF41;Envio para manutená∆o central-CTG;26
01/10/2022;COT10;Metropolitano-Bahia;EQ6;CCIT 4.0 FRONTAL H2.1;OP64;METROPOLITANO SSA;DF41;Envio para manutená∆o central-CTG;3
01/10/2022;COT10;Metropolitano-Bahia;EQ6;CCIT 4.0 FRONTAL H2.1;OP64;METROPOLITANO SSA;DF113;Restaura RAM via PC;11
01/10/2022;COT10;Metropolitano-Bahia;EQ6;CCIT 4.0 FRONTAL H2.1;OP64;METROPOLITANO SSA;DF114;Restaura RAM via pendrive;7
01/10/2022;COT10;Metropolitano-Bahia;EQ6;CCIT 4.0 FRONTAL H2.1;OP64;METROPOLITANO SSA;DF272;Subst. Do Touchscreen do m¢dulo;22
01/10/2022;COT20;ROSA TURISMO;EQ36;CCIT 4.0 FRONTAL H1 COM BATERIA;OP66;ROSA TURISMO;DF113;Restaura RAM via PC;10
01/10/2022;COT20;ROSA TURISMO;EQ36;CCIT 4.0 FRONTAL H1 COM BATERIA;OP66;ROSA TURISMO;DF41;Envio para manutená∆o central-CTG;3
01/10/2022;COT20;ROSA TURISMO;EQ36;CCIT 4.0 FRONTAL H1 COM BATERIA;OP66;ROSA TURISMO;DF209;Subst. Do Display;3
01/10/2022;COT19;S«O JO«O;EQ36;CCIT 4.0 FRONTAL H1 COM BATERIA;OP67;S«O JO«O;DF113;Restaura RAM via PC;5
01/10/2022;COT19;S«O JO«O;EQ36;CCIT 4.0 FRONTAL H1 COM BATERIA;OP67;S«O JO«O;DF41;Envio para manutená∆o central-CTG;3
01/10/2022;COT19;S«O JO«O;EQ36;CCIT 4.0 FRONTAL H1 COM BATERIA;OP67;S«O JO«O;DF209;Subst. Do Display;2
01/10/2022;COT17;S∆o Jorge;OP50;S«O JORGE AUTO ONIBUS ;OP50;S«O JORGE AUTO ONIBUS ;DF90;Reparo com formataá∆o e subst. FW/SW;2
01/10/2022;COT4;Setut;EQ6;CCIT 4.0 FRONTAL H2.1;;;DF41;Envio para manutená∆o central-CTG;5
01/10/2022;COT4;Setut;EQ6;CCIT 4.0 FRONTAL H2.1;;;DF113;Restaura RAM via PC;1
01/10/2022;COT18;Sindpautras;EQ6;CCIT 4.0 FRONTAL H2.1;OP48;SINDPAUTRAS-SIND. PERM. AUT. TRANSP. SU;DF88;Reparo com formataá∆o e reinst. FW/SW;5
01/10/2022;COT18;Sindpautras;EQ6;CCIT 4.0 FRONTAL H2.1;OP48;SINDPAUTRAS-SIND. PERM. AUT. TRANSP. SU;DF238;Subst. Do Vidro CCIT V4.0;1
01/10/2022;COT3;TEU;EQ36;CCIT 4.0 FRONTAL H1 COM BATERIA;;;DF115;Restauraá∆o da ROM via PC;115
01/10/2022;COT3;TEU;EQ36;CCIT 4.0 FRONTAL H1 COM BATERIA;;;DF60;Limpeza de cache;63
01/10/2022;COT3;TEU;EQ36;CCIT 4.0 FRONTAL H1 COM BATERIA;;;DF132;Subst. Da Bateria de Lithium;19
01/10/2022;COT3;TEU;EQ36;CCIT 4.0 FRONTAL H1 COM BATERIA;;;DF41;Envio para manutená∆o central-CTG;13
01/10/2022;COT3;TEU;EQ36;CCIT 4.0 FRONTAL H1 COM BATERIA;;;DF136;Subst. Da Carcaáa inferior;11
01/10/2022;COT3;TEU;EQ36;CCIT 4.0 FRONTAL H1 COM BATERIA;;;DF114;Restaura RAM via pendrive;1
01/10/2022;COT2;Transcard;EQ28;ATM;OP61;Setps (Transcard);DF237;Subst. Do Validador de Notas;3
01/10/2022;COT2;Transcard;EQ28;ATM;OP61;Setps (Transcard);DF228;Subst. Do PDV ATM;2
01/10/2022;COT2;Transcard;EQ28;ATM;OP61;Setps (Transcard);DF231;Subst. Do PINpad;1
01/10/2022;COT2;Transcard;EQ28;ATM;OP61;Setps (Transcard);DF143;Subst. da Impressora;4
01/10/2022;COT2;Transcard;EQ28;ATM;OP61;Setps (Transcard);DF284;Manutená∆o PC ATM;2
01/10/2022;COT2;Transcard;EQ28;ATM;OP61;Setps (Transcard);DF236;Subst. Do Teclado de Metal Frontal;2
01/10/2022;COT2;Transcard;EQ6;CCIT 4.0 FRONTAL H2.1;;;DF113;Restaura RAM via PC;78
01/10/2022;COT2;Transcard;EQ6;CCIT 4.0 FRONTAL H2.1;;;DF114;Restaura RAM via pendrive;8
01/10/2022;COT2;Transcard;EQ6;CCIT 4.0 FRONTAL H2.1;;;DF101;Ressolda Mbccit;4
01/10/2022;COT2;Transcard;EQ6;CCIT 4.0 FRONTAL H2.1;;;DF41;Enviados para manutená∆o central CTG;11
01/10/2022;COT2;Transcard;EQ6;CCIT 4.0 FRONTAL H2.1;;;DF272;Subst. Do Touchscreen do m¢dulo;23
01/10/2022;COT1;Transfacil;EQ28;ATM;OP27;TRANSFµCIL;DF237;Subst. Do Validador de Notas;3
01/10/2022;COT1;Transfacil;EQ28;ATM;OP27;TRANSFµCIL;DF19;ATM - defeito n∆o confirmado;7
01/10/2022;COT1;Transfacil;EQ28;ATM;OP27;TRANSFµCIL;DF143;Subst. da Impressora;2
01/10/2022;COT1;Transfacil;EQ28;ATM;OP27;TRANSFµCIL;DF284;Manutená∆o PC ATM;1
01/10/2022;COT1;Transfacil;EQ28;ATM;OP27;TRANSFµCIL;DF228;Subst. Do PDV ATM;1
01/10/2022;COT1;Transfacil;EQ28;ATM;OP27;TRANSFµCIL;DF257;Manut. no Validador de Notas;2
01/10/2022;COT1;Transfacil;EQ28;ATM;OP27;TRANSFµCIL;DF5;Ajuste da porta Externa;1
01/10/2022;COT1;Transfacil;EQ28;ATM;OP27;TRANSFµCIL;DF67;Manutená∆o na Impressora;2
01/10/2022;COT1;Transfacil;EQ28;ATM;OP27;TRANSFµCIL;DF197;Subst. Do Cofre;2
01/10/2022;COT1;Transfacil;EQ28;ATM;OP27;TRANSFµCIL;DF258;Subst. Da Cabeáa de Impress∆o;2
01/10/2022;COT1;Transfacil;EQ3;CCIT 3.5;;;DF88;Reparo com formataá∆o e reinst. FW/SW;6
01/10/2022;COT1;Transfacil;EQ6;CCIT 4.0 FRONTAL H2.1;;;DF88;Reparo com formataá∆o e reinst. FW/SW;156
01/10/2022;COT1;Transfacil;EQ6;CCIT 4.0 FRONTAL H2.1;;;DF238;Subst. Do Vidro CCIT V4.0;11
01/10/2022;COT1;Transfacil;EQ6;CCIT 4.0 FRONTAL H2.1;;;DF37;Defeito n∆o encontrado e subst. FW/SW;4
01/10/2022;COT1;Transfacil;EQ6;CCIT 4.0 FRONTAL H2.1;;;DF130;Subst. Da Antena WLAN;6
01/10/2022;COT1;Transfacil;EQ6;CCIT 4.0 FRONTAL H2.1;OP13;Estaá‰es BRT Move;DF88;Reparo com formataá∆o e reinst. FW/SW;33
01/10/2022;COT1;Transfacil;EQ6;CCIT 4.0 FRONTAL H2.1;;;DF169;Subst. De Componente eletrìnico;2
01/10/2022;COT1;Transfacil;EQ6;CCIT 4.0 FRONTAL H2.1;OP13;Estaá‰es BRT Move;DF37;Defeito n∆o encontrado e subst. FW/SW;1
01/10/2022;COT23;UTB;EQ6;CCIT 4.0 FRONTAL H2.1;OP83;UTB;DF41;Envio para manutená∆o central-CTG;8
01/10/2022;COT16;Via Ouro;EQ6;CCIT 4.0 FRONTAL H2.1;OP49;VIA OURO COLETIVOS LTDA;DF90;Reparo com formataá∆o e subst. FW/SW;12
01/10/2022;COT1;Transfacil;EQ14;DMX200 MOD H3.1;;;DF41;Envio para manutená∆o central-CTG;14
01/10/2022;COT1;Transfacil;EQ14;DMX200 MOD H3.1;;;DF88;Reparo com formataá∆o e reinst. FW/SW;44
01/10/2022;COT1;Transfacil;EQ14;DMX200 MOD H3.1;;;DF135;Subst. Da Carcaáa frontal;1
01/10/2022;COT16;Via Ouro;EQ39;DMX200L JI21 SEM BATERIA;;;DF88;Reparo com formataá∆o e reinst. FW/SW;3
01/10/2022;COT11;Gov. Valadares;EQ13;DMX200L;OP53;VIAÄ«O MOBI;DF88;Reparo com formataá∆o e reinst. FW/SW;18
01/10/2022;COT12;DIVPASS;EQ13;DMX200L;OP124;DIVPASS;DF90;Reparo com formataá∆o e subst. FW/SW;14
01/10/2022;COT2;Transcard;EQ16;PDM03;;;DF22;Atualizaá∆o de pacote;1
01/10/2022;COT2;Transcard;EQ16;PDM03;;;DF300;Ressolda antena GPRS e slot de chip;1
01/10/2022;COT19;S«O JO«O;EQ39;DMX200L JI21 SEM BATERIA;OP67;S«O JO«O;DF115;Restauraá∆o da ROM via PC;5
01/10/2022;COT19;S«O JO«O;EQ39;DMX200L JI21 SEM BATERIA;OP67;S«O JO«O;DF300;Ressolda antena GPRS e slot de chip;3
01/10/2022;COT19;S«O JO«O;EQ39;DMX200L JI21 SEM BATERIA;OP67;S«O JO«O;DF41;Envio para manutená∆o central-CTG;4
01/10/2022;COT20;ROSA TURISMO;EQ39;DMX200L JI21 SEM BATERIA;OP66;ROSA TURISMO;DF115;Restauraá∆o da ROM via PC;3
01/10/2022;COT20;ROSA TURISMO;EQ39;DMX200L JI21 SEM BATERIA;OP66;ROSA TURISMO;DF300;Ressolda antena GPRS e slot de chip;3
01/10/2022;COT20;ROSA TURISMO;EQ39;DMX200L JI21 SEM BATERIA;OP66;ROSA TURISMO;DF41;Envio para manutená∆o central-CTG;1
01/10/2022;COT4;Setut;EQ14;DMX200 MOD H3.1;;;DF41;Envio para manutená∆o central-CTG;14
01/10/2022;COT3;TEU;EQ14;DMX200 MOD H3.1;;;DF21;Atualizaá∆o de FW ;5
01/10/2022;COT3;TEU;EQ14;DMX200 MOD H3.1;;;DF115;Restauraá∆o da ROM via PC;5
01/10/2022;COT3;TEU;EQ14;DMX200 MOD H3.1;;;DF41;Envio para manutená∆o central-CTG;2
01/10/2022;COT33;FLORIAN‡POLIS;EQ15;DMX200L SEM BATERIA;;;DF21;Atualizaá∆o de FW ;30
01/10/2022;COT33;FLORIAN‡POLIS;EQ15;DMX200L SEM BATERIA;;;DF115;Restauraá∆o da ROM via PC;7
01/10/2022;COT33;FLORIAN‡POLIS;EQ15;DMX200L SEM BATERIA;;;DF41;Envio para manutená∆o central-CTG;2
01/10/2022;COT21;Araguarina;EQ13;DMX200L;OP81;VIAÄ«O ARAGUARINA;DF41;Envio para manutená∆o central-CTG;3
01/10/2022;COT22;Taguatur PM NOVO;EQ39;DMX200L JI21 SEM BATERIA;OP82;TAGUATUR;DF41;Envio para manutená∆o central-CTG;10
01/10/2022;COT23;UTB;EQ39;DMX200L JI21 SEM BATERIA;OP83;UTB;DF41;Envio para manutená∆o central-CTG;1
01/10/2022;COT24;GVBUS;EQ14;DMX200 MOD H3.1;;;DF41;Envio para manutená∆o central-CTG;31
01/10/2022;COT24;GVBUS;EQ14;DMX200 MOD H3.1;;;DF46;Formataá∆o da mem¢ria e subst. FW;21
01/10/2022;COT24;GVBUS;EQ14;DMX200 MOD H3.1;;;DF292;Ressolda conector USB;89
01/10/2022;COT24;GVBUS;EQ14;DMX200 MOD H3.1;;;DF21;Atualizaá∆o de FW ;77
01/10/2022;COT24;GVBUS;EQ14;DMX200 MOD H3.1;;;DF32;Defeito n∆o encontrado;3
01/10/2022;COT1;Transfacil;EQ10;CONNECTION CCIT 4.0;;;DF88;Reparo com formataá∆o e reinst. FW/SW;28
01/10/2022;COT1;Transfacil;EQ10;CONNECTION CCIT 4.0;;;DF169;Subst. De Componente eletrìnico;1
01/10/2022;COT1;Transfacil;EQ10;CONNECTION CCIT 4.0;;;DF304;Subst. De conector P1;1
01/10/2022;COT1;Transfacil;EQ10;CONNECTION CCIT 4.0;;;DF136;Subst. Da Carcaáa inferior;1
01/10/2022;COT2;Transcard;EQ10;CONNECTION CCIT 4.0;;;DF46;Formataá∆o da mem¢ria e subst. FW;36
01/10/2022;COT2;Transcard;EQ10;CONNECTION CCIT 4.0;;;DF41;Envio para manutená∆o central-CTG;3
01/10/2022;COT2;Transcard;EQ10;CONNECTION CCIT 4.0;;;DF256;Substituiá∆o de fus°vel;3
01/10/2022;COT2;Transcard;EQ10;CONNECTION CCIT 4.0;;;DF127;Subst. Conector USB;3
01/10/2022;COT10;Metropolitano-Bahia;EQ10;CONNECTION CCIT 4.0;OP64;METROPOLITANO SSA;DF21;Atualizaá∆o de FW ;6
01/10/2022;COT19;S«O JO«O;EQ10;CONNECTION CCIT 4.0;OP67;S«O JO«O;DF21;Atualizaá∆o de FW ;1
01/10/2022;COT19;S«O JO«O;EQ10;CONNECTION CCIT 4.0;OP67;S«O JO«O;DF41;Envio para manutená∆o central-CTG;3
01/10/2022;COT20;ROSA TURISMO;EQ10;CONNECTION CCIT 4.0;OP66;ROSA TURISMO;DF21;Atualizaá∆o de FW ;1
01/10/2022;COT20;ROSA TURISMO;EQ10;CONNECTION CCIT 4.0;OP66;ROSA TURISMO;DF41;Envio para manutená∆o central-CTG;1
01/10/2022;COT24;GVBUS;EQ10;CONNECTION CCIT 4.0;;;DF293;Recall Circuito Catraca (placa ADP);23
01/10/2022;COT24;GVBUS;EQ10;CONNECTION CCIT 4.0;;;DF41;Envio para manutená∆o central-CTG;1
01/10/2022;COT3;TEU;EQ22;V3000M;;;DF21;Atualizaá∆o de FW ;37
01/10/2022;COT3;TEU;EQ22;V3000M;;;DF115;Restauraá∆o da ROM via PC;37
01/10/2022;COT3;TEU;EQ22;V3000M;;;DF41;Envio para manutená∆o central-CTG;2
01/10/2022;COT3;TEU;EQ22;V3000M;;;DF232;Subst. Do SDCard;8
01/10/2022;COT3;TEU;EQ22;V3000M;;;DF287;Regravaá∆o de IP;11
01/10/2022;COT3;TEU;EQ26;V3000M DVR;;;DF21;Atualizaá∆o de FW ;9
01/10/2022;COT3;TEU;EQ26;V3000M DVR;;;DF115;Restauraá∆o da ROM via PC;8
01/10/2022;COT3;TEU;EQ26;V3000M DVR;;;DF41;Envio para manutená∆o central-CTG;1
01/10/2022;COT1;Transfacil;EQ27;UT (FTV 3000);;;DF169;Subst. De Componente eletrìnico;1
01/10/2022;COT1;Transfacil;EQ27;UT (FTV 3000);;;DF89;Reparo com Formataá∆o e Subst. De FW;4
01/10/2022;COT24;GVBUS;EQ33;POS MOVE 2500;;;DF41;Envio para manutená∆o central-CTG;14
01/10/2022;COT10;Metropolitano-Bahia;EQ31;POS 250;OP64;METROPOLITANO SSA;DF41;Envio para manutená∆o central-CTG;1
01/10/2022;COT2;Transcard;EQ31;POS 250;;;DF41;Envio para manutená∆o central-CTG;4
01/10/2022;COT2;Transcard;EQ31;POS 250;;;DF46;Formataá∆o da mem¢ria e subst. FW;1
01/10/2022;COT2;Transcard;EQ31;POS 250;;;DF132;Subst. Da Bateria de Lithium;1
01/10/2022;COT25;COOTRAPS - CE;EQ17;FONTE PM;OP129;COOTRAPS;DF41;Envio para manutená∆o central-CTG;2
01/11/2022;COT7;Alagoinhas;EQ34;CCIT 4.0 FRONTAL H2.1 C SEM BATERIA;OP68;ALAGOINHAS;DF113;Restaura RAM via PC;1
01/11/2022;COT7;Alagoinhas;EQ34;CCIT 4.0 FRONTAL H2.1 C SEM BATERIA;OP68;ALAGOINHAS;DF41;Envio para manutená∆o central-CTG;1
01/11/2022;COT21;Araguarina;EQ35;CCIT 4.0 FRONTAL H2 COM BATERIA;OP81;VIAÄ«O ARAGUARINA;DF41;Envio para manutená∆o central-CTG;5
01/11/2022;COT8;CBTU;EQ1;CCIT 3.0;OP47;CBTU - COMPANHIA BRASILEIRA DE TRENS URBANOS;DF88;Reparo com formataá∆o e reinst. FW/SW;4
01/11/2022;COT27;Cidade das µguas;EQ6;CCIT 4.0 FRONTAL H2.1;OP128;VIAÄ«O CIDADE DAS µGUAS;DF113;Restaura RAM via PC;1
01/11/2022;COT27;Cidade das µguas;EQ6;CCIT 4.0 FRONTAL H2.1;OP128;VIAÄ«O CIDADE DAS µGUAS;DF41;Envio para manutená∆o central-CTG;1
01/11/2022;COT12;DIVPASS;EQ6;CCIT 4.0 FRONTAL H2.1;OP124;DIVPASS;DF88;Reparo com formataá∆o e reinst. FW/SW;22
01/11/2022;COT12;DIVPASS;EQ6;CCIT 4.0 FRONTAL H2.1;OP124;DIVPASS;DF238;Subst. Do Vidro CCIT V4.0;1
01/11/2022;COT12;DIVPASS;EQ6;CCIT 4.0 FRONTAL H2.1;OP124;DIVPASS;DF209;Subst. Do Display;1
01/11/2022;COT12;DIVPASS;EQ6;CCIT 4.0 FRONTAL H2.1;OP124;DIVPASS;DF136;Subst. Da Carcaáa inferior;2
01/11/2022;COT33;FLORIAN‡POLIS;EQ8;CCIT 4.0 FRONTAL JI21 SEM BATERIA;;;DF115;Restauraá∆o da ROM via PC;5
01/11/2022;COT11;Gov. Valadares;EQ6;CCIT 4.0 FRONTAL H2.1;OP53;VIAÄ«O MOBI;DF88;Reparo com formataá∆o e reinst. FW/SW;12
01/11/2022;COT11;Gov. Valadares;EQ6;CCIT 4.0 FRONTAL H2.1;OP53;VIAÄ«O MOBI;DF210;Subst. Do Display CCIT;1
01/11/2022;COT11;Gov. Valadares;EQ6;CCIT 4.0 FRONTAL H2.1;OP53;VIAÄ«O MOBI;DF272;Subst. Do Touchscreen do m¢dulo;1
01/11/2022;COT11;Gov. Valadares;EQ6;CCIT 4.0 FRONTAL H2.1;OP53;VIAÄ«O MOBI;DF162;Subst. Da Placa Mbccit;1
01/11/2022;COT24;GVBUS;EQ28;ATM;OP108;GVBUS - SIND. DAS EMP. DE TRANP. METROP. DA GRANDE VIT‡RIA;DF262;Retirada de nota ATM e testes;10
01/11/2022;COT24;GVBUS;EQ28;ATM;OP108;GVBUS - SIND. DAS EMP. DE TRANP. METROP. DA GRANDE VIT‡RIA;DF78;PC Reiniciado;9
01/11/2022;COT24;GVBUS;EQ28;ATM;OP108;GVBUS - SIND. DAS EMP. DE TRANP. METROP. DA GRANDE VIT‡RIA;DF218;Subst. Do Monitor;2
01/11/2022;COT24;GVBUS;EQ28;ATM;OP108;GVBUS - SIND. DAS EMP. DE TRANP. METROP. DA GRANDE VIT‡RIA;DF231;Subst. Do PINpad;1
01/11/2022;COT24;GVBUS;EQ28;ATM;OP108;GVBUS - SIND. DAS EMP. DE TRANP. METROP. DA GRANDE VIT‡RIA;DF299;Subst. De UPEX ATM;3
01/11/2022;COT24;GVBUS;EQ6;CCIT 4.0 FRONTAL H2.1;;;DF91;Reparo com Gravaá∆o de PIC e reinst. Do FW;157
01/11/2022;COT24;GVBUS;EQ6;CCIT 4.0 FRONTAL H2.1;;;DF41;Envio para manutená∆o central-CTG;36
01/11/2022;COT24;GVBUS;EQ6;CCIT 4.0 FRONTAL H2.1;;;DF21;Atualizaá∆o de FW ;7
01/11/2022;COT6;Metro-Bahia;EQ28;ATM;OP63;METRO-BAHIA;DF237;Subst. Do Validador de Notas;7
01/11/2022;COT6;Metro-Bahia;EQ28;ATM;OP63;METRO-BAHIA;DF143;Subst. da Impressora;4
01/11/2022;COT6;Metro-Bahia;EQ28;ATM;OP63;METRO-BAHIA;DF236;Subst. Do Teclado de Metal Frontal;1
01/11/2022;COT6;Metro-Bahia;EQ28;ATM;OP63;METRO-BAHIA;DF218;Subst. Do Monitor;2
01/11/2022;COT6;Metro-Bahia;EQ28;ATM;OP63;METRO-BAHIA;DF284;Manutená∆o PC ATM;1
01/11/2022;COT6;METRO-BAHIA;EQ6;CCIT 4.0 FRONTAL H2.1;OP63;METRO-BAHIA;DF113;Restaura RAM via PC;3
01/11/2022;COT6;METRO-BAHIA;EQ6;CCIT 4.0 FRONTAL H2.1;OP63;METRO-BAHIA;DF114;Restaura RAM via pendrive;1
01/11/2022;COT10;Metropolitano-Bahia;EQ6;CCIT 4.0 FRONTAL H2.1;OP64;METROPOLITANO SSA;DF41;Envio para manutená∆o central-CTG;5
01/11/2022;COT10;Metropolitano-Bahia;EQ6;CCIT 4.0 FRONTAL H2.1;OP64;METROPOLITANO SSA;DF113;Restaura RAM via PC;17
01/11/2022;COT10;Metropolitano-Bahia;EQ6;CCIT 4.0 FRONTAL H2.1;OP64;METROPOLITANO SSA;DF114;Restaura RAM via pendrive;5
01/11/2022;COT10;Metropolitano-Bahia;EQ6;CCIT 4.0 FRONTAL H2.1;OP64;METROPOLITANO SSA;DF272;Subst. Do Touchscreen do m¢dulo;25
01/11/2022;COT20;ROSA TURISMO;EQ36;CCIT 4.0 FRONTAL H1 COM BATERIA;OP66;ROSA TURISMO;DF113;Restaura RAM via PC;5
01/11/2022;COT20;ROSA TURISMO;EQ36;CCIT 4.0 FRONTAL H1 COM BATERIA;OP66;ROSA TURISMO;DF41;Envio para manutená∆o central-CTG;1
01/11/2022;COT20;ROSA TURISMO;EQ36;CCIT 4.0 FRONTAL H1 COM BATERIA;OP66;ROSA TURISMO;DF209;Subst. Do Display;1
01/11/2022;COT19;S«O JO«O;EQ36;CCIT 4.0 FRONTAL H1 COM BATERIA;OP67;S«O JO«O;DF113;Restaura RAM via PC;10
01/11/2022;COT19;S«O JO«O;EQ36;CCIT 4.0 FRONTAL H1 COM BATERIA;OP67;S«O JO«O;DF41;Envio para manutená∆o central-CTG;3
01/11/2022;COT19;S«O JO«O;EQ36;CCIT 4.0 FRONTAL H1 COM BATERIA;OP67;S«O JO«O;DF209;Subst. Do Display;3
01/11/2022;COT17;S∆o Jorge;OP50;S«O JORGE AUTO ONIBUS ;OP50;S«O JORGE AUTO ONIBUS ;DF90;Reparo com formataá∆o e subst. FW/SW;2
01/11/2022;COT4;Setut;EQ6;CCIT 4.0 FRONTAL H2.1;;;DF41;Envio para manutená∆o central-CTG;8
01/11/2022;COT4;Setut;EQ6;CCIT 4.0 FRONTAL H2.1;;;DF113;Restaura RAM via PC;3
01/11/2022;COT18;Sindpautras;EQ6;CCIT 4.0 FRONTAL H2.1;OP48;SINDPAUTRAS-SIND. PERM. AUT. TRANSP. SU;DF88;Reparo com formataá∆o e reinst. FW/SW;3
01/11/2022;COT22;Taguatur;EQ35;CCIT 4.0 FRONTAL H2 COM BATERIA;OP82;TAGUATUR;DF41;Envio para manutená∆o central-CTG;22
01/11/2022;COT3;TEU;EQ3;CCIT 3.5;;;DF145;Subst. Da OBC;1
01/11/2022;COT3;TEU;EQ3;CCIT 3.5;;;DF221;Subst. do Painel Frontal;1
01/11/2022;COT3;TEU;EQ36;CCIT 4.0 FRONTAL H1 COM BATERIA;;;DF115;Restauraá∆o da ROM via PC;151
01/11/2022;COT3;TEU;EQ36;CCIT 4.0 FRONTAL H1 COM BATERIA;;;DF60;Limpeza de cache;26
01/11/2022;COT3;TEU;EQ36;CCIT 4.0 FRONTAL H1 COM BATERIA;;;DF132;Subst. Da Bateria de Lithium;21
01/11/2022;COT3;TEU;EQ36;CCIT 4.0 FRONTAL H1 COM BATERIA;;;DF41;Envio para manutená∆o central-CTG;23
01/11/2022;COT3;TEU;EQ36;CCIT 4.0 FRONTAL H1 COM BATERIA;;;DF136;Subst. Da Carcaáa inferior;28
01/11/2022;COT2;Transcard;EQ28;ATM;OP61;Setps (Transcard);DF237;Subst. Do Validador de Notas;7
01/11/2022;COT2;Transcard;EQ28;ATM;OP61;Setps (Transcard);DF228;Subst. Do PDV ATM;1
01/11/2022;COT2;Transcard;EQ28;ATM;OP61;Setps (Transcard);DF231;Subst. Do PINpad;6
01/11/2022;COT2;Transcard;EQ28;ATM;OP61;Setps (Transcard);DF284;Manutená∆o PC ATM;1
01/11/2022;COT2;Transcard;EQ28;ATM;OP61;Setps (Transcard);DF236;Subst. Do Teclado de Metal Frontal;1
01/11/2022;COT2;Transcard;EQ6;CCIT 4.0 FRONTAL H2.1;;;DF113;Restaura RAM via PC;66
01/11/2022;COT2;Transcard;EQ6;CCIT 4.0 FRONTAL H2.1;;;DF114;Restaura RAM via pendrive;18
01/11/2022;COT2;Transcard;EQ6;CCIT 4.0 FRONTAL H2.1;;;DF101;Ressolda Mbccit;4
01/11/2022;COT2;Transcard;EQ6;CCIT 4.0 FRONTAL H2.1;;;DF41;Enviados para manutená∆o central CTG;10
01/11/2022;COT2;Transcard;EQ6;CCIT 4.0 FRONTAL H2.1;;;DF272;Subst. Do Touchscreen do m¢dulo;30
01/11/2022;COT1;Transfacil;EQ28;ATM;OP27;TRANSFµCIL;DF237;Subst. Do Validador de Notas;2
01/11/2022;COT1;Transfacil;EQ28;ATM;OP27;TRANSFµCIL;DF19;ATM - defeito n∆o confirmado;8
01/11/2022;COT1;Transfacil;EQ28;ATM;OP27;TRANSFµCIL;DF143;Subst. da Impressora;1
01/11/2022;COT1;Transfacil;EQ28;ATM;OP27;TRANSFµCIL;DF284;Manutená∆o PC ATM;2
01/11/2022;COT1;Transfacil;EQ28;ATM;OP27;TRANSFµCIL;DF228;Subst. Do PDV ATM;1
01/11/2022;COT1;Transfacil;EQ28;ATM;OP27;TRANSFµCIL;DF257;Manut. no Validador de Notas;6
01/11/2022;COT1;Transfacil;EQ28;ATM;OP27;TRANSFµCIL;DF5;Ajuste da porta Externa;2
01/11/2022;COT1;Transfacil;EQ28;ATM;OP27;TRANSFµCIL;DF67;Manutená∆o na Impressora;2
01/11/2022;COT1;Transfacil;EQ28;ATM;OP27;TRANSFµCIL;DF258;Subst. Da Cabeáa de Impress∆o;1
01/11/2022;COT1;Transfacil;EQ6;CCIT 4.0 FRONTAL H2.1;;;DF88;Reparo com formataá∆o e reinst. FW/SW;189
01/11/2022;COT1;Transfacil;EQ6;CCIT 4.0 FRONTAL H2.1;;;DF238;Subst. Do Vidro CCIT V4.0;11
01/11/2022;COT1;Transfacil;EQ6;CCIT 4.0 FRONTAL H2.1;;;DF37;Defeito n∆o encontrado e subst. FW/SW;2
01/11/2022;COT1;Transfacil;EQ6;CCIT 4.0 FRONTAL H2.1;;;DF130;Subst. Da Antena WLAN;1
01/11/2022;COT1;Transfacil;EQ6;CCIT 4.0 FRONTAL H2.1;;;DF169;Subst. De Componente eletrìnico;2
01/11/2022;COT1;Transfacil;EQ6;CCIT 4.0 FRONTAL H2.1;;;DF136;Subst. Da Carcaáa inferior;2
01/11/2022;COT1;Transfacil;EQ6;CCIT 4.0 FRONTAL H2.1;OP13;Estaá‰es BRT Move;DF88;Reparo com formataá∆o e reinst. FW/SW;39
01/11/2022;COT1;Transfacil;EQ6;CCIT 4.0 FRONTAL H2.1;OP13;Estaá‰es BRT Move;DF130;Subst. Da Antena WLAN;2
01/11/2022;COT1;Transfacil;EQ6;CCIT 4.0 FRONTAL H2.1;OP13;Estaá‰es BRT Move;DF136;Subst. Da Carcaáa inferior;1
01/11/2022;COT14;TURIN OURO PRETO;EQ6;CCIT 4.0 FRONTAL H2.1;OP52;VIAÄ«O TURIN OURO PRETO;DF88;Reparo com formataá∆o e reinst. FW/SW;3
01/11/2022;COT14;TURIN OURO PRETO;EQ6;CCIT 4.0 FRONTAL H2.1;OP52;VIAÄ«O TURIN OURO PRETO;DF136;Subst. Da Carcaáa inferior;1
01/11/2022;COT23;UTB;EQ6;CCIT 4.0 FRONTAL H2.1;OP83;UTB;DF41;Envio para manutená∆o central-CTG;38
01/11/2022;COT16;Via Ouro;EQ6;CCIT 4.0 FRONTAL H2.1;OP49;VIA OURO COLETIVOS LTDA;DF90;Reparo com formataá∆o e subst. FW/SW;12
01/11/2022;COT2;Transcard;EQ16;PDM03;;;DF22;Atualizaá∆o de pacote;2
01/11/2022;COT2;Transcard;EQ16;PDM03;;;DF206;Subst. Do Conector USB;1
01/11/2022;COT19;S«O JO«O;EQ39;DMX200L JI21 SEM BATERIA;OP67;S«O JO«O;DF115;Restauraá∆o da ROM via PC;7
01/11/2022;COT19;S«O JO«O;EQ39;DMX200L JI21 SEM BATERIA;OP67;S«O JO«O;DF300;Ressolda antena GPRS e slot de chip;4
01/11/2022;COT19;S«O JO«O;EQ39;DMX200L JI21 SEM BATERIA;OP67;S«O JO«O;DF41;Envio para manutená∆o central-CTG;3
01/11/2022;COT19;S«O JO«O;EQ39;DMX200L JI21 SEM BATERIA;OP67;S«O JO«O;DF302;Instalaá∆o de 2o capacitor em paralelo;3
01/11/2022;COT20;ROSA TURISMO;EQ39;DMX200L JI21 SEM BATERIA;OP66;ROSA TURISMO;DF115;Restauraá∆o da ROM via PC;3
01/11/2022;COT20;ROSA TURISMO;EQ39;DMX200L JI21 SEM BATERIA;OP66;ROSA TURISMO;DF300;Ressolda antena GPRS e slot de chip;3
01/11/2022;COT4;Setut;EQ14;DMX200 MOD H3.1;;;DF41;Envio para manutená∆o central-CTG;8
01/11/2022;COT25;COOTRAPS - CE;EQ14;DMX200 MOD H3.1;OP129;COOTRAPS;DF39;Enviados para manutená∆o central CTG;12
01/11/2022;COT25;COOTRAPS - CE;EQ14;DMX200 MOD H3.1;OP129;COOTRAPS;DF298;Subst. De placa do sensor;29
01/11/2022;COT25;COOTRAPS - CE;EQ14;DMX200 MOD H3.1;OP129;COOTRAPS;DF32;Defeito n∆o encontrado;2
01/11/2022;COT1;Transfacil;EQ14;DMX200 MOD H3.1;;;DF41;Envio para manutená∆o central-CTG;12
01/11/2022;COT1;Transfacil;EQ14;DMX200 MOD H3.1;;;DF88;Reparo com formataá∆o e reinst. FW/SW;38
01/11/2022;COT1;Transfacil;EQ14;DMX200 MOD H3.1;;;DF37;Defeito n∆o encontrado e subst. FW/SW;2
01/11/2022;COT16;Via Ouro;EQ39;DMX200L JI21 SEM BATERIA;;;DF88;Reparo com formataá∆o e reinst. FW/SW;8
01/11/2022;COT11;Gov. Valadares;EQ13;DMX200L;OP53;VIAÄ«O MOBI;DF88;Reparo com formataá∆o e reinst. FW/SW;6
01/11/2022;COT12;DIVPASS;EQ13;DMX200L;OP124;DIVPASS;DF90;Reparo com formataá∆o e subst. FW/SW;15
01/11/2022;COT3;TEU;EQ14;DMX200 MOD H3.1;;;DF21;Atualizaá∆o de FW ;3
01/11/2022;COT3;TEU;EQ14;DMX200 MOD H3.1;;;DF115;Restauraá∆o da ROM via PC;2
01/11/2022;COT3;TEU;EQ14;DMX200 MOD H3.1;;;DF41;Envio para manutená∆o central-CTG;1
01/11/2022;COT33;FLORIAN‡POLIS;EQ15;DMX200L SEM BATERIA;;;DF21;Atualizaá∆o de FW ;14
01/11/2022;COT33;FLORIAN‡POLIS;EQ15;DMX200L SEM BATERIA;;;DF115;Restauraá∆o da ROM via PC;12
01/11/2022;COT33;FLORIAN‡POLIS;EQ15;DMX200L SEM BATERIA;;;DF41;Envio para manutená∆o central-CTG;1
01/11/2022;COT24;GVBUS;EQ14;DMX200 MOD H3.1;;;DF41;Envio para manutená∆o central-CTG;35
01/11/2022;COT24;GVBUS;EQ14;DMX200 MOD H3.1;;;DF292;Ressolda conector USB;65
01/11/2022;COT24;GVBUS;EQ14;DMX200 MOD H3.1;;;DF21;Atualizaá∆o de FW ;98
01/11/2022;COT21;Araguarina;EQ13;DMX200L;OP81;VIAÄ«O ARAGUARINA;DF41;Envio para manutená∆o central-CTG;1
01/11/2022;COT22;Taguatur PM NOVO;EQ39;DMX200L JI21 SEM BATERIA;OP82;TAGUATUR;DF41;Envio para manutená∆o central-CTG;1
01/11/2022;COT23;UTB;EQ39;DMX200L JI21 SEM BATERIA;OP83;UTB;DF41;Envio para manutená∆o central-CTG;2
01/11/2022;COT2;Transcard;EQ10;CONNECTION CCIT 4.0;;;DF46;Formataá∆o da mem¢ria e subst. FW;15
01/11/2022;COT2;Transcard;EQ10;CONNECTION CCIT 4.0;;;DF41;Envio para manutená∆o central-CTG;11
01/11/2022;COT2;Transcard;EQ10;CONNECTION CCIT 4.0;;;DF127;Subst. Conector USB;1
01/11/2022;COT10;Metropolitano-Bahia;EQ10;CONNECTION CCIT 4.0;OP64;METROPOLITANO SSA;DF21;Atualizaá∆o de FW ;2
01/11/2022;COT10;Metropolitano-Bahia;EQ10;CONNECTION CCIT 4.0;OP64;METROPOLITANO SSA;DF41;Envio para manutená∆o central-CTG;1
01/11/2022;COT19;S«O JO«O;EQ10;CONNECTION CCIT 4.0;OP67;S«O JO«O;DF21;Atualizaá∆o de FW ;1
01/11/2022;COT19;S«O JO«O;EQ10;CONNECTION CCIT 4.0;OP67;S«O JO«O;DF41;Envio para manutená∆o central-CTG;1
01/11/2022;COT20;ROSA TURISMO;EQ10;CONNECTION CCIT 4.0;OP66;ROSA TURISMO;DF21;Atualizaá∆o de FW ;5
01/11/2022;COT20;ROSA TURISMO;EQ10;CONNECTION CCIT 4.0;OP66;ROSA TURISMO;DF41;Envio para manutená∆o central-CTG;2
01/11/2022;COT1;Transfacil;EQ10;CONNECTION CCIT 4.0;;;DF88;Reparo com formataá∆o e reinst. FW/SW;31
01/11/2022;COT1;Transfacil;EQ10;CONNECTION CCIT 4.0;;;DF169;Subst. De Componente eletrìnico;2
01/11/2022;COT1;Transfacil;EQ10;CONNECTION CCIT 4.0;;;DF37;Defeito n∆o encontrado e subst. FW/SW;2
01/11/2022;COT1;Transfacil;EQ10;CONNECTION CCIT 4.0;;;DF86;Reparo com configuraá∆o do setup;1
01/11/2022;COT24;GVBUS;EQ10;CONNECTION CCIT 4.0;;;DF293;Recall Circuito Catraca (placa ADP);15
01/11/2022;COT3;TEU;EQ22;V3000M;;;DF21;Atualizaá∆o de FW ;39
01/11/2022;COT3;TEU;EQ22;V3000M;;;DF115;Restauraá∆o da ROM via PC;39
01/11/2022;COT3;TEU;EQ22;V3000M;;;DF41;Envio para manutená∆o central-CTG;1
01/11/2022;COT3;TEU;EQ26;V3000M DVR;;;DF21;Atualizaá∆o de FW ;13
01/11/2022;COT3;TEU;EQ26;V3000M DVR;;;DF115;Restauraá∆o da ROM via PC;13
01/11/2022;COT3;TEU;EQ26;V3000M DVR;;;DF41;Envio para manutená∆o central-CTG;2
01/11/2022;COT1;Transfacil;EQ27;UT (FTV 3000);;;DF169;Subst. De Componente eletrìnico;4
01/11/2022;COT1;Transfacil;EQ27;UT (FTV 3000);;;DF89;Reparo com Formataá∆o e Subst. De FW;7
01/11/2022;COT1;Transfacil;EQ27;UT (FTV 3000);;;DF37;Defeito n∆o encontrado e subst. FW/SW;4
01/11/2022;COT24;GVBUS;EQ33;POS MOVE 2500;;;DF41;Envio para manutená∆o central-CTG;4
01/11/2022;COT10;Metropolitano-Bahia;EQ31;POS 250;OP64;METROPOLITANO SSA;DF41;Envio para manutená∆o central-CTG;1
01/11/2022;COT2;Transcard;EQ31;POS 250;;;DF41;Envio para manutená∆o central-CTG;4
01/11/2022;COT2;Transcard;EQ31;POS 250;;;DF46;Formataá∆o da mem¢ria e subst. FW;1
01/11/2022;COT2;Transcard;EQ31;POS 250;;;DF132;Subst. Da Bateria de Lithium;1
01/11/2022;COT25;COOTRAPS - CE;EQ17;FONTE PM;OP129;COOTRAPS;DF41;Envio para manutená∆o central-CTG;1
01/12/2022;COT7;Alagoinhas;EQ34;CCIT 4.0 FRONTAL H2.1 C SEM BATERIA;OP68;ALAGOINHAS;DF113;Restaura RAM via PC;2
01/12/2022;COT7;Alagoinhas;EQ34;CCIT 4.0 FRONTAL H2.1 C SEM BATERIA;OP68;ALAGOINHAS;DF114;Restaura RAM via pendrive;2
01/12/2022;COT21;Araguarina;EQ35;CCIT 4.0 FRONTAL H2 COM BATERIA;OP81;VIAÄ«O ARAGUARINA;DF41;Envio para manutená∆o central-CTG;3
01/12/2022;COT8;CBTU;EQ1;CCIT 3.0;OP47;CBTU - COMPANHIA BRASILEIRA DE TRENS URBANOS;DF88;Reparo com formataá∆o e reinst. FW/SW;5
01/12/2022;COT27;Cidade das µguas;EQ6;CCIT 4.0 FRONTAL H2.1;OP128;VIAÄ«O CIDADE DAS µGUAS;DF113;Restaura RAM via PC;2
01/12/2022;COT12;DIVPASS;EQ6;CCIT 4.0 FRONTAL H2.1;OP124;DIVPASS;DF88;Reparo com formataá∆o e reinst. FW/SW;19
01/12/2022;COT12;DIVPASS;EQ6;CCIT 4.0 FRONTAL H2.1;OP124;DIVPASS;DF216;Subst. Do M¢dulo H2;1
01/12/2022;COT12;DIVPASS;EQ6;CCIT 4.0 FRONTAL H2.1;OP124;DIVPASS;DF209;Subst. Do Display;4
01/12/2022;COT12;DIVPASS;EQ6;CCIT 4.0 FRONTAL H2.1;OP124;DIVPASS;DF305;Subst. Do Buzzer;1
01/12/2022;COT33;FLORIAN‡POLIS;EQ8;CCIT 4.0 FRONTAL JI21 SEM BATERIA;;;DF115;Restauraá∆o da ROM via PC;8
01/12/2022;COT33;FLORIAN‡POLIS;EQ8;CCIT 4.0 FRONTAL JI21 SEM BATERIA;;;DF60;Limpeza de cache;4
01/12/2022;COT11;Gov. Valadares;EQ6;CCIT 4.0 FRONTAL H2.1;OP53;VIAÄ«O MOBI;DF88;Reparo com formataá∆o e reinst. FW/SW;19
01/12/2022;COT11;Gov. Valadares;EQ6;CCIT 4.0 FRONTAL H2.1;OP53;VIAÄ«O MOBI;DF210;Subst. Do Display CCIT;5
01/12/2022;COT11;Gov. Valadares;EQ6;CCIT 4.0 FRONTAL H2.1;OP53;VIAÄ«O MOBI;DF130;Subst. Da Antena WLAN;1
01/12/2022;COT24;GVBUS;EQ28;ATM;OP108;GVBUS - SIND. DAS EMP. DE TRANP. METROP. DA GRANDE VIT‡RIA;DF262;Retirada de nota ATM e testes;11
01/12/2022;COT24;GVBUS;EQ28;ATM;OP108;GVBUS - SIND. DAS EMP. DE TRANP. METROP. DA GRANDE VIT‡RIA;DF78;PC Reiniciado;3
01/12/2022;COT24;GVBUS;EQ28;ATM;OP108;GVBUS - SIND. DAS EMP. DE TRANP. METROP. DA GRANDE VIT‡RIA;DF228;Subst. Do PDV ATM;2
01/12/2022;COT24;GVBUS;EQ28;ATM;OP108;GVBUS - SIND. DAS EMP. DE TRANP. METROP. DA GRANDE VIT‡RIA;DF231;Subst. Do PINpad;1
01/12/2022;COT24;GVBUS;EQ28;ATM;OP108;GVBUS - SIND. DAS EMP. DE TRANP. METROP. DA GRANDE VIT‡RIA;DF299;Subst. De UPEX ATM;1
01/12/2022;COT24;GVBUS;EQ6;CCIT 4.0 FRONTAL H2.1;;;DF91;Reparo com Gravaá∆o de PIC e reinst. Do FW;98
01/12/2022;COT24;GVBUS;EQ6;CCIT 4.0 FRONTAL H2.1;;;DF41;Envio para manutená∆o central-CTG;20
01/12/2022;COT24;GVBUS;EQ6;CCIT 4.0 FRONTAL H2.1;;;DF21;Atualizaá∆o de FW ;12
01/12/2022;COT6;Metro-Bahia;EQ28;ATM;OP63;METRO-BAHIA;DF237;Subst. Do Validador de Notas;10
01/12/2022;COT6;Metro-Bahia;EQ28;ATM;OP63;METRO-BAHIA;DF143;Subst. da Impressora;5
01/12/2022;COT6;Metro-Bahia;EQ28;ATM;OP63;METRO-BAHIA;DF236;Subst. Do Teclado de Metal Frontal;1
01/12/2022;COT6;Metro-Bahia;EQ28;ATM;OP63;METRO-BAHIA;DF218;Subst. Do Monitor;2
01/12/2022;COT6;Metro-Bahia;EQ28;ATM;OP63;METRO-BAHIA;DF284;Manutená∆o PC ATM;2
01/12/2022;COT6;Metro-Bahia;EQ28;ATM;OP63;METRO-BAHIA;DF260;Subst. HUB Serial;1
01/12/2022;COT6;Metro-Bahia;EQ28;ATM;OP63;METRO-BAHIA;DF142;Subst. Da Fonte Lambda ATM;1
01/12/2022;COT6;METRO-BAHIA;EQ6;CCIT 4.0 FRONTAL H2.1;OP63;METRO-BAHIA;DF113;Restaura RAM via PC;8
01/12/2022;COT6;METRO-BAHIA;EQ6;CCIT 4.0 FRONTAL H2.1;OP63;METRO-BAHIA;DF114;Restaura RAM via pendrive;1
01/12/2022;COT5;METROFOR/ VLT FORTALEZA;EQ38;CCIT 4.0 METROFOR;OP105;METROFOR LINHA SUL;DF41;Envio para manutená∆o central-CTG;2
01/12/2022;COT10;Metropolitano-Bahia;EQ6;CCIT 4.0 FRONTAL H2.1;OP64;METROPOLITANO SSA;DF41;Envio para manutená∆o central-CTG;3
01/12/2022;COT10;Metropolitano-Bahia;EQ6;CCIT 4.0 FRONTAL H2.1;OP64;METROPOLITANO SSA;DF113;Restaura RAM via PC;23
01/12/2022;COT10;Metropolitano-Bahia;EQ6;CCIT 4.0 FRONTAL H2.1;OP64;METROPOLITANO SSA;DF114;Restaura RAM via pendrive;9
01/12/2022;COT10;Metropolitano-Bahia;EQ6;CCIT 4.0 FRONTAL H2.1;OP64;METROPOLITANO SSA;DF272;Subst. Do Touchscreen do m¢dulo;10
01/12/2022;COT20;ROSA TURISMO;EQ36;CCIT 4.0 FRONTAL H1 COM BATERIA;OP66;ROSA TURISMO;DF113;Restaura RAM via PC;11
01/12/2022;COT20;ROSA TURISMO;EQ36;CCIT 4.0 FRONTAL H1 COM BATERIA;OP66;ROSA TURISMO;DF41;Envio para manutená∆o central-CTG;3
01/12/2022;COT19;S«O JO«O;EQ36;CCIT 4.0 FRONTAL H1 COM BATERIA;OP67;S«O JO«O;DF113;Restaura RAM via PC;9
01/12/2022;COT19;S«O JO«O;EQ36;CCIT 4.0 FRONTAL H1 COM BATERIA;OP67;S«O JO«O;DF41;Envio para manutená∆o central-CTG;2
01/12/2022;COT17;S∆o Jorge;OP50;S«O JORGE AUTO ONIBUS ;OP50;S«O JORGE AUTO ONIBUS ;DF90;Reparo com formataá∆o e subst. FW/SW;7
01/12/2022;COT4;Setut;EQ6;CCIT 4.0 FRONTAL H2.1;;;DF41;Envio para manutená∆o central-CTG;7
01/12/2022;COT4;Setut;EQ6;CCIT 4.0 FRONTAL H2.1;;;DF113;Restaura RAM via PC;3
01/12/2022;COT18;Sindpautras;EQ6;CCIT 4.0 FRONTAL H2.1;OP48;SINDPAUTRAS-SIND. PERM. AUT. TRANSP. SU;DF88;Reparo com formataá∆o e reinst. FW/SW;68
01/12/2022;COT18;Sindpautras;EQ6;CCIT 4.0 FRONTAL H2.1;OP48;SINDPAUTRAS-SIND. PERM. AUT. TRANSP. SU;DF238;Subst. Do Vidro CCIT V4.0;1
01/12/2022;COT22;Taguatur;EQ35;CCIT 4.0 FRONTAL H2 COM BATERIA;OP82;TAGUATUR;DF41;Envio para manutená∆o central-CTG;43
01/12/2022;COT3;TEU;EQ3;CCIT 3.5;;;DF157;Subst. Da Placa FTCLess;1
01/12/2022;COT3;TEU;EQ3;CCIT 3.5;;;DF221;Subst. do Painel Frontal;1
01/12/2022;COT3;TEU;EQ36;CCIT 4.0 FRONTAL H1 COM BATERIA;;;DF115;Restauraá∆o da ROM via PC;180
01/12/2022;COT3;TEU;EQ36;CCIT 4.0 FRONTAL H1 COM BATERIA;;;DF60;Limpeza de cache;28
01/12/2022;COT3;TEU;EQ36;CCIT 4.0 FRONTAL H1 COM BATERIA;;;DF132;Subst. Da Bateria de Lithium;11
01/12/2022;COT3;TEU;EQ36;CCIT 4.0 FRONTAL H1 COM BATERIA;;;DF41;Envio para manutená∆o central-CTG;19
01/12/2022;COT3;TEU;EQ36;CCIT 4.0 FRONTAL H1 COM BATERIA;;;DF136;Subst. Da Carcaáa inferior;13
01/12/2022;COT2;Transcard;EQ28;ATM;OP61;Setps (Transcard);DF237;Subst. Do Validador de Notas;6
01/12/2022;COT2;Transcard;EQ28;ATM;OP61;Setps (Transcard);DF128;Subst. Da antena Cless;1
01/12/2022;COT2;Transcard;EQ28;ATM;OP61;Setps (Transcard);DF260;Subst. HUB Serial;1
01/12/2022;COT2;Transcard;EQ28;ATM;OP61;Setps (Transcard);DF284;Manutená∆o PC ATM;7
01/12/2022;COT2;Transcard;EQ28;ATM;OP61;Setps (Transcard);DF142;Subst. Da Fonte Lambda ATM;1
01/12/2022;COT2;Transcard;EQ28;ATM;OP61;Setps (Transcard);DF143;Subst. da Impressora;2
01/12/2022;COT2;Transcard;EQ6;CCIT 4.0 FRONTAL H2.1;;;DF113;Restaura RAM via PC;73
01/12/2022;COT2;Transcard;EQ6;CCIT 4.0 FRONTAL H2.1;;;DF114;Restaura RAM via pendrive;18
01/12/2022;COT2;Transcard;EQ6;CCIT 4.0 FRONTAL H2.1;;;DF101;Ressolda Mbccit;4
01/12/2022;COT2;Transcard;EQ6;CCIT 4.0 FRONTAL H2.1;;;DF41;Enviados para manutená∆o central CTG;34
01/12/2022;COT2;Transcard;EQ6;CCIT 4.0 FRONTAL H2.1;;;DF272;Subst. Do Touchscreen do m¢dulo;30
01/12/2022;COT1;Transfacil;EQ28;ATM;OP27;TRANSFµCIL;DF257;Manut. no Validador de Notas;4
01/12/2022;COT1;Transfacil;EQ28;ATM;OP27;TRANSFµCIL;DF65;Manutená∆o Cofre;4
01/12/2022;COT1;Transfacil;EQ28;ATM;OP27;TRANSFµCIL;DF19;ATM - defeito n∆o confirmado;16
01/12/2022;COT1;Transfacil;EQ28;ATM;OP27;TRANSFµCIL;DF237;Subst. Do Validador de Notas;6
01/12/2022;COT1;Transfacil;EQ28;ATM;OP27;TRANSFµCIL;DF208;Subst. Do Dispenser do cart∆o;2
01/12/2022;COT1;Transfacil;EQ28;ATM;OP27;TRANSFµCIL;DF68;Manutená∆o no Dispenser;1
01/12/2022;COT1;Transfacil;EQ28;ATM;OP27;TRANSFµCIL;DF228;Subst. Do PDV ATM;2
01/12/2022;COT1;Transfacil;EQ28;ATM;OP27;TRANSFµCIL;DF128;Subst. Da antena Cless;1
01/12/2022;COT1;Transfacil;EQ28;ATM;OP27;TRANSFµCIL;DF197;Subst. Do Cofre;2
01/12/2022;COT1;Transfacil;EQ28;ATM;OP27;TRANSFµCIL;DF284;Manutená∆o PC ATM;2
01/12/2022;COT1;Transfacil;EQ28;ATM;OP27;TRANSFµCIL;DF227;Subst. Do PC ATM;2
01/12/2022;COT1;Transfacil;EQ28;ATM;OP27;TRANSFµCIL;DF143;Subst. da Impressora;1
01/12/2022;COT1;Transfacil;EQ28;ATM;OP27;TRANSFµCIL;DF8;Ajuste do monitor;1
01/12/2022;COT1;Transfacil;EQ6;CCIT 4.0 FRONTAL H2.1;;;DF88;Reparo com formataá∆o e reinst. FW/SW;198
01/12/2022;COT1;Transfacil;EQ6;CCIT 4.0 FRONTAL H2.1;;;DF238;Subst. Do Vidro CCIT V4.0;7
01/12/2022;COT1;Transfacil;EQ6;CCIT 4.0 FRONTAL H2.1;;;DF216;Subst. Do M¢dulo H2;1
01/12/2022;COT1;Transfacil;EQ6;CCIT 4.0 FRONTAL H2.1;;;DF130;Subst. Da Antena WLAN;4
01/12/2022;COT1;Transfacil;EQ6;CCIT 4.0 FRONTAL H2.1;;;DF169;Subst. De Componente eletrìnico;1
01/12/2022;COT1;Transfacil;EQ6;CCIT 4.0 FRONTAL H2.1;;;DF136;Subst. Da Carcaáa inferior;5
01/12/2022;COT1;Transfacil;EQ6;CCIT 4.0 FRONTAL H2.1;OP13;Estaá‰es BRT Move;DF88;Reparo com formataá∆o e reinst. FW/SW;50
01/12/2022;COT1;Transfacil;EQ6;CCIT 4.0 FRONTAL H2.1;OP13;Estaá‰es BRT Move;DF238;Subst. Do Vidro CCIT V4.0;1
01/12/2022;COT1;Transfacil;EQ6;CCIT 4.0 FRONTAL H2.1;OP13;Estaá‰es BRT Move;DF136;Subst. Da Carcaáa inferior;2
01/12/2022;COT23;UTB;EQ6;CCIT 4.0 FRONTAL H2.1;OP83;UTB;DF41;Envio para manutená∆o central-CTG;26
01/12/2022;COT16;Via Ouro;EQ6;CCIT 4.0 FRONTAL H2.1;OP49;VIA OURO COLETIVOS LTDA;DF90;Reparo com formataá∆o e subst. FW/SW;6
01/12/2022;COT22;Taguatur PM NOVO;EQ39;DMX200L JI21 SEM BATERIA;OP82;TAGUATUR;DF41;Envio para manutená∆o central-CTG;54
01/12/2022;COT23;UTB;EQ39;DMX200L JI21 SEM BATERIA;OP83;UTB;DF41;Envio para manutená∆o central-CTG;15
01/12/2022;COT1;Transfacil;EQ14;DMX200 MOD H3.1;;;DF41;Envio para manutená∆o central-CTG;12
01/12/2022;COT1;Transfacil;EQ14;DMX200 MOD H3.1;;;DF88;Reparo com formataá∆o e reinst. FW/SW;35
01/12/2022;COT1;Transfacil;EQ14;DMX200 MOD H3.1;;;DF170;Subst. De Gorila Glass;2
01/12/2022;COT1;Transfacil;EQ14;DMX200 MOD H3.1;;;DF135;Subst. Da Carcaáa frontal;1
01/12/2022;COT16;Via Ouro;EQ39;DMX200L JI21 SEM BATERIA;;;DF88;Reparo com formataá∆o e reinst. FW/SW;11
01/12/2022;COT11;Gov. Valadares;EQ13;DMX200L;OP53;VIAÄ«O MOBI;DF88;Reparo com formataá∆o e reinst. FW/SW;3
01/12/2022;COT12;DIVPASS;EQ13;DMX200L;OP124;DIVPASS;DF90;Reparo com formataá∆o e subst. FW/SW;6
01/12/2022;COT19;S«O JO«O;EQ39;DMX200L JI21 SEM BATERIA;OP67;S«O JO«O;DF115;Restauraá∆o da ROM via PC;7
01/12/2022;COT19;S«O JO«O;EQ39;DMX200L JI21 SEM BATERIA;OP67;S«O JO«O;DF300;Ressolda antena GPRS e slot de chip;4
01/12/2022;COT19;S«O JO«O;EQ39;DMX200L JI21 SEM BATERIA;OP67;S«O JO«O;DF41;Envio para manutená∆o central-CTG;5
01/12/2022;COT19;S«O JO«O;EQ39;DMX200L JI21 SEM BATERIA;OP67;S«O JO«O;DF302;Instalaá∆o de 2o capacitor em paralelo;1
01/12/2022;COT4;Setut;EQ14;DMX200 MOD H3.1;;;DF41;Envio para manutená∆o central-CTG;1
01/12/2022;COT25;COOTRAPS - CE;EQ14;DMX200 MOD H3.1;OP129;COOTRAPS;DF39;Enviados para manutená∆o central CTG;5
01/12/2022;COT25;COOTRAPS - CE;EQ14;DMX200 MOD H3.1;OP129;COOTRAPS;DF298;Subst. De placa do sensor;16
01/12/2022;COT24;GVBUS;EQ14;DMX200 MOD H3.1;;;DF41;Envio para manutená∆o central-CTG;34
01/12/2022;COT24;GVBUS;EQ14;DMX200 MOD H3.1;;;DF292;Ressolda conector USB;2
01/12/2022;COT24;GVBUS;EQ14;DMX200 MOD H3.1;;;DF21;Atualizaá∆o de FW ;55
01/12/2022;COT3;TEU;EQ14;DMX200 MOD H3.1;;;DF21;Atualizaá∆o de FW ;8
01/12/2022;COT3;TEU;EQ14;DMX200 MOD H3.1;;;DF115;Restauraá∆o da ROM via PC;8
01/12/2022;COT3;TEU;EQ14;DMX200 MOD H3.1;;;DF41;Envio para manutená∆o central-CTG;4
01/12/2022;COT33;FLORIAN‡POLIS;EQ15;DMX200L SEM BATERIA;;;DF21;Atualizaá∆o de FW ;10
01/12/2022;COT33;FLORIAN‡POLIS;EQ15;DMX200L SEM BATERIA;;;DF115;Restauraá∆o da ROM via PC;7
01/12/2022;COT33;FLORIAN‡POLIS;EQ15;DMX200L SEM BATERIA;;;DF41;Envio para manutená∆o central-CTG;4
01/12/2022;COT1;Transfacil;EQ10;CONNECTION CCIT 4.0;;;DF88;Reparo com formataá∆o e reinst. FW/SW;28
01/12/2022;COT1;Transfacil;EQ10;CONNECTION CCIT 4.0;;;DF127;Subst. Conector USB;1
01/12/2022;COT2;Transcard;EQ10;CONNECTION CCIT 4.0;;;DF46;Formataá∆o da mem¢ria e subst. FW;31
01/12/2022;COT2;Transcard;EQ10;CONNECTION CCIT 4.0;;;DF41;Envio para manutená∆o central-CTG;15
01/12/2022;COT2;Transcard;EQ10;CONNECTION CCIT 4.0;;;DF127;Subst. Conector USB;3
01/12/2022;COT6;METRO-BAHIA;EQ10;CONNECTION CCIT 4.0;;;DF41;Envio para manutená∆o central-CTG;1
01/12/2022;COT10;Metropolitano-Bahia;EQ10;CONNECTION CCIT 4.0;OP64;METROPOLITANO SSA;DF21;Atualizaá∆o de FW ;3
01/12/2022;COT10;Metropolitano-Bahia;EQ10;CONNECTION CCIT 4.0;OP64;METROPOLITANO SSA;DF41;Envio para manutená∆o central-CTG;1
01/12/2022;COT10;Metropolitano-Bahia;EQ10;CONNECTION CCIT 4.0;OP64;METROPOLITANO SSA;DF256;Substituiá∆o de fus°vel;1
01/12/2022;COT19;S«O JO«O;EQ10;CONNECTION CCIT 4.0;OP67;S«O JO«O;DF21;Atualizaá∆o de FW ;1
01/12/2022;COT20;ROSA TURISMO;EQ10;CONNECTION CCIT 4.0;OP66;ROSA TURISMO;DF21;Atualizaá∆o de FW ;3
01/12/2022;COT20;ROSA TURISMO;EQ10;CONNECTION CCIT 4.0;OP66;ROSA TURISMO;DF41;Envio para manutená∆o central-CTG;1
01/12/2022;COT24;GVBUS;EQ10;CONNECTION CCIT 4.0;;;DF293;Recall Circuito Catraca (placa ADP);32
01/12/2022;COT3;TEU;EQ22;V3000M;;;DF21;Atualizaá∆o de FW ;22
01/12/2022;COT3;TEU;EQ22;V3000M;;;DF115;Restauraá∆o da ROM via PC;22
01/12/2022;COT3;TEU;EQ22;V3000M;;;DF41;Envio para manutená∆o central-CTG;4
01/12/2022;COT3;TEU;EQ22;V3000M;;;DF232;Subst. Do SDCard;8
01/12/2022;COT3;TEU;EQ26;V3000M DVR;;;DF21;Atualizaá∆o de FW ;24
01/12/2022;COT3;TEU;EQ26;V3000M DVR;;;DF115;Restauraá∆o da ROM via PC;24
01/12/2022;COT3;TEU;EQ26;V3000M DVR;;;DF232;Subst. Do SDCard;1
01/12/2022;COT1;Transfacil;EQ27;UT (FTV 3000);;;DF169;Subst. De Componente eletrìnico;11
01/12/2022;COT24;GVBUS;EQ33;POS MOVE 2500;;;DF41;Envio para manutená∆o central-CTG;7
01/12/2022;COT20;Rosa Turismo;EQ31;POS 250;OP66;ROSA TURISMO;DF41;Envio para manutená∆o central-CTG;2
01/12/2022;COT20;Rosa Turismo;EQ31;POS 250;OP66;ROSA TURISMO;DF46;Formataá∆o da mem¢ria e subst. FW;2
01/12/2022;COT19;S∆o Jo∆o;EQ31;POS 250;OP67;S«O JO«O;DF41;Envio para manutená∆o central-CTG;2
01/12/2022;COT19;S∆o Jo∆o;EQ31;POS 250;OP67;S«O JO«O;DF46;Formataá∆o da mem¢ria e subst. FW;2
01/12/2022;COT2;Transcard;EQ31;POS 250;;;DF41;Envio para manutená∆o central-CTG;4
01/12/2022;COT2;Transcard;EQ31;POS 250;;;DF46;Formataá∆o da mem¢ria e subst. FW;1
01/12/2022;COT2;Transcard;EQ31;POS 250;;;DF132;Subst. Da Bateria de Lithium;1
01/12/2022;COT25;COOTRAPS - CE;EQ17;FONTE PM;OP129;COOTRAPS;DF266;Subst. Do cooler;4
01/01/2023;COT7;Alagoinhas;EQ34;CCIT 4.0 FRONTAL H2.1 C SEM BATERIA;OP68;ALAGOINHAS;DF113;Restaura RAM via PC;2
01/01/2023;COT7;Alagoinhas;EQ34;CCIT 4.0 FRONTAL H2.1 C SEM BATERIA;OP68;ALAGOINHAS;DF114;Restaura RAM via pendrive;2
01/01/2023;COT21;Araguarina;EQ35;CCIT 4.0 FRONTAL H2 COM BATERIA;OP81;VIAÄ«O ARAGUARINA;DF41;Envio para manutená∆o central-CTG;2
01/01/2023;COT8;CBTU;EQ1;CCIT 3.0;OP47;CBTU - COMPANHIA BRASILEIRA DE TRENS URBANOS;DF37;Defeito n∆o encontrado e subst. FW/SW;1
01/01/2023;COT8;CBTU;EQ1;CCIT 3.0;OP47;CBTU - COMPANHIA BRASILEIRA DE TRENS URBANOS;DF88;Reparo com formataá∆o e reinst. FW/SW;5
01/01/2023;COT8;CBTU;EQ1;CCIT 3.0;OP47;CBTU - COMPANHIA BRASILEIRA DE TRENS URBANOS;DF211;Subst. Do Equipamento completo;1
01/01/2023;COT8;CBTU;EQ1;CCIT 3.0;OP47;CBTU - COMPANHIA BRASILEIRA DE TRENS URBANOS;DF209;Subst. Do Display;1
01/01/2023;COT12;DIVPASS;EQ6;CCIT 4.0 FRONTAL H2.1;OP124;DIVPASS;DF88;Reparo com formataá∆o e reinst. FW/SW;17
01/01/2023;COT12;DIVPASS;EQ6;CCIT 4.0 FRONTAL H2.1;OP124;DIVPASS;DF238;Subst. Do Vidro CCIT V4.0;3
01/01/2023;COT12;DIVPASS;EQ6;CCIT 4.0 FRONTAL H2.1;OP124;DIVPASS;DF209;Subst. Do Display;4
01/01/2023;COT12;DIVPASS;EQ6;CCIT 4.0 FRONTAL H2.1;OP124;DIVPASS;DF131;Subst. Da Antena Wlan do CCIT;1
01/01/2023;COT33;FLORIAN‡POLIS;EQ8;CCIT 4.0 FRONTAL JI21 SEM BATERIA;;;DF41;Envio para manutená∆o central-CTG;1
01/01/2023;COT33;FLORIAN‡POLIS;EQ8;CCIT 4.0 FRONTAL JI21 SEM BATERIA;;;DF60;Limpeza de cache;2
01/01/2023;COT11;Gov. Valadares;EQ6;CCIT 4.0 FRONTAL H2.1;OP53;VIAÄ«O MOBI;DF88;Reparo com formataá∆o e reinst. FW/SW;18
01/01/2023;COT11;Gov. Valadares;EQ6;CCIT 4.0 FRONTAL H2.1;OP53;VIAÄ«O MOBI;DF210;Subst. Do Display CCIT;5
01/01/2023;COT11;Gov. Valadares;EQ6;CCIT 4.0 FRONTAL H2.1;OP53;VIAÄ«O MOBI;DF136;Subst. Da Carcaáa inferior;1
01/01/2023;COT11;Gov. Valadares;EQ6;CCIT 4.0 FRONTAL H2.1;OP53;VIAÄ«O MOBI;DF133;Subst. Da Campainha CCIT;1
01/01/2023;COT24;GVBUS;EQ28;ATM;OP108;GVBUS - SIND. DAS EMP. DE TRANP. METROP. DA GRANDE VIT‡RIA;DF262;Retirada de nota ATM e testes;10
01/01/2023;COT24;GVBUS;EQ28;ATM;OP108;GVBUS - SIND. DAS EMP. DE TRANP. METROP. DA GRANDE VIT‡RIA;DF78;PC Reiniciado;3
01/01/2023;COT24;GVBUS;EQ28;ATM;OP108;GVBUS - SIND. DAS EMP. DE TRANP. METROP. DA GRANDE VIT‡RIA;DF299;Subst. De UPEX ATM;4
01/01/2023;COT24;GVBUS;EQ6;CCIT 4.0 FRONTAL H2.1;;;DF91;Reparo com Gravaá∆o de PIC e reinst. Do FW;190
01/01/2023;COT24;GVBUS;EQ6;CCIT 4.0 FRONTAL H2.1;;;DF41;Envio para manutená∆o central-CTG;36
01/01/2023;COT24;GVBUS;EQ6;CCIT 4.0 FRONTAL H2.1;;;DF21;Atualizaá∆o de FW ;8
01/01/2023;COT13;Mariana;EQ5;CCIT 4.0 FRONTAL;OP54;TRANSCOTTA MARIANA MG;DF90;Reparo com formataá∆o e subst. FW/SW;2
01/01/2023;COT13;Mariana;EQ5;CCIT 4.0 FRONTAL;OP54;TRANSCOTTA MARIANA MG;DF136;Subst. Da Carcaáa inferior;1
01/01/2023;COT13;Mariana;EQ5;CCIT 4.0 FRONTAL;OP54;TRANSCOTTA MARIANA MG;DF216;Subst. Do M¢dulo H2;1
01/01/2023;COT6;Metro-Bahia;EQ28;ATM;OP63;METRO-BAHIA;DF237;Subst. Do Validador de Notas;9
01/01/2023;COT6;Metro-Bahia;EQ28;ATM;OP63;METRO-BAHIA;DF143;Subst. da Impressora;11
01/01/2023;COT6;Metro-Bahia;EQ28;ATM;OP63;METRO-BAHIA;DF236;Subst. Do Teclado de Metal Frontal;1
01/01/2023;COT6;Metro-Bahia;EQ28;ATM;OP63;METRO-BAHIA;DF218;Subst. Do Monitor;1
01/01/2023;COT6;Metro-Bahia;EQ28;ATM;OP63;METRO-BAHIA;DF228;Subst. Do PDV ATM;1
01/01/2023;COT6;Metro-Bahia;EQ28;ATM;OP63;METRO-BAHIA;DF260;Subst. HUB Serial;1
01/01/2023;COT6;Metro-Bahia;EQ28;ATM;OP63;METRO-BAHIA;DF179;Subst. Do Cabo de Comunicaá∆o da Impressora;1
01/01/2023;COT6;METRO-BAHIA;EQ6;CCIT 4.0 FRONTAL H2.1;OP63;METRO-BAHIA;DF113;Restaura RAM via PC;3
01/01/2023;COT6;METRO-BAHIA;EQ6;CCIT 4.0 FRONTAL H2.1;OP63;METRO-BAHIA;DF41;Enviados para manutená∆o central CTG;2
01/01/2023;COT5;METROFOR/ VLT FORTALEZA;EQ38;CCIT 4.0 METROFOR;OP105;METROFOR LINHA SUL;DF88;Reparo com formataá∆o e reinst. FW/SW;1
01/01/2023;COT5;METROFOR/ VLT FORTALEZA;EQ38;CCIT 4.0 METROFOR;OP105;METROFOR LINHA SUL;DF41;Envio para manutená∆o central-CTG;15
01/01/2023;COT10;Metropolitano-Bahia;EQ6;CCIT 4.0 FRONTAL H2.1;OP64;METROPOLITANO SSA;DF41;Envio para manutená∆o central-CTG;3
01/01/2023;COT10;Metropolitano-Bahia;EQ6;CCIT 4.0 FRONTAL H2.1;OP64;METROPOLITANO SSA;DF113;Restaura RAM via PC;24
01/01/2023;COT10;Metropolitano-Bahia;EQ6;CCIT 4.0 FRONTAL H2.1;OP64;METROPOLITANO SSA;DF114;Restaura RAM via pendrive;11
01/01/2023;COT10;Metropolitano-Bahia;EQ6;CCIT 4.0 FRONTAL H2.1;OP64;METROPOLITANO SSA;DF272;Subst. Do Touchscreen do m¢dulo;9
01/01/2023;COT20;ROSA TURISMO;EQ36;CCIT 4.0 FRONTAL H1 COM BATERIA;OP66;ROSA TURISMO;DF113;Restaura RAM via PC;20
01/01/2023;COT20;ROSA TURISMO;EQ36;CCIT 4.0 FRONTAL H1 COM BATERIA;OP66;ROSA TURISMO;DF41;Envio para manutená∆o central-CTG;2
01/01/2023;COT19;S«O JO«O;EQ36;CCIT 4.0 FRONTAL H1 COM BATERIA;OP67;S«O JO«O;DF113;Restaura RAM via PC;13
01/01/2023;COT19;S«O JO«O;EQ36;CCIT 4.0 FRONTAL H1 COM BATERIA;OP67;S«O JO«O;DF41;Envio para manutená∆o central-CTG;2
01/01/2023;COT4;Setut;EQ6;CCIT 4.0 FRONTAL H2.1;;;DF41;Envio para manutená∆o central-CTG;15
01/01/2023;COT4;Setut;EQ6;CCIT 4.0 FRONTAL H2.1;;;DF113;Restaura RAM via PC;2
01/01/2023;COT18;Sindpautras;EQ6;CCIT 4.0 FRONTAL H2.1;OP48;SINDPAUTRAS-SIND. PERM. AUT. TRANSP. SU;DF88;Reparo com formataá∆o e reinst. FW/SW;15
01/01/2023;COT22;Taguatur;EQ35;CCIT 4.0 FRONTAL H2 COM BATERIA;OP82;TAGUATUR;DF41;Envio para manutená∆o central-CTG;12
01/01/2023;COT3;TEU;EQ36;CCIT 4.0 FRONTAL H1 COM BATERIA;;;DF115;Restauraá∆o da ROM via PC;126
01/01/2023;COT3;TEU;EQ36;CCIT 4.0 FRONTAL H1 COM BATERIA;;;DF60;Limpeza de cache;56
01/01/2023;COT3;TEU;EQ36;CCIT 4.0 FRONTAL H1 COM BATERIA;;;DF132;Subst. Da Bateria de Lithium;16
01/01/2023;COT3;TEU;EQ36;CCIT 4.0 FRONTAL H1 COM BATERIA;;;DF41;Envio para manutená∆o central-CTG;14
01/01/2023;COT3;TEU;EQ36;CCIT 4.0 FRONTAL H1 COM BATERIA;;;DF136;Subst. Da Carcaáa inferior;6
01/01/2023;COT2;Transcard;EQ28;ATM;OP61;Setps (Transcard);DF237;Subst. Do Validador de Notas;3
01/01/2023;COT2;Transcard;EQ28;ATM;OP61;Setps (Transcard);DF228;Subst. Do PDV ATM;3
01/01/2023;COT2;Transcard;EQ28;ATM;OP61;Setps (Transcard);DF260;Subst. HUB Serial;1
01/01/2023;COT2;Transcard;EQ28;ATM;OP61;Setps (Transcard);DF284;Manutená∆o PC ATM;3
01/01/2023;COT2;Transcard;EQ28;ATM;OP61;Setps (Transcard);DF142;Subst. Da Fonte Lambda ATM;1
01/01/2023;COT2;Transcard;EQ28;ATM;OP61;Setps (Transcard);DF143;Subst. da Impressora;2
01/01/2023;COT2;Transcard;EQ6;CCIT 4.0 FRONTAL H2.1;;;DF113;Restaura RAM via PC;78
01/01/2023;COT2;Transcard;EQ6;CCIT 4.0 FRONTAL H2.1;;;DF114;Restaura RAM via pendrive;34
01/01/2023;COT2;Transcard;EQ6;CCIT 4.0 FRONTAL H2.1;;;DF101;Ressolda Mbccit;8
01/01/2023;COT2;Transcard;EQ6;CCIT 4.0 FRONTAL H2.1;;;DF41;Enviados para manutená∆o central CTG;41
01/01/2023;COT2;Transcard;EQ6;CCIT 4.0 FRONTAL H2.1;;;DF272;Subst. Do Touchscreen do m¢dulo;30
01/01/2023;COT1;Transfacil;EQ28;ATM;OP27;TRANSFµCIL;DF257;Manut. no Validador de Notas;1
01/01/2023;COT1;Transfacil;EQ28;ATM;OP27;TRANSFµCIL;DF65;Manutená∆o Cofre;4
01/01/2023;COT1;Transfacil;EQ28;ATM;OP27;TRANSFµCIL;DF19;ATM - defeito n∆o confirmado;1
01/01/2023;COT1;Transfacil;EQ28;ATM;OP27;TRANSFµCIL;DF237;Subst. Do Validador de Notas;6
01/01/2023;COT1;Transfacil;EQ28;ATM;OP27;TRANSFµCIL;DF228;Subst. Do PDV ATM;1
01/01/2023;COT1;Transfacil;EQ28;ATM;OP27;TRANSFµCIL;DF128;Subst. Da antena Cless;2
01/01/2023;COT1;Transfacil;EQ28;ATM;OP27;TRANSFµCIL;DF197;Subst. Do Cofre;2
01/01/2023;COT1;Transfacil;EQ28;ATM;OP27;TRANSFµCIL;DF284;Manutená∆o PC ATM;2
01/01/2023;COT1;Transfacil;EQ28;ATM;OP27;TRANSFµCIL;DF143;Subst. da Impressora;1
01/01/2023;COT1;Transfacil;EQ28;ATM;OP27;TRANSFµCIL;DF8;Ajuste do monitor;1
01/01/2023;COT1;Transfacil;EQ28;ATM;OP27;TRANSFµCIL;DF258;Subst. Da Cabeáa de Impress∆o;3
01/01/2023;COT1;Transfacil;EQ28;ATM;OP27;TRANSFµCIL;DF291;Subst. Da Placa Controladora da Impressora;1
01/01/2023;COT1;Transfacil;EQ28;ATM;OP27;TRANSFµCIL;DF67;Manutená∆o na Impressora;2
01/01/2023;COT1;Transfacil;EQ28;ATM;OP27;TRANSFµCIL;DF69;Manutená∆o no Sensor de Porta;4
01/01/2023;COT1;Transfacil;EQ28;ATM;OP27;TRANSFµCIL;DF281;Subst. Fechadura Digital;2
01/01/2023;COT1;Transfacil;EQ28;ATM;OP27;TRANSFµCIL;DF212;Subst. Do HD;1
01/01/2023;COT1;Transfacil;EQ6;CCIT 4.0 FRONTAL H2.1;;;DF88;Reparo com formataá∆o e reinst. FW/SW;204
01/01/2023;COT1;Transfacil;EQ6;CCIT 4.0 FRONTAL H2.1;;;DF238;Subst. Do Vidro CCIT V4.0;21
01/01/2023;COT1;Transfacil;EQ6;CCIT 4.0 FRONTAL H2.1;;;DF216;Subst. Do M¢dulo H2;3
01/01/2023;COT1;Transfacil;EQ6;CCIT 4.0 FRONTAL H2.1;;;DF130;Subst. Da Antena WLAN;1
01/01/2023;COT1;Transfacil;EQ6;CCIT 4.0 FRONTAL H2.1;;;DF169;Subst. De Componente eletrìnico;1
01/01/2023;COT1;Transfacil;EQ6;CCIT 4.0 FRONTAL H2.1;;;DF136;Subst. Da Carcaáa inferior;5
01/01/2023;COT1;Transfacil;EQ6;CCIT 4.0 FRONTAL H2.1;OP13;Estaá‰es BRT Move;DF88;Reparo com formataá∆o e reinst. FW/SW;45
01/01/2023;COT1;Transfacil;EQ6;CCIT 4.0 FRONTAL H2.1;OP13;Estaá‰es BRT Move;DF37;Defeito n∆o encontrado e subst. FW/SW;1
01/01/2023;COT1;Transfacil;EQ6;CCIT 4.0 FRONTAL H2.1;OP13;Estaá‰es BRT Move;DF136;Subst. Da Carcaáa inferior;1
01/01/2023;COT35;TURIN CONGONHAS;EQ5;CCIT 4.0 FRONTAL;OP138;VIAÄ«O TURIN CONGONHAS;DF209;Subst. Do Display;1
01/01/2023;COT35;TURIN CONGONHAS;EQ5;CCIT 4.0 FRONTAL;OP138;VIAÄ«O TURIN CONGONHAS;DF88;Reparo com formataá∆o e reinst. FW/SW;1
01/01/2023;COT35;TURIN CONGONHAS;EQ5;CCIT 4.0 FRONTAL;OP138;VIAÄ«O TURIN CONGONHAS;DF136;Subst. Da Carcaáa inferior;1
01/01/2023;COT35;TURIN CONGONHAS;EQ5;CCIT 4.0 FRONTAL;OP138;VIAÄ«O TURIN CONGONHAS;DF306;Retirada da bateria;1
01/01/2023;COT14;TURIN OURO PRETO;EQ6;CCIT 4.0 FRONTAL H2.1;OP52;VIAÄ«O TURIN OURO PRETO MG;DF90;Reparo com formataá∆o e subst. FW/SW;8
01/01/2023;COT14;TURIN OURO PRETO;EQ6;CCIT 4.0 FRONTAL H2.1;OP52;VIAÄ«O TURIN OURO PRETO MG;DF136;Subst. Da Carcaáa inferior;1
01/01/2023;COT14;TURIN OURO PRETO;EQ6;CCIT 4.0 FRONTAL H2.1;OP52;VIAÄ«O TURIN OURO PRETO MG;DF210;Subst. Do Display CCIT;3
01/01/2023;COT16;Via Ouro;EQ6;CCIT 4.0 FRONTAL H2.1;OP49;VIA OURO COLETIVOS LTDA;DF90;Reparo com formataá∆o e subst. FW/SW;3
01/01/2023;COT1;Transfacil;EQ14;DMX200 MOD H3.1;;;DF41;Envio para manutená∆o central-CTG;15
01/01/2023;COT1;Transfacil;EQ14;DMX200 MOD H3.1;;;DF88;Reparo com formataá∆o e reinst. FW/SW;54
01/01/2023;COT1;Transfacil;EQ14;DMX200 MOD H3.1;;;DF135;Subst. Da Carcaáa frontal;1
01/01/2023;COT16;Via Ouro;EQ39;DMX200L JI21 SEM BATERIA;;;DF88;Reparo com formataá∆o e reinst. FW/SW;9
01/01/2023;COT11;Gov. Valadares;EQ13;DMX200L;OP53;VIAÄ«O MOBI;DF88;Reparo com formataá∆o e reinst. FW/SW;18
01/01/2023;COT12;DIVPASS;EQ13;DMX200L;OP124;DIVPASS;DF90;Reparo com formataá∆o e subst. FW/SW;15
01/01/2023;COT35;TURIN CONGONHAS;EQ5;CCIT 4.0 FRONTAL;OP138;VIAÄ«O TURIN CONGONHAS;DF90;Reparo com formataá∆o e subst. FW/SW;1
01/01/2023;COT2;Transcard;EQ16;PDM03;;;DF22;Atualizaá∆o de pacote;2
01/01/2023;COT2;Transcard;EQ16;PDM03;;;DF206;Subst. Do Conector USB;1
01/01/2023;COT2;Transcard;EQ16;PDM03;;;DF300;Ressolda antena GPRS e slot de chip;4
01/01/2023;COT20;ROSA TURISMO;EQ39;DMX200L JI21 SEM BATERIA;OP66;ROSA TURISMO;DF115;Restauraá∆o da ROM via PC;1
01/01/2023;COT20;ROSA TURISMO;EQ39;DMX200L JI21 SEM BATERIA;OP66;ROSA TURISMO;DF41;Envio para manutená∆o central-CTG;2
01/01/2023;COT19;S«O JO«O;EQ39;DMX200L JI21 SEM BATERIA;OP67;S«O JO«O;DF115;Restauraá∆o da ROM via PC;5
01/01/2023;COT19;S«O JO«O;EQ39;DMX200L JI21 SEM BATERIA;OP67;S«O JO«O;DF300;Ressolda antena GPRS e slot de chip;1
01/01/2023;COT19;S«O JO«O;EQ39;DMX200L JI21 SEM BATERIA;OP67;S«O JO«O;DF41;Envio para manutená∆o central-CTG;1
01/01/2023;COT4;Setut;EQ14;DMX200 MOD H3.1;;;DF41;Envio para manutená∆o central-CTG;15
01/01/2023;COT4;Setut;EQ14;DMX200 MOD H3.1;;;DF88;Reparo com formataá∆o e reinst. FW/SW;1
01/01/2023;COT25;COOTRAPS - CE;EQ14;DMX200 MOD H3.1;OP129;COOTRAPS;DF39;Enviados para manutená∆o central CTG;10
01/01/2023;COT25;COOTRAPS - CE;EQ14;DMX200 MOD H3.1;OP129;COOTRAPS;DF298;Subst. De placa do sensor;37
01/01/2023;COT24;GVBUS;EQ14;DMX200 MOD H3.1;;;DF41;Envio para manutená∆o central-CTG;9
01/01/2023;COT24;GVBUS;EQ14;DMX200 MOD H3.1;;;DF292;Ressolda conector USB;22
01/01/2023;COT24;GVBUS;EQ14;DMX200 MOD H3.1;;;DF21;Atualizaá∆o de FW ;51
01/01/2023;COT24;GVBUS;EQ14;DMX200 MOD H3.1;;;DF46;Formataá∆o da mem¢ria e subst. FW;79
01/01/2023;COT3;TEU;EQ14;DMX200 MOD H3.1;;;DF21;Atualizaá∆o de FW ;9
01/01/2023;COT3;TEU;EQ14;DMX200 MOD H3.1;;;DF115;Restauraá∆o da ROM via PC;9
01/01/2023;COT3;TEU;EQ14;DMX200 MOD H3.1;;;DF41;Envio para manutená∆o central-CTG;4
01/01/2023;COT33;FLORIAN‡POLIS;EQ15;DMX200L SEM BATERIA;;;DF21;Atualizaá∆o de FW ;28
01/01/2023;COT33;FLORIAN‡POLIS;EQ15;DMX200L SEM BATERIA;;;DF115;Restauraá∆o da ROM via PC;28
01/01/2023;COT33;FLORIAN‡POLIS;EQ15;DMX200L SEM BATERIA;;;DF41;Envio para manutená∆o central-CTG;2
01/01/2023;COT21;Araguarina;EQ13;DMX200L;OP81;VIAÄ«O ARAGUARINA;DF41;Envio para manutená∆o central-CTG;3
01/01/2023;COT22;Taguatur PM NOVO;EQ39;DMX200L JI21 SEM BATERIA;OP82;TAGUATUR;DF41;Envio para manutená∆o central-CTG;17
01/01/2023;COT23;UTB;EQ39;DMX200L JI21 SEM BATERIA;OP83;UTB;DF41;Envio para manutená∆o central-CTG;4
01/01/2023;COT23;UTB;EQ40;DMX200L JI21 COM BATERIA;OP83;UTB;DF41;Envio para manutená∆o central-CTG;16
01/01/2023;COT1;Transfacil;EQ10;CONNECTION CCIT 4.0;;;DF88;Reparo com formataá∆o e reinst. FW/SW;19
01/01/2023;COT1;Transfacil;EQ10;CONNECTION CCIT 4.0;;;DF127;Subst. Conector USB;1
01/01/2023;COT1;Transfacil;EQ10;CONNECTION CCIT 4.0;;;DF37;Defeito n∆o encontrado e subst. FW/SW;1
01/01/2023;COT2;Transcard;EQ10;CONNECTION CCIT 4.0;;;DF46;Formataá∆o da mem¢ria e subst. FW;41
01/01/2023;COT2;Transcard;EQ10;CONNECTION CCIT 4.0;;;DF41;Envio para manutená∆o central-CTG;5
01/01/2023;COT2;Transcard;EQ10;CONNECTION CCIT 4.0;;;DF127;Subst. Conector USB;5
01/01/2023;COT2;Transcard;EQ10;CONNECTION CCIT 4.0;;;DF307;Lavagem da placa e Carcaáa;30
01/01/2023;COT10;Metropolitano-Bahia;EQ10;CONNECTION CCIT 4.0;OP64;METROPOLITANO SSA;DF21;Atualizaá∆o de FW ;6
01/01/2023;COT10;Metropolitano-Bahia;EQ10;CONNECTION CCIT 4.0;OP64;METROPOLITANO SSA;DF41;Envio para manutená∆o central-CTG;1
01/01/2023;COT10;Metropolitano-Bahia;EQ10;CONNECTION CCIT 4.0;OP64;METROPOLITANO SSA;DF256;Substituiá∆o de fus°vel;1
01/01/2023;COT20;ROSA TURISMO;EQ10;CONNECTION CCIT 4.0;OP66;ROSA TURISMO;DF21;Atualizaá∆o de FW ;7
01/01/2023;COT20;ROSA TURISMO;EQ10;CONNECTION CCIT 4.0;OP66;ROSA TURISMO;DF41;Envio para manutená∆o central-CTG;1
01/01/2023;COT19;S«O JO«O;EQ10;CONNECTION CCIT 4.0;OP67;S«O JO«O;DF41;Envio para manutená∆o central-CTG;1
01/01/2023;COT3;TEU;EQ22;V3000M;;;DF21;Atualizaá∆o de FW ;63
01/01/2023;COT3;TEU;EQ22;V3000M;;;DF115;Restauraá∆o da ROM via PC;63
01/01/2023;COT3;TEU;EQ22;V3000M;;;DF41;Envio para manutená∆o central-CTG;3
01/01/2023;COT3;TEU;EQ22;V3000M;;;DF232;Subst. Do SDCard;2
01/01/2023;COT3;TEU;EQ26;V3000M DVR;;;DF21;Atualizaá∆o de FW ;9
01/01/2023;COT3;TEU;EQ26;V3000M DVR;;;DF115;Restauraá∆o da ROM via PC;8
01/01/2023;COT3;TEU;EQ26;V3000M DVR;;;DF232;Subst. Do SDCard;1
01/01/2023;COT3;TEU;EQ26;V3000M DVR;;;DF41;Envio para manutená∆o central-CTG;2
01/01/2023;COT1;Transfacil;EQ27;UT (FTV 3000);;;DF169;Subst. De Componente eletrìnico;9
01/01/2023;COT1;Transfacil;EQ27;UT (FTV 3000);;;DF89;Reparo com Formataá∆o e Subst. De FW;2
01/01/2023;COT24;GVBUS;EQ33;POS MOVE 2500;;;DF41;Envio para manutená∆o central-CTG;8
01/01/2023;COT20;Rosa Turismo;EQ31;POS 250;OP66;ROSA TURISMO;DF41;Envio para manutená∆o central-CTG;1
01/01/2023;COT20;Rosa Turismo;EQ31;POS 250;OP66;ROSA TURISMO;DF46;Formataá∆o da mem¢ria e subst. FW;1
01/01/2023;COT19;S∆o Jo∆o;EQ31;POS 250;OP67;S«O JO«O;DF46;Formataá∆o da mem¢ria e subst. FW;1
01/01/2023;COT2;Transcard;EQ31;POS 250;;;DF41;Envio para manutená∆o central-CTG;5
01/01/2023;COT2;Transcard;EQ31;POS 250;;;DF46;Formataá∆o da mem¢ria e subst. FW;5
01/01/2023;COT2;Transcard;EQ31;POS 250;;;DF132;Subst. Da Bateria de Lithium;1
01/01/2023;COT25;COOTRAPS - CE;EQ17;FONTE PM;OP129;COOTRAPS;DF88;Reparo com formataá∆o e reinst. FW/SW;4
01/01/2023;COT25;COOTRAPS - CE;EQ17;FONTE PM;OP129;COOTRAPS;DF41;Envio para manutená∆o central-CTG;7
01/02/2023;COT7;Alagoinhas;EQ34;CCIT 4.0 FRONTAL H2.1 C SEM BATERIA;OP68;ALAGOINHAS;DF113;Restaura RAM via PC;8
01/02/2023;COT8;CBTU;EQ1;CCIT 3.0;OP47;CBTU - COMPANHIA BRASILEIRA DE TRENS URBANOS;DF88;Reparo com formataá∆o e reinst. FW/SW;6
01/02/2023;COT8;CBTU;EQ1;CCIT 3.0;OP47;CBTU - COMPANHIA BRASILEIRA DE TRENS URBANOS;DF211;Subst. Do Equipamento completo;1
01/02/2023;COT8;CBTU;EQ1;CCIT 3.0;OP47;CBTU - COMPANHIA BRASILEIRA DE TRENS URBANOS;DF129;Subst. Da Antena Cless e adesivo frontal;2
01/02/2023;COT8;CBTU;EQ1;CCIT 3.0;OP47;CBTU - COMPANHIA BRASILEIRA DE TRENS URBANOS;DF221;Subst. do Painel Frontal;1
01/02/2023;COT12;DIVPASS;EQ6;CCIT 4.0 FRONTAL H2.1;OP124;DIVPASS;DF88;Reparo com formataá∆o e reinst. FW/SW;20
01/02/2023;COT12;DIVPASS;EQ6;CCIT 4.0 FRONTAL H2.1;OP124;DIVPASS;DF272;Subst. Do Touchscreen do m¢dulo;1
01/02/2023;COT12;DIVPASS;EQ6;CCIT 4.0 FRONTAL H2.1;OP124;DIVPASS;DF209;Subst. Do Display;1
01/02/2023;COT12;DIVPASS;EQ6;CCIT 4.0 FRONTAL H2.1;OP124;DIVPASS;DF136;Subst. Da Carcaáa inferior;3
01/02/2023;COT33;FLORIAN‡POLIS;EQ8;CCIT 4.0 FRONTAL JI21 SEM BATERIA;;;DF60;Limpeza de cache;1
01/02/2023;COT11;Gov. Valadares;EQ6;CCIT 4.0 FRONTAL H2.1;OP53;VIAÄ«O MOBI;DF88;Reparo com formataá∆o e reinst. FW/SW;6
01/02/2023;COT11;Gov. Valadares;EQ6;CCIT 4.0 FRONTAL H2.1;OP53;VIAÄ«O MOBI;DF210;Subst. Do Display CCIT;1
01/02/2023;COT11;Gov. Valadares;EQ6;CCIT 4.0 FRONTAL H2.1;OP53;VIAÄ«O MOBI;DF136;Subst. Da Carcaáa inferior;2
01/02/2023;COT11;Gov. Valadares;EQ6;CCIT 4.0 FRONTAL H2.1;OP53;VIAÄ«O MOBI;DF272;Subst. Do Touchscreen do m¢dulo;1
01/02/2023;COT24;GVBUS;EQ28;ATM;OP108;GVBUS - SIND. DAS EMP. DE TRANP. METROP. DA GRANDE VIT‡RIA;DF262;Retirada de nota ATM e testes;4
01/02/2023;COT24;GVBUS;EQ28;ATM;OP108;GVBUS - SIND. DAS EMP. DE TRANP. METROP. DA GRANDE VIT‡RIA;DF78;PC Reiniciado;6
01/02/2023;COT24;GVBUS;EQ28;ATM;OP108;GVBUS - SIND. DAS EMP. DE TRANP. METROP. DA GRANDE VIT‡RIA;DF296;ATM - sem conex∆o com internet;7
01/02/2023;COT24;GVBUS;EQ6;CCIT 4.0 FRONTAL H2.1;;;DF91;Reparo com Gravaá∆o de PIC e reinst. Do FW;109
01/02/2023;COT24;GVBUS;EQ6;CCIT 4.0 FRONTAL H2.1;;;DF41;Envio para manutená∆o central-CTG;39
01/02/2023;COT24;GVBUS;EQ6;CCIT 4.0 FRONTAL H2.1;;;DF21;Atualizaá∆o de FW ;16
01/02/2023;COT6;Metro-Bahia;EQ28;ATM;OP63;METRO-BAHIA;DF237;Subst. Do Validador de Notas;5
01/02/2023;COT6;Metro-Bahia;EQ28;ATM;OP63;METRO-BAHIA;DF143;Subst. da Impressora;1
01/02/2023;COT6;METRO-BAHIA;EQ6;CCIT 4.0 FRONTAL H2.1;OP63;METRO-BAHIA;DF113;Restaura RAM via PC;8
01/02/2023;COT6;METRO-BAHIA;EQ6;CCIT 4.0 FRONTAL H2.1;OP63;METRO-BAHIA;DF41;Enviados para manutená∆o central CTG;1
01/02/2023;COT6;METRO-BAHIA;EQ6;CCIT 4.0 FRONTAL H2.1;OP63;METRO-BAHIA;DF114;Restaura RAM via pendrive;1
01/02/2023;COT10;Metropolitano-Bahia;EQ6;CCIT 4.0 FRONTAL H2.1;OP64;METROPOLITANO SSA;DF41;Envio para manutená∆o central-CTG;8
01/02/2023;COT10;Metropolitano-Bahia;EQ6;CCIT 4.0 FRONTAL H2.1;OP64;METROPOLITANO SSA;DF113;Restaura RAM via PC;24
01/02/2023;COT10;Metropolitano-Bahia;EQ6;CCIT 4.0 FRONTAL H2.1;OP64;METROPOLITANO SSA;DF114;Restaura RAM via pendrive;9
01/02/2023;COT20;ROSA TURISMO;EQ36;CCIT 4.0 FRONTAL H1 COM BATERIA;OP66;ROSA TURISMO;DF113;Restaura RAM via PC;12
01/02/2023;COT20;ROSA TURISMO;EQ36;CCIT 4.0 FRONTAL H1 COM BATERIA;OP66;ROSA TURISMO;DF41;Envio para manutená∆o central-CTG;2
01/02/2023;COT19;S«O JO«O;EQ36;CCIT 4.0 FRONTAL H1 COM BATERIA;OP67;S«O JO«O;DF113;Restaura RAM via PC;5
01/02/2023;COT4;Setut;EQ6;CCIT 4.0 FRONTAL H2.1;;;DF41;Envio para manutená∆o central-CTG;8
01/02/2023;COT4;Setut;EQ6;CCIT 4.0 FRONTAL H2.1;;;DF113;Restaura RAM via PC;5
01/02/2023;COT18;Sindpautras;EQ6;CCIT 4.0 FRONTAL H2.1;OP48;SINDPAUTRAS-SIND. PERM. AUT. TRANSP. SU;DF88;Reparo com formataá∆o e reinst. FW/SW;15
01/02/2023;COT22;Taguatur;EQ35;CCIT 4.0 FRONTAL H2 COM BATERIA;OP82;TAGUATUR;DF41;Envio para manutená∆o central-CTG;50
01/02/2023;COT3;TEU;EQ36;CCIT 4.0 FRONTAL H1 COM BATERIA;;;DF115;Restauraá∆o da ROM via PC;181
01/02/2023;COT3;TEU;EQ36;CCIT 4.0 FRONTAL H1 COM BATERIA;;;DF60;Limpeza de cache;41
01/02/2023;COT3;TEU;EQ36;CCIT 4.0 FRONTAL H1 COM BATERIA;;;DF132;Subst. Da Bateria de Lithium;12
01/02/2023;COT3;TEU;EQ36;CCIT 4.0 FRONTAL H1 COM BATERIA;;;DF41;Envio para manutená∆o central-CTG;11
01/02/2023;COT3;TEU;EQ36;CCIT 4.0 FRONTAL H1 COM BATERIA;;;DF136;Subst. Da Carcaáa inferior;17
01/02/2023;COT2;Transcard;EQ28;ATM;OP61;Setps (Transcard);DF237;Subst. Do Validador de Notas;3
01/02/2023;COT2;Transcard;EQ28;ATM;OP61;Setps (Transcard);DF228;Subst. Do PDV ATM;3
01/02/2023;COT2;Transcard;EQ28;ATM;OP61;Setps (Transcard);DF128;Subst. Da antena Cless;2
01/02/2023;COT2;Transcard;EQ28;ATM;OP61;Setps (Transcard);DF179;Subst. Do Cabo de Comunicaá∆o da Impressora;1
01/02/2023;COT2;Transcard;EQ28;ATM;OP61;Setps (Transcard);DF231;Subst. Do PINpad;1
01/02/2023;COT2;Transcard;EQ28;ATM;OP61;Setps (Transcard);DF143;Subst. da Impressora;2
01/02/2023;COT2;Transcard;EQ6;CCIT 4.0 FRONTAL H2.1;;;DF113;Restaura RAM via PC;88
01/02/2023;COT2;Transcard;EQ6;CCIT 4.0 FRONTAL H2.1;;;DF114;Restaura RAM via pendrive;51
01/02/2023;COT2;Transcard;EQ6;CCIT 4.0 FRONTAL H2.1;;;DF101;Ressolda Mbccit;8
01/02/2023;COT2;Transcard;EQ6;CCIT 4.0 FRONTAL H2.1;;;DF41;Enviados para manutená∆o central CTG;20
01/02/2023;COT2;Transcard;EQ6;CCIT 4.0 FRONTAL H2.1;;;DF272;Subst. Do Touchscreen do m¢dulo;33
01/02/2023;COT1;Transfacil;EQ28;ATM;OP27;TRANSFµCIL;DF257;Manut. no Validador de Notas;1
01/02/2023;COT1;Transfacil;EQ28;ATM;OP27;TRANSFµCIL;DF65;Manutená∆o Cofre;2
01/02/2023;COT1;Transfacil;EQ28;ATM;OP27;TRANSFµCIL;DF19;ATM - defeito n∆o confirmado;4
01/02/2023;COT1;Transfacil;EQ28;ATM;OP27;TRANSFµCIL;DF237;Subst. Do Validador de Notas;7
01/02/2023;COT1;Transfacil;EQ28;ATM;OP27;TRANSFµCIL;DF228;Subst. Do PDV ATM;2
01/02/2023;COT1;Transfacil;EQ28;ATM;OP27;TRANSFµCIL;DF128;Subst. Da antena Cless;1
01/02/2023;COT1;Transfacil;EQ28;ATM;OP27;TRANSFµCIL;DF143;Subst. da Impressora;1
01/02/2023;COT1;Transfacil;EQ28;ATM;OP27;TRANSFµCIL;DF258;Subst. Da Cabeáa de Impress∆o;1
01/02/2023;COT1;Transfacil;EQ28;ATM;OP27;TRANSFµCIL;DF67;Manutená∆o na Impressora;1
01/02/2023;COT1;Transfacil;EQ28;ATM;OP27;TRANSFµCIL;DF283;Subst. Tampa Plastico Validador de Notas;1
01/02/2023;COT1;Transfacil;EQ6;CCIT 4.0 FRONTAL H2.1;;;DF88;Reparo com formataá∆o e reinst. FW/SW;151
01/02/2023;COT1;Transfacil;EQ6;CCIT 4.0 FRONTAL H2.1;;;DF238;Subst. Do Vidro CCIT V4.0;13
01/02/2023;COT1;Transfacil;EQ6;CCIT 4.0 FRONTAL H2.1;;;DF216;Subst. Do M¢dulo H2;2
01/02/2023;COT1;Transfacil;EQ6;CCIT 4.0 FRONTAL H2.1;;;DF169;Subst. De Componente eletrìnico;1
01/02/2023;COT1;Transfacil;EQ6;CCIT 4.0 FRONTAL H2.1;;;DF136;Subst. Da Carcaáa inferior;6
01/02/2023;COT1;Transfacil;EQ6;CCIT 4.0 FRONTAL H2.1;OP13;Estaá‰es BRT Move;DF88;Reparo com formataá∆o e reinst. FW/SW;27
01/02/2023;COT1;Transfacil;EQ6;CCIT 4.0 FRONTAL H2.1;OP13;Estaá‰es BRT Move;DF37;Defeito n∆o encontrado e subst. FW/SW;2
01/02/2023;COT1;Transfacil;EQ6;CCIT 4.0 FRONTAL H2.1;OP13;Estaá‰es BRT Move;DF136;Subst. Da Carcaáa inferior;2
01/02/2023;COT1;Transfacil;EQ6;CCIT 4.0 FRONTAL H2.1;OP13;Estaá‰es BRT Move;DF86;Reparo com configuraá∆o do setup;1
01/02/2023;COT1;Transfacil;EQ6;CCIT 4.0 FRONTAL H2.1;OP13;Estaá‰es BRT Move;DF169;Subst. De Componente eletrìnico;2
01/02/2023;COT35;TURIN CONGONHAS;EQ5;CCIT 4.0 FRONTAL;OP138;VIAÄ«O TURIN CONGONHAS;DF209;Subst. Do Display;1
01/02/2023;COT35;TURIN CONGONHAS;EQ5;CCIT 4.0 FRONTAL;OP138;VIAÄ«O TURIN CONGONHAS;DF88;Reparo com formataá∆o e reinst. FW/SW;1
01/02/2023;COT35;TURIN CONGONHAS;EQ5;CCIT 4.0 FRONTAL;OP138;VIAÄ«O TURIN CONGONHAS;DF136;Subst. Da Carcaáa inferior;1
01/02/2023;COT35;TURIN CONGONHAS;EQ5;CCIT 4.0 FRONTAL;OP138;VIAÄ«O TURIN CONGONHAS;DF306;Retirada da bateria;1
01/02/2023;COT14;TURIN OURO PRETO;EQ6;CCIT 4.0 FRONTAL H2.1;OP52;VIAÄ«O TURIN OURO PRETO MG;DF90;Reparo com formataá∆o e subst. FW/SW;6
01/02/2023;COT14;TURIN OURO PRETO;EQ6;CCIT 4.0 FRONTAL H2.1;OP52;VIAÄ«O TURIN OURO PRETO MG;DF210;Subst. Do Display CCIT;1
01/02/2023;COT14;TURIN OURO PRETO;EQ6;CCIT 4.0 FRONTAL H2.1;OP52;VIAÄ«O TURIN OURO PRETO MG;DF272;Subst. Do Touchscreen do m¢dulo;1
01/02/2023;COT14;TURIN OURO PRETO;EQ6;CCIT 4.0 FRONTAL H2.1;OP52;VIAÄ«O TURIN OURO PRETO MG;DF238;Subst. Do Vidro CCIT V4.0;1
01/02/2023;COT23;UTB;EQ6;CCIT 4.0 FRONTAL H2.1;OP83;UTB;DF41;Envio para manutená∆o central-CTG;12
01/02/2023;COT24;GVBUS;EQ14;DMX200 MOD H3.1;;;DF41;Envio para manutená∆o central-CTG;46
01/02/2023;COT24;GVBUS;EQ14;DMX200 MOD H3.1;;;DF292;Ressolda conector USB;16
01/02/2023;COT24;GVBUS;EQ14;DMX200 MOD H3.1;;;DF21;Atualizaá∆o de FW ;123
01/02/2023;COT24;GVBUS;EQ14;DMX200 MOD H3.1;;;DF46;Formataá∆o da mem¢ria e subst. FW;6
01/02/2023;COT1;Transfacil;EQ14;DMX200 MOD H3.1;;;DF41;Envio para manutená∆o central-CTG;21
01/02/2023;COT1;Transfacil;EQ14;DMX200 MOD H3.1;;;DF88;Reparo com formataá∆o e reinst. FW/SW;30
01/02/2023;COT16;Via Ouro;EQ39;DMX200L JI21 SEM BATERIA;;;DF88;Reparo com formataá∆o e reinst. FW/SW;3
01/02/2023;COT11;Gov. Valadares;EQ13;DMX200L;OP53;VIAÄ«O MOBI;DF88;Reparo com formataá∆o e reinst. FW/SW;10
01/02/2023;COT12;DIVPASS;EQ13;DMX200L;OP124;DIVPASS;DF90;Reparo com formataá∆o e subst. FW/SW;15
01/02/2023;COT35;TURIN CONGONHAS;EQ5;CCIT 4.0 FRONTAL;OP138;VIAÄ«O TURIN CONGONHAS;DF90;Reparo com formataá∆o e subst. FW/SW;1
01/02/2023;COT19;S«O JO«O;EQ39;DMX200L JI21 SEM BATERIA;OP67;S«O JO«O;DF115;Restauraá∆o da ROM via PC;2
01/02/2023;COT20;ROSA TURISMO;EQ39;DMX200L JI21 SEM BATERIA;OP66;ROSA TURISMO;DF115;Restauraá∆o da ROM via PC;4
01/02/2023;COT20;ROSA TURISMO;EQ39;DMX200L JI21 SEM BATERIA;OP66;ROSA TURISMO;DF41;Envio para manutená∆o central-CTG;1
01/02/2023;COT4;Setut;EQ14;DMX200 MOD H3.1;;;DF41;Envio para manutená∆o central-CTG;6
01/02/2023;COT25;COOTRAPS - CE;EQ14;DMX200 MOD H3.1;OP129;COOTRAPS;DF39;Enviados para manutená∆o central CTG;7
01/02/2023;COT25;COOTRAPS - CE;EQ14;DMX200 MOD H3.1;OP129;COOTRAPS;DF298;Subst. De placa do sensor;33
01/02/2023;COT25;COOTRAPS - CE;EQ14;DMX200 MOD H3.1;OP129;COOTRAPS;DF90;Reparo com formataá∆o e subst. FW/SW;3
01/02/2023;COT3;TEU;EQ14;DMX200 MOD H3.1;;;DF21;Atualizaá∆o de FW ;7
01/02/2023;COT3;TEU;EQ14;DMX200 MOD H3.1;;;DF115;Restauraá∆o da ROM via PC;4
01/02/2023;COT3;TEU;EQ14;DMX200 MOD H3.1;;;DF41;Envio para manutená∆o central-CTG;1
01/02/2023;COT33;FLORIAN‡POLIS;EQ15;DMX200L SEM BATERIA;;;DF115;Restauraá∆o da ROM via PC;1
01/02/2023;COT33;FLORIAN‡POLIS;EQ15;DMX200L SEM BATERIA;;;DF41;Envio para manutená∆o central-CTG;1
01/02/2023;COT22;Taguatur PM NOVO;EQ39;DMX200L JI21 SEM BATERIA;OP82;TAGUATUR;DF41;Envio para manutená∆o central-CTG;12
01/02/2023;COT23;UTB;EQ40;DMX200L JI21 COM BATERIA;OP83;UTB;DF41;Envio para manutená∆o central-CTG;16
01/02/2023;COT24;GVBUS;EQ10;CONNECTION CCIT 4.0;;;DF293;Recall Circuito Catraca (placa ADP);1
01/02/2023;COT24;GVBUS;EQ10;CONNECTION CCIT 4.0;;;DF21;Atualizaá∆o de FW ;1
01/02/2023;COT1;Transfacil;EQ10;CONNECTION CCIT 4.0;;;DF88;Reparo com formataá∆o e reinst. FW/SW;26
01/02/2023;COT1;Transfacil;EQ10;CONNECTION CCIT 4.0;;;DF136;Subst. Da Carcaáa inferior;2
01/02/2023;COT1;Transfacil;EQ10;CONNECTION CCIT 4.0;;;DF169;Subst. De Componente eletrìnico;1
01/02/2023;COT2;Transcard;EQ10;CONNECTION CCIT 4.0;;;DF46;Formataá∆o da mem¢ria e subst. FW;21
01/02/2023;COT2;Transcard;EQ10;CONNECTION CCIT 4.0;;;DF41;Envio para manutená∆o central-CTG;10
01/02/2023;COT2;Transcard;EQ10;CONNECTION CCIT 4.0;;;DF127;Subst. Conector USB;3
01/02/2023;COT2;Transcard;EQ10;CONNECTION CCIT 4.0;;;DF245;Subst. Terminal Block;2
01/02/2023;COT2;Transcard;EQ10;CONNECTION CCIT 4.0;;;DF256;Substituiá∆o de fus°vel;3
01/02/2023;COT10;Metropolitano-Bahia;EQ10;CONNECTION CCIT 4.0;OP64;METROPOLITANO SSA;DF21;Atualizaá∆o de FW ;5
01/02/2023;COT10;Metropolitano-Bahia;EQ10;CONNECTION CCIT 4.0;OP64;METROPOLITANO SSA;DF41;Envio para manutená∆o central-CTG;1
01/02/2023;COT10;Metropolitano-Bahia;EQ10;CONNECTION CCIT 4.0;OP64;METROPOLITANO SSA;DF256;Substituiá∆o de fus°vel;1
01/02/2023;COT20;ROSA TURISMO;EQ10;CONNECTION CCIT 4.0;OP66;ROSA TURISMO;DF21;Atualizaá∆o de FW ;4
01/02/2023;COT20;ROSA TURISMO;EQ10;CONNECTION CCIT 4.0;OP66;ROSA TURISMO;DF41;Envio para manutená∆o central-CTG;2
01/02/2023;COT19;S«O JO«O;EQ10;CONNECTION CCIT 4.0;OP67;S«O JO«O;DF21;Atualizaá∆o de FW ;2
01/02/2023;COT3;TEU;EQ22;V3000M;;;DF21;Atualizaá∆o de FW ;29
01/02/2023;COT3;TEU;EQ22;V3000M;;;DF115;Restauraá∆o da ROM via PC;29
01/02/2023;COT3;TEU;EQ22;V3000M;;;DF232;Subst. Do SDCard;14
01/02/2023;COT3;TEU;EQ26;V3000M DVR;;;DF21;Atualizaá∆o de FW ;5
01/02/2023;COT3;TEU;EQ26;V3000M DVR;;;DF115;Restauraá∆o da ROM via PC;5
01/02/2023;COT3;TEU;EQ26;V3000M DVR;;;DF232;Subst. Do SDCard;1
01/02/2023;COT3;TEU;EQ26;V3000M DVR;;;DF41;Envio para manutená∆o central-CTG;1
01/02/2023;COT1;Transfacil;EQ27;UT (FTV 3000);;;DF169;Subst. De Componente eletrìnico;8
01/02/2023;COT24;GVBUS;EQ33;POS MOVE 2500;;;DF41;Envio para manutená∆o central-CTG;6
01/02/2023;COT20;Rosa Turismo;EQ31;POS 250;OP66;ROSA TURISMO;DF46;Formataá∆o da mem¢ria e subst. FW;2
01/02/2023;COT19;S∆o Jo∆o;EQ31;POS 250;OP67;S«O JO«O;DF46;Formataá∆o da mem¢ria e subst. FW;2
01/02/2023;COT2;Transcard;EQ31;POS 250;;;DF46;Formataá∆o da mem¢ria e subst. FW;5
01/03/2023;COT7;Alagoinhas;EQ34;CCIT 4.0 FRONTAL H2.1 C SEM BATERIA;OP68;ALAGOINHAS;DF113;Restaura RAM via PC;6
01/03/2023;COT21;Araguarina;EQ35;CCIT 4.0 FRONTAL H2 COM BATERIA;OP81;VIAÄ«O ARAGUARINA;DF41;Envio para manutená∆o central-CTG;4
01/03/2023;COT8;CBTU;EQ1;CCIT 3.0;OP47;CBTU - COMPANHIA BRASILEIRA DE TRENS URBANOS;DF88;Reparo com formataá∆o e reinst. FW/SW;1
01/03/2023;COT11;Gov. Valadares;EQ6;CCIT 4.0 FRONTAL H2.1;OP53;VIAÄ«O MOBI;DF88;Reparo com formataá∆o e reinst. FW/SW;3
01/03/2023;COT24;GVBUS;EQ28;ATM;OP108;GVBUS - SIND. DAS EMP. DE TRANP. METROP. DA GRANDE VIT‡RIA;DF262;Retirada de nota ATM e testes;3
01/03/2023;COT24;GVBUS;EQ28;ATM;OP108;GVBUS - SIND. DAS EMP. DE TRANP. METROP. DA GRANDE VIT‡RIA;DF78;PC Reiniciado;4
01/03/2023;COT24;GVBUS;EQ28;ATM;OP108;GVBUS - SIND. DAS EMP. DE TRANP. METROP. DA GRANDE VIT‡RIA;DF296;ATM - sem conex∆o com internet;3
01/03/2023;COT24;GVBUS;EQ6;CCIT 4.0 FRONTAL H2.1;;;DF91;Reparo com Gravaá∆o de PIC e reinst. Do FW;212
01/03/2023;COT24;GVBUS;EQ6;CCIT 4.0 FRONTAL H2.1;;;DF41;Envio para manutená∆o central-CTG;55
01/03/2023;COT24;GVBUS;EQ6;CCIT 4.0 FRONTAL H2.1;;;DF21;Atualizaá∆o de FW ;9
01/03/2023;COT6;Metro-Bahia;EQ28;ATM;OP63;METRO-BAHIA;DF237;Subst. Do Validador de Notas;13
01/03/2023;COT6;Metro-Bahia;EQ28;ATM;OP63;METRO-BAHIA;DF143;Subst. da Impressora;4
01/03/2023;COT6;Metro-Bahia;EQ28;ATM;OP63;METRO-BAHIA;DF284;Manutená∆o PC ATM;3
01/03/2023;COT6;Metro-Bahia;EQ28;ATM;OP63;METRO-BAHIA;DF260;Subst. HUB Serial;2
01/03/2023;COT6;Metro-Bahia;EQ28;ATM;OP63;METRO-BAHIA;DF218;Subst. Do Monitor;1
01/03/2023;COT6;Metro-Bahia;EQ28;ATM;OP63;METRO-BAHIA;DF179;Subst. Do Cabo de Comunicaá∆o da Impressora;1
01/03/2023;COT6;Metro-Bahia;EQ28;ATM;OP63;METRO-BAHIA;DF228;Subst. Do PDV ATM;1
01/03/2023;COT6;METRO-BAHIA;EQ6;CCIT 4.0 FRONTAL H2.1;OP63;METRO-BAHIA;DF113;Restaura RAM via PC;7
01/03/2023;COT5;METROFOR/ VLT FORTALEZA;EQ38;CCIT 4.0 METROFOR;OP105;METROFOR LINHA SUL;DF88;Reparo com formataá∆o e reinst. FW/SW;8
01/03/2023;COT10;Metropolitano-Bahia;EQ6;CCIT 4.0 FRONTAL H2.1;OP64;METROPOLITANO SSA;DF41;Envio para manutená∆o central-CTG;9
01/03/2023;COT10;Metropolitano-Bahia;EQ6;CCIT 4.0 FRONTAL H2.1;OP64;METROPOLITANO SSA;DF113;Restaura RAM via PC;41
01/03/2023;COT10;Metropolitano-Bahia;EQ6;CCIT 4.0 FRONTAL H2.1;OP64;METROPOLITANO SSA;DF114;Restaura RAM via pendrive;11
01/03/2023;COT20;ROSA TURISMO;EQ36;CCIT 4.0 FRONTAL H1 COM BATERIA;OP66;ROSA TURISMO;DF113;Restaura RAM via PC;18
01/03/2023;COT20;ROSA TURISMO;EQ36;CCIT 4.0 FRONTAL H1 COM BATERIA;OP66;ROSA TURISMO;DF41;Envio para manutená∆o central-CTG;2
01/03/2023;COT19;S«O JO«O;EQ36;CCIT 4.0 FRONTAL H1 COM BATERIA;OP67;S«O JO«O;DF113;Restaura RAM via PC;11
01/03/2023;COT19;S«O JO«O;EQ36;CCIT 4.0 FRONTAL H1 COM BATERIA;OP67;S«O JO«O;DF41;Envio para manutená∆o central-CTG;5
01/03/2023;COT4;Setut;EQ6;CCIT 4.0 FRONTAL H2.1;;;DF41;Envio para manutená∆o central-CTG;25
01/03/2023;COT4;Setut;EQ6;CCIT 4.0 FRONTAL H2.1;;;DF113;Restaura RAM via PC;12
01/03/2023;COT18;Sindpautras;EQ6;CCIT 4.0 FRONTAL H2.1;OP48;SINDPAUTRAS-SIND. PERM. AUT. TRANSP. SU;DF88;Reparo com formataá∆o e reinst. FW/SW;1
01/03/2023;COT22;Taguatur;EQ35;CCIT 4.0 FRONTAL H2 COM BATERIA;OP82;TAGUATUR;DF41;Envio para manutená∆o central-CTG;34
01/03/2023;COT3;TEU;EQ3;CCIT 3.5;;;DF157;Subst. Da Placa FTCLess;1
01/03/2023;COT3;TEU;EQ3;CCIT 3.5;;;DF221;Subst. do Painel Frontal;1
01/03/2023;COT3;TEU;EQ3;CCIT 3.5;;;DF242;Subst. Placa Mbccit;1
01/03/2023;COT3;TEU;EQ3;CCIT 3.5;;;DF21;Atualizaá∆o de FW ;1
01/03/2023;COT3;TEU;EQ36;CCIT 4.0 FRONTAL H1 COM BATERIA;;;DF115;Restauraá∆o da ROM via PC;181
01/03/2023;COT3;TEU;EQ36;CCIT 4.0 FRONTAL H1 COM BATERIA;;;DF60;Limpeza de cache;42
01/03/2023;COT3;TEU;EQ36;CCIT 4.0 FRONTAL H1 COM BATERIA;;;DF132;Subst. Da Bateria de Lithium;13
01/03/2023;COT3;TEU;EQ36;CCIT 4.0 FRONTAL H1 COM BATERIA;;;DF41;Envio para manutená∆o central-CTG;27
01/03/2023;COT3;TEU;EQ36;CCIT 4.0 FRONTAL H1 COM BATERIA;;;DF136;Subst. Da Carcaáa inferior;5
01/03/2023;COT2;Transcard;EQ28;ATM;OP61;Setps (Transcard);DF237;Subst. Do Validador de Notas;10
01/03/2023;COT2;Transcard;EQ28;ATM;OP61;Setps (Transcard);DF228;Subst. Do PDV ATM;1
01/03/2023;COT2;Transcard;EQ28;ATM;OP61;Setps (Transcard);DF128;Subst. Da antena Cless;1
01/03/2023;COT2;Transcard;EQ28;ATM;OP61;Setps (Transcard);DF179;Subst. Do Cabo de Comunicaá∆o da Impressora;1
01/03/2023;COT2;Transcard;EQ28;ATM;OP61;Setps (Transcard);DF231;Subst. Do PINpad;3
01/03/2023;COT2;Transcard;EQ28;ATM;OP61;Setps (Transcard);DF143;Subst. da Impressora;2
01/03/2023;COT2;Transcard;EQ28;ATM;OP61;Setps (Transcard);DF218;Subst. Do Monitor;2
01/03/2023;COT2;Transcard;EQ28;ATM;OP61;Setps (Transcard);DF284;Manutená∆o PC ATM;2
01/03/2023;COT2;Transcard;EQ6;CCIT 4.0 FRONTAL H2.1;;;DF113;Restaura RAM via PC;124
01/03/2023;COT2;Transcard;EQ6;CCIT 4.0 FRONTAL H2.1;;;DF114;Restaura RAM via pendrive;171
01/03/2023;COT2;Transcard;EQ6;CCIT 4.0 FRONTAL H2.1;;;DF101;Ressolda Mbccit;8
01/03/2023;COT2;Transcard;EQ6;CCIT 4.0 FRONTAL H2.1;;;DF41;Enviados para manutená∆o central CTG;106
01/03/2023;COT1;Transfacil;EQ28;ATM;OP27;TRANSFµCIL;DF257;Manut. no Validador de Notas;4
01/03/2023;COT1;Transfacil;EQ28;ATM;OP27;TRANSFµCIL;DF65;Manutená∆o Cofre;9
01/03/2023;COT1;Transfacil;EQ28;ATM;OP27;TRANSFµCIL;DF19;ATM - defeito n∆o confirmado;12
01/03/2023;COT1;Transfacil;EQ28;ATM;OP27;TRANSFµCIL;DF237;Subst. Do Validador de Notas;7
01/03/2023;COT1;Transfacil;EQ28;ATM;OP27;TRANSFµCIL;DF143;Subst. da Impressora;1
01/03/2023;COT1;Transfacil;EQ28;ATM;OP27;TRANSFµCIL;DF258;Subst. Da Cabeáa de Impress∆o;1
01/03/2023;COT1;Transfacil;EQ28;ATM;OP27;TRANSFµCIL;DF67;Manutená∆o na Impressora;7
01/03/2023;COT1;Transfacil;EQ28;ATM;OP27;TRANSFµCIL;DF208;Subst. Do Dispenser do cart∆o;2
01/03/2023;COT1;Transfacil;EQ6;CCIT 4.0 FRONTAL H2.1;;;DF88;Reparo com formataá∆o e reinst. FW/SW;218
01/03/2023;COT1;Transfacil;EQ6;CCIT 4.0 FRONTAL H2.1;;;DF238;Subst. Do Vidro CCIT V4.0;14
01/03/2023;COT1;Transfacil;EQ6;CCIT 4.0 FRONTAL H2.1;;;DF216;Subst. Do M¢dulo H2;1
01/03/2023;COT1;Transfacil;EQ6;CCIT 4.0 FRONTAL H2.1;;;DF169;Subst. De Componente eletrìnico;2
01/03/2023;COT1;Transfacil;EQ6;CCIT 4.0 FRONTAL H2.1;;;DF136;Subst. Da Carcaáa inferior;7
01/03/2023;COT1;Transfacil;EQ6;CCIT 4.0 FRONTAL H2.1;OP13;Estaá‰es BRT Move;DF88;Reparo com formataá∆o e reinst. FW/SW;62
01/03/2023;COT1;Transfacil;EQ6;CCIT 4.0 FRONTAL H2.1;OP13;Estaá‰es BRT Move;DF37;Defeito n∆o encontrado e subst. FW/SW;2
01/03/2023;COT1;Transfacil;EQ6;CCIT 4.0 FRONTAL H2.1;OP13;Estaá‰es BRT Move;DF136;Subst. Da Carcaáa inferior;3
01/03/2023;COT1;Transfacil;EQ6;CCIT 4.0 FRONTAL H2.1;OP13;Estaá‰es BRT Move;DF169;Subst. De Componente eletrìnico;1
01/03/2023;COT35;TURIN CONGONHAS;EQ5;CCIT 4.0 FRONTAL;OP138;VIAÄ«O TURIN CONGONHAS;DF88;Reparo com formataá∆o e reinst. FW/SW;2
01/03/2023;COT35;TURIN CONGONHAS;EQ5;CCIT 4.0 FRONTAL;OP138;VIAÄ«O TURIN CONGONHAS;DF306;Retirada da bateria;1
01/03/2023;COT14;TURIN OURO PRETO;EQ6;CCIT 4.0 FRONTAL H2.1;OP52;VIAÄ«O TURIN OURO PRETO MG;DF90;Reparo com formataá∆o e subst. FW/SW;2
01/03/2023;COT23;UTB;EQ6;CCIT 4.0 FRONTAL H2.1;OP83;UTB;DF41;Envio para manutená∆o central-CTG;16
01/03/2023;COT16;Via Ouro;EQ6;CCIT 4.0 FRONTAL H2.1;OP49;VIA OURO COLETIVOS LTDA;DF90;Reparo com formataá∆o e subst. FW/SW;2
01/03/2023;COT16;Via Ouro;EQ6;CCIT 4.0 FRONTAL H2.1;OP49;VIA OURO COLETIVOS LTDA;DF136;Subst. Da Carcaáa inferior;1
01/03/2023;COT1;Transfacil;EQ14;DMX200 MOD H3.1;;;DF41;Envio para manutená∆o central-CTG;19
01/03/2023;COT1;Transfacil;EQ14;DMX200 MOD H3.1;;;DF88;Reparo com formataá∆o e reinst. FW/SW;62
01/03/2023;COT1;Transfacil;EQ14;DMX200 MOD H3.1;;;DF169;Subst. De Componente eletrìnico;2
01/03/2023;COT1;Transfacil;EQ14;DMX200 MOD H3.1;;;DF135;Subst. Da Carcaáa frontal;1
01/03/2023;COT16;Via Ouro;EQ39;DMX200L JI21 SEM BATERIA;;;DF88;Reparo com formataá∆o e reinst. FW/SW;6
01/03/2023;COT16;Via Ouro;EQ39;DMX200L JI21 SEM BATERIA;;;DF169;Subst. De Componente eletrìnico;1
01/03/2023;COT11;Gov. Valadares;EQ13;DMX200L;OP53;VIAÄ«O MOBI;DF88;Reparo com formataá∆o e reinst. FW/SW;13
01/03/2023;COT12;DIVPASS;EQ13;DMX200L;OP124;DIVPASS;DF90;Reparo com formataá∆o e subst. FW/SW;1
01/03/2023;COT35;TURIN CONGONHAS;EQ5;CCIT 4.0 FRONTAL;OP138;VIAÄ«O TURIN CONGONHAS;DF90;Reparo com formataá∆o e subst. FW/SW;5
01/03/2023;COT2;Transcard;EQ16;PDM03;;;DF22;Atualizaá∆o de pacote;2
01/03/2023;COT19;S«O JO«O;EQ39;DMX200L JI21 SEM BATERIA;OP67;S«O JO«O;DF41;Envio para manutená∆o central-CTG;3
01/03/2023;COT19;S«O JO«O;EQ39;DMX200L JI21 SEM BATERIA;OP67;S«O JO«O;DF115;Restauraá∆o da ROM via PC;8
01/03/2023;COT20;ROSA TURISMO;EQ39;DMX200L JI21 SEM BATERIA;OP66;ROSA TURISMO;DF115;Restauraá∆o da ROM via PC;7
01/03/2023;COT20;ROSA TURISMO;EQ39;DMX200L JI21 SEM BATERIA;OP66;ROSA TURISMO;DF41;Envio para manutená∆o central-CTG;4
01/03/2023;COT4;Setut;EQ14;DMX200 MOD H3.1;;;DF41;Envio para manutená∆o central-CTG;11
01/03/2023;COT25;COOTRAPS - CE;EQ14;DMX200 MOD H3.1;OP129;COOTRAPS;DF39;Enviados para manutená∆o central CTG;15
01/03/2023;COT25;COOTRAPS - CE;EQ14;DMX200 MOD H3.1;OP129;COOTRAPS;DF90;Reparo com formataá∆o e subst. FW/SW;33
01/03/2023;COT24;GVBUS;EQ14;DMX200 MOD H3.1;;;DF41;Envio para manutená∆o central-CTG;36
01/03/2023;COT24;GVBUS;EQ14;DMX200 MOD H3.1;;;DF292;Ressolda conector USB;31
01/03/2023;COT24;GVBUS;EQ14;DMX200 MOD H3.1;;;DF21;Atualizaá∆o de FW ;64
01/03/2023;COT24;GVBUS;EQ14;DMX200 MOD H3.1;;;DF46;Formataá∆o da mem¢ria e subst. FW;13
01/03/2023;COT3;TEU;EQ14;DMX200 MOD H3.1;;;DF21;Atualizaá∆o de FW ;6
01/03/2023;COT3;TEU;EQ14;DMX200 MOD H3.1;;;DF115;Restauraá∆o da ROM via PC;6
01/03/2023;COT3;TEU;EQ14;DMX200 MOD H3.1;;;DF41;Envio para manutená∆o central-CTG;4
01/03/2023;COT33;FLORIAN‡POLIS;EQ15;DMX200L SEM BATERIA;;;DF41;Envio para manutená∆o central-CTG;7
01/03/2023;COT22;Taguatur PM NOVO;EQ39;DMX200L JI21 SEM BATERIA;OP82;TAGUATUR;DF41;Envio para manutená∆o central-CTG;45
01/03/2023;COT23;UTB;EQ40;DMX200L JI21 COM BATERIA;OP83;UTB;DF41;Envio para manutená∆o central-CTG;9
01/03/2023;COT1;Transfacil;EQ10;CONNECTION CCIT 4.0;;;DF88;Reparo com formataá∆o e reinst. FW/SW;27
01/03/2023;COT1;Transfacil;EQ10;CONNECTION CCIT 4.0;;;DF136;Subst. Da Carcaáa inferior;3
01/03/2023;COT1;Transfacil;EQ10;CONNECTION CCIT 4.0;;;DF169;Subst. De Componente eletrìnico;1
01/03/2023;COT2;Transcard;EQ10;CONNECTION CCIT 4.0;;;DF46;Formataá∆o da mem¢ria e subst. FW;33
01/03/2023;COT2;Transcard;EQ10;CONNECTION CCIT 4.0;;;DF41;Envio para manutená∆o central-CTG;24
01/03/2023;COT2;Transcard;EQ10;CONNECTION CCIT 4.0;;;DF127;Subst. Conector USB;5
01/03/2023;COT2;Transcard;EQ10;CONNECTION CCIT 4.0;;;DF245;Subst. Terminal Block;2
01/03/2023;COT2;Transcard;EQ10;CONNECTION CCIT 4.0;;;DF256;Substituiá∆o de fus°vel;3
01/03/2023;COT10;Metropolitano-Bahia;EQ10;CONNECTION CCIT 4.0;OP64;METROPOLITANO SSA;DF21;Atualizaá∆o de FW ;4
01/03/2023;COT19;S«O JO«O;EQ10;CONNECTION CCIT 4.0;OP67;S«O JO«O;DF21;Atualizaá∆o de FW ;3
01/03/2023;COT19;S«O JO«O;EQ10;CONNECTION CCIT 4.0;OP67;S«O JO«O;DF41;Envio para manutená∆o central-CTG;1
01/03/2023;COT20;ROSA TURISMO;EQ10;CONNECTION CCIT 4.0;OP66;ROSA TURISMO;DF21;Atualizaá∆o de FW ;5
01/03/2023;COT20;ROSA TURISMO;EQ10;CONNECTION CCIT 4.0;OP66;ROSA TURISMO;DF41;Envio para manutená∆o central-CTG;3
01/03/2023;COT24;GVBUS;EQ10;CONNECTION CCIT 4.0;;;DF21;Atualizaá∆o de FW ;3
01/03/2023;COT3;TEU;EQ22;V3000M;;;DF21;Atualizaá∆o de FW ;43
01/03/2023;COT3;TEU;EQ22;V3000M;;;DF115;Restauraá∆o da ROM via PC;43
01/03/2023;COT3;TEU;EQ22;V3000M;;;DF232;Subst. Do SDCard;7
01/03/2023;COT3;TEU;EQ26;V3000M DVR;;;DF21;Atualizaá∆o de FW ;31
01/03/2023;COT3;TEU;EQ26;V3000M DVR;;;DF115;Restauraá∆o da ROM via PC;31
01/03/2023;COT3;TEU;EQ26;V3000M DVR;;;DF41;Envio para manutená∆o central-CTG;2
01/03/2023;COT3;TEU;EQ21;V3000L;;;DF21;Atualizaá∆o de FW ;12
01/03/2023;COT3;TEU;EQ21;V3000L;;;DF115;Restauraá∆o da ROM via PC;12
01/03/2023;COT1;Transfacil;EQ27;UT (FTV 3000);;;DF169;Subst. De Componente eletrìnico;2
01/03/2023;COT1;Transfacil;EQ27;UT (FTV 3000);;;DF88;Reparo com formataá∆o e reinst. FW/SW;1
01/03/2023;COT24;GVBUS;EQ33;POS MOVE 2500;;;DF41;Envio para manutená∆o central-CTG;5
01/03/2023;COT10;Metropolitano-Bahia;EQ31;POS 250;OP64;METROPOLITANO SSA;DF41;Envio para manutená∆o central-CTG;2
01/03/2023;COT20;Rosa Turismo;EQ31;POS 250;OP66;ROSA TURISMO;DF46;Formataá∆o da mem¢ria e subst. FW;2
01/03/2023;COT2;Transcard;EQ31;POS 250;;;DF46;Formataá∆o da mem¢ria e subst. FW;7
01/03/2023;COT25;COOTRAPS - CE;EQ17;FONTE PM;OP129;COOTRAPS;DF41;Envio para manutená∆o central-CTG;4
01/04/2023;COT21;Araguarina;EQ35;CCIT 4.0 FRONTAL H2 COM BATERIA;OP81;VIAÄ«O ARAGUARINA;DF41;Envio para manutená∆o central-CTG;4
01/04/2023;COT8;CBTU;EQ1;CCIT 3.0;OP47;CBTU - COMPANHIA BRASILEIRA DE TRENS URBANOS;DF88;Reparo com formataá∆o e reinst. FW/SW;1
01/04/2023;COT12;DIVPASS;EQ6;CCIT 4.0 FRONTAL H2.1;OP124;DIVPASS;DF88;Reparo com formataá∆o e reinst. FW/SW;10
01/04/2023;COT12;DIVPASS;EQ6;CCIT 4.0 FRONTAL H2.1;OP124;DIVPASS;DF272;Subst. Do Touchscreen do m¢dulo;2
01/04/2023;COT12;DIVPASS;EQ6;CCIT 4.0 FRONTAL H2.1;OP124;DIVPASS;DF209;Subst. Do Display;1
01/04/2023;COT12;DIVPASS;EQ6;CCIT 4.0 FRONTAL H2.1;OP124;DIVPASS;DF238;Subst. Do Vidro CCIT V4.0;1
01/04/2023;COT11;Gov. Valadares;EQ6;CCIT 4.0 FRONTAL H2.1;OP53;VIAÄ«O MOBI;DF88;Reparo com formataá∆o e reinst. FW/SW;5
01/04/2023;COT11;Gov. Valadares;EQ6;CCIT 4.0 FRONTAL H2.1;OP53;VIAÄ«O MOBI;DF272;Subst. Do Touchscreen do m¢dulo;1
01/04/2023;COT11;Gov. Valadares;EQ6;CCIT 4.0 FRONTAL H2.1;OP53;VIAÄ«O MOBI;DF210;Subst. Do Display CCIT;1
01/04/2023;COT24;GVBUS;EQ28;ATM;OP108;GVBUS - SIND. DAS EMP. DE TRANP. METROP. DA GRANDE VIT‡RIA;DF262;Retirada de nota ATM e testes;4
01/04/2023;COT24;GVBUS;EQ28;ATM;OP108;GVBUS - SIND. DAS EMP. DE TRANP. METROP. DA GRANDE VIT‡RIA;DF66;Manutená∆o na Fechadura Eletrìnica;2
01/04/2023;COT24;GVBUS;EQ28;ATM;OP108;GVBUS - SIND. DAS EMP. DE TRANP. METROP. DA GRANDE VIT‡RIA;DF296;ATM - sem conex∆o com internet;4
01/04/2023;COT24;GVBUS;EQ28;ATM;OP108;GVBUS - SIND. DAS EMP. DE TRANP. METROP. DA GRANDE VIT‡RIA;DF308;Erro COF 67 ATM;1
01/04/2023;COT24;GVBUS;EQ6;CCIT 4.0 FRONTAL H2.1;;;DF91;Reparo com Gravaá∆o de PIC e reinst. Do FW;140
01/04/2023;COT24;GVBUS;EQ6;CCIT 4.0 FRONTAL H2.1;;;DF41;Envio para manutená∆o central-CTG;36
01/04/2023;COT24;GVBUS;EQ6;CCIT 4.0 FRONTAL H2.1;;;DF21;Atualizaá∆o de FW ;6
01/04/2023;COT13;Mariana;EQ5;CCIT 4.0 FRONTAL;OP54;TRANSCOTTA MARIANA MG;DF90;Reparo com formataá∆o e subst. FW/SW;1
01/04/2023;COT13;Mariana;EQ5;CCIT 4.0 FRONTAL;OP54;TRANSCOTTA MARIANA MG;DF136;Subst. Da Carcaáa inferior;1
01/04/2023;COT13;Mariana;EQ5;CCIT 4.0 FRONTAL;OP54;TRANSCOTTA MARIANA MG;DF272;Subst. Do Touchscreen do m¢dulo;1
01/04/2023;COT6;Metro-Bahia;EQ28;ATM;OP63;METRO-BAHIA;DF237;Subst. Do Validador de Notas;4
01/04/2023;COT6;Metro-Bahia;EQ28;ATM;OP63;METRO-BAHIA;DF143;Subst. da Impressora;5
01/04/2023;COT6;Metro-Bahia;EQ28;ATM;OP63;METRO-BAHIA;DF284;Manutená∆o PC ATM;2
01/04/2023;COT6;Metro-Bahia;EQ28;ATM;OP63;METRO-BAHIA;DF260;Subst. HUB Serial;0
01/04/2023;COT6;Metro-Bahia;EQ28;ATM;OP63;METRO-BAHIA;DF218;Subst. Do Monitor;0
01/04/2023;COT6;Metro-Bahia;EQ28;ATM;OP63;METRO-BAHIA;DF179;Subst. Do Cabo de Comunicaá∆o da Impressora;2
01/04/2023;COT6;Metro-Bahia;EQ28;ATM;OP63;METRO-BAHIA;DF228;Subst. Do PDV ATM;0
01/04/2023;COT6;METRO-BAHIA;EQ6;CCIT 4.0 FRONTAL H2.1;OP63;METRO-BAHIA;DF113;Restaura RAM via PC;8
01/04/2023;COT5;METROFOR/ VLT FORTALEZA;EQ38;CCIT 4.0 METROFOR;OP105;METROFOR LINHA SUL;DF88;Reparo com formataá∆o e reinst. FW/SW;6
01/04/2023;COT5;METROFOR/ VLT FORTALEZA;EQ38;CCIT 4.0 METROFOR;OP105;METROFOR LINHA SUL;DF41;Enviados para manutená∆o central CTG;9
01/04/2023;COT10;Metropolitano-Bahia;EQ6;CCIT 4.0 FRONTAL H2.1;OP64;METROPOLITANO SSA;DF41;Envio para manutená∆o central-CTG;7
01/04/2023;COT10;Metropolitano-Bahia;EQ6;CCIT 4.0 FRONTAL H2.1;OP64;METROPOLITANO SSA;DF113;Restaura RAM via PC;41
01/04/2023;COT20;ROSA TURISMO;EQ36;CCIT 4.0 FRONTAL H1 COM BATERIA;OP66;ROSA TURISMO;DF113;Restaura RAM via PC;7
01/04/2023;COT20;ROSA TURISMO;EQ36;CCIT 4.0 FRONTAL H1 COM BATERIA;OP66;ROSA TURISMO;DF41;Envio para manutená∆o central-CTG;5
01/04/2023;COT19;S«O JO«O;EQ36;CCIT 4.0 FRONTAL H1 COM BATERIA;OP67;S«O JO«O;DF113;Restaura RAM via PC;8
01/04/2023;COT19;S«O JO«O;EQ36;CCIT 4.0 FRONTAL H1 COM BATERIA;OP67;S«O JO«O;DF41;Envio para manutená∆o central-CTG;2
01/04/2023;COT4;Setut;EQ6;CCIT 4.0 FRONTAL H2.1;;;DF41;Envio para manutená∆o central-CTG;27
01/04/2023;COT4;Setut;EQ6;CCIT 4.0 FRONTAL H2.1;;;DF113;Restaura RAM via PC;2
01/04/2023;COT18;Sindpautras;EQ6;CCIT 4.0 FRONTAL H2.1;OP48;SINDPAUTRAS-SIND. PERM. AUT. TRANSP. SU;DF88;Reparo com formataá∆o e reinst. FW/SW;9
01/04/2023;COT18;Sindpautras;EQ6;CCIT 4.0 FRONTAL H2.1;OP48;SINDPAUTRAS-SIND. PERM. AUT. TRANSP. SU;DF238;Subst. Do Vidro CCIT V4.0;2
01/04/2023;COT18;Sindpautras;EQ6;CCIT 4.0 FRONTAL H2.1;OP48;SINDPAUTRAS-SIND. PERM. AUT. TRANSP. SU;DF136;Subst. Da Carcaáa inferior;1
01/04/2023;COT18;Sindpautras;EQ6;CCIT 4.0 FRONTAL H2.1;OP48;SINDPAUTRAS-SIND. PERM. AUT. TRANSP. SU;DF37;Defeito n∆o encontrado e subst. FW/SW;1
01/04/2023;COT22;Taguatur;EQ35;CCIT 4.0 FRONTAL H2 COM BATERIA;OP82;TAGUATUR;DF41;Envio para manutená∆o central-CTG;24
01/04/2023;COT22;Taguatur;EQ35;CCIT 4.0 FRONTAL H2 COM BATERIA;OP82;TAGUATUR;DF41;Envio para manutená∆o central-CTG;25
01/04/2023;COT3;TEU;EQ36;CCIT 4.0 FRONTAL H1 COM BATERIA;;;DF115;Restauraá∆o da ROM via PC;102
01/04/2023;COT3;TEU;EQ36;CCIT 4.0 FRONTAL H1 COM BATERIA;;;DF60;Limpeza de cache;42
01/04/2023;COT3;TEU;EQ36;CCIT 4.0 FRONTAL H1 COM BATERIA;;;DF132;Subst. Da Bateria de Lithium;25
01/04/2023;COT3;TEU;EQ36;CCIT 4.0 FRONTAL H1 COM BATERIA;;;DF41;Envio para manutená∆o central-CTG;18
01/04/2023;COT3;TEU;EQ36;CCIT 4.0 FRONTAL H1 COM BATERIA;;;DF136;Subst. Da Carcaáa inferior;5
01/04/2023;COT2;Transcard;EQ28;ATM;OP61;Setps (Transcard);DF237;Subst. Do Validador de Notas;4
01/04/2023;COT2;Transcard;EQ28;ATM;OP61;Setps (Transcard);DF142;Subst. Da Fonte Lambda ATM;1
01/04/2023;COT2;Transcard;EQ28;ATM;OP61;Setps (Transcard);DF128;Subst. Da antena Cless;1
01/04/2023;COT2;Transcard;EQ28;ATM;OP61;Setps (Transcard);DF231;Subst. Do PINpad;1
01/04/2023;COT2;Transcard;EQ28;ATM;OP61;Setps (Transcard);DF143;Subst. da Impressora;2
01/04/2023;COT2;Transcard;EQ28;ATM;OP61;Setps (Transcard);DF218;Subst. Do Monitor;2
01/04/2023;COT2;Transcard;EQ28;ATM;OP61;Setps (Transcard);DF284;Manutená∆o PC ATM;3
01/04/2023;COT2;Transcard;EQ6;CCIT 4.0 FRONTAL H2.1;;;DF113;Restaura RAM via PC;149
01/04/2023;COT2;Transcard;EQ6;CCIT 4.0 FRONTAL H2.1;;;DF114;Restaura RAM via pendrive;32
01/04/2023;COT2;Transcard;EQ6;CCIT 4.0 FRONTAL H2.1;;;DF101;Ressolda Mbccit;3
01/04/2023;COT2;Transcard;EQ6;CCIT 4.0 FRONTAL H2.1;;;DF41;Enviados para manutená∆o central CTG;44
01/04/2023;COT1;Transfacil;EQ28;ATM;OP27;TRANSFµCIL;DF281;Subst. Fechadura Digital;1
01/04/2023;COT1;Transfacil;EQ28;ATM;OP27;TRANSFµCIL;DF65;Manutená∆o Cofre;3
01/04/2023;COT1;Transfacil;EQ28;ATM;OP27;TRANSFµCIL;DF19;ATM - defeito n∆o confirmado;8
01/04/2023;COT1;Transfacil;EQ28;ATM;OP27;TRANSFµCIL;DF237;Subst. Do Validador de Notas;3
01/04/2023;COT1;Transfacil;EQ28;ATM;OP27;TRANSFµCIL;DF208;Subst. Do Dispenser do cart∆o;1
01/04/2023;COT1;Transfacil;EQ28;ATM;OP27;TRANSFµCIL;DF258;Subst. Da Cabeáa de Impress∆o;1
01/04/2023;COT1;Transfacil;EQ28;ATM;OP27;TRANSFµCIL;DF67;Manutená∆o na Impressora;1
01/04/2023;COT1;Transfacil;EQ28;ATM;OP27;TRANSFµCIL;DF208;Subst. Do Dispenser do cart∆o;1
01/04/2023;COT1;Transfacil;EQ6;CCIT 4.0 FRONTAL H2.1;;;DF88;Reparo com formataá∆o e reinst. FW/SW;167
01/04/2023;COT1;Transfacil;EQ6;CCIT 4.0 FRONTAL H2.1;;;DF238;Subst. Do Vidro CCIT V4.0;14
01/04/2023;COT1;Transfacil;EQ6;CCIT 4.0 FRONTAL H2.1;;;DF216;Subst. Do M¢dulo H2;1
01/04/2023;COT1;Transfacil;EQ6;CCIT 4.0 FRONTAL H2.1;;;DF136;Subst. Da Carcaáa inferior;6
01/04/2023;COT1;Transfacil;EQ6;CCIT 4.0 FRONTAL H2.1;OP13;Estaá‰es BRT Move;DF88;Reparo com formataá∆o e reinst. FW/SW;34
01/04/2023;COT1;Transfacil;EQ6;CCIT 4.0 FRONTAL H2.1;OP13;Estaá‰es BRT Move;DF136;Subst. Da Carcaáa inferior;1
01/04/2023;COT1;Transfacil;EQ6;CCIT 4.0 FRONTAL H2.1;OP13;Estaá‰es BRT Move;DF133;Subst. Da Campainha CCIT;1
01/04/2023;COT1;Transfacil;EQ6;CCIT 4.0 FRONTAL H2.1;;;DF37;Defeito n∆o encontrado e subst. FW/SW;11
01/04/2023;COT1;Transfacil;EQ6;CCIT 4.0 FRONTAL H2.1;;;DF130;Subst. Da Antena WLAN;1
01/04/2023;COT35;TURIN CONGONHAS;EQ5;CCIT 4.0 FRONTAL;OP138;VIAÄ«O TURIN CONGONHAS;DF88;Reparo com formataá∆o e reinst. FW/SW;2
01/04/2023;COT35;TURIN CONGONHAS;EQ5;CCIT 4.0 FRONTAL;OP138;VIAÄ«O TURIN CONGONHAS;DF210;Subst. Do Display CCIT;1
01/04/2023;COT14;TURIN OURO PRETO;EQ6;CCIT 4.0 FRONTAL H2.1;OP52;VIAÄ«O TURIN OURO PRETO MG;DF90;Reparo com formataá∆o e subst. FW/SW;2
01/04/2023;COT23;UTB;EQ6;CCIT 4.0 FRONTAL H2.1;OP83;UTB;DF41;Envio para manutená∆o central-CTG;9
01/04/2023;COT16;Via Ouro;EQ6;CCIT 4.0 FRONTAL H2.1;OP49;VIA OURO COLETIVOS LTDA;DF90;Reparo com formataá∆o e subst. FW/SW;3
01/04/2023;COT1;Transfacil;EQ14;DMX200 MOD H3.1;;;DF41;Envio para manutená∆o central-CTG;15
01/04/2023;COT1;Transfacil;EQ14;DMX200 MOD H3.1;;;DF88;Reparo com formataá∆o e reinst. FW/SW;50
01/04/2023;COT1;Transfacil;EQ14;DMX200 MOD H3.1;;;DF170;Subst. De Gorila Glass;1
01/04/2023;COT1;Transfacil;EQ14;DMX200 MOD H3.1;;;DF37;Defeito n∆o encontrado e subst. FW/SW;1
01/04/2023;COT16;Via Ouro;EQ39;DMX200L JI21 SEM BATERIA;;;DF88;Reparo com formataá∆o e reinst. FW/SW;5
01/04/2023;COT11;Gov. Valadares;EQ13;DMX200L;OP53;VIAÄ«O MOBI;DF88;Reparo com formataá∆o e reinst. FW/SW;3
01/04/2023;COT12;DIVPASS;EQ13;DMX200L;OP124;DIVPASS;DF90;Reparo com formataá∆o e subst. FW/SW;9
01/04/2023;COT35;TURIN CONGONHAS;EQ5;CCIT 4.0 FRONTAL;OP138;VIAÄ«O TURIN CONGONHAS;DF90;Reparo com formataá∆o e subst. FW/SW;2
01/04/2023;COT2;Transcard;EQ16;PDM03;;;DF22;Atualizaá∆o de pacote;3
01/04/2023;COT19;S«O JO«O;EQ39;DMX200L JI21 SEM BATERIA;OP67;S«O JO«O;DF115;Restauraá∆o da ROM via PC;6
01/04/2023;COT20;ROSA TURISMO;EQ39;DMX200L JI21 SEM BATERIA;OP66;ROSA TURISMO;DF115;Restauraá∆o da ROM via PC;8
01/04/2023;COT20;ROSA TURISMO;EQ39;DMX200L JI21 SEM BATERIA;OP66;ROSA TURISMO;DF41;Envio para manutená∆o central-CTG;1
01/04/2023;COT4;Setut;EQ14;DMX200 MOD H3.1;;;DF41;Envio para manutená∆o central-CTG;9
01/04/2023;COT25;COOTRAPS - CE;EQ14;DMX200 MOD H3.1;OP129;COOTRAPS;DF39;Enviados para manutená∆o central CTG;21
01/04/2023;COT25;COOTRAPS - CE;EQ14;DMX200 MOD H3.1;OP129;COOTRAPS;DF90;Reparo com formataá∆o e subst. FW/SW;38
01/04/2023;COT24;GVBUS;EQ14;DMX200 MOD H3.1;;;DF41;Envio para manutená∆o central-CTG;69
01/04/2023;COT24;GVBUS;EQ14;DMX200 MOD H3.1;;;DF292;Ressolda conector USB;81
01/04/2023;COT24;GVBUS;EQ14;DMX200 MOD H3.1;;;DF21;Atualizaá∆o de FW ;211
01/04/2023;COT3;TEU;EQ14;DMX200 MOD H3.1;;;DF21;Atualizaá∆o de FW ;12
01/04/2023;COT3;TEU;EQ14;DMX200 MOD H3.1;;;DF115;Restauraá∆o da ROM via PC;13
01/04/2023;COT3;TEU;EQ14;DMX200 MOD H3.1;;;DF41;Envio para manutená∆o central-CTG;1
01/04/2023;COT22;Taguatur PM NOVO;EQ39;DMX200L JI21 SEM BATERIA;OP82;TAGUATUR;DF41;Envio para manutená∆o central-CTG;19
01/04/2023;COT23;UTB;EQ40;DMX200L JI21 COM BATERIA;OP83;UTB;DF41;Envio para manutená∆o central-CTG;29
01/04/2023;COT11;Gov. Valadares;EQ13;DMX200L;OP53;VIAÄ«O MOBI;DF209;Subst. Do Display;1
01/04/2023;COT1;Transfacil;EQ10;CONNECTION CCIT 4.0;;;DF88;Reparo com formataá∆o e reinst. FW/SW;26
01/04/2023;COT1;Transfacil;EQ10;CONNECTION CCIT 4.0;;;DF136;Subst. Da Carcaáa inferior;1
01/04/2023;COT1;Transfacil;EQ10;CONNECTION CCIT 4.0;;;DF169;Subst. De Componente eletrìnico;2
01/04/2023;COT2;Transcard;EQ10;CONNECTION CCIT 4.0;;;DF46;Formataá∆o da mem¢ria e subst. FW;37
01/04/2023;COT2;Transcard;EQ10;CONNECTION CCIT 4.0;;;DF41;Envio para manutená∆o central-CTG;15
01/04/2023;COT2;Transcard;EQ10;CONNECTION CCIT 4.0;;;DF127;Subst. Conector USB;3
01/04/2023;COT2;Transcard;EQ10;CONNECTION CCIT 4.0;;;DF256;Substituiá∆o de fus°vel;1
01/04/2023;COT19;S«O JO«O;EQ10;CONNECTION CCIT 4.0;OP67;S«O JO«O;DF21;Atualizaá∆o de FW ;6
01/04/2023;COT20;ROSA TURISMO;EQ10;CONNECTION CCIT 4.0;OP66;ROSA TURISMO;DF21;Atualizaá∆o de FW ;5
01/04/2023;COT24;GVBUS;EQ10;CONNECTION CCIT 4.0;;;DF41;Envio para manutená∆o central-CTG;2
01/04/2023;COT4;Setut;EQ10;CONNECTION CCIT 4.0;;;DF41;Envio para manutená∆o central-CTG;1
01/04/2023;COT3;TEU;EQ22;V3000M;;;DF21;Atualizaá∆o de FW ;26
01/04/2023;COT3;TEU;EQ22;V3000M;;;DF115;Restauraá∆o da ROM via PC;26
01/04/2023;COT3;TEU;EQ22;V3000M;;;DF232;Subst. Do SDCard;5
01/04/2023;COT3;TEU;EQ26;V3000M DVR;;;DF21;Atualizaá∆o de FW ;11
01/04/2023;COT3;TEU;EQ26;V3000M DVR;;;DF115;Restauraá∆o da ROM via PC;11
01/04/2023;COT3;TEU;EQ26;V3000M DVR;;;DF41;Envio para manutená∆o central-CTG;3
01/04/2023;COT3;TEU;EQ22;V3000M;;;DF26;Atualizaá∆o do PIC;3
01/04/2023;COT3;TEU;EQ22;V3000M;;;DF41;Envio para manutená∆o central-CTG;1
01/04/2023;COT1;Transfacil;EQ27;UT (FTV 3000);;;DF169;Subst. De Componente eletrìnico;1
01/04/2023;COT1;Transfacil;EQ27;UT (FTV 3000);;;DF88;Reparo com formataá∆o e reinst. FW/SW;1
01/04/2023;COT24;GVBUS;EQ33;POS MOVE 2500;;;DF41;Envio para manutená∆o central-CTG;21
01/04/2023;COT2;Transcard;EQ31;POS 250;;;DF46;Formataá∆o da mem¢ria e subst. FW;11
01/04/2023;COT2;Transcard;EQ31;POS 250;;;DF41;Envio para manutená∆o central-CTG;1
01/04/2023;COT25;COOTRAPS - CE;EQ17;FONTE PM;OP129;COOTRAPS;DF41;Envio para manutená∆o central-CTG;7
01/05/2023;COT7;Alagoinhas;EQ34;CCIT 4.0 FRONTAL H2.1 C SEM BATERIA;OP68;ALAGOINHAS;DF113;Restaura RAM via PC;12
01/05/2023;COT21;Araguarina;EQ35;CCIT 4.0 FRONTAL H2 COM BATERIA;OP81;VIAÄ«O ARAGUARINA;DF41;Envio para manutená∆o central-CTG;3
01/05/2023;COT8;CBTU;EQ1;CCIT 3.0;OP47;CBTU - COMPANHIA BRASILEIRA DE TRENS URBANOS;DF88;Reparo com formataá∆o e reinst. FW/SW;3
01/05/2023;COT12;DIVPASS;EQ6;CCIT 4.0 FRONTAL H2.1;OP124;DIVPASS;DF88;Reparo com formataá∆o e reinst. FW/SW;25
01/05/2023;COT12;DIVPASS;EQ6;CCIT 4.0 FRONTAL H2.1;OP124;DIVPASS;DF272;Subst. Do Touchscreen do m¢dulo;1
01/05/2023;COT12;DIVPASS;EQ6;CCIT 4.0 FRONTAL H2.1;OP124;DIVPASS;DF209;Subst. Do Display;6
01/05/2023;COT12;DIVPASS;EQ6;CCIT 4.0 FRONTAL H2.1;OP124;DIVPASS;DF133;Subst. Da Campainha CCIT;1
01/05/2023;COT33;FLORIAN‡POLIS;EQ8;CCIT 4.0 FRONTAL JI21 SEM BATERIA;;;DF115;Restauraá∆o da ROM via PC;3
01/05/2023;COT33;FLORIAN‡POLIS;EQ8;CCIT 4.0 FRONTAL JI21 SEM BATERIA;;;DF41;Envio para manutená∆o central-CTG;8
01/05/2023;COT11;Gov. Valadares;EQ6;CCIT 4.0 FRONTAL H2.1;OP53;VIAÄ«O MOBI;DF88;Reparo com formataá∆o e reinst. FW/SW;25
01/05/2023;COT11;Gov. Valadares;EQ6;CCIT 4.0 FRONTAL H2.1;OP53;VIAÄ«O MOBI;DF272;Subst. Do Touchscreen do m¢dulo;1
01/05/2023;COT11;Gov. Valadares;EQ6;CCIT 4.0 FRONTAL H2.1;OP53;VIAÄ«O MOBI;DF210;Subst. Do Display CCIT;6
01/05/2023;COT11;Gov. Valadares;EQ6;CCIT 4.0 FRONTAL H2.1;OP53;VIAÄ«O MOBI;DF133;Subst. Da Campainha CCIT;1
01/05/2023;COT24;GVBUS;EQ28;ATM;OP108;GVBUS - SIND. DAS EMP. DE TRANP. METROP. DA GRANDE VIT‡RIA;DF77;PC ATM Travado;2
01/05/2023;COT24;GVBUS;EQ28;ATM;OP108;GVBUS - SIND. DAS EMP. DE TRANP. METROP. DA GRANDE VIT‡RIA;DF231;Subst. Do PINpad;2
01/05/2023;COT24;GVBUS;EQ28;ATM;OP108;GVBUS - SIND. DAS EMP. DE TRANP. METROP. DA GRANDE VIT‡RIA;DF143;Subst. da Impressora;2
01/05/2023;COT24;GVBUS;EQ28;ATM;OP108;GVBUS - SIND. DAS EMP. DE TRANP. METROP. DA GRANDE VIT‡RIA;DF208;Subst. Do Dispenser do cart∆o;1
01/05/2023;COT24;GVBUS;EQ28;ATM;OP108;GVBUS - SIND. DAS EMP. DE TRANP. METROP. DA GRANDE VIT‡RIA;DF19;ATM - defeito n∆o confirmado;1
01/05/2023;COT24;GVBUS;EQ28;ATM;OP108;GVBUS - SIND. DAS EMP. DE TRANP. METROP. DA GRANDE VIT‡RIA;DF68;Manutená∆o no Dispenser;2
01/05/2023;COT24;GVBUS;EQ6;CCIT 4.0 FRONTAL H2.1;;;DF91;Reparo com Gravaá∆o de PIC e reinst. Do FW;163
01/05/2023;COT24;GVBUS;EQ6;CCIT 4.0 FRONTAL H2.1;;;DF41;Envio para manutená∆o central-CTG;44
01/05/2023;COT24;GVBUS;EQ6;CCIT 4.0 FRONTAL H2.1;;;DF21;Atualizaá∆o de FW ;172
01/05/2023;COT13;Mariana;EQ5;CCIT 4.0 FRONTAL;OP54;TRANSCOTTA MARIANA MG;DF90;Reparo com formataá∆o e subst. FW/SW;2
01/05/2023;COT6;Metro-Bahia;EQ28;ATM;OP63;METRO-BAHIA;DF237;Subst. Do Validador de Notas;18
01/05/2023;COT6;Metro-Bahia;EQ28;ATM;OP63;METRO-BAHIA;DF143;Subst. da Impressora;7
01/05/2023;COT6;Metro-Bahia;EQ28;ATM;OP63;METRO-BAHIA;DF284;Manutená∆o PC ATM;1
01/05/2023;COT6;Metro-Bahia;EQ28;ATM;OP63;METRO-BAHIA;DF218;Subst. Do Monitor;2
01/05/2023;COT6;Metro-Bahia;EQ28;ATM;OP63;METRO-BAHIA;DF179;Subst. Do Cabo de Comunicaá∆o da Impressora;2
01/05/2023;COT6;METRO-BAHIA;EQ6;CCIT 4.0 FRONTAL H2.1;OP63;METRO-BAHIA;DF113;Restaura RAM via PC;10
01/05/2023;COT6;METRO-BAHIA;EQ6;CCIT 4.0 FRONTAL H2.1;OP63;METRO-BAHIA;DF41;Envio para manutená∆o central-CTG;2
01/05/2023;COT5;METROFOR/ VLT FORTALEZA;EQ38;CCIT 4.0 METROFOR;OP105;METROFOR LINHA SUL;DF88;Reparo com formataá∆o e reinst. FW/SW;1
01/05/2023;COT5;METROFOR/ VLT FORTALEZA;EQ38;CCIT 4.0 METROFOR;OP105;METROFOR LINHA SUL;DF41;Enviados para manutená∆o central CTG;3
01/05/2023;COT10;Metropolitano-Bahia;EQ6;CCIT 4.0 FRONTAL H2.1;OP64;METROPOLITANO SSA;DF41;Envio para manutená∆o central-CTG;8
01/05/2023;COT10;Metropolitano-Bahia;EQ6;CCIT 4.0 FRONTAL H2.1;OP64;METROPOLITANO SSA;DF113;Restaura RAM via PC;33
01/05/2023;COT20;ROSA TURISMO;EQ36;CCIT 4.0 FRONTAL H1 COM BATERIA;OP66;ROSA TURISMO;DF113;Restaura RAM via PC;5
01/05/2023;COT20;ROSA TURISMO;EQ36;CCIT 4.0 FRONTAL H1 COM BATERIA;OP66;ROSA TURISMO;DF41;Envio para manutená∆o central-CTG;4
01/05/2023;COT19;S«O JO«O;EQ36;CCIT 4.0 FRONTAL H1 COM BATERIA;OP67;S«O JO«O;DF113;Restaura RAM via PC;9
01/05/2023;COT19;S«O JO«O;EQ36;CCIT 4.0 FRONTAL H1 COM BATERIA;OP67;S«O JO«O;DF41;Envio para manutená∆o central-CTG;1
01/05/2023;COT4;Setut;EQ6;CCIT 4.0 FRONTAL H2.1;;;DF41;Envio para manutená∆o central-CTG;38
01/05/2023;COT4;Setut;EQ6;CCIT 4.0 FRONTAL H2.1;;;DF113;Restaura RAM via PC;2
01/05/2023;COT4;Setut;EQ6;CCIT 4.0 FRONTAL H2.1;;;DF132;Subst. Da Bateria de Lithium;2
01/05/2023;COT18;Sindpautras;EQ6;CCIT 4.0 FRONTAL H2.1;OP48;SINDPAUTRAS-SIND. PERM. AUT. TRANSP. SU;DF88;Reparo com formataá∆o e reinst. FW/SW;19
01/05/2023;COT18;Sindpautras;EQ6;CCIT 4.0 FRONTAL H2.1;OP48;SINDPAUTRAS-SIND. PERM. AUT. TRANSP. SU;DF136;Subst. Da Carcaáa inferior;2
01/05/2023;COT18;Sindpautras;EQ6;CCIT 4.0 FRONTAL H2.1;OP48;SINDPAUTRAS-SIND. PERM. AUT. TRANSP. SU;DF37;Defeito n∆o encontrado e subst. FW/SW;2
01/05/2023;COT3;TEU;EQ3;CCIT 3.5;;;DF157;Subst. Da Placa FTCLess;1
01/05/2023;COT3;TEU;EQ3;CCIT 3.5;;;DF21;Atualizaá∆o de FW ;1
01/05/2023;COT3;TEU;EQ36;CCIT 4.0 FRONTAL H1 COM BATERIA;;;DF115;Restauraá∆o da ROM via PC;199
01/05/2023;COT3;TEU;EQ36;CCIT 4.0 FRONTAL H1 COM BATERIA;;;DF60;Limpeza de cache;13
01/05/2023;COT3;TEU;EQ36;CCIT 4.0 FRONTAL H1 COM BATERIA;;;DF132;Subst. Da Bateria de Lithium;6
01/05/2023;COT3;TEU;EQ36;CCIT 4.0 FRONTAL H1 COM BATERIA;;;DF41;Envio para manutená∆o central-CTG;7
01/05/2023;COT3;TEU;EQ36;CCIT 4.0 FRONTAL H1 COM BATERIA;;;DF136;Subst. Da Carcaáa inferior;12
01/05/2023;COT2;Transcard;EQ28;ATM;OP61;Setps (Transcard);DF237;Subst. Do Validador de Notas;3
01/05/2023;COT2;Transcard;EQ28;ATM;OP61;Setps (Transcard);DF236;Subst. Do Teclado de Metal Frontal;1
01/05/2023;COT2;Transcard;EQ28;ATM;OP61;Setps (Transcard);DF128;Subst. Da antena Cless;1
01/05/2023;COT2;Transcard;EQ28;ATM;OP61;Setps (Transcard);DF143;Subst. da Impressora;3
01/05/2023;COT2;Transcard;EQ28;ATM;OP61;Setps (Transcard);DF218;Subst. Do Monitor;2
01/05/2023;COT2;Transcard;EQ28;ATM;OP61;Setps (Transcard);DF284;Manutená∆o PC ATM;2
01/05/2023;COT2;Transcard;EQ6;CCIT 4.0 FRONTAL H2.1;;;DF113;Restaura RAM via PC;153
01/05/2023;COT2;Transcard;EQ6;CCIT 4.0 FRONTAL H2.1;;;DF114;Restaura RAM via pendrive;19
01/05/2023;COT2;Transcard;EQ6;CCIT 4.0 FRONTAL H2.1;;;DF101;Ressolda Mbccit;4
01/05/2023;COT2;Transcard;EQ6;CCIT 4.0 FRONTAL H2.1;;;DF41;Enviados para manutená∆o central CTG;47
01/05/2023;COT2;Transcard;EQ6;CCIT 4.0 FRONTAL H2.1;;;DF9;Ajuste e aperto de conex∆o;5
01/05/2023;COT1;Transfacil;EQ28;ATM;OP27;TRANSFµCIL;DF281;Subst. Fechadura Digital;1
01/05/2023;COT1;Transfacil;EQ28;ATM;OP27;TRANSFµCIL;DF65;Manutená∆o Cofre;6
01/05/2023;COT1;Transfacil;EQ28;ATM;OP27;TRANSFµCIL;DF19;ATM - defeito n∆o confirmado;13
01/05/2023;COT1;Transfacil;EQ28;ATM;OP27;TRANSFµCIL;DF237;Subst. Do Validador de Notas;7
01/05/2023;COT1;Transfacil;EQ28;ATM;OP27;TRANSFµCIL;DF197;Subst. Do Cofre;1
01/05/2023;COT1;Transfacil;EQ28;ATM;OP27;TRANSFµCIL;DF257;Manut. no Validador de Notas;1
01/05/2023;COT1;Transfacil;EQ28;ATM;OP27;TRANSFµCIL;DF68;Manutená∆o no Dispenser;1
01/05/2023;COT1;Transfacil;EQ28;ATM;OP27;TRANSFµCIL;DF10;Ajuste mecÉnico fechadura Porta Interna;1
01/05/2023;COT1;Transfacil;EQ28;ATM;OP27;TRANSFµCIL;DF283;Subst. Tampa Plastico Validador de Notas;1
01/05/2023;COT1;Transfacil;EQ6;CCIT 4.0 FRONTAL H2.1;;;DF88;Reparo com formataá∆o e reinst. FW/SW;170
01/05/2023;COT1;Transfacil;EQ6;CCIT 4.0 FRONTAL H2.1;;;DF238;Subst. Do Vidro CCIT V4.0;5
01/05/2023;COT1;Transfacil;EQ6;CCIT 4.0 FRONTAL H2.1;;;DF216;Subst. Do M¢dulo H2;1
01/05/2023;COT1;Transfacil;EQ6;CCIT 4.0 FRONTAL H2.1;OP13;Estaá‰es BRT Move;DF88;Reparo com formataá∆o e reinst. FW/SW;43
01/05/2023;COT1;Transfacil;EQ6;CCIT 4.0 FRONTAL H2.1;OP13;Estaá‰es BRT Move;DF136;Subst. Da Carcaáa inferior;3
01/05/2023;COT1;Transfacil;EQ6;CCIT 4.0 FRONTAL H2.1;;;DF37;Defeito n∆o encontrado e subst. FW/SW;5
01/05/2023;COT1;Transfacil;EQ6;CCIT 4.0 FRONTAL H2.1;;;DF169;Subst. De Componente eletrìnico;2
01/05/2023;COT1;Transfacil;EQ6;CCIT 4.0 FRONTAL H2.1;;;DF242;Subst. Placa Mbccit;1
01/05/2023;COT1;Transfacil;EQ6;CCIT 4.0 FRONTAL H2.1;;;DF135;Subst. Da Carcaáa frontal;1
01/05/2023;COT1;Transfacil;EQ6;CCIT 4.0 FRONTAL H2.1;;;DF211;Subst. Do Equipamento completo;1
01/05/2023;COT35;TURIN CONGONHAS;EQ5;CCIT 4.0 FRONTAL;OP138;VIAÄ«O TURIN CONGONHAS;DF88;Reparo com formataá∆o e reinst. FW/SW;1
01/05/2023;COT35;TURIN CONGONHAS;EQ5;CCIT 4.0 FRONTAL;OP138;VIAÄ«O TURIN CONGONHAS;DF210;Subst. Do Display CCIT;1
01/05/2023;COT14;TURIN OURO PRETO;EQ6;CCIT 4.0 FRONTAL H2.1;OP52;VIAÄ«O TURIN OURO PRETO MG;DF90;Reparo com formataá∆o e subst. FW/SW;7
01/05/2023;COT14;TURIN OURO PRETO;EQ6;CCIT 4.0 FRONTAL H2.1;OP52;VIAÄ«O TURIN OURO PRETO MG;DF238;Subst. Do Vidro CCIT V4.0;2
01/05/2023;COT14;TURIN OURO PRETO;EQ6;CCIT 4.0 FRONTAL H2.1;OP52;VIAÄ«O TURIN OURO PRETO MG;DF210;Subst. Do Display CCIT;1
01/05/2023;COT14;TURIN OURO PRETO;EQ6;CCIT 4.0 FRONTAL H2.1;OP52;VIAÄ«O TURIN OURO PRETO MG;DF131;Subst. Da Antena Wlan do CCIT;1
01/05/2023;COT16;Via Ouro;EQ6;CCIT 4.0 FRONTAL H2.1;OP49;VIA OURO COLETIVOS LTDA;DF90;Reparo com formataá∆o e subst. FW/SW;2
01/05/2023;COT1;Transfacil;EQ14;DMX200 MOD H3.1;;;DF41;Envio para manutená∆o central-CTG;6
01/05/2023;COT1;Transfacil;EQ14;DMX200 MOD H3.1;;;DF88;Reparo com formataá∆o e reinst. FW/SW;47
01/05/2023;COT1;Transfacil;EQ14;DMX200 MOD H3.1;;;DF170;Subst. De Gorila Glass;2
01/05/2023;COT16;Via Ouro;EQ39;DMX200L JI21 SEM BATERIA;;;DF88;Reparo com formataá∆o e reinst. FW/SW;10
01/05/2023;COT16;Via Ouro;EQ39;DMX200L JI21 SEM BATERIA;;;DF186;Subst. Do cart∆o SD 32 GB;1
01/05/2023;COT16;Via Ouro;EQ39;DMX200L JI21 SEM BATERIA;;;DF144;Subst. Da Mem¢ria;1
01/05/2023;COT11;Gov. Valadares;EQ13;DMX200L;OP53;VIAÄ«O MOBI;DF88;Reparo com formataá∆o e reinst. FW/SW;3
01/05/2023;COT11;Gov. Valadares;EQ13;DMX200L;OP53;VIAÄ«O MOBI;DF209;Subst. Do Display;1
01/05/2023;COT12;DIVPASS;EQ13;DMX200L;OP124;DIVPASS;DF90;Reparo com formataá∆o e subst. FW/SW;5
01/05/2023;COT35;TURIN CONGONHAS;EQ5;CCIT 4.0 FRONTAL;OP138;VIAÄ«O TURIN CONGONHAS;DF90;Reparo com formataá∆o e subst. FW/SW;2
01/05/2023;COT2;Transcard;EQ16;PDM03;;;DF22;Atualizaá∆o de pacote;3
01/05/2023;COT2;Transcard;EQ16;PDM03;;;DF127;Subst. Conector USB;2
01/05/2023;COT19;S«O JO«O;EQ39;DMX200L JI21 SEM BATERIA;OP67;S«O JO«O;DF115;Restauraá∆o da ROM via PC;13
01/05/2023;COT20;ROSA TURISMO;EQ39;DMX200L JI21 SEM BATERIA;OP66;ROSA TURISMO;DF115;Restauraá∆o da ROM via PC;5
01/05/2023;COT20;ROSA TURISMO;EQ39;DMX200L JI21 SEM BATERIA;OP66;ROSA TURISMO;DF41;Envio para manutená∆o central-CTG;1
01/05/2023;COT4;Setut;EQ14;DMX200 MOD H3.1;;;DF41;Envio para manutená∆o central-CTG;17
01/05/2023;COT25;COOTRAPS - CE;EQ14;DMX200 MOD H3.1;OP129;COOTRAPS;DF39;Enviados para manutená∆o central CTG;15
01/05/2023;COT25;COOTRAPS - CE;EQ14;DMX200 MOD H3.1;OP129;COOTRAPS;DF90;Reparo com formataá∆o e subst. FW/SW;18
01/05/2023;COT24;GVBUS;EQ14;DMX200 MOD H3.1;;;DF41;Envio para manutená∆o central-CTG;50
01/05/2023;COT24;GVBUS;EQ14;DMX200 MOD H3.1;;;DF292;Ressolda conector USB;6
01/05/2023;COT24;GVBUS;EQ14;DMX200 MOD H3.1;;;DF21;Atualizaá∆o de FW ;280
01/05/2023;COT3;TEU;EQ14;DMX200 MOD H3.1;;;DF21;Atualizaá∆o de FW ;12
01/05/2023;COT3;TEU;EQ14;DMX200 MOD H3.1;;;DF115;Restauraá∆o da ROM via PC;12
01/05/2023;COT3;TEU;EQ14;DMX200 MOD H3.1;;;DF41;Envio para manutená∆o central-CTG;12
01/05/2023;COT33;FLORIAN‡POLIS;EQ15;DMX200L SEM BATERIA;;;DF115;Restauraá∆o da ROM via PC;8
01/05/2023;COT33;FLORIAN‡POLIS;EQ15;DMX200L SEM BATERIA;;;DF41;Envio para manutená∆o central-CTG;10
01/05/2023;COT33;FLORIAN‡POLIS;EQ15;DMX200L SEM BATERIA;;;DF21;Atualizaá∆o de FW ;8
01/05/2023;COT22;Taguatur PM NOVO;EQ39;DMX200L JI21 SEM BATERIA;OP82;TAGUATUR;DF41;Envio para manutená∆o central-CTG;46
01/05/2023;COT1;Transfacil;EQ10;CONNECTION CCIT 4.0;;;DF88;Reparo com formataá∆o e reinst. FW/SW;16
01/05/2023;COT1;Transfacil;EQ10;CONNECTION CCIT 4.0;;;DF37;Defeito n∆o encontrado e subst. FW/SW;1
01/05/2023;COT2;Transcard;EQ10;CONNECTION CCIT 4.0;;;DF46;Formataá∆o da mem¢ria e subst. FW;32
01/05/2023;COT2;Transcard;EQ10;CONNECTION CCIT 4.0;;;DF41;Envio para manutená∆o central-CTG;23
01/05/2023;COT2;Transcard;EQ10;CONNECTION CCIT 4.0;;;DF127;Subst. Conector USB;3
01/05/2023;COT2;Transcard;EQ10;CONNECTION CCIT 4.0;;;DF256;Substituiá∆o de fus°vel;3
01/05/2023;COT10;Metropolitano-Bahia;EQ10;CONNECTION CCIT 4.0;OP64;METROPOLITANO SSA;DF21;Atualizaá∆o de FW ;9
01/05/2023;COT10;Metropolitano-Bahia;EQ10;CONNECTION CCIT 4.0;OP64;METROPOLITANO SSA;DF41;Envio para manutená∆o central-CTG;4
01/05/2023;COT19;S«O JO«O;EQ10;CONNECTION CCIT 4.0;OP67;S«O JO«O;DF21;Atualizaá∆o de FW ;1
01/05/2023;COT20;ROSA TURISMO;EQ10;CONNECTION CCIT 4.0;OP66;ROSA TURISMO;DF21;Atualizaá∆o de FW ;5
01/05/2023;COT20;ROSA TURISMO;EQ10;CONNECTION CCIT 4.0;OP66;ROSA TURISMO;DF41;Envio para manutená∆o central-CTG;4
01/05/2023;COT4;Setut;EQ10;CONNECTION CCIT 4.0;;;DF41;Envio para manutená∆o central-CTG;1
01/05/2023;COT24;GVBUS;EQ10;CONNECTION CCIT 4.0;;;DF41;Envio para manutená∆o central-CTG;1
01/05/2023;COT24;GVBUS;EQ10;CONNECTION CCIT 4.0;;;DF35;Defeito n∆o encontrado / testes e liberaá∆o;15
01/05/2023;COT3;TEU;EQ22;V3000M;;;DF21;Atualizaá∆o de FW ;44
01/05/2023;COT3;TEU;EQ22;V3000M;;;DF115;Restauraá∆o da ROM via PC;44
01/05/2023;COT3;TEU;EQ22;V3000M;;;DF232;Subst. Do SDCard;7
01/05/2023;COT3;TEU;EQ22;V3000M;;;DF26;Atualizaá∆o do PIC;5
01/05/2023;COT3;TEU;EQ22;V3000M;;;DF41;Envio para manutená∆o central-CTG;5
01/05/2023;COT3;TEU;EQ26;V3000M DVR;;;DF21;Atualizaá∆o de FW ;15
01/05/2023;COT3;TEU;EQ26;V3000M DVR;;;DF115;Restauraá∆o da ROM via PC;6
01/05/2023;COT3;TEU;EQ26;V3000M DVR;;;DF41;Envio para manutená∆o central-CTG;2
01/05/2023;COT3;TEU;EQ26;V3000M DVR;;;DF232;Subst. Do SDCard;1
01/05/2023;COT1;Transfacil;EQ27;UT (FTV 3000);;;DF169;Subst. De Componente eletrìnico;2
01/05/2023;COT24;GVBUS;EQ33;POS MOVE 2500;;;DF41;Envio para manutená∆o central-CTG;17
01/05/2023;COT24;GVBUS;EQ33;POS MOVE 2500;;;DF309;Corrigido n£mero de sÇrie repetido - POS;1
01/05/2023;COT10;Metropolitano-Bahia;EQ31;POS 250;OP64;METROPOLITANO SSA;DF41;Envio para manutená∆o central-CTG;1
01/05/2023;COT2;Transcard;EQ31;POS 250;;;DF46;Formataá∆o da mem¢ria e subst. FW;6
01/05/2023;COT2;Transcard;EQ31;POS 250;;;DF41;Envio para manutená∆o central-CTG;4
01/05/2023;COT25;COOTRAPS - CE;EQ17;FONTE PM;OP129;COOTRAPS;DF41;Envio para manutená∆o central-CTG;8
01/06/2023;COT21;Araguarina;EQ35;CCIT 4.0 FRONTAL H2 COM BATERIA;OP81;VIAÄ«O ARAGUARINA;DF41;Envio para manutená∆o central-CTG;6
01/06/2023;COT8;CBTU;EQ1;CCIT 3.0;OP47;CBTU - COMPANHIA BRASILEIRA DE TRENS URBANOS;DF88;Reparo com formataá∆o e reinst. FW/SW;5
01/06/2023;COT27;Cidade das µguas;EQ6;CCIT 4.0 FRONTAL H2.1;OP128;VIAÄ«O CIDADE DAS µGUAS;DF113;Restaura RAM via PC;1
01/06/2023;COT12;DIVPASS;EQ6;CCIT 4.0 FRONTAL H2.1;OP124;DIVPASS;DF88;Reparo com formataá∆o e reinst. FW/SW;15
01/06/2023;COT12;DIVPASS;EQ6;CCIT 4.0 FRONTAL H2.1;OP124;DIVPASS;DF272;Subst. Do Touchscreen do m¢dulo;3
01/06/2023;COT12;DIVPASS;EQ6;CCIT 4.0 FRONTAL H2.1;OP124;DIVPASS;DF209;Subst. Do Display;3
01/06/2023;COT12;DIVPASS;EQ6;CCIT 4.0 FRONTAL H2.1;OP124;DIVPASS;DF133;Subst. Da Campainha CCIT;1
01/06/2023;COT12;DIVPASS;EQ6;CCIT 4.0 FRONTAL H2.1;OP124;DIVPASS;DF37;Defeito n∆o encontrado e subst. FW/SW;3
01/06/2023;COT12;DIVPASS;EQ6;CCIT 4.0 FRONTAL H2.1;OP124;DIVPASS;DF162;Subst. Da Placa Mbccit;2
01/06/2023;COT12;DIVPASS;EQ6;CCIT 4.0 FRONTAL H2.1;OP124;DIVPASS;DF136;Subst. Da Carcaáa inferior;1
01/06/2023;COT12;DIVPASS;EQ6;CCIT 4.0 FRONTAL H2.1;OP124;DIVPASS;DF169;Subst. De Componente eletrìnico;1
01/06/2023;COT12;DIVPASS;EQ6;CCIT 4.0 FRONTAL H2.1;OP124;DIVPASS;DF238;Subst. Do Vidro CCIT V4.0;1
01/06/2023;COT12;DIVPASS;EQ6;CCIT 4.0 FRONTAL H2.1;OP124;DIVPASS;DF130;Subst. Da Antena WLAN;1
01/06/2023;COT33;FLORIAN‡POLIS;EQ8;CCIT 4.0 FRONTAL JI21 SEM BATERIA;;;DF115;Restauraá∆o da ROM via PC;9
01/06/2023;COT24;GVBUS;EQ28;ATM;OP108;GVBUS - SIND. DAS EMP. DE TRANP. METROP. DA GRANDE VIT‡RIA;DF77;PC ATM Travado;3
01/06/2023;COT24;GVBUS;EQ28;ATM;OP108;GVBUS - SIND. DAS EMP. DE TRANP. METROP. DA GRANDE VIT‡RIA;DF208;Subst. Do Dispenser do cart∆o;1
01/06/2023;COT24;GVBUS;EQ28;ATM;OP108;GVBUS - SIND. DAS EMP. DE TRANP. METROP. DA GRANDE VIT‡RIA;DF19;ATM - defeito n∆o confirmado;2
01/06/2023;COT24;GVBUS;EQ28;ATM;OP108;GVBUS - SIND. DAS EMP. DE TRANP. METROP. DA GRANDE VIT‡RIA;DF299;Subst. De UPEX ATM;2
01/06/2023;COT24;GVBUS;EQ28;ATM;OP108;GVBUS - SIND. DAS EMP. DE TRANP. METROP. DA GRANDE VIT‡RIA;DF312;Ajustes cabo de rede;1
01/06/2023;COT24;GVBUS;EQ28;ATM;OP108;GVBUS - SIND. DAS EMP. DE TRANP. METROP. DA GRANDE VIT‡RIA;DF262;Retirada de nota ATM e testes;3
01/06/2023;COT24;GVBUS;EQ28;ATM;OP108;GVBUS - SIND. DAS EMP. DE TRANP. METROP. DA GRANDE VIT‡RIA;DF237;Subst. Do Validador de Notas;1
01/06/2023;COT24;GVBUS;EQ6;CCIT 4.0 FRONTAL H2.1;;;DF91;Reparo com Gravaá∆o de PIC e reinst. Do FW;116
01/06/2023;COT24;GVBUS;EQ6;CCIT 4.0 FRONTAL H2.1;;;DF41;Envio para manutená∆o central-CTG;37
01/06/2023;COT24;GVBUS;EQ6;CCIT 4.0 FRONTAL H2.1;;;DF21;Atualizaá∆o de FW ;15
01/06/2023;COT24;GVBUS;EQ6;CCIT 4.0 FRONTAL H2.1;;;DF310;Subst. Da CÉmera;2
01/06/2023;COT24;GVBUS;EQ6;CCIT 4.0 FRONTAL H2.1;;;DF311;Regulagem do foco da cÉmera;5
01/06/2023;COT13;Mariana;EQ5;CCIT 4.0 FRONTAL;OP54;TRANSCOTTA MARIANA MG;DF90;Reparo com formataá∆o e subst. FW/SW;2
01/06/2023;COT6;Metro-Bahia;EQ28;ATM;OP63;METRO-BAHIA;DF237;Subst. Do Validador de Notas;8
01/06/2023;COT6;Metro-Bahia;EQ28;ATM;OP63;METRO-BAHIA;DF143;Subst. da Impressora;1
01/06/2023;COT6;Metro-Bahia;EQ28;ATM;OP63;METRO-BAHIA;DF284;Manutená∆o PC ATM;3
01/06/2023;COT6;Metro-Bahia;EQ28;ATM;OP63;METRO-BAHIA;DF236;Subst. Do Teclado de Metal Frontal;1
01/06/2023;COT6;Metro-Bahia;EQ28;ATM;OP63;METRO-BAHIA;DF228;Subst. Do PDV ATM;1
01/06/2023;COT6;METRO-BAHIA;EQ6;CCIT 4.0 FRONTAL H2.1;OP63;METRO-BAHIA;DF113;Restaura RAM via PC;13
01/06/2023;COT6;METRO-BAHIA;EQ6;CCIT 4.0 FRONTAL H2.1;OP63;METRO-BAHIA;DF41;Envio para manutená∆o central-CTG;1
01/06/2023;COT5;METROFOR/ VLT FORTALEZA;EQ38;CCIT 4.0 METROFOR;OP105;METROFOR LINHA SUL;DF41;Enviados para manutená∆o central CTG;6
01/06/2023;COT10;Metropolitano-Bahia;EQ6;CCIT 4.0 FRONTAL H2.1;OP64;METROPOLITANO SSA;DF41;Envio para manutená∆o central-CTG;5
01/06/2023;COT10;Metropolitano-Bahia;EQ6;CCIT 4.0 FRONTAL H2.1;OP64;METROPOLITANO SSA;DF113;Restaura RAM via PC;35
01/06/2023;COT20;ROSA TURISMO;EQ36;CCIT 4.0 FRONTAL H1 COM BATERIA;OP66;ROSA TURISMO;DF113;Restaura RAM via PC;8
01/06/2023;COT20;ROSA TURISMO;EQ36;CCIT 4.0 FRONTAL H1 COM BATERIA;OP66;ROSA TURISMO;DF41;Envio para manutená∆o central-CTG;1
01/06/2023;COT19;S«O JO«O;EQ36;CCIT 4.0 FRONTAL H1 COM BATERIA;OP67;S«O JO«O;DF113;Restaura RAM via PC;9
01/06/2023;COT19;S«O JO«O;EQ36;CCIT 4.0 FRONTAL H1 COM BATERIA;OP67;S«O JO«O;DF41;Envio para manutená∆o central-CTG;1
01/06/2023;COT4;Setut;EQ6;CCIT 4.0 FRONTAL H2.1;;;DF41;Envio para manutená∆o central-CTG;8
01/06/2023;COT4;Setut;EQ6;CCIT 4.0 FRONTAL H2.1;;;DF113;Restaura RAM via PC;2
01/06/2023;COT18;Sindpautras;EQ6;CCIT 4.0 FRONTAL H2.1;OP48;SINDPAUTRAS-SIND. PERM. AUT. TRANSP. SU;DF88;Reparo com formataá∆o e reinst. FW/SW;23
01/06/2023;COT18;Sindpautras;EQ6;CCIT 4.0 FRONTAL H2.1;OP48;SINDPAUTRAS-SIND. PERM. AUT. TRANSP. SU;DF136;Subst. Da Carcaáa inferior;1
01/06/2023;COT18;Sindpautras;EQ6;CCIT 4.0 FRONTAL H2.1;OP48;SINDPAUTRAS-SIND. PERM. AUT. TRANSP. SU;DF37;Defeito n∆o encontrado e subst. FW/SW;2
01/06/2023;COT18;Sindpautras;EQ6;CCIT 4.0 FRONTAL H2.1;OP48;SINDPAUTRAS-SIND. PERM. AUT. TRANSP. SU;DF133;Subst. Da Campainha CCIT;1
01/06/2023;COT22;Taguatur;EQ35;CCIT 4.0 FRONTAL H2 COM BATERIA;OP82;TAGUATUR;DF41;Envio para manutená∆o central-CTG;21
01/06/2023;COT3;TEU;EQ3;CCIT 3.5;;;DF157;Subst. Da Placa FTCLess;1
01/06/2023;COT3;TEU;EQ3;CCIT 3.5;;;DF21;Atualizaá∆o de FW ;1
01/06/2023;COT3;TEU;EQ36;CCIT 4.0 FRONTAL H1 COM BATERIA;;;DF115;Restauraá∆o da ROM via PC;224
01/06/2023;COT3;TEU;EQ36;CCIT 4.0 FRONTAL H1 COM BATERIA;;;DF60;Limpeza de cache;35
01/06/2023;COT3;TEU;EQ36;CCIT 4.0 FRONTAL H1 COM BATERIA;;;DF132;Subst. Da Bateria de Lithium;15
01/06/2023;COT3;TEU;EQ36;CCIT 4.0 FRONTAL H1 COM BATERIA;;;DF41;Envio para manutená∆o central-CTG;40
01/06/2023;COT3;TEU;EQ36;CCIT 4.0 FRONTAL H1 COM BATERIA;;;DF136;Subst. Da Carcaáa inferior;5
01/06/2023;COT2;Transcard;EQ28;ATM;OP61;Setps (Transcard);DF237;Subst. Do Validador de Notas;3
01/06/2023;COT2;Transcard;EQ28;ATM;OP61;Setps (Transcard);DF284;Manutená∆o PC ATM;6
01/06/2023;COT2;Transcard;EQ28;ATM;OP61;Setps (Transcard);DF228;Subst. Do PDV ATM;2
01/06/2023;COT2;Transcard;EQ28;ATM;OP61;Setps (Transcard);DF260;Subst. HUB Serial;1
01/06/2023;COT2;Transcard;EQ6;CCIT 4.0 FRONTAL H2.1;;;DF113;Restaura RAM via PC;144
01/06/2023;COT2;Transcard;EQ6;CCIT 4.0 FRONTAL H2.1;;;DF114;Restaura RAM via pendrive;23
01/06/2023;COT2;Transcard;EQ6;CCIT 4.0 FRONTAL H2.1;;;DF41;Enviados para manutená∆o central CTG;48
01/06/2023;COT1;Transfacil;EQ28;ATM;OP27;TRANSFµCIL;DF65;Manutená∆o Cofre;2
01/06/2023;COT1;Transfacil;EQ28;ATM;OP27;TRANSFµCIL;DF19;ATM - defeito n∆o confirmado;12
01/06/2023;COT1;Transfacil;EQ28;ATM;OP27;TRANSFµCIL;DF237;Subst. Do Validador de Notas;1
01/06/2023;COT1;Transfacil;EQ28;ATM;OP27;TRANSFµCIL;DF257;Manut. no Validador de Notas;2
01/06/2023;COT1;Transfacil;EQ28;ATM;OP27;TRANSFµCIL;DF67;Manutená∆o na Impressora;2
01/06/2023;COT1;Transfacil;EQ28;ATM;OP27;TRANSFµCIL;DF258;Subst. Da Cabeáa de Impress∆o;2
01/06/2023;COT1;Transfacil;EQ28;ATM;OP27;TRANSFµCIL;DF284;Manutená∆o PC ATM;1
01/06/2023;COT1;Transfacil;EQ6;CCIT 4.0 FRONTAL H2.1;;;DF88;Reparo com formataá∆o e reinst. FW/SW;171
01/06/2023;COT1;Transfacil;EQ6;CCIT 4.0 FRONTAL H2.1;;;DF238;Subst. Do Vidro CCIT V4.0;8
01/06/2023;COT1;Transfacil;EQ6;CCIT 4.0 FRONTAL H2.1;;;DF216;Subst. Do M¢dulo H2;1
01/06/2023;COT1;Transfacil;EQ6;CCIT 4.0 FRONTAL H2.1;OP13;Estaá‰es BRT Move;DF88;Reparo com formataá∆o e reinst. FW/SW;21
01/06/2023;COT1;Transfacil;EQ6;CCIT 4.0 FRONTAL H2.1;OP13;Estaá‰es BRT Move;DF136;Subst. Da Carcaáa inferior;2
01/06/2023;COT1;Transfacil;EQ6;CCIT 4.0 FRONTAL H2.1;;;DF37;Defeito n∆o encontrado e subst. FW/SW;5
01/06/2023;COT1;Transfacil;EQ6;CCIT 4.0 FRONTAL H2.1;;;DF130;Subst. Da Antena WLAN;2
01/06/2023;COT1;Transfacil;EQ6;CCIT 4.0 FRONTAL H2.1;;;DF136;Subst. Da Carcaáa inferior;3
01/06/2023;COT14;TURIN OURO PRETO;EQ6;CCIT 4.0 FRONTAL H2.1;OP52;VIAÄ«O TURIN OURO PRETO MG;DF90;Reparo com formataá∆o e subst. FW/SW;2
01/06/2023;COT14;TURIN OURO PRETO;EQ6;CCIT 4.0 FRONTAL H2.1;OP52;VIAÄ«O TURIN OURO PRETO MG;DF238;Subst. Do Vidro CCIT V4.0;1
01/06/2023;COT23;UTB;EQ6;CCIT 4.0 FRONTAL H2.1;OP83;UTB;DF41;Envio para manutená∆o central-CTG;8
01/06/2023;COT16;Via Ouro;EQ6;CCIT 4.0 FRONTAL H2.1;OP49;VIA OURO COLETIVOS LTDA;DF90;Reparo com formataá∆o e subst. FW/SW;2
01/06/2023;COT16;Via Ouro;EQ6;CCIT 4.0 FRONTAL H2.1;OP49;VIA OURO COLETIVOS LTDA;DF90;Reparo com formataá∆o e subst. FW/SW;3
01/06/2023;COT16;Via Ouro;EQ6;CCIT 4.0 FRONTAL H2.1;OP49;VIA OURO COLETIVOS LTDA;DF93;Reparo no m¢dulo;2
01/06/2023;COT1;Transfacil;EQ14;DMX200 MOD H3.1;;;DF209;Subst. Do Display;1
01/06/2023;COT1;Transfacil;EQ14;DMX200 MOD H3.1;;;DF88;Reparo com formataá∆o e reinst. FW/SW;48
01/06/2023;COT1;Transfacil;EQ14;DMX200 MOD H3.1;;;DF169;Subst. De Componente eletrìnico;28
01/06/2023;COT16;Via Ouro;EQ39;DMX200L JI21 SEM BATERIA;;;DF88;Reparo com formataá∆o e reinst. FW/SW;1
01/06/2023;COT16;Via Ouro;EQ39;DMX200L JI21 SEM BATERIA;;;DF169;Subst. De Componente eletrìnico;1
01/06/2023;COT2;Transcard;EQ16;PDM03;;;DF22;Atualizaá∆o de pacote;1
01/06/2023;COT2;Transcard;EQ16;PDM03;;;DF127;Subst. Conector USB;2
01/06/2023;COT2;Transcard;EQ16;PDM03;;;DF300;Ressolda antena GPRS e slot de chip;3
01/06/2023;COT2;Transcard;EQ16;PDM03;;;DF41;Envio para manutená∆o central-CTG;3
01/06/2023;COT19;S«O JO«O;EQ39;DMX200L JI21 SEM BATERIA;OP67;S«O JO«O;DF115;Restauraá∆o da ROM via PC;10
01/06/2023;COT20;ROSA TURISMO;EQ39;DMX200L JI21 SEM BATERIA;OP66;ROSA TURISMO;DF115;Restauraá∆o da ROM via PC;2
01/06/2023;COT4;Setut;EQ14;DMX200 MOD H3.1;;;DF41;Envio para manutená∆o central-CTG;9
01/06/2023;COT25;COOTRAPS - CE;EQ14;DMX200 MOD H3.1;OP129;COOTRAPS;DF39;Enviados para manutená∆o central CTG;27
01/06/2023;COT25;COOTRAPS - CE;EQ14;DMX200 MOD H3.1;OP129;COOTRAPS;DF90;Reparo com formataá∆o e subst. FW/SW;25
01/06/2023;COT3;TEU;EQ14;DMX200 MOD H3.1;;;DF21;Atualizaá∆o de FW ;8
01/06/2023;COT3;TEU;EQ14;DMX200 MOD H3.1;;;DF115;Restauraá∆o da ROM via PC;8
01/06/2023;COT3;TEU;EQ14;DMX200 MOD H3.1;;;DF41;Envio para manutená∆o central-CTG;1
01/06/2023;COT33;FLORIAN‡POLIS;EQ15;DMX200L SEM BATERIA;;;DF115;Restauraá∆o da ROM via PC;4
01/06/2023;COT33;FLORIAN‡POLIS;EQ15;DMX200L SEM BATERIA;;;DF41;Envio para manutená∆o central-CTG;4
01/06/2023;COT33;FLORIAN‡POLIS;EQ15;DMX200L SEM BATERIA;;;DF21;Atualizaá∆o de FW ;5
01/06/2023;COT24;GVBUS;EQ14;DMX200 MOD H3.1;;;DF41;Envio para manutená∆o central-CTG;38
01/06/2023;COT24;GVBUS;EQ14;DMX200 MOD H3.1;;;DF292;Ressolda conector USB;157
01/06/2023;COT24;GVBUS;EQ14;DMX200 MOD H3.1;;;DF21;Atualizaá∆o de FW ;267
01/06/2023;COT22;Taguatur PM NOVO;EQ39;DMX200L JI21 SEM BATERIA;OP82;TAGUATUR;DF41;Envio para manutená∆o central-CTG;28
01/06/2023;COT23;UTB;EQ40;DMX200L JI21 COM BATERIA;OP83;UTB;DF41;Envio para manutená∆o central-CTG;13
01/06/2023;COT1;Transfacil;EQ10;CONNECTION CCIT 4.0;;;DF88;Reparo com formataá∆o e reinst. FW/SW;18
01/06/2023;COT1;Transfacil;EQ10;CONNECTION CCIT 4.0;;;DF37;Defeito n∆o encontrado e subst. FW/SW;4
01/06/2023;COT1;Transfacil;EQ10;CONNECTION CCIT 4.0;;;DF169;Subst. De Componente eletrìnico;1
01/06/2023;COT2;Transcard;EQ10;CONNECTION CCIT 4.0;;;DF46;Formataá∆o da mem¢ria e subst. FW;28
01/06/2023;COT2;Transcard;EQ10;CONNECTION CCIT 4.0;;;DF41;Envio para manutená∆o central-CTG;8
01/06/2023;COT2;Transcard;EQ10;CONNECTION CCIT 4.0;;;DF127;Subst. Conector USB;2
01/06/2023;COT2;Transcard;EQ10;CONNECTION CCIT 4.0;;;DF256;Substituiá∆o de fus°vel;3
01/06/2023;COT6;METRO-BAHIA;EQ10;CONNECTION CCIT 4.0;;;DF90;Reparo com formataá∆o e subst. FW/SW;2
01/06/2023;COT10;Metropolitano-Bahia;EQ10;CONNECTION CCIT 4.0;OP64;METROPOLITANO SSA;DF21;Atualizaá∆o de FW ;3
01/06/2023;COT10;Metropolitano-Bahia;EQ10;CONNECTION CCIT 4.0;OP64;METROPOLITANO SSA;DF41;Envio para manutená∆o central-CTG;4
01/06/2023;COT19;S«O JO«O;EQ10;CONNECTION CCIT 4.0;OP67;S«O JO«O;DF21;Atualizaá∆o de FW ;5
01/06/2023;COT20;ROSA TURISMO;EQ10;CONNECTION CCIT 4.0;OP66;ROSA TURISMO;DF21;Atualizaá∆o de FW ;6
01/06/2023;COT20;ROSA TURISMO;EQ10;CONNECTION CCIT 4.0;OP66;ROSA TURISMO;DF41;Envio para manutená∆o central-CTG;1
01/06/2023;COT19;S«O JO«O;EQ10;CONNECTION CCIT 4.0;OP67;S«O JO«O;DF41;Envio para manutená∆o central-CTG;1
01/06/2023;COT4;Setut;EQ10;CONNECTION CCIT 4.0;;;DF41;Envio para manutená∆o central-CTG;4
01/06/2023;COT24;GVBUS;EQ10;CONNECTION CCIT 4.0;;;DF35;Defeito n∆o encontrado / testes e liberaá∆o;1
01/06/2023;COT3;TEU;EQ22;V3000M;;;DF21;Atualizaá∆o de FW ;59
01/06/2023;COT3;TEU;EQ22;V3000M;;;DF115;Restauraá∆o da ROM via PC;59
01/06/2023;COT3;TEU;EQ22;V3000M;;;DF26;Atualizaá∆o do PIC;5
01/06/2023;COT3;TEU;EQ22;V3000M;;;DF41;Envio para manutená∆o central-CTG;2
01/06/2023;COT3;TEU;EQ26;V3000M DVR;;;DF21;Atualizaá∆o de FW ;27
01/06/2023;COT3;TEU;EQ26;V3000M DVR;;;DF115;Restauraá∆o da ROM via PC;25
01/06/2023;COT3;TEU;EQ26;V3000M DVR;;;DF232;Subst. Do SDCard;2
01/06/2023;COT1;Transfacil;EQ27;UT (FTV 3000);;;DF169;Subst. De Componente eletrìnico;2
01/06/2023;COT24;GVBUS;EQ33;POS MOVE 2500;;;DF41;Envio para manutená∆o central-CTG;11
01/06/2023;COT2;Transcard;EQ31;POS 250;;;DF46;Formataá∆o da mem¢ria e subst. FW;4
01/06/2023;COT2;Transcard;EQ31;POS 250;;;DF41;Envio para manutená∆o central-CTG;2
01/06/2023;COT25;COOTRAPS - CE;EQ17;FONTE PM;OP129;COOTRAPS;DF41;Envio para manutená∆o central-CTG;4
01/06/2023;COT25;COOTRAPS - CE;EQ17;FONTE PM;OP129;COOTRAPS;DF88;Reparo com formataá∆o e reinst. FW/SW;4
01/07/2023;COT8;CBTU;EQ1;CCIT 3.0;OP47;CBTU - COMPANHIA BRASILEIRA DE TRENS URBANOS;DF88;Reparo com formataá∆o e reinst. FW/SW;6
01/07/2023;COT24;GVBUS;EQ28;ATM;OP108;GVBUS - SIND. DAS EMP. DE TRANP. METROP. DA GRANDE VIT‡RIA;DF77;PC ATM Travado;2
01/07/2023;COT24;GVBUS;EQ28;ATM;OP108;GVBUS - SIND. DAS EMP. DE TRANP. METROP. DA GRANDE VIT‡RIA;DF208;Subst. Do Dispenser do cart∆o;1
01/07/2023;COT24;GVBUS;EQ28;ATM;OP108;GVBUS - SIND. DAS EMP. DE TRANP. METROP. DA GRANDE VIT‡RIA;DF237;Subst. Do Validador de Notas;1
01/07/2023;COT24;GVBUS;EQ28;ATM;OP108;GVBUS - SIND. DAS EMP. DE TRANP. METROP. DA GRANDE VIT‡RIA;DF228;Subst. Do PDV ATM;1
01/07/2023;COT24;GVBUS;EQ28;ATM;OP108;GVBUS - SIND. DAS EMP. DE TRANP. METROP. DA GRANDE VIT‡RIA;DF197;Subst. Do Cofre;1
01/07/2023;COT24;GVBUS;EQ28;ATM;OP108;GVBUS - SIND. DAS EMP. DE TRANP. METROP. DA GRANDE VIT‡RIA;DF218;Subst. Do Monitor;1
01/07/2023;COT24;GVBUS;EQ28;ATM;OP108;GVBUS - SIND. DAS EMP. DE TRANP. METROP. DA GRANDE VIT‡RIA;DF69;Manutená∆o no Sensor de Porta;1
01/07/2023;COT24;GVBUS;EQ28;ATM;OP108;GVBUS - SIND. DAS EMP. DE TRANP. METROP. DA GRANDE VIT‡RIA;DF281;Subst. Fechadura Digital;1
01/07/2023;COT24;GVBUS;EQ28;ATM;OP108;GVBUS - SIND. DAS EMP. DE TRANP. METROP. DA GRANDE VIT‡RIA;DF68;Manutená∆o no Dispenser;2
01/07/2023;COT24;GVBUS;EQ28;ATM;OP108;GVBUS - SIND. DAS EMP. DE TRANP. METROP. DA GRANDE VIT‡RIA;DF231;Subst. Do PINpad;1
01/07/2023;COT24;GVBUS;EQ28;ATM;OP108;GVBUS - SIND. DAS EMP. DE TRANP. METROP. DA GRANDE VIT‡RIA;DF313;Disjuntor religado;1
01/07/2023;COT24;GVBUS;EQ28;ATM;OP108;GVBUS - SIND. DAS EMP. DE TRANP. METROP. DA GRANDE VIT‡RIA;DF237;Subst. Do Validador de Notas;1
01/07/2023;COT24;GVBUS;EQ6;CCIT 4.0 FRONTAL H2.1;;;DF91;Reparo com Gravaá∆o de PIC e reinst. Do FW;77
01/07/2023;COT24;GVBUS;EQ6;CCIT 4.0 FRONTAL H2.1;;;DF41;Envio para manutená∆o central-CTG;30
01/07/2023;COT24;GVBUS;EQ6;CCIT 4.0 FRONTAL H2.1;;;DF21;Atualizaá∆o de FW ;16
01/07/2023;COT13;Mariana;EQ5;CCIT 4.0 FRONTAL;OP54;TRANSCOTTA MARIANA MG;DF90;Reparo com formataá∆o e subst. FW/SW;2
01/07/2023;COT6;Metro-Bahia;EQ28;ATM;OP63;METRO-BAHIA;DF237;Subst. Do Validador de Notas;11
01/07/2023;COT6;Metro-Bahia;EQ28;ATM;OP63;METRO-BAHIA;DF143;Subst. da Impressora;4
01/07/2023;COT6;Metro-Bahia;EQ28;ATM;OP63;METRO-BAHIA;DF284;Manutená∆o PC ATM;1
01/07/2023;COT6;Metro-Bahia;EQ28;ATM;OP63;METRO-BAHIA;DF218;Subst. Do Monitor;3
01/07/2023;COT6;Metro-Bahia;EQ28;ATM;OP63;METRO-BAHIA;DF228;Subst. Do PDV ATM;1
01/07/2023;COT6;Metro-Bahia;EQ28;ATM;OP63;METRO-BAHIA;DF7;Ajuste do M¢dulo de Impress∆o;1
01/07/2023;COT6;Metro-Bahia;EQ28;ATM;OP63;METRO-BAHIA;DF11;Ajuste na impressora;1
01/07/2023;COT6;Metro-Bahia;EQ28;ATM;OP63;METRO-BAHIA;DF5;Ajuste da porta Externa;1
01/07/2023;COT6;METRO-BAHIA;EQ6;CCIT 4.0 FRONTAL H2.1;OP63;METRO-BAHIA;DF113;Restaura RAM via PC;3
01/07/2023;COT5;METROFOR/ VLT FORTALEZA;EQ38;CCIT 4.0 METROFOR;OP105;METROFOR LINHA SUL;DF116;Restauraá∆o de aplicativo (4.0);9
01/07/2023;COT10;Metropolitano-Bahia;EQ6;CCIT 4.0 FRONTAL H2.1;OP64;METROPOLITANO SSA;DF41;Envio para manutená∆o central-CTG;7
01/07/2023;COT10;Metropolitano-Bahia;EQ6;CCIT 4.0 FRONTAL H2.1;OP64;METROPOLITANO SSA;DF113;Restaura RAM via PC;39
01/07/2023;COT20;ROSA TURISMO;EQ36;CCIT 4.0 FRONTAL H1 COM BATERIA;OP66;ROSA TURISMO;DF113;Restaura RAM via PC;5
01/07/2023;COT20;ROSA TURISMO;EQ36;CCIT 4.0 FRONTAL H1 COM BATERIA;OP66;ROSA TURISMO;DF41;Envio para manutená∆o central-CTG;1
01/07/2023;COT19;S«O JO«O;EQ36;CCIT 4.0 FRONTAL H1 COM BATERIA;OP67;S«O JO«O;DF113;Restaura RAM via PC;6
01/07/2023;COT19;S«O JO«O;EQ36;CCIT 4.0 FRONTAL H1 COM BATERIA;OP67;S«O JO«O;DF41;Envio para manutená∆o central-CTG;1
01/07/2023;COT4;Setut;EQ6;CCIT 4.0 FRONTAL H2.1;;;DF41;Envio para manutená∆o central-CTG;11
01/07/2023;COT4;Setut;EQ6;CCIT 4.0 FRONTAL H2.1;;;DF60;Limpeza de cache;1
01/07/2023;COT18;Sindpautras;EQ6;CCIT 4.0 FRONTAL H2.1;OP48;SINDPAUTRAS-SIND. PERM. AUT. TRANSP. SU;DF88;Reparo com formataá∆o e reinst. FW/SW;25
01/07/2023;COT22;Taguatur;EQ35;CCIT 4.0 FRONTAL H2 COM BATERIA;OP82;TAGUATUR;DF41;Envio para manutená∆o central-CTG;21
01/07/2023;COT3;TEU;EQ3;CCIT 3.5;;;DF157;Subst. Da Placa FTCLess;1
01/07/2023;COT3;TEU;EQ3;CCIT 3.5;;;DF242;Subst. Placa Mbccit;1
01/07/2023;COT3;TEU;EQ36;CCIT 4.0 FRONTAL H1 COM BATERIA;;;DF115;Restauraá∆o da ROM via PC;209
01/07/2023;COT3;TEU;EQ36;CCIT 4.0 FRONTAL H1 COM BATERIA;;;DF60;Limpeza de cache;8
01/07/2023;COT3;TEU;EQ36;CCIT 4.0 FRONTAL H1 COM BATERIA;;;DF132;Subst. Da Bateria de Lithium;19
01/07/2023;COT3;TEU;EQ36;CCIT 4.0 FRONTAL H1 COM BATERIA;;;DF41;Envio para manutená∆o central-CTG;13
01/07/2023;COT3;TEU;EQ36;CCIT 4.0 FRONTAL H1 COM BATERIA;;;DF136;Subst. Da Carcaáa inferior;4
01/07/2023;COT2;Transcard;EQ28;ATM;OP61;Setps (Transcard);DF237;Subst. Do Validador de Notas;2
01/07/2023;COT2;Transcard;EQ28;ATM;OP61;Setps (Transcard);DF284;Manutená∆o PC ATM;2
01/07/2023;COT2;Transcard;EQ28;ATM;OP61;Setps (Transcard);DF228;Subst. Do PDV ATM;1
01/07/2023;COT2;Transcard;EQ28;ATM;OP61;Setps (Transcard);DF142;Subst. Da Fonte Lambda ATM;3
01/07/2023;COT2;Transcard;EQ28;ATM;OP61;Setps (Transcard);DF143;Subst. da Impressora;1
01/07/2023;COT2;Transcard;EQ28;ATM;OP61;Setps (Transcard);DF218;Subst. Do Monitor;1
01/07/2023;COT2;Transcard;EQ28;ATM;OP61;Setps (Transcard);DF314;Ajustes Cabo VGA;2
01/07/2023;COT2;Transcard;EQ6;CCIT 4.0 FRONTAL H2.1;;;DF113;Restaura RAM via PC;132
01/07/2023;COT2;Transcard;EQ6;CCIT 4.0 FRONTAL H2.1;;;DF114;Restaura RAM via pendrive;22
01/07/2023;COT2;Transcard;EQ6;CCIT 4.0 FRONTAL H2.1;;;DF41;Enviados para manutená∆o central CTG;37
01/07/2023;COT1;Transfacil;EQ28;ATM;OP27;TRANSFµCIL;DF19;ATM - defeito n∆o confirmado;3
01/07/2023;COT1;Transfacil;EQ28;ATM;OP27;TRANSFµCIL;DF237;Subst. Do Validador de Notas;5
01/07/2023;COT1;Transfacil;EQ28;ATM;OP27;TRANSFµCIL;DF67;Manutená∆o na Impressora;1
01/07/2023;COT1;Transfacil;EQ28;ATM;OP27;TRANSFµCIL;DF197;Subst. Do Cofre;2
01/07/2023;COT1;Transfacil;EQ28;ATM;OP27;TRANSFµCIL;DF69;Manutená∆o no Sensor de Porta;1
01/07/2023;COT1;Transfacil;EQ28;ATM;OP27;TRANSFµCIL;DF128;Subst. Da antena Cless;1
01/07/2023;COT1;Transfacil;EQ28;ATM;OP27;TRANSFµCIL;DF143;Subst. da Impressora;1
01/07/2023;COT1;Transfacil;EQ6;CCIT 4.0 FRONTAL H2.1;;;DF88;Reparo com formataá∆o e reinst. FW/SW;143
01/07/2023;COT1;Transfacil;EQ6;CCIT 4.0 FRONTAL H2.1;;;DF238;Subst. Do Vidro CCIT V4.0;10
01/07/2023;COT1;Transfacil;EQ6;CCIT 4.0 FRONTAL H2.1;;;DF216;Subst. Do M¢dulo H2;1
01/07/2023;COT1;Transfacil;EQ6;CCIT 4.0 FRONTAL H2.1;OP13;Estaá‰es BRT Move;DF88;Reparo com formataá∆o e reinst. FW/SW;36
01/07/2023;COT1;Transfacil;EQ6;CCIT 4.0 FRONTAL H2.1;OP13;Estaá‰es BRT Move;DF136;Subst. Da Carcaáa inferior;1
01/07/2023;COT1;Transfacil;EQ6;CCIT 4.0 FRONTAL H2.1;;;DF37;Defeito n∆o encontrado e subst. FW/SW;5
01/07/2023;COT1;Transfacil;EQ6;CCIT 4.0 FRONTAL H2.1;;;DF130;Subst. Da Antena WLAN;1
01/07/2023;COT1;Transfacil;EQ6;CCIT 4.0 FRONTAL H2.1;;;DF136;Subst. Da Carcaáa inferior;5
01/07/2023;COT1;Transfacil;EQ6;CCIT 4.0 FRONTAL H2.1;OP13;Estaá‰es BRT Move;DF238;Subst. Do Vidro CCIT V4.0;1
01/07/2023;COT14;TURIN OURO PRETO;EQ6;CCIT 4.0 FRONTAL H2.1;OP52;VIAÄ«O TURIN OURO PRETO MG;DF90;Reparo com formataá∆o e subst. FW/SW;2
01/07/2023;COT14;TURIN OURO PRETO;EQ6;CCIT 4.0 FRONTAL H2.1;OP52;VIAÄ«O TURIN OURO PRETO MG;DF238;Subst. Do Vidro CCIT V4.0;1
01/07/2023;COT23;UTB;EQ6;CCIT 4.0 FRONTAL H2.1;OP83;UTB;DF41;Envio para manutená∆o central-CTG;9
01/07/2023;COT1;Transfacil;EQ14;DMX200 MOD H3.1;;;DF41;Envio para manutená∆o central-CTG;9
01/07/2023;COT1;Transfacil;EQ14;DMX200 MOD H3.1;;;DF88;Reparo com formataá∆o e reinst. FW/SW;60
01/07/2023;COT1;Transfacil;EQ14;DMX200 MOD H3.1;;;DF169;Subst. De Componente eletrìnico;4
01/07/2023;COT16;Via Ouro;EQ39;DMX200L JI21 SEM BATERIA;;;DF88;Reparo com formataá∆o e reinst. FW/SW;4
01/07/2023;COT16;Via Ouro;EQ39;DMX200L JI21 SEM BATERIA;;;DF169;Subst. De Componente eletrìnico;1
01/07/2023;COT11;Gov. Valadares;EQ13;DMX200L;OP53;VIAÄ«O MOBI;DF88;Reparo com formataá∆o e reinst. FW/SW;7
01/07/2023;COT12;DIVPASS;EQ13;DMX200L;OP124;DIVPASS;DF90;Reparo com formataá∆o e subst. FW/SW;2
01/07/2023;COT12;DIVPASS;EQ13;DMX200L;OP124;DIVPASS;DF170;Subst. De Gorila Glass;1
01/07/2023;COT22;Taguatur PM NOVO;EQ39;DMX200L JI21 SEM BATERIA;OP82;TAGUATUR;DF41;Envio para manutená∆o central-CTG;6
01/07/2023;COT23;UTB;EQ40;DMX200L JI21 COM BATERIA;OP83;UTB;DF41;Envio para manutená∆o central-CTG;22
01/07/2023;COT24;GVBUS;EQ14;DMX200 MOD H3.1;;;DF41;Envio para manutená∆o central-CTG;57
01/07/2023;COT24;GVBUS;EQ14;DMX200 MOD H3.1;;;DF292;Ressolda conector USB;53
01/07/2023;COT24;GVBUS;EQ14;DMX200 MOD H3.1;;;DF21;Atualizaá∆o de FW ;187
01/07/2023;COT34;BRT SSA;EQ15;DMX200L SEM BATERIA;;;DF22;Atualizaá∆o de pacote;2
01/07/2023;COT34;BRT SSA;EQ15;DMX200L SEM BATERIA;;;DF300;Ressolda antena GPRS e slot de chip;5
01/07/2023;COT34;BRT SSA;EQ15;DMX200L SEM BATERIA;;;DF127;Subst. Conector USB;2
01/07/2023;COT19;S«O JO«O;EQ39;DMX200L JI21 SEM BATERIA;OP67;S«O JO«O;DF115;Restauraá∆o da ROM via PC;3
01/07/2023;COT20;ROSA TURISMO;EQ39;DMX200L JI21 SEM BATERIA;OP66;ROSA TURISMO;DF115;Restauraá∆o da ROM via PC;5
01/07/2023;COT4;Setut;EQ14;DMX200 MOD H3.1;;;DF41;Envio para manutená∆o central-CTG;8
01/07/2023;COT25;COOTRAPS - CE;EQ14;DMX200 MOD H3.1;OP129;COOTRAPS;DF39;Enviados para manutená∆o central CTG;30
01/07/2023;COT25;COOTRAPS - CE;EQ14;DMX200 MOD H3.1;OP129;COOTRAPS;DF90;Reparo com formataá∆o e subst. FW/SW;29
01/07/2023;COT25;COOTRAPS - CE;EQ14;DMX200 MOD H3.1;OP129;COOTRAPS;DF21;Atualizaá∆o de FW ;3
01/07/2023;COT1;Transfacil;EQ10;CONNECTION CCIT 4.0;;;DF88;Reparo com formataá∆o e reinst. FW/SW;25
01/07/2023;COT1;Transfacil;EQ10;CONNECTION CCIT 4.0;;;DF37;Defeito n∆o encontrado e subst. FW/SW;4
01/07/2023;COT1;Transfacil;EQ10;CONNECTION CCIT 4.0;;;DF136;Subst. Da Carcaáa inferior;1
01/07/2023;COT24;GVBUS;EQ10;CONNECTION CCIT 4.0;;;DF278;Modificaá∆o circuito catraca;6
01/07/2023;COT2;Transcard;EQ10;CONNECTION CCIT 4.0;;;DF46;Formataá∆o da mem¢ria e subst. FW;28
01/07/2023;COT2;Transcard;EQ10;CONNECTION CCIT 4.0;;;DF41;Envio para manutená∆o central-CTG;8
01/07/2023;COT2;Transcard;EQ10;CONNECTION CCIT 4.0;;;DF127;Subst. Conector USB;2
01/07/2023;COT2;Transcard;EQ10;CONNECTION CCIT 4.0;;;DF256;Substituiá∆o de fus°vel;3
01/07/2023;COT10;Metropolitano-Bahia;EQ10;CONNECTION CCIT 4.0;OP64;METROPOLITANO SSA;DF21;Atualizaá∆o de FW ;15
01/07/2023;COT10;Metropolitano-Bahia;EQ10;CONNECTION CCIT 4.0;OP64;METROPOLITANO SSA;DF41;Envio para manutená∆o central-CTG;6
01/07/2023;COT10;Metropolitano-Bahia;EQ10;CONNECTION CCIT 4.0;OP64;METROPOLITANO SSA;DF256;Substituiá∆o de fus°vel;2
01/07/2023;COT10;Metropolitano-Bahia;EQ10;CONNECTION CCIT 4.0;OP64;METROPOLITANO SSA;DF127;Subst. Conector USB;1
01/07/2023;COT19;S«O JO«O;EQ10;CONNECTION CCIT 4.0;OP67;S«O JO«O;DF21;Atualizaá∆o de FW ;9
01/07/2023;COT20;ROSA TURISMO;EQ10;CONNECTION CCIT 4.0;OP66;ROSA TURISMO;DF21;Atualizaá∆o de FW ;2
01/07/2023;COT20;ROSA TURISMO;EQ10;CONNECTION CCIT 4.0;OP66;ROSA TURISMO;DF41;Envio para manutená∆o central-CTG;3
01/07/2023;COT4;Setut;EQ10;CONNECTION CCIT 4.0;;;DF41;Envio para manutená∆o central-CTG;1
01/07/2023;COT3;TEU;EQ22;V3000M;;;DF21;Atualizaá∆o de FW ;59
01/07/2023;COT3;TEU;EQ22;V3000M;;;DF115;Restauraá∆o da ROM via PC;59
01/07/2023;COT3;TEU;EQ22;V3000M;;;DF41;Envio para manutená∆o central-CTG;2
01/07/2023;COT3;TEU;EQ26;V3000M DVR;;;DF21;Atualizaá∆o de FW ;12
01/07/2023;COT3;TEU;EQ26;V3000M DVR;;;DF115;Restauraá∆o da ROM via PC;11
01/07/2023;COT1;Transfacil;EQ27;UT (FTV 3000);;;DF169;Subst. De Componente eletrìnico;2
01/07/2023;COT24;GVBUS;EQ33;POS MOVE 2500;;;DF41;Envio para manutená∆o central-CTG;7
01/07/2023;COT2;Transcard;EQ31;POS 250;;;DF46;Formataá∆o da mem¢ria e subst. FW;3
01/07/2023;COT2;Transcard;EQ31;POS 250;;;DF41;Envio para manutená∆o central-CTG;3
01/07/2023;COT25;COOTRAPS - CE;EQ17;FONTE PM;OP129;COOTRAPS;DF88;Reparo com formataá∆o e reinst. FW/SW;5
01/08/2023;COT7;Alagoinhas;EQ34;CCIT 4.0 FRONTAL H2.1 C SEM BATERIA;OP68;ALAGOINHAS;DF113;Restaura RAM via PC;1
01/08/2023;COT36;CAMACARI;EQ34;CCIT 4.0 FRONTAL H2.1 C SEM BATERIA;OP139;PREFEITURA DE CAMAÄARI;DF113;Restaura RAM via PC;4
01/08/2023;COT8;CBTU;EQ1;CCIT 3.0;OP47;CBTU - COMPANHIA BRASILEIRA DE TRENS URBANOS;DF88;Reparo com formataá∆o e reinst. FW/SW;18
01/08/2023;COT27;Cidade das µguas;EQ6;CCIT 4.0 FRONTAL H2.1;OP128;VIAÄ«O CIDADE DAS µGUAS;DF41;Envio para manutená∆o central-CTG;1
01/08/2023;COT12;DIVPASS;EQ6;CCIT 4.0 FRONTAL H2.1;OP124;DIVPASS;DF88;Reparo com formataá∆o e reinst. FW/SW;16
01/08/2023;COT12;DIVPASS;EQ6;CCIT 4.0 FRONTAL H2.1;OP124;DIVPASS;DF272;Subst. Do Touchscreen do m¢dulo;1
01/08/2023;COT12;DIVPASS;EQ6;CCIT 4.0 FRONTAL H2.1;OP124;DIVPASS;DF209;Subst. Do Display;6
01/08/2023;COT12;DIVPASS;EQ6;CCIT 4.0 FRONTAL H2.1;OP124;DIVPASS;DF93;Reparo no m¢dulo;16
01/08/2023;COT33;FLORIAN‡POLIS;EQ8;CCIT 4.0 FRONTAL JI21 SEM BATERIA;;;DF115;Restauraá∆o da ROM via PC;23
01/08/2023;COT33;FLORIAN‡POLIS;EQ8;CCIT 4.0 FRONTAL JI21 SEM BATERIA;;;DF41;Envio para manutená∆o central-CTG;4
01/08/2023;COT11;Gov. Valadares;EQ6;CCIT 4.0 FRONTAL H2.1;OP53;VIAÄ«O MOBI;DF88;Reparo com formataá∆o e reinst. FW/SW;4
01/08/2023;COT24;GVBUS;EQ28;ATM;OP108;GVBUS - SIND. DAS EMP. DE TRANP. METROP. DA GRANDE VIT‡RIA;DF208;Subst. Do Dispenser do cart∆o;1
01/08/2023;COT24;GVBUS;EQ28;ATM;OP108;GVBUS - SIND. DAS EMP. DE TRANP. METROP. DA GRANDE VIT‡RIA;DF69;Manutená∆o no Sensor de Porta;1
01/08/2023;COT24;GVBUS;EQ28;ATM;OP108;GVBUS - SIND. DAS EMP. DE TRANP. METROP. DA GRANDE VIT‡RIA;DF231;Subst. Do PINpad;3
01/08/2023;COT24;GVBUS;EQ28;ATM;OP108;GVBUS - SIND. DAS EMP. DE TRANP. METROP. DA GRANDE VIT‡RIA;DF280;Manutená∆o no Validador de Notas;6
01/08/2023;COT24;GVBUS;EQ28;ATM;OP108;GVBUS - SIND. DAS EMP. DE TRANP. METROP. DA GRANDE VIT‡RIA;DF299;Subst. De UPEX ATM;2
01/08/2023;COT24;GVBUS;EQ6;CCIT 4.0 FRONTAL H2.1;;;DF91;Reparo com Gravaá∆o de PIC e reinst. Do FW;115
01/08/2023;COT24;GVBUS;EQ6;CCIT 4.0 FRONTAL H2.1;;;DF41;Envio para manutená∆o central-CTG;5
01/08/2023;COT13;Mariana;EQ5;CCIT 4.0 FRONTAL;OP54;TRANSCOTTA MARIANA MG;DF90;Reparo com formataá∆o e subst. FW/SW;2
01/08/2023;COT6;Metro-Bahia;EQ28;ATM;OP63;METRO-BAHIA;DF237;Subst. Do Validador de Notas;17
01/08/2023;COT6;Metro-Bahia;EQ28;ATM;OP63;METRO-BAHIA;DF143;Subst. da Impressora;4
01/08/2023;COT6;Metro-Bahia;EQ28;ATM;OP63;METRO-BAHIA;DF284;Manutená∆o PC ATM;2
01/08/2023;COT6;Metro-Bahia;EQ28;ATM;OP63;METRO-BAHIA;DF218;Subst. Do Monitor;3
01/08/2023;COT6;Metro-Bahia;EQ28;ATM;OP63;METRO-BAHIA;DF228;Subst. Do PDV ATM;1
01/08/2023;COT6;Metro-Bahia;EQ28;ATM;OP63;METRO-BAHIA;DF260;Subst. HUB Serial;1
01/08/2023;COT6;Metro-Bahia;EQ28;ATM;OP63;METRO-BAHIA;DF148;Subst. Da Placa de led;1
01/08/2023;COT6;METRO-BAHIA;EQ6;CCIT 4.0 FRONTAL H2.1;OP63;METRO-BAHIA;DF113;Restaura RAM via PC;7
01/08/2023;COT6;METRO-BAHIA;EQ6;CCIT 4.0 FRONTAL H2.1;OP63;METRO-BAHIA;DF41;Envio para manutená∆o central-CTG;4
01/08/2023;COT5;METROFOR/ VLT FORTALEZA;EQ38;CCIT 4.0 METROFOR;OP105;METROFOR LINHA SUL;DF116;Restauraá∆o de aplicativo (4.0);4
01/08/2023;COT5;METROFOR/ VLT FORTALEZA;EQ38;CCIT 4.0 METROFOR;OP105;METROFOR LINHA SUL;DF41;Envio para manutená∆o central-CTG;23
01/08/2023;COT10;Metropolitano-Bahia;EQ6;CCIT 4.0 FRONTAL H2.1;OP64;METROPOLITANO SSA;DF41;Envio para manutená∆o central-CTG;9
01/08/2023;COT10;Metropolitano-Bahia;EQ6;CCIT 4.0 FRONTAL H2.1;OP64;METROPOLITANO SSA;DF113;Restaura RAM via PC;36
01/08/2023;COT20;ROSA TURISMO;EQ36;CCIT 4.0 FRONTAL H1 COM BATERIA;OP66;ROSA TURISMO;DF113;Restaura RAM via PC;9
01/08/2023;COT20;ROSA TURISMO;EQ36;CCIT 4.0 FRONTAL H1 COM BATERIA;OP66;ROSA TURISMO;DF41;Envio para manutená∆o central-CTG;3
01/08/2023;COT19;S«O JO«O;EQ36;CCIT 4.0 FRONTAL H1 COM BATERIA;OP67;S«O JO«O;DF113;Restaura RAM via PC;5
01/08/2023;COT19;S«O JO«O;EQ36;CCIT 4.0 FRONTAL H1 COM BATERIA;OP67;S«O JO«O;DF41;Envio para manutená∆o central-CTG;1
01/08/2023;COT4;Setut;EQ6;CCIT 4.0 FRONTAL H2.1;;;DF41;Envio para manutená∆o central-CTG;19
01/08/2023;COT4;Setut;EQ6;CCIT 4.0 FRONTAL H2.1;;;DF113;Restaura RAM via PC;1
01/08/2023;COT18;Sindpautras;EQ6;CCIT 4.0 FRONTAL H2.1;OP48;SINDPAUTRAS-SIND. PERM. AUT. TRANSP. SU;DF88;Reparo com formataá∆o e reinst. FW/SW;66
01/08/2023;COT18;Sindpautras;EQ6;CCIT 4.0 FRONTAL H2.1;OP48;SINDPAUTRAS-SIND. PERM. AUT. TRANSP. SU;DF238;Subst. Do Vidro CCIT V4.0;1
01/08/2023;COT18;Sindpautras;EQ6;CCIT 4.0 FRONTAL H2.1;OP48;SINDPAUTRAS-SIND. PERM. AUT. TRANSP. SU;DF209;Subst. Do Display;2
01/08/2023;COT18;Sindpautras;EQ6;CCIT 4.0 FRONTAL H2.1;OP48;SINDPAUTRAS-SIND. PERM. AUT. TRANSP. SU;DF216;Subst. Do M¢dulo H2;1
01/08/2023;COT22;Taguatur;EQ35;CCIT 4.0 FRONTAL H2 COM BATERIA;OP82;TAGUATUR;DF41;Envio para manutená∆o central-CTG;15
01/08/2023;COT3;TEU;EQ3;CCIT 3.5;;;DF157;Subst. Da Placa FTCLess;1
01/08/2023;COT3;TEU;EQ3;CCIT 3.5;;;DF242;Subst. Placa Mbccit;1
01/08/2023;COT3;TEU;EQ36;CCIT 4.0 FRONTAL H1 COM BATERIA;;;DF115;Restauraá∆o da ROM via PC;169
01/08/2023;COT3;TEU;EQ36;CCIT 4.0 FRONTAL H1 COM BATERIA;;;DF60;Limpeza de cache;7
01/08/2023;COT3;TEU;EQ36;CCIT 4.0 FRONTAL H1 COM BATERIA;;;DF132;Subst. Da Bateria de Lithium;14
01/08/2023;COT3;TEU;EQ36;CCIT 4.0 FRONTAL H1 COM BATERIA;;;DF41;Envio para manutená∆o central-CTG;10
01/08/2023;COT3;TEU;EQ36;CCIT 4.0 FRONTAL H1 COM BATERIA;;;DF136;Subst. Da Carcaáa inferior;3
01/08/2023;COT2;Transcard;EQ28;ATM;OP61;Setps (Transcard);DF237;Subst. Do Validador de Notas;4
01/08/2023;COT2;Transcard;EQ28;ATM;OP61;Setps (Transcard);DF284;Manutená∆o PC ATM;10
01/08/2023;COT2;Transcard;EQ28;ATM;OP61;Setps (Transcard);DF143;Subst. da Impressora;1
01/08/2023;COT2;Transcard;EQ28;ATM;OP61;Setps (Transcard);DF218;Subst. Do Monitor;1
01/08/2023;COT2;Transcard;EQ28;ATM;OP61;Setps (Transcard);DF231;Subst. Do PINpad;2
01/08/2023;COT2;Transcard;EQ28;ATM;OP61;Setps (Transcard);DF66;Manutená∆o na Fechadura Eletrìnica;2
01/08/2023;COT2;Transcard;EQ6;CCIT 4.0 FRONTAL H2.1;;;DF113;Restaura RAM via PC;140
01/08/2023;COT2;Transcard;EQ6;CCIT 4.0 FRONTAL H2.1;;;DF114;Restaura RAM via pendrive;24
01/08/2023;COT2;Transcard;EQ6;CCIT 4.0 FRONTAL H2.1;;;DF41;Enviados para manutená∆o central CTG;31
01/08/2023;COT1;Transfacil;EQ28;ATM;OP27;TRANSFµCIL;DF19;ATM - defeito n∆o confirmado;12
01/08/2023;COT1;Transfacil;EQ28;ATM;OP27;TRANSFµCIL;DF237;Subst. Do Validador de Notas;10
01/08/2023;COT1;Transfacil;EQ28;ATM;OP27;TRANSFµCIL;DF128;Subst. Da antena Cless;1
01/08/2023;COT1;Transfacil;EQ28;ATM;OP27;TRANSFµCIL;DF143;Subst. da Impressora;4
01/08/2023;COT1;Transfacil;EQ28;ATM;OP27;TRANSFµCIL;DF280;Manutená∆o no Validador de Notas;5
01/08/2023;COT1;Transfacil;EQ28;ATM;OP27;TRANSFµCIL;DF65;Manutená∆o Cofre;2
01/08/2023;COT1;Transfacil;EQ28;ATM;OP27;TRANSFµCIL;DF258;Subst. Da Cabeáa de Impress∆o;2
01/08/2023;COT1;Transfacil;EQ28;ATM;OP27;TRANSFµCIL;DF281;Subst. Fechadura Digital;1
01/08/2023;COT1;Transfacil;EQ6;CCIT 4.0 FRONTAL H2.1;;;DF88;Reparo com formataá∆o e reinst. FW/SW;203
01/08/2023;COT1;Transfacil;EQ6;CCIT 4.0 FRONTAL H2.1;;;DF238;Subst. Do Vidro CCIT V4.0;7
01/08/2023;COT1;Transfacil;EQ6;CCIT 4.0 FRONTAL H2.1;;;DF216;Subst. Do M¢dulo H2;1
01/08/2023;COT1;Transfacil;EQ6;CCIT 4.0 FRONTAL H2.1;OP13;Estaá‰es BRT Move;DF88;Reparo com formataá∆o e reinst. FW/SW;34
01/08/2023;COT1;Transfacil;EQ6;CCIT 4.0 FRONTAL H2.1;OP13;Estaá‰es BRT Move;DF136;Subst. Da Carcaáa inferior;4
01/08/2023;COT1;Transfacil;EQ6;CCIT 4.0 FRONTAL H2.1;;;DF37;Defeito n∆o encontrado e subst. FW/SW;3
01/08/2023;COT1;Transfacil;EQ6;CCIT 4.0 FRONTAL H2.1;;;DF133;Subst. Da Campainha CCIT;5
01/08/2023;COT1;Transfacil;EQ6;CCIT 4.0 FRONTAL H2.1;;;DF136;Subst. Da Carcaáa inferior;7
01/08/2023;COT1;Transfacil;EQ6;CCIT 4.0 FRONTAL H2.1;OP13;Estaá‰es BRT Move;DF238;Subst. Do Vidro CCIT V4.0;9
01/08/2023;COT1;Transfacil;EQ6;CCIT 4.0 FRONTAL H2.1;;;DF169;Subst. De Componente eletrìnico;2
01/08/2023;COT1;Transfacil;EQ6;CCIT 4.0 FRONTAL H2.1;;;DF242;Subst. Placa Mbccit;1
01/08/2023;COT1;Transfacil;EQ6;CCIT 4.0 FRONTAL H2.1;OP13;Estaá‰es BRT Move;DF21;Atualizaá∆o de FW ;39
01/08/2023;COT1;Transfacil;EQ6;CCIT 4.0 FRONTAL H2.1;OP13;Estaá‰es BRT Move;DF61;Limpeza e testes;27
01/08/2023;COT1;Transfacil;EQ6;CCIT 4.0 FRONTAL H2.1;OP13;Estaá‰es BRT Move;DF93;Reparo no m¢dulo;10
01/08/2023;COT14;TURIN OURO PRETO;EQ6;CCIT 4.0 FRONTAL H2.1;OP52;VIAÄ«O TURIN OURO PRETO MG;DF90;Reparo com formataá∆o e subst. FW/SW;3
01/08/2023;COT14;TURIN OURO PRETO;EQ6;CCIT 4.0 FRONTAL H2.1;OP52;VIAÄ«O TURIN OURO PRETO MG;DF90;Reparo com formataá∆o e subst. FW/SW;10
01/08/2023;COT14;TURIN OURO PRETO;EQ6;CCIT 4.0 FRONTAL H2.1;OP52;VIAÄ«O TURIN OURO PRETO MG;DF210;Subst. Do Display CCIT;1
01/08/2023;COT14;TURIN OURO PRETO;EQ6;CCIT 4.0 FRONTAL H2.1;OP52;VIAÄ«O TURIN OURO PRETO MG;DF136;Subst. Da Carcaáa inferior;1
01/08/2023;COT14;TURIN OURO PRETO;EQ6;CCIT 4.0 FRONTAL H2.1;OP52;VIAÄ«O TURIN OURO PRETO MG;DF93;Reparo no m¢dulo;3
01/08/2023;COT23;UTB;EQ6;CCIT 4.0 FRONTAL H2.1;OP83;UTB;DF41;Envio para manutená∆o central-CTG;8
01/08/2023;COT1;Transfacil;EQ14;DMX200 MOD H3.1;;;DF41;Envio para manutená∆o central-CTG;15
01/08/2023;COT1;Transfacil;EQ14;DMX200 MOD H3.1;;;DF88;Reparo com formataá∆o e reinst. FW/SW;74
01/08/2023;COT1;Transfacil;EQ14;DMX200 MOD H3.1;;;DF135;Subst. Da Carcaáa frontal;1
01/08/2023;COT16;Via Ouro;EQ39;DMX200L JI21 SEM BATERIA;;;DF88;Reparo com formataá∆o e reinst. FW/SW;16
01/08/2023;COT16;Via Ouro;EQ39;DMX200L JI21 SEM BATERIA;;;DF169;Subst. De Componente eletrìnico;1
01/08/2023;COT12;DIVPASS;EQ13;DMX200L;OP124;DIVPASS;DF90;Reparo com formataá∆o e subst. FW/SW;9
01/08/2023;COT12;DIVPASS;EQ13;DMX200L;OP124;DIVPASS;DF170;Subst. De Gorila Glass;3
01/08/2023;COT22;Taguatur PM NOVO;EQ39;DMX200L JI21 SEM BATERIA;OP82;TAGUATUR;DF41;Envio para manutená∆o central-CTG;43
01/08/2023;COT23;UTB;EQ40;DMX200L JI21 COM BATERIA;OP83;UTB;DF41;Envio para manutená∆o central-CTG;26
01/08/2023;COT24;GVBUS;EQ14;DMX200 MOD H3.1;;;DF41;Envio para manutená∆o central-CTG;17
01/08/2023;COT24;GVBUS;EQ14;DMX200 MOD H3.1;;;DF292;Ressolda conector USB;25
01/08/2023;COT34;BRT SSA;EQ15;DMX200L SEM BATERIA;;;DF300;Ressolda antena GPRS e slot de chip;12
01/08/2023;COT19;S«O JO«O;EQ39;DMX200L JI21 SEM BATERIA;OP67;S«O JO«O;DF115;Restauraá∆o da ROM via PC;11
01/08/2023;COT20;ROSA TURISMO;EQ39;DMX200L JI21 SEM BATERIA;OP66;ROSA TURISMO;DF115;Restauraá∆o da ROM via PC;3
01/08/2023;COT4;Setut;EQ14;DMX200 MOD H3.1;;;DF41;Envio para manutená∆o central-CTG;14
01/08/2023;COT25;COOTRAPS - CE;EQ14;DMX200 MOD H3.1;OP129;COOTRAPS;DF39;Enviados para manutená∆o central CTG;5
01/08/2023;COT25;COOTRAPS - CE;EQ14;DMX200 MOD H3.1;OP129;COOTRAPS;DF90;Reparo com formataá∆o e subst. FW/SW;24
01/08/2023;COT25;COOTRAPS - CE;EQ14;DMX200 MOD H3.1;OP129;COOTRAPS;DF21;Atualizaá∆o de FW ;5
01/08/2023;COT36;CAMACARI;EQ39;DMX200L JI21 SEM BATERIA;OP139;PREFEITURA DE CAMAÄARI;DF115;Restauraá∆o da ROM via PC;8
01/08/2023;COT3;TEU;EQ14;DMX200 MOD H3.1;;;DF21;Atualizaá∆o de FW ;6
01/08/2023;COT3;TEU;EQ14;DMX200 MOD H3.1;;;DF115;Restauraá∆o da ROM via PC;6
01/08/2023;COT3;TEU;EQ14;DMX200 MOD H3.1;;;DF41;Envio para manutená∆o central-CTG;3
01/08/2023;COT33;FLORIAN‡POLIS;EQ15;DMX200L SEM BATERIA;;;DF115;Restauraá∆o da ROM via PC;10
01/08/2023;COT33;FLORIAN‡POLIS;EQ15;DMX200L SEM BATERIA;;;DF41;Envio para manutená∆o central-CTG;15
01/08/2023;COT33;FLORIAN‡POLIS;EQ15;DMX200L SEM BATERIA;;;DF21;Atualizaá∆o de FW ;10
01/08/2023;COT1;Transfacil;EQ10;CONNECTION CCIT 4.0;;;DF88;Reparo com formataá∆o e reinst. FW/SW;19
01/08/2023;COT1;Transfacil;EQ10;CONNECTION CCIT 4.0;;;DF37;Defeito n∆o encontrado e subst. FW/SW;5
01/08/2023;COT1;Transfacil;EQ10;CONNECTION CCIT 4.0;;;DF136;Subst. Da Carcaáa inferior;1
01/08/2023;COT24;GVBUS;EQ10;CONNECTION CCIT 4.0;;;DF41;Envio para manutená∆o central-CTG;2
01/08/2023;COT2;Transcard;EQ10;CONNECTION CCIT 4.0;;;DF46;Formataá∆o da mem¢ria e subst. FW;33
01/08/2023;COT2;Transcard;EQ10;CONNECTION CCIT 4.0;;;DF41;Envio para manutená∆o central-CTG;9
01/08/2023;COT2;Transcard;EQ10;CONNECTION CCIT 4.0;;;DF127;Subst. Conector USB;2
01/08/2023;COT2;Transcard;EQ10;CONNECTION CCIT 4.0;;;DF256;Substituiá∆o de fus°vel;5
01/08/2023;COT10;Metropolitano-Bahia;EQ10;CONNECTION CCIT 4.0;OP64;METROPOLITANO SSA;DF21;Atualizaá∆o de FW ;8
01/08/2023;COT10;Metropolitano-Bahia;EQ10;CONNECTION CCIT 4.0;OP64;METROPOLITANO SSA;DF41;Envio para manutená∆o central-CTG;6
01/08/2023;COT10;Metropolitano-Bahia;EQ10;CONNECTION CCIT 4.0;OP64;METROPOLITANO SSA;DF256;Substituiá∆o de fus°vel;1
01/08/2023;COT10;Metropolitano-Bahia;EQ10;CONNECTION CCIT 4.0;OP64;METROPOLITANO SSA;DF127;Subst. Conector USB;1
01/08/2023;COT19;S«O JO«O;EQ10;CONNECTION CCIT 4.0;OP67;S«O JO«O;DF21;Atualizaá∆o de FW ;8
01/08/2023;COT20;ROSA TURISMO;EQ10;CONNECTION CCIT 4.0;OP66;ROSA TURISMO;DF21;Atualizaá∆o de FW ;6
01/08/2023;COT20;ROSA TURISMO;EQ10;CONNECTION CCIT 4.0;OP66;ROSA TURISMO;DF41;Envio para manutená∆o central-CTG;2
01/08/2023;COT4;Setut;EQ10;CONNECTION CCIT 4.0;;;DF41;Envio para manutená∆o central-CTG;4
01/08/2023;COT36;CAMACARI;EQ10;CONNECTION CCIT 4.0;OP139;PREFEITURA DE CAMAÄARI;DF21;Atualizaá∆o de FW ;4
01/08/2023;COT1;Transfacil;EQ10;CONNECTION CCIT 4.0;;;DF169;Subst. De Componente eletrìnico;1
01/08/2023;COT3;TEU;EQ22;V3000M;;;DF21;Atualizaá∆o de FW ;71
01/08/2023;COT3;TEU;EQ22;V3000M;;;DF115;Restauraá∆o da ROM via PC;71
01/08/2023;COT3;TEU;EQ26;V3000M DVR;;;DF21;Atualizaá∆o de FW ;32
01/08/2023;COT3;TEU;EQ26;V3000M DVR;;;DF115;Restauraá∆o da ROM via PC;32
01/08/2023;COT1;Transfacil;EQ27;UT (FTV 3000);;;DF169;Subst. De Componente eletrìnico;2
01/08/2023;COT24;GVBUS;EQ33;POS MOVE 2500;;;DF41;Envio para manutená∆o central-CTG;13
01/08/2023;COT20;Rosa Turismo;EQ31;POS 250;OP66;ROSA TURISMO;DF41;Envio para manutená∆o central-CTG;1
01/08/2023;COT2;Transcard;EQ31;POS 250;;;DF46;Formataá∆o da mem¢ria e subst. FW;8
01/08/2023;COT2;Transcard;EQ31;POS 250;;;DF41;Envio para manutená∆o central-CTG;3
01/08/2023;COT25;COOTRAPS - CE;EQ17;FONTE PM;OP129;COOTRAPS;DF41;Envio para manutená∆o central-CTG;13
01/09/2023;COT7;Alagoinhas;EQ34;CCIT 4.0 FRONTAL H2.1 C SEM BATERIA;OP68;ALAGOINHAS;DF113;Restaura RAM via PC;3
01/09/2023;COT21;Araguarina;EQ35;CCIT 4.0 FRONTAL H2 COM BATERIA;OP81;VIAÄ«O ARAGUARINA;DF41;Envio para manutená∆o central-CTG;3
01/09/2023;COT36;CAMACARI;EQ34;CCIT 4.0 FRONTAL H2.1 C SEM BATERIA;OP139;PREFEITURA DE CAMAÄARI;DF113;Restaura RAM via PC;5
01/09/2023;COT8;CBTU;EQ1;CCIT 3.0;OP47;CBTU - COMPANHIA BRASILEIRA DE TRENS URBANOS;DF88;Reparo com formataá∆o e reinst. FW/SW;11
01/09/2023;COT12;DIVPASS;EQ6;CCIT 4.0 FRONTAL H2.1;OP124;DIVPASS;DF88;Reparo com formataá∆o e reinst. FW/SW;47
01/09/2023;COT12;DIVPASS;EQ6;CCIT 4.0 FRONTAL H2.1;OP124;DIVPASS;DF272;Subst. Do Touchscreen do m¢dulo;1
01/09/2023;COT12;DIVPASS;EQ6;CCIT 4.0 FRONTAL H2.1;OP124;DIVPASS;DF209;Subst. Do Display;1
01/09/2023;COT12;DIVPASS;EQ6;CCIT 4.0 FRONTAL H2.1;OP124;DIVPASS;DF93;Reparo no m¢dulo;16
01/09/2023;COT12;DIVPASS;EQ6;CCIT 4.0 FRONTAL H2.1;OP124;DIVPASS;DF136;Subst. Da Carcaáa inferior;3
01/09/2023;COT12;DIVPASS;EQ6;CCIT 4.0 FRONTAL H2.1;OP124;DIVPASS;DF238;Subst. Do Vidro CCIT V4.0;1
01/09/2023;COT12;DIVPASS;EQ6;CCIT 4.0 FRONTAL H2.1;OP124;DIVPASS;DF169;Subst. De Componente eletrìnico;3
01/09/2023;COT33;FLORIAN‡POLIS;EQ8;CCIT 4.0 FRONTAL JI21 SEM BATERIA;;;DF115;Restauraá∆o da ROM via PC;5
01/09/2023;COT33;FLORIAN‡POLIS;EQ8;CCIT 4.0 FRONTAL JI21 SEM BATERIA;;;DF41;Envio para manutená∆o central-CTG;2
01/09/2023;COT11;Gov. Valadares;EQ6;CCIT 4.0 FRONTAL H2.1;OP53;VIAÄ«O MOBI;DF88;Reparo com formataá∆o e reinst. FW/SW;9
01/09/2023;COT11;Gov. Valadares;EQ6;CCIT 4.0 FRONTAL H2.1;OP53;VIAÄ«O MOBI;DF210;Subst. Do Display CCIT;1
01/09/2023;COT11;Gov. Valadares;EQ6;CCIT 4.0 FRONTAL H2.1;OP53;VIAÄ«O MOBI;DF93;Reparo no m¢dulo;3
01/09/2023;COT24;GVBUS;EQ28;ATM;OP108;GVBUS - SIND. DAS EMP. DE TRANP. METROP. DA GRANDE VIT‡RIA;DF231;Subst. Do PINpad;1
01/09/2023;COT24;GVBUS;EQ28;ATM;OP108;GVBUS - SIND. DAS EMP. DE TRANP. METROP. DA GRANDE VIT‡RIA;DF262;Retirada de nota ATM e testes;10
01/09/2023;COT24;GVBUS;EQ28;ATM;OP108;GVBUS - SIND. DAS EMP. DE TRANP. METROP. DA GRANDE VIT‡RIA;DF207;Subst. Do Conversor Serial;3
01/09/2023;COT24;GVBUS;EQ28;ATM;OP108;GVBUS - SIND. DAS EMP. DE TRANP. METROP. DA GRANDE VIT‡RIA;DF317;Banco conectado ap¢s testes check ATM;2
01/09/2023;COT24;GVBUS;EQ28;ATM;OP108;GVBUS - SIND. DAS EMP. DE TRANP. METROP. DA GRANDE VIT‡RIA;DF218;Subst. Do Monitor;2
01/09/2023;COT24;GVBUS;EQ28;ATM;OP108;GVBUS - SIND. DAS EMP. DE TRANP. METROP. DA GRANDE VIT‡RIA;DF318;Subst. do Amortecedor da Porta Superior;1
01/09/2023;COT24;GVBUS;EQ28;ATM;OP108;GVBUS - SIND. DAS EMP. DE TRANP. METROP. DA GRANDE VIT‡RIA;DF78;PC Reiniciado;1
01/09/2023;COT24;GVBUS;EQ28;ATM;OP108;GVBUS - SIND. DAS EMP. DE TRANP. METROP. DA GRANDE VIT‡RIA;DF237;Subst. Do Validador de Notas;1
01/09/2023;COT24;GVBUS;EQ28;ATM;OP108;GVBUS - SIND. DAS EMP. DE TRANP. METROP. DA GRANDE VIT‡RIA;DF143;Subst. da Impressora;1
01/09/2023;COT24;GVBUS;EQ28;ATM;OP108;GVBUS - SIND. DAS EMP. DE TRANP. METROP. DA GRANDE VIT‡RIA;DF197;Subst. Do Cofre;1
01/09/2023;COT24;GVBUS;EQ28;ATM;OP108;GVBUS - SIND. DAS EMP. DE TRANP. METROP. DA GRANDE VIT‡RIA;DF319;Subst. da Antena do PDV;1
01/09/2023;COT24;GVBUS;EQ28;ATM;OP108;GVBUS - SIND. DAS EMP. DE TRANP. METROP. DA GRANDE VIT‡RIA;DF140;Subst. Da Fechadura Tetra Chave;1
01/09/2023;COT24;GVBUS;EQ6;CCIT 4.0 FRONTAL H2.1;;;DF91;Reparo com Gravaá∆o de PIC e reinst. Do FW;141
01/09/2023;COT24;GVBUS;EQ6;CCIT 4.0 FRONTAL H2.1;;;DF41;Envio para manutená∆o central-CTG;34
01/09/2023;COT24;GVBUS;EQ6;CCIT 4.0 FRONTAL H2.1;;;DF21;Atualizaá∆o de FW ;23
01/09/2023;COT13;Mariana;EQ5;CCIT 4.0 FRONTAL;OP54;TRANSCOTTA MARIANA MG;DF90;Reparo com formataá∆o e subst. FW/SW;1
01/09/2023;COT13;Mariana;EQ5;CCIT 4.0 FRONTAL;OP54;TRANSCOTTA MARIANA MG;DF93;Reparo no m¢dulo;1
01/09/2023;COT6;Metro-Bahia;EQ28;ATM;OP63;METRO-BAHIA;DF237;Subst. Do Validador de Notas;4
01/09/2023;COT6;Metro-Bahia;EQ28;ATM;OP63;METRO-BAHIA;DF142;Subst. Da Fonte Lambda ATM;1
01/09/2023;COT6;Metro-Bahia;EQ28;ATM;OP63;METRO-BAHIA;DF179;Subst. Do Cabo de Comunicaá∆o da Impressora;1
01/09/2023;COT6;Metro-Bahia;EQ28;ATM;OP63;METRO-BAHIA;DF218;Subst. Do Monitor;3
01/09/2023;COT6;METRO-BAHIA;EQ6;CCIT 4.0 FRONTAL H2.1;OP63;METRO-BAHIA;DF113;Restaura RAM via PC;11
01/09/2023;COT6;METRO-BAHIA;EQ6;CCIT 4.0 FRONTAL H2.1;OP63;METRO-BAHIA;DF41;Envio para manutená∆o central-CTG;1
01/09/2023;COT5;METROFOR/ VLT FORTALEZA;EQ38;CCIT 4.0 METROFOR;OP105;METROFOR LINHA SUL;DF116;Restauraá∆o de aplicativo (4.0);7
01/09/2023;COT5;METROFOR/ VLT FORTALEZA;EQ38;CCIT 4.0 METROFOR;OP105;METROFOR LINHA SUL;DF88;Reparo com formataá∆o e reinst. FW/SW;23
01/09/2023;COT5;METROFOR/ VLT FORTALEZA;EQ38;CCIT 4.0 METROFOR;OP105;METROFOR LINHA SUL;DF209;Subst. Do Display;1
01/09/2023;COT10;Metropolitano-Bahia;EQ6;CCIT 4.0 FRONTAL H2.1;OP64;METROPOLITANO SSA;DF41;Envio para manutená∆o central-CTG;3
01/09/2023;COT10;Metropolitano-Bahia;EQ6;CCIT 4.0 FRONTAL H2.1;OP64;METROPOLITANO SSA;DF113;Restaura RAM via PC;36
01/09/2023;COT20;ROSA TURISMO;EQ36;CCIT 4.0 FRONTAL H1 COM BATERIA;OP66;ROSA TURISMO;DF113;Restaura RAM via PC;8
01/09/2023;COT19;S«O JO«O;EQ36;CCIT 4.0 FRONTAL H1 COM BATERIA;OP67;S«O JO«O;DF113;Restaura RAM via PC;8
01/09/2023;COT19;S«O JO«O;EQ36;CCIT 4.0 FRONTAL H1 COM BATERIA;OP67;S«O JO«O;DF41;Envio para manutená∆o central-CTG;1
01/09/2023;COT4;Setut;EQ6;CCIT 4.0 FRONTAL H2.1;;;DF41;Envio para manutená∆o central-CTG;16
01/09/2023;COT18;Sindpautras;EQ6;CCIT 4.0 FRONTAL H2.1;OP48;SINDPAUTRAS-SIND. PERM. AUT. TRANSP. SU;DF88;Reparo com formataá∆o e reinst. FW/SW;3
01/09/2023;COT18;Sindpautras;EQ6;CCIT 4.0 FRONTAL H2.1;OP48;SINDPAUTRAS-SIND. PERM. AUT. TRANSP. SU;DF93;Reparo no m¢dulo;1
01/09/2023;COT22;Taguatur;EQ35;CCIT 4.0 FRONTAL H2 COM BATERIA;OP82;TAGUATUR;DF41;Envio para manutená∆o central-CTG;13
01/09/2023;COT3;TEU;EQ36;CCIT 4.0 FRONTAL H1 COM BATERIA;;;DF115;Restauraá∆o da ROM via PC;164
01/09/2023;COT3;TEU;EQ36;CCIT 4.0 FRONTAL H1 COM BATERIA;;;DF60;Limpeza de cache;6
01/09/2023;COT3;TEU;EQ36;CCIT 4.0 FRONTAL H1 COM BATERIA;;;DF132;Subst. Da Bateria de Lithium;6
01/09/2023;COT3;TEU;EQ36;CCIT 4.0 FRONTAL H1 COM BATERIA;;;DF41;Envio para manutená∆o central-CTG;8
01/09/2023;COT3;TEU;EQ36;CCIT 4.0 FRONTAL H1 COM BATERIA;;;DF136;Subst. Da Carcaáa inferior;21
01/09/2023;COT2;Transcard;EQ28;ATM;OP61;Setps (Transcard);DF237;Subst. Do Validador de Notas;6
01/09/2023;COT2;Transcard;EQ28;ATM;OP61;Setps (Transcard);DF284;Manutená∆o PC ATM;2
01/09/2023;COT2;Transcard;EQ28;ATM;OP61;Setps (Transcard);DF143;Subst. da Impressora;4
01/09/2023;COT2;Transcard;EQ28;ATM;OP61;Setps (Transcard);DF218;Subst. Do Monitor;3
01/09/2023;COT2;Transcard;EQ28;ATM;OP61;Setps (Transcard);DF231;Subst. Do PINpad;3
01/09/2023;COT2;Transcard;EQ28;ATM;OP61;Setps (Transcard);DF7;Ajuste do M¢dulo de Impress∆o;1
01/09/2023;COT2;Transcard;EQ28;ATM;OP61;Setps (Transcard);DF316;Alinhamento do Dispenser;4
01/09/2023;COT2;Transcard;EQ28;ATM;OP61;Setps (Transcard);DF179;Subst. Do Cabo de Comunicaá∆o da Impressora;3
01/09/2023;COT2;Transcard;EQ6;CCIT 4.0 FRONTAL H2.1;;;DF113;Restaura RAM via PC;155
01/09/2023;COT2;Transcard;EQ6;CCIT 4.0 FRONTAL H2.1;;;DF114;Restaura RAM via pendrive;39
01/09/2023;COT2;Transcard;EQ6;CCIT 4.0 FRONTAL H2.1;;;DF41;Enviados para manutená∆o central CTG;39
01/09/2023;COT1;Transfacil;EQ28;ATM;OP27;TRANSFµCIL;DF19;ATM - defeito n∆o confirmado;2
01/09/2023;COT1;Transfacil;EQ28;ATM;OP27;TRANSFµCIL;DF237;Subst. Do Validador de Notas;7
01/09/2023;COT1;Transfacil;EQ28;ATM;OP27;TRANSFµCIL;DF284;Manutená∆o PC ATM;1
01/09/2023;COT1;Transfacil;EQ28;ATM;OP27;TRANSFµCIL;DF143;Subst. da Impressora;1
01/09/2023;COT1;Transfacil;EQ28;ATM;OP27;TRANSFµCIL;DF280;Manutená∆o no Validador de Notas;1
01/09/2023;COT1;Transfacil;EQ28;ATM;OP27;TRANSFµCIL;DF208;Subst. Do Dispenser do cart∆o;1
01/09/2023;COT1;Transfacil;EQ28;ATM;OP27;TRANSFµCIL;DF258;Subst. Da Cabeáa de Impress∆o;1
01/09/2023;COT1;Transfacil;EQ6;CCIT 4.0 FRONTAL H2.1;;;DF88;Reparo com formataá∆o e reinst. FW/SW;173
01/09/2023;COT1;Transfacil;EQ6;CCIT 4.0 FRONTAL H2.1;;;DF238;Subst. Do Vidro CCIT V4.0;8
01/09/2023;COT1;Transfacil;EQ6;CCIT 4.0 FRONTAL H2.1;;;DF216;Subst. Do M¢dulo H2;3
01/09/2023;COT1;Transfacil;EQ6;CCIT 4.0 FRONTAL H2.1;OP13;Estaá‰es BRT Move;DF88;Reparo com formataá∆o e reinst. FW/SW;61
01/09/2023;COT1;Transfacil;EQ6;CCIT 4.0 FRONTAL H2.1;OP13;Estaá‰es BRT Move;DF136;Subst. Da Carcaáa inferior;7
01/09/2023;COT1;Transfacil;EQ6;CCIT 4.0 FRONTAL H2.1;;;DF37;Defeito n∆o encontrado e subst. FW/SW;12
01/09/2023;COT1;Transfacil;EQ6;CCIT 4.0 FRONTAL H2.1;;;DF133;Subst. Da Campainha CCIT;2
01/09/2023;COT1;Transfacil;EQ6;CCIT 4.0 FRONTAL H2.1;;;DF136;Subst. Da Carcaáa inferior;7
01/09/2023;COT1;Transfacil;EQ6;CCIT 4.0 FRONTAL H2.1;OP13;Estaá‰es BRT Move;DF238;Subst. Do Vidro CCIT V4.0;1
01/09/2023;COT1;Transfacil;EQ6;CCIT 4.0 FRONTAL H2.1;;;DF169;Subst. De Componente eletrìnico;1
01/09/2023;COT1;Transfacil;EQ6;CCIT 4.0 FRONTAL H2.1;;;DF130;Subst. Da Antena WLAN;1
01/09/2023;COT1;Transfacil;EQ6;CCIT 4.0 FRONTAL H2.1;OP13;Estaá‰es BRT Move;DF21;Atualizaá∆o de FW ;41
01/09/2023;COT1;Transfacil;EQ6;CCIT 4.0 FRONTAL H2.1;OP13;Estaá‰es BRT Move;DF61;Limpeza e testes;11
01/09/2023;COT1;Transfacil;EQ6;CCIT 4.0 FRONTAL H2.1;OP13;Estaá‰es BRT Move;DF93;Reparo no m¢dulo;14
01/09/2023;COT1;Transfacil;EQ6;CCIT 4.0 FRONTAL H2.1;;;DF135;Subst. Da Carcaáa frontal;1
01/09/2023;COT1;Transfacil;EQ6;CCIT 4.0 FRONTAL H2.1;OP13;Estaá‰es BRT Move;DF135;Subst. Da Carcaáa frontal;1
01/09/2023;COT1;Transfacil;EQ6;CCIT 4.0 FRONTAL H2.1;OP13;Estaá‰es BRT Move;DF209;Subst. Do Display;4
01/09/2023;COT1;Transfacil;EQ6;CCIT 4.0 FRONTAL H2.1;OP13;Estaá‰es BRT Move;DF272;Subst. Do Touchscreen do m¢dulo;1
01/09/2023;COT35;TURIN CONGONHAS;EQ5;CCIT 4.0 FRONTAL;OP138;VIAÄ«O TURIN CONGONHAS;DF88;Reparo com formataá∆o e reinst. FW/SW;4
01/09/2023;COT35;TURIN CONGONHAS;EQ5;CCIT 4.0 FRONTAL;OP138;VIAÄ«O TURIN CONGONHAS;DF93;Reparo no m¢dulo;1
01/09/2023;COT15;TURIN OURO BRANCO;EQ6;CCIT 4.0 FRONTAL H2.1;OP127;TURIN OURO BRANCO MG;DF88;Reparo com formataá∆o e reinst. FW/SW;4
01/09/2023;COT15;TURIN OURO BRANCO;EQ6;CCIT 4.0 FRONTAL H2.1;OP127;TURIN OURO BRANCO MG;DF93;Reparo no m¢dulo;1
01/09/2023;COT23;UTB;EQ6;CCIT 4.0 FRONTAL H2.1;OP83;UTB;DF41;Envio para manutená∆o central-CTG;15
01/09/2023;COT1;Transfacil;EQ14;DMX200 MOD H3.1;;;DF41;Envio para manutená∆o central-CTG;8
01/09/2023;COT1;Transfacil;EQ14;DMX200 MOD H3.1;;;DF88;Reparo com formataá∆o e reinst. FW/SW;47
01/09/2023;COT16;Via Ouro;EQ39;DMX200L JI21 SEM BATERIA;;;DF88;Reparo com formataá∆o e reinst. FW/SW;2
01/09/2023;COT16;Via Ouro;EQ39;DMX200L JI21 SEM BATERIA;;;DF271;Subst. Do Vidro;2
01/09/2023;COT12;DIVPASS;EQ13;DMX200L;OP124;DIVPASS;DF90;Reparo com formataá∆o e subst. FW/SW;18
01/09/2023;COT12;DIVPASS;EQ13;DMX200L;OP124;DIVPASS;DF272;Subst. Do Touchscreen do m¢dulo;3
01/09/2023;COT24;GVBUS;EQ14;DMX200 MOD H3.1;;;DF41;Envio para manutená∆o central-CTG;33
01/09/2023;COT19;S«O JO«O;EQ39;DMX200L JI21 SEM BATERIA;OP67;S«O JO«O;DF115;Restauraá∆o da ROM via PC;3
01/09/2023;COT20;ROSA TURISMO;EQ39;DMX200L JI21 SEM BATERIA;OP66;ROSA TURISMO;DF115;Restauraá∆o da ROM via PC;1
01/09/2023;COT4;Setut;EQ14;DMX200 MOD H3.1;;;DF41;Envio para manutená∆o central-CTG;22
01/09/2023;COT25;COOTRAPS - CE;EQ14;DMX200 MOD H3.1;OP129;COOTRAPS;DF39;Enviados para manutená∆o central CTG;16
01/09/2023;COT25;COOTRAPS - CE;EQ14;DMX200 MOD H3.1;OP129;COOTRAPS;DF90;Reparo com formataá∆o e subst. FW/SW;12
01/09/2023;COT25;COOTRAPS - CE;EQ14;DMX200 MOD H3.1;OP129;COOTRAPS;DF169;Subst. De Componente eletrìnico;15
01/09/2023;COT36;CAMACARI;EQ39;DMX200L JI21 SEM BATERIA;OP139;PREFEITURA DE CAMAÄARI;DF115;Restauraá∆o da ROM via PC;11
01/09/2023;COT3;TEU;EQ14;DMX200 MOD H3.1;;;DF21;Atualizaá∆o de FW ;17
01/09/2023;COT3;TEU;EQ14;DMX200 MOD H3.1;;;DF115;Restauraá∆o da ROM via PC;6
01/09/2023;COT3;TEU;EQ14;DMX200 MOD H3.1;;;DF41;Envio para manutená∆o central-CTG;16
01/09/2023;COT33;FLORIAN‡POLIS;EQ15;DMX200L SEM BATERIA;;;DF115;Restauraá∆o da ROM via PC;9
01/09/2023;COT33;FLORIAN‡POLIS;EQ15;DMX200L SEM BATERIA;;;DF41;Envio para manutená∆o central-CTG;5
01/09/2023;COT33;FLORIAN‡POLIS;EQ15;DMX200L SEM BATERIA;;;DF21;Atualizaá∆o de FW ;9
01/09/2023;COT16;Via Ouro;EQ39;DMX200L JI21 SEM BATERIA;;;DF21;Atualizaá∆o de FW ;2
01/09/2023;COT16;Via Ouro;EQ39;DMX200L JI21 SEM BATERIA;;;DF272;Subst. Do Touchscreen do m¢dulo;2
01/09/2023;COT16;Via Ouro;EQ39;DMX200L JI21 SEM BATERIA;;;DF315;Colagem de Tela;2
01/09/2023;COT11;Gov. Valadares;EQ13;DMX200L;OP53;VIAÄ«O MOBI;DF88;Reparo com formataá∆o e reinst. FW/SW;24
01/09/2023;COT11;Gov. Valadares;EQ13;DMX200L;OP53;VIAÄ«O MOBI;DF315;Colagem de Tela;3
01/09/2023;COT11;Gov. Valadares;EQ13;DMX200L;OP53;VIAÄ«O MOBI;DF169;Subst. De Componente eletrìnico;5
01/09/2023;COT11;Gov. Valadares;EQ13;DMX200L;OP53;VIAÄ«O MOBI;DF135;Subst. Da Carcaáa frontal;2
01/09/2023;COT11;Gov. Valadares;EQ13;DMX200L;OP53;VIAÄ«O MOBI;DF271;Subst. Do Vidro;3
01/09/2023;COT11;Gov. Valadares;EQ13;DMX200L;OP53;VIAÄ«O MOBI;DF272;Subst. Do Touchscreen do m¢dulo;3
01/09/2023;COT12;DIVPASS;EQ13;DMX200L;OP124;DIVPASS;DF169;Subst. De Componente eletrìnico;9
01/09/2023;COT12;DIVPASS;EQ13;DMX200L;OP124;DIVPASS;DF271;Subst. Do Vidro;3
01/09/2023;COT2;Transcard;EQ16;PDM03;;;DF300;Ressolda antena GPRS e slot de chip;3
01/09/2023;COT19;S«O JO«O;EQ39;DMX200L JI21 SEM BATERIA;OP67;S«O JO«O;DF41;Envio para manutená∆o central-CTG;1
01/09/2023;COT20;ROSA TURISMO;EQ39;DMX200L JI21 SEM BATERIA;OP66;ROSA TURISMO;DF41;Envio para manutená∆o central-CTG;2
01/09/2023;COT24;GVBUS;EQ14;DMX200 MOD H3.1;;;DF21;Atualizaá∆o de FW ;112
01/09/2023;COT22;Taguatur PM NOVO;EQ39;DMX200L JI21 SEM BATERIA;OP82;TAGUATUR;DF41;Envio para manutená∆o central-CTG;50
01/09/2023;COT23;UTB;EQ40;DMX200L JI21 COM BATERIA;OP83;UTB;DF41;Envio para manutená∆o central-CTG;21
01/09/2023;COT1;Transfacil;EQ10;CONNECTION CCIT 4.0;;;DF88;Reparo com formataá∆o e reinst. FW/SW;43
01/09/2023;COT1;Transfacil;EQ10;CONNECTION CCIT 4.0;;;DF37;Defeito n∆o encontrado e subst. FW/SW;4
01/09/2023;COT1;Transfacil;EQ10;CONNECTION CCIT 4.0;;;DF136;Subst. Da Carcaáa inferior;4
01/09/2023;COT24;GVBUS;EQ10;CONNECTION CCIT 4.0;;;DF41;Envio para manutená∆o central-CTG;2
01/09/2023;COT2;Transcard;EQ10;CONNECTION CCIT 4.0;;;DF46;Formataá∆o da mem¢ria e subst. FW;49
01/09/2023;COT2;Transcard;EQ10;CONNECTION CCIT 4.0;;;DF41;Envio para manutená∆o central-CTG;9
01/09/2023;COT2;Transcard;EQ10;CONNECTION CCIT 4.0;;;DF127;Subst. Conector USB;2
01/09/2023;COT2;Transcard;EQ10;CONNECTION CCIT 4.0;;;DF256;Substituiá∆o de fus°vel;5
01/09/2023;COT10;Metropolitano-Bahia;EQ10;CONNECTION CCIT 4.0;OP64;METROPOLITANO SSA;DF21;Atualizaá∆o de FW ;8
01/09/2023;COT10;Metropolitano-Bahia;EQ10;CONNECTION CCIT 4.0;OP64;METROPOLITANO SSA;DF41;Envio para manutená∆o central-CTG;6
01/09/2023;COT10;Metropolitano-Bahia;EQ10;CONNECTION CCIT 4.0;OP64;METROPOLITANO SSA;DF256;Substituiá∆o de fus°vel;1
01/09/2023;COT10;Metropolitano-Bahia;EQ10;CONNECTION CCIT 4.0;OP64;METROPOLITANO SSA;DF127;Subst. Conector USB;1
01/09/2023;COT19;S«O JO«O;EQ10;CONNECTION CCIT 4.0;OP67;S«O JO«O;DF21;Atualizaá∆o de FW ;6
01/09/2023;COT20;ROSA TURISMO;EQ10;CONNECTION CCIT 4.0;OP66;ROSA TURISMO;DF21;Atualizaá∆o de FW ;5
01/09/2023;COT20;ROSA TURISMO;EQ10;CONNECTION CCIT 4.0;OP66;ROSA TURISMO;DF41;Envio para manutená∆o central-CTG;1
01/09/2023;COT4;Setut;EQ10;CONNECTION CCIT 4.0;;;DF41;Envio para manutená∆o central-CTG;1
01/09/2023;COT36;CAMACARI;EQ10;CONNECTION CCIT 4.0;OP139;PREFEITURA DE CAMAÄARI;DF21;Atualizaá∆o de FW ;7
01/09/2023;COT1;Transfacil;EQ10;CONNECTION CCIT 4.0;;;DF169;Subst. De Componente eletrìnico;10
01/09/2023;COT1;Transfacil;EQ10;CONNECTION CCIT 4.0;;;DF127;Subst. Conector USB;1
01/09/2023;COT1;Transfacil;EQ10;CONNECTION CCIT 4.0;;;DF107;Ressolda no circuito connections;1
01/09/2023;COT2;Transcard;EQ10;CONNECTION CCIT 4.0;;;DF245;Subst. Terminal Block;1
01/09/2023;COT19;S«O JO«O;EQ10;CONNECTION CCIT 4.0;OP67;S«O JO«O;DF41;Envio para manutená∆o central-CTG;2
01/09/2023;COT24;GVBUS;EQ10;CONNECTION CCIT 4.0;;;DF21;Atualizaá∆o de FW ;4
01/09/2023;COT3;TEU;EQ22;V3000M;;;DF21;Atualizaá∆o de FW ;42
01/09/2023;COT3;TEU;EQ22;V3000M;;;DF115;Restauraá∆o da ROM via PC;42
01/09/2023;COT3;TEU;EQ26;V3000M DVR;;;DF21;Atualizaá∆o de FW ;10
01/09/2023;COT3;TEU;EQ26;V3000M DVR;;;DF115;Restauraá∆o da ROM via PC;10
01/09/2023;COT24;GVBUS;EQ33;POS MOVE 2500;;;DF41;Envio para manutená∆o central-CTG;14
01/09/2023;COT20;Rosa Turismo;EQ31;POS 250;OP66;ROSA TURISMO;DF41;Envio para manutená∆o central-CTG;1
01/09/2023;COT2;Transcard;EQ31;POS 250;;;DF46;Formataá∆o da mem¢ria e subst. FW;2
01/09/2023;COT25;COOTRAPS - CE;EQ17;FONTE PM;OP129;COOTRAPS;DF41;Envio para manutená∆o central-CTG;2
01/10/2023;COT8;CBTU;EQ1;CCIT 3.0;OP47;CBTU - COMPANHIA BRASILEIRA DE TRENS URBANOS;DF88;Reparo com formataá∆o e reinst. FW/SW;4
01/10/2023;COT8;CBTU;EQ1;CCIT 3.0;OP47;CBTU - COMPANHIA BRASILEIRA DE TRENS URBANOS;DF136;Subst. Da Carcaáa inferior;1
01/10/2023;COT8;CBTU;EQ1;CCIT 3.0;OP47;CBTU - COMPANHIA BRASILEIRA DE TRENS URBANOS;DF128;Subst. Da antena Cless;1
01/10/2023;COT12;DIVPASS;EQ6;CCIT 4.0 FRONTAL H2.1;OP124;DIVPASS;DF88;Reparo com formataá∆o e reinst. FW/SW;29
01/10/2023;COT12;DIVPASS;EQ6;CCIT 4.0 FRONTAL H2.1;OP124;DIVPASS;DF272;Subst. Do Touchscreen do m¢dulo;2
01/10/2023;COT12;DIVPASS;EQ6;CCIT 4.0 FRONTAL H2.1;OP124;DIVPASS;DF209;Subst. Do Display;2
01/10/2023;COT12;DIVPASS;EQ6;CCIT 4.0 FRONTAL H2.1;OP124;DIVPASS;DF93;Reparo no m¢dulo;9
01/10/2023;COT12;DIVPASS;EQ6;CCIT 4.0 FRONTAL H2.1;OP124;DIVPASS;DF238;Subst. Do Vidro CCIT V4.0;2
01/10/2023;COT12;DIVPASS;EQ6;CCIT 4.0 FRONTAL H2.1;OP124;DIVPASS;DF272;Subst. Do Touchscreen do m¢dulo;2
01/10/2023;COT33;FLORIAN‡POLIS;EQ8;CCIT 4.0 FRONTAL JI21 SEM BATERIA;;;DF115;Restauraá∆o da ROM via PC;21
01/10/2023;COT33;FLORIAN‡POLIS;EQ8;CCIT 4.0 FRONTAL JI21 SEM BATERIA;;;DF41;Envio para manutená∆o central-CTG;6
01/10/2023;COT33;FLORIAN‡POLIS;EQ8;CCIT 4.0 FRONTAL JI21 SEM BATERIA;;;DF60;Limpeza de cache;2
01/10/2023;COT11;Gov. Valadares;EQ6;CCIT 4.0 FRONTAL H2.1;OP53;VIAÄ«O MOBI;DF88;Reparo com formataá∆o e reinst. FW/SW;42
01/10/2023;COT11;Gov. Valadares;EQ6;CCIT 4.0 FRONTAL H2.1;OP53;VIAÄ«O MOBI;DF210;Subst. Do Display CCIT;1
01/10/2023;COT11;Gov. Valadares;EQ6;CCIT 4.0 FRONTAL H2.1;OP53;VIAÄ«O MOBI;DF93;Reparo no m¢dulo;14
01/10/2023;COT11;Gov. Valadares;EQ6;CCIT 4.0 FRONTAL H2.1;OP53;VIAÄ«O MOBI;DF136;Subst. Da Carcaáa inferior;2
01/10/2023;COT11;Gov. Valadares;EQ6;CCIT 4.0 FRONTAL H2.1;OP53;VIAÄ«O MOBI;DF238;Subst. Do Vidro CCIT V4.0;1
01/10/2023;COT11;Gov. Valadares;EQ6;CCIT 4.0 FRONTAL H2.1;OP53;VIAÄ«O MOBI;DF272;Subst. Do Touchscreen do m¢dulo;1
01/10/2023;COT24;GVBUS;EQ28;ATM;OP108;GVBUS - SIND. DAS EMP. DE TRANP. METROP. DA GRANDE VIT‡RIA;DF262;Retirada de nota ATM e testes;3
01/10/2023;COT24;GVBUS;EQ28;ATM;OP108;GVBUS - SIND. DAS EMP. DE TRANP. METROP. DA GRANDE VIT‡RIA;DF218;Subst. Do Monitor;1
01/10/2023;COT24;GVBUS;EQ28;ATM;OP108;GVBUS - SIND. DAS EMP. DE TRANP. METROP. DA GRANDE VIT‡RIA;DF78;PC Reiniciado;3
01/10/2023;COT24;GVBUS;EQ28;ATM;OP108;GVBUS - SIND. DAS EMP. DE TRANP. METROP. DA GRANDE VIT‡RIA;DF143;Subst. da Impressora;1
01/10/2023;COT24;GVBUS;EQ28;ATM;OP108;GVBUS - SIND. DAS EMP. DE TRANP. METROP. DA GRANDE VIT‡RIA;DF208;Subst. Do Dispenser do cart∆o;1
01/10/2023;COT24;GVBUS;EQ6;CCIT 4.0 FRONTAL H2.1;;;DF91;Reparo com Gravaá∆o de PIC e reinst. Do FW;185
01/10/2023;COT24;GVBUS;EQ6;CCIT 4.0 FRONTAL H2.1;;;DF41;Envio para manutená∆o central-CTG;39
01/10/2023;COT24;GVBUS;EQ6;CCIT 4.0 FRONTAL H2.1;;;DF21;Atualizaá∆o de FW ;198
01/10/2023;COT13;Mariana;EQ5;CCIT 4.0 FRONTAL;OP54;TRANSCOTTA MARIANA MG;DF90;Reparo com formataá∆o e subst. FW/SW;22
01/10/2023;COT13;Mariana;EQ5;CCIT 4.0 FRONTAL;OP54;TRANSCOTTA MARIANA MG;DF93;Reparo no m¢dulo;7
01/10/2023;COT13;Mariana;EQ5;CCIT 4.0 FRONTAL;OP54;TRANSCOTTA MARIANA MG;DF136;Subst. Da Carcaáa inferior;1
01/10/2023;COT13;Mariana;EQ5;CCIT 4.0 FRONTAL;OP54;TRANSCOTTA MARIANA MG;DF238;Subst. Do Vidro CCIT V4.0;1
01/10/2023;COT13;Mariana;EQ5;CCIT 4.0 FRONTAL;OP54;TRANSCOTTA MARIANA MG;DF209;Subst. Do Display;3
01/10/2023;COT13;Mariana;EQ5;CCIT 4.0 FRONTAL;OP54;TRANSCOTTA MARIANA MG;DF272;Subst. Do Touchscreen do m¢dulo;1
01/10/2023;COT6;Metro-Bahia;EQ28;ATM;OP63;METRO-BAHIA;DF237;Subst. Do Validador de Notas;16
01/10/2023;COT6;Metro-Bahia;EQ28;ATM;OP63;METRO-BAHIA;DF142;Subst. Da Fonte Lambda ATM;1
01/10/2023;COT6;Metro-Bahia;EQ28;ATM;OP63;METRO-BAHIA;DF179;Subst. Do Cabo de Comunicaá∆o da Impressora;3
01/10/2023;COT6;Metro-Bahia;EQ28;ATM;OP63;METRO-BAHIA;DF218;Subst. Do Monitor;2
01/10/2023;COT6;Metro-Bahia;EQ28;ATM;OP63;METRO-BAHIA;DF143;Subst. da Impressora;5
01/10/2023;COT6;Metro-Bahia;EQ28;ATM;OP63;METRO-BAHIA;DF141;Subst. Da Fonte do PDV ATM;4
01/10/2023;COT6;METRO-BAHIA;EQ6;CCIT 4.0 FRONTAL H2.1;OP63;METRO-BAHIA;DF113;Restaura RAM via PC;14
01/10/2023;COT5;METROFOR/ VLT FORTALEZA;EQ38;CCIT 4.0 METROFOR;OP105;METROFOR LINHA SUL;DF113;Restaura RAM via PC;8
01/10/2023;COT5;METROFOR/ VLT FORTALEZA;EQ38;CCIT 4.0 METROFOR;OP105;METROFOR LINHA SUL;DF88;Reparo com formataá∆o e reinst. FW/SW;2
01/10/2023;COT5;METROFOR/ VLT FORTALEZA;EQ38;CCIT 4.0 METROFOR;OP105;METROFOR LINHA SUL;DF41;Envio para manutená∆o central-CTG;6
01/10/2023;COT10;Metropolitano-Bahia;EQ6;CCIT 4.0 FRONTAL H2.1;OP64;METROPOLITANO SSA;DF41;Envio para manutená∆o central-CTG;1
01/10/2023;COT10;Metropolitano-Bahia;EQ6;CCIT 4.0 FRONTAL H2.1;OP64;METROPOLITANO SSA;DF113;Restaura RAM via PC;53
01/10/2023;COT20;ROSA TURISMO;EQ36;CCIT 4.0 FRONTAL H1 COM BATERIA;OP66;ROSA TURISMO;DF41;Envio para manutená∆o central-CTG;2
01/10/2023;COT20;ROSA TURISMO;EQ36;CCIT 4.0 FRONTAL H1 COM BATERIA;OP66;ROSA TURISMO;DF113;Restaura RAM via PC;6
01/10/2023;COT19;S«O JO«O;EQ36;CCIT 4.0 FRONTAL H1 COM BATERIA;OP67;S«O JO«O;DF113;Restaura RAM via PC;6
01/10/2023;COT4;Setut;EQ6;CCIT 4.0 FRONTAL H2.1;;;DF41;Envio para manutená∆o central-CTG;16
01/10/2023;COT18;Sindpautras;EQ6;CCIT 4.0 FRONTAL H2.1;OP48;SINDPAUTRAS-SIND. PERM. AUT. TRANSP. SU;DF88;Reparo com formataá∆o e reinst. FW/SW;110
01/10/2023;COT18;Sindpautras;EQ6;CCIT 4.0 FRONTAL H2.1;OP48;SINDPAUTRAS-SIND. PERM. AUT. TRANSP. SU;DF93;Reparo no m¢dulo;38
01/10/2023;COT18;Sindpautras;EQ6;CCIT 4.0 FRONTAL H2.1;OP48;SINDPAUTRAS-SIND. PERM. AUT. TRANSP. SU;DF136;Subst. Da Carcaáa inferior;4
01/10/2023;COT18;Sindpautras;EQ6;CCIT 4.0 FRONTAL H2.1;OP48;SINDPAUTRAS-SIND. PERM. AUT. TRANSP. SU;DF209;Subst. Do Display;1
01/10/2023;COT18;Sindpautras;EQ6;CCIT 4.0 FRONTAL H2.1;OP48;SINDPAUTRAS-SIND. PERM. AUT. TRANSP. SU;DF272;Subst. Do Touchscreen do m¢dulo;2
01/10/2023;COT22;Taguatur;EQ35;CCIT 4.0 FRONTAL H2 COM BATERIA;OP82;TAGUATUR;DF41;Envio para manutená∆o central-CTG;14
01/10/2023;COT3;TEU;EQ36;CCIT 4.0 FRONTAL H1 COM BATERIA;;;DF115;Restauraá∆o da ROM via PC;234
01/10/2023;COT3;TEU;EQ36;CCIT 4.0 FRONTAL H1 COM BATERIA;;;DF41;Envio para manutená∆o central-CTG;5
01/10/2023;COT3;TEU;EQ36;CCIT 4.0 FRONTAL H1 COM BATERIA;;;DF136;Subst. Da Carcaáa inferior;6
01/10/2023;COT2;Transcard;EQ28;ATM;OP61;Setps (Transcard);DF237;Subst. Do Validador de Notas;10
01/10/2023;COT2;Transcard;EQ28;ATM;OP61;Setps (Transcard);DF284;Manutená∆o PC ATM;3
01/10/2023;COT2;Transcard;EQ28;ATM;OP61;Setps (Transcard);DF143;Subst. da Impressora;3
01/10/2023;COT2;Transcard;EQ28;ATM;OP61;Setps (Transcard);DF231;Subst. Do PINpad;1
01/10/2023;COT2;Transcard;EQ28;ATM;OP61;Setps (Transcard);DF179;Subst. Do Cabo de Comunicaá∆o da Impressora;1
01/10/2023;COT2;Transcard;EQ6;CCIT 4.0 FRONTAL H2.1;;;DF113;Restaura RAM via PC;172
01/10/2023;COT2;Transcard;EQ6;CCIT 4.0 FRONTAL H2.1;;;DF114;Restaura RAM via pendrive;58
01/10/2023;COT2;Transcard;EQ6;CCIT 4.0 FRONTAL H2.1;;;DF41;Enviados para manutená∆o central CTG;23
01/10/2023;COT1;Transfacil;EQ28;ATM;OP27;TRANSFµCIL;DF19;ATM - defeito n∆o confirmado;3
01/10/2023;COT1;Transfacil;EQ28;ATM;OP27;TRANSFµCIL;DF237;Subst. Do Validador de Notas;2
01/10/2023;COT1;Transfacil;EQ28;ATM;OP27;TRANSFµCIL;DF284;Manutená∆o PC ATM;1
01/10/2023;COT1;Transfacil;EQ28;ATM;OP27;TRANSFµCIL;DF143;Subst. da Impressora;1
01/10/2023;COT1;Transfacil;EQ28;ATM;OP27;TRANSFµCIL;DF67;Manutená∆o na Impressora;3
01/10/2023;COT1;Transfacil;EQ28;ATM;OP27;TRANSFµCIL;DF208;Subst. Do Dispenser do cart∆o;1
01/10/2023;COT1;Transfacil;EQ28;ATM;OP27;TRANSFµCIL;DF258;Subst. Da Cabeáa de Impress∆o;1
01/10/2023;COT1;Transfacil;EQ28;ATM;OP27;TRANSFµCIL;DF128;Subst. Da antena Cless;1
01/10/2023;COT1;Transfacil;EQ6;CCIT 4.0 FRONTAL H2.1;;;DF88;Reparo com formataá∆o e reinst. FW/SW;208
01/10/2023;COT1;Transfacil;EQ6;CCIT 4.0 FRONTAL H2.1;;;DF238;Subst. Do Vidro CCIT V4.0;6
01/10/2023;COT1;Transfacil;EQ6;CCIT 4.0 FRONTAL H2.1;;;DF216;Subst. Do M¢dulo H2;2
01/10/2023;COT1;Transfacil;EQ6;CCIT 4.0 FRONTAL H2.1;OP13;Estaá‰es BRT Move;DF88;Reparo com formataá∆o e reinst. FW/SW;66
01/10/2023;COT1;Transfacil;EQ6;CCIT 4.0 FRONTAL H2.1;OP13;Estaá‰es BRT Move;DF136;Subst. Da Carcaáa inferior;2
01/10/2023;COT1;Transfacil;EQ6;CCIT 4.0 FRONTAL H2.1;;;DF37;Defeito n∆o encontrado e subst. FW/SW;15
01/10/2023;COT1;Transfacil;EQ6;CCIT 4.0 FRONTAL H2.1;;;DF133;Subst. Da Campainha CCIT;1
01/10/2023;COT1;Transfacil;EQ6;CCIT 4.0 FRONTAL H2.1;;;DF136;Subst. Da Carcaáa inferior;13
01/10/2023;COT1;Transfacil;EQ6;CCIT 4.0 FRONTAL H2.1;;;DF169;Subst. De Componente eletrìnico;8
01/10/2023;COT1;Transfacil;EQ6;CCIT 4.0 FRONTAL H2.1;;;DF130;Subst. Da Antena WLAN;2
01/10/2023;COT1;Transfacil;EQ6;CCIT 4.0 FRONTAL H2.1;OP13;Estaá‰es BRT Move;DF21;Atualizaá∆o de FW ;59
01/10/2023;COT1;Transfacil;EQ6;CCIT 4.0 FRONTAL H2.1;OP13;Estaá‰es BRT Move;DF93;Reparo no m¢dulo;35
01/10/2023;COT1;Transfacil;EQ6;CCIT 4.0 FRONTAL H2.1;;;DF129;Subst. Da Antena Cless e adesivo frontal;1
01/10/2023;COT1;Transfacil;EQ6;CCIT 4.0 FRONTAL H2.1;OP13;Estaá‰es BRT Move;DF209;Subst. Do Display;6
01/10/2023;COT1;Transfacil;EQ6;CCIT 4.0 FRONTAL H2.1;OP13;Estaá‰es BRT Move;DF272;Subst. Do Touchscreen do m¢dulo;2
01/10/2023;COT1;Transfacil;EQ6;CCIT 4.0 FRONTAL H2.1;;;DF162;Subst. Da Placa Mbccit;1
01/10/2023;COT35;TURIN CONGONHAS;EQ5;CCIT 4.0 FRONTAL;OP138;VIAÄ«O TURIN CONGONHAS;DF88;Reparo com formataá∆o e reinst. FW/SW;6
01/10/2023;COT35;TURIN CONGONHAS;EQ5;CCIT 4.0 FRONTAL;OP138;VIAÄ«O TURIN CONGONHAS;DF93;Reparo no m¢dulo;2
01/10/2023;COT35;TURIN CONGONHAS;EQ5;CCIT 4.0 FRONTAL;OP138;VIAÄ«O TURIN CONGONHAS;DF238;Subst. Do Vidro CCIT V4.0;1
01/10/2023;COT35;TURIN CONGONHAS;EQ5;CCIT 4.0 FRONTAL;OP138;VIAÄ«O TURIN CONGONHAS;DF272;Subst. Do Touchscreen do m¢dulo;1
01/10/2023;COT14;TURIN OURO PRETO;EQ6;CCIT 4.0 FRONTAL H2.1;OP52;VIAÄ«O TURIN OURO PRETO;DF88;Reparo com formataá∆o e reinst. FW/SW;25
01/10/2023;COT14;TURIN OURO PRETO;EQ6;CCIT 4.0 FRONTAL H2.1;OP52;VIAÄ«O TURIN OURO PRETO;DF93;Reparo no m¢dulo;8
01/10/2023;COT14;TURIN OURO PRETO;EQ6;CCIT 4.0 FRONTAL H2.1;OP52;VIAÄ«O TURIN OURO PRETO;DF272;Subst. Do Touchscreen do m¢dulo;1
01/10/2023;COT14;TURIN OURO PRETO;EQ6;CCIT 4.0 FRONTAL H2.1;OP52;VIAÄ«O TURIN OURO PRETO;DF209;Subst. Do Display;3
01/10/2023;COT14;TURIN OURO PRETO;EQ6;CCIT 4.0 FRONTAL H2.1;OP52;VIAÄ«O TURIN OURO PRETO;DF238;Subst. Do Vidro CCIT V4.0;1
01/10/2023;COT14;TURIN OURO PRETO;EQ6;CCIT 4.0 FRONTAL H2.1;OP52;VIAÄ«O TURIN OURO PRETO;DF136;Subst. Da Carcaáa inferior;1
01/10/2023;COT23;UTB;EQ6;CCIT 4.0 FRONTAL H2.1;OP83;UTB;DF41;Envio para manutená∆o central-CTG;12
01/10/2023;COT1;Transfacil;EQ14;DMX200 MOD H3.1;;;DF169;Subst. De Componente eletrìnico;14
01/10/2023;COT1;Transfacil;EQ14;DMX200 MOD H3.1;;;DF88;Reparo com formataá∆o e reinst. FW/SW;51
01/10/2023;COT12;DIVPASS;EQ13;DMX200L;OP124;DIVPASS;DF90;Reparo com formataá∆o e subst. FW/SW;4
01/10/2023;COT24;GVBUS;EQ14;DMX200 MOD H3.1;;;DF41;Envio para manutená∆o central-CTG;26
01/10/2023;COT19;S«O JO«O;EQ39;DMX200L JI21 SEM BATERIA;OP67;S«O JO«O;DF115;Restauraá∆o da ROM via PC;9
01/10/2023;COT20;ROSA TURISMO;EQ39;DMX200L JI21 SEM BATERIA;OP66;ROSA TURISMO;DF115;Restauraá∆o da ROM via PC;4
01/10/2023;COT4;Setut;EQ14;DMX200 MOD H3.1;;;DF41;Envio para manutená∆o central-CTG;20
01/10/2023;COT25;COOTRAPS - CE;EQ14;DMX200 MOD H3.1;OP129;COOTRAPS;DF39;Enviados para manutená∆o central CTG;22
01/10/2023;COT25;COOTRAPS - CE;EQ14;DMX200 MOD H3.1;OP129;COOTRAPS;DF90;Reparo com formataá∆o e subst. FW/SW;10
01/10/2023;COT3;TEU;EQ14;DMX200 MOD H3.1;;;DF21;Atualizaá∆o de FW ;17
01/10/2023;COT3;TEU;EQ14;DMX200 MOD H3.1;;;DF115;Restauraá∆o da ROM via PC;3
01/10/2023;COT3;TEU;EQ14;DMX200 MOD H3.1;;;DF41;Envio para manutená∆o central-CTG;4
01/10/2023;COT33;FLORIAN‡POLIS;EQ15;DMX200L SEM BATERIA;;;DF115;Restauraá∆o da ROM via PC;11
01/10/2023;COT33;FLORIAN‡POLIS;EQ15;DMX200L SEM BATERIA;;;DF41;Envio para manutená∆o central-CTG;3
01/10/2023;COT33;FLORIAN‡POLIS;EQ15;DMX200L SEM BATERIA;;;DF21;Atualizaá∆o de FW ;11
01/10/2023;COT16;Via Ouro;EQ39;DMX200L JI21 SEM BATERIA;;;DF21;Atualizaá∆o de FW ;4
01/10/2023;COT12;DIVPASS;EQ13;DMX200L;OP124;DIVPASS;DF169;Subst. De Componente eletrìnico;1
01/10/2023;COT2;Transcard;EQ16;PDM03;;;DF300;Ressolda antena GPRS e slot de chip;5
01/10/2023;COT24;GVBUS;EQ14;DMX200 MOD H3.1;;;DF21;Atualizaá∆o de FW ;120
01/10/2023;COT22;Taguatur PM NOVO;EQ39;DMX200L JI21 SEM BATERIA;OP82;TAGUATUR;DF41;Envio para manutená∆o central-CTG;19
01/10/2023;COT23;UTB;EQ40;DMX200L JI21 COM BATERIA;OP83;UTB;DF41;Envio para manutená∆o central-CTG;24
01/10/2023;COT2;Transcard;EQ16;PDM03;;;DF300;Ressolda antena GPRS e slot de chip;5
01/10/2023;COT2;Transcard;EQ16;PDM03;;;DF41;Enviados para manutená∆o central CTG;1
01/10/2023;COT35;TURIN CONGONHAS;EQ5;CCIT 4.0 FRONTAL;OP138;VIAÄ«O TURIN CONGONHAS;DF90;Reparo com formataá∆o e subst. FW/SW;1
01/10/2023;COT24;GVBUS;EQ14;DMX200 MOD H3.1;;;DF292;Ressolda conector USB;37
01/10/2023;COT1;Transfacil;EQ10;CONNECTION CCIT 4.0;;;DF88;Reparo com formataá∆o e reinst. FW/SW;36
01/10/2023;COT1;Transfacil;EQ10;CONNECTION CCIT 4.0;;;DF37;Defeito n∆o encontrado e subst. FW/SW;5
01/10/2023;COT1;Transfacil;EQ10;CONNECTION CCIT 4.0;;;DF136;Subst. Da Carcaáa inferior;1
01/10/2023;COT2;Transcard;EQ10;CONNECTION CCIT 4.0;;;DF46;Formataá∆o da mem¢ria e subst. FW;59
01/10/2023;COT2;Transcard;EQ10;CONNECTION CCIT 4.0;;;DF41;Envio para manutená∆o central-CTG;10
01/10/2023;COT2;Transcard;EQ10;CONNECTION CCIT 4.0;;;DF127;Subst. Conector USB;2
01/10/2023;COT2;Transcard;EQ10;CONNECTION CCIT 4.0;;;DF256;Substituiá∆o de fus°vel;3
01/10/2023;COT10;Metropolitano-Bahia;EQ10;CONNECTION CCIT 4.0;OP64;METROPOLITANO SSA;DF21;Atualizaá∆o de FW ;7
01/10/2023;COT19;S«O JO«O;EQ10;CONNECTION CCIT 4.0;OP67;S«O JO«O;DF21;Atualizaá∆o de FW ;1
01/10/2023;COT20;ROSA TURISMO;EQ10;CONNECTION CCIT 4.0;OP66;ROSA TURISMO;DF21;Atualizaá∆o de FW ;4
01/10/2023;COT4;Setut;EQ10;CONNECTION CCIT 4.0;;;DF41;Envio para manutená∆o central-CTG;3
01/10/2023;COT1;Transfacil;EQ10;CONNECTION CCIT 4.0;;;DF169;Subst. De Componente eletrìnico;6
01/10/2023;COT1;Transfacil;EQ10;CONNECTION CCIT 4.0;;;DF107;Ressolda no circuito connections;3
01/10/2023;COT24;GVBUS;EQ10;CONNECTION CCIT 4.0;;;DF21;Atualizaá∆o de FW ;4
01/10/2023;COT3;TEU;EQ22;V3000M;;;DF21;Atualizaá∆o de FW ;56
01/10/2023;COT3;TEU;EQ22;V3000M;;;DF115;Restauraá∆o da ROM via PC;56
01/10/2023;COT3;TEU;EQ26;V3000M DVR;;;DF21;Atualizaá∆o de FW ;8
01/10/2023;COT3;TEU;EQ26;V3000M DVR;;;DF115;Restauraá∆o da ROM via PC;8
01/10/2023;COT3;TEU;EQ26;V3000M DVR;;;DF41;Envio para manutená∆o central-CTG;6
01/10/2023;COT3;TEU;EQ26;V3000M DVR;;;DF26;Atualizaá∆o do PIC;2
01/10/2023;COT24;GVBUS;EQ33;POS MOVE 2500;;;DF41;Envio para manutená∆o central-CTG;9
01/10/2023;COT10;Metropolitano-Bahia;EQ31;POS 250;OP64;METROPOLITANO SSA;DF41;Envio para manutená∆o central-CTG;3
01/10/2023;COT2;Transcard;EQ31;POS 250;;;DF46;Formataá∆o da mem¢ria e subst. FW;4
01/10/2023;COT2;Transcard;EQ31;POS 250;;;DF132;Subst. Da Bateria de Lithium;4
01/10/2023;COT2;Transcard;EQ31;POS 250;;;DF41;Envio para manutená∆o central-CTG;15
01/11/2023;COT7;Alagoinhas;EQ34;CCIT 4.0 FRONTAL H2.1 C SEM BATERIA;OP68;ALAGOINHAS;DF113;Restaura RAM via PC;8
01/11/2023;COT21;Araguarina;EQ35;CCIT 4.0 FRONTAL H2 COM BATERIA;OP81;VIAÄ«O ARAGUARINA;DF41;Envio para manutená∆o central-CTG;6
01/11/2023;COT36;CAMACARI;EQ34;CCIT 4.0 FRONTAL H2.1 C SEM BATERIA;OP139;PREFEITURA DE CAMAÄARI;DF113;Restaura RAM via PC;2
01/11/2023;COT8;CBTU;EQ1;CCIT 3.0;OP47;CBTU - COMPANHIA BRASILEIRA DE TRENS URBANOS;DF88;Reparo com formataá∆o e reinst. FW/SW;3
01/11/2023;COT27;Cidade das µguas;EQ6;CCIT 4.0 FRONTAL H2.1;OP128;VIAÄ«O CIDADE DAS µGUAS;DF113;Restaura RAM via PC;1
01/11/2023;COT12;DIVPASS;EQ6;CCIT 4.0 FRONTAL H2.1;OP124;DIVPASS;DF88;Reparo com formataá∆o e reinst. FW/SW;8
01/11/2023;COT12;DIVPASS;EQ6;CCIT 4.0 FRONTAL H2.1;OP124;DIVPASS;DF272;Subst. Do Touchscreen do m¢dulo;1
01/11/2023;COT12;DIVPASS;EQ6;CCIT 4.0 FRONTAL H2.1;OP124;DIVPASS;DF209;Subst. Do Display;4
01/11/2023;COT12;DIVPASS;EQ6;CCIT 4.0 FRONTAL H2.1;OP124;DIVPASS;DF93;Reparo no m¢dulo;8
01/11/2023;COT12;DIVPASS;EQ6;CCIT 4.0 FRONTAL H2.1;OP124;DIVPASS;DF136;Subst. Da Carcaáa inferior;1
01/11/2023;COT11;Gov. Valadares;EQ6;CCIT 4.0 FRONTAL H2.1;OP53;VIAÄ«O MOBI;DF88;Reparo com formataá∆o e reinst. FW/SW;18
01/11/2023;COT11;Gov. Valadares;EQ6;CCIT 4.0 FRONTAL H2.1;OP53;VIAÄ«O MOBI;DF210;Subst. Do Display CCIT;4
01/11/2023;COT11;Gov. Valadares;EQ6;CCIT 4.0 FRONTAL H2.1;OP53;VIAÄ«O MOBI;DF93;Reparo no m¢dulo;18
01/11/2023;COT11;Gov. Valadares;EQ6;CCIT 4.0 FRONTAL H2.1;OP53;VIAÄ«O MOBI;DF136;Subst. Da Carcaáa inferior;1
01/11/2023;COT11;Gov. Valadares;EQ6;CCIT 4.0 FRONTAL H2.1;OP53;VIAÄ«O MOBI;DF238;Subst. Do Vidro CCIT V4.0;1
01/11/2023;COT11;Gov. Valadares;EQ6;CCIT 4.0 FRONTAL H2.1;OP53;VIAÄ«O MOBI;DF272;Subst. Do Touchscreen do m¢dulo;1
01/11/2023;COT11;Gov. Valadares;EQ6;CCIT 4.0 FRONTAL H2.1;OP53;VIAÄ«O MOBI;DF162;Subst. Da Placa Mbccit;1
01/11/2023;COT24;GVBUS;EQ28;ATM;OP108;GVBUS - SIND. DAS EMP. DE TRANP. METROP. DA GRANDE VIT‡RIA;DF262;Retirada de nota ATM e testes;3
01/11/2023;COT24;GVBUS;EQ28;ATM;OP108;GVBUS - SIND. DAS EMP. DE TRANP. METROP. DA GRANDE VIT‡RIA;DF218;Subst. Do Monitor;1
01/11/2023;COT24;GVBUS;EQ28;ATM;OP108;GVBUS - SIND. DAS EMP. DE TRANP. METROP. DA GRANDE VIT‡RIA;DF78;PC Reiniciado;1
01/11/2023;COT24;GVBUS;EQ28;ATM;OP108;GVBUS - SIND. DAS EMP. DE TRANP. METROP. DA GRANDE VIT‡RIA;DF208;Subst. Do Dispenser do cart∆o;2
01/11/2023;COT24;GVBUS;EQ28;ATM;OP108;GVBUS - SIND. DAS EMP. DE TRANP. METROP. DA GRANDE VIT‡RIA;DF65;Manutená∆o Cofre;1
01/11/2023;COT24;GVBUS;EQ28;ATM;OP108;GVBUS - SIND. DAS EMP. DE TRANP. METROP. DA GRANDE VIT‡RIA;DF231;Subst. Do PINpad;1
01/11/2023;COT24;GVBUS;EQ6;CCIT 4.0 FRONTAL H2.1;;;DF91;Reparo com Gravaá∆o de PIC e reinst. Do FW;176
01/11/2023;COT24;GVBUS;EQ6;CCIT 4.0 FRONTAL H2.1;;;DF41;Envio para manutená∆o central-CTG;38
01/11/2023;COT24;GVBUS;EQ6;CCIT 4.0 FRONTAL H2.1;;;DF21;Atualizaá∆o de FW ;181
01/11/2023;COT24;GVBUS;EQ6;CCIT 4.0 FRONTAL H2.1;;;DF93;Reparo no m¢dulo;176
01/11/2023;COT13;Mariana;EQ5;CCIT 4.0 FRONTAL;OP54;TRANSCOTTA MARIANA MG;DF90;Reparo com formataá∆o e subst. FW/SW;6
01/11/2023;COT13;Mariana;EQ5;CCIT 4.0 FRONTAL;OP54;TRANSCOTTA MARIANA MG;DF93;Reparo no m¢dulo;6
01/11/2023;COT13;Mariana;EQ5;CCIT 4.0 FRONTAL;OP54;TRANSCOTTA MARIANA MG;DF209;Subst. Do Display;1
01/11/2023;COT6;Metro-Bahia;EQ28;ATM;OP63;METRO-BAHIA;DF237;Subst. Do Validador de Notas;12
01/11/2023;COT6;Metro-Bahia;EQ28;ATM;OP63;METRO-BAHIA;DF284;Manutená∆o PC ATM;2
01/11/2023;COT6;Metro-Bahia;EQ28;ATM;OP63;METRO-BAHIA;DF218;Subst. Do Monitor;2
01/11/2023;COT6;Metro-Bahia;EQ28;ATM;OP63;METRO-BAHIA;DF143;Subst. da Impressora;4
01/11/2023;COT6;METRO-BAHIA;EQ6;CCIT 4.0 FRONTAL H2.1;OP63;METRO-BAHIA;DF113;Restaura RAM via PC;4
01/11/2023;COT5;METROFOR/ VLT FORTALEZA;EQ38;CCIT 4.0 METROFOR;OP105;METROFOR LINHA SUL;DF113;Restaura RAM via PC;12
01/11/2023;COT5;METROFOR/ VLT FORTALEZA;EQ38;CCIT 4.0 METROFOR;OP105;METROFOR LINHA SUL;DF88;Reparo com formataá∆o e reinst. FW/SW;8
01/11/2023;COT5;METROFOR/ VLT FORTALEZA;EQ38;CCIT 4.0 METROFOR;OP105;METROFOR LINHA SUL;DF41;Envio para manutená∆o central-CTG;8
01/11/2023;COT10;Metropolitano-Bahia;EQ6;CCIT 4.0 FRONTAL H2.1;OP64;METROPOLITANO SSA;DF113;Restaura RAM via PC;44
01/11/2023;COT20;ROSA TURISMO;EQ36;CCIT 4.0 FRONTAL H1 COM BATERIA;OP66;ROSA TURISMO;DF41;Envio para manutená∆o central-CTG;2
01/11/2023;COT20;ROSA TURISMO;EQ36;CCIT 4.0 FRONTAL H1 COM BATERIA;OP66;ROSA TURISMO;DF113;Restaura RAM via PC;7
01/11/2023;COT19;S«O JO«O;EQ36;CCIT 4.0 FRONTAL H1 COM BATERIA;OP67;S«O JO«O;DF113;Restaura RAM via PC;10
01/11/2023;COT19;S«O JO«O;EQ36;CCIT 4.0 FRONTAL H1 COM BATERIA;OP67;S«O JO«O;DF41;Envio para manutená∆o central-CTG;1
01/11/2023;COT4;Setut;EQ6;CCIT 4.0 FRONTAL H2.1;;;DF41;Envio para manutená∆o central-CTG;9
01/11/2023;COT4;Setut;EQ6;CCIT 4.0 FRONTAL H2.1;;;DF113;Restaura RAM via PC;4
01/11/2023;COT4;Setut;EQ6;CCIT 4.0 FRONTAL H2.1;;;DF60;Limpeza de cache;1
01/11/2023;COT18;Sindpautras;EQ6;CCIT 4.0 FRONTAL H2.1;OP48;SINDPAUTRAS-SIND. PERM. AUT. TRANSP. SU;DF88;Reparo com formataá∆o e reinst. FW/SW;20
01/11/2023;COT18;Sindpautras;EQ6;CCIT 4.0 FRONTAL H2.1;OP48;SINDPAUTRAS-SIND. PERM. AUT. TRANSP. SU;DF93;Reparo no m¢dulo;20
01/11/2023;COT18;Sindpautras;EQ6;CCIT 4.0 FRONTAL H2.1;OP48;SINDPAUTRAS-SIND. PERM. AUT. TRANSP. SU;DF136;Subst. Da Carcaáa inferior;1
01/11/2023;COT18;Sindpautras;EQ6;CCIT 4.0 FRONTAL H2.1;OP48;SINDPAUTRAS-SIND. PERM. AUT. TRANSP. SU;DF209;Subst. Do Display;1
01/11/2023;COT18;Sindpautras;EQ6;CCIT 4.0 FRONTAL H2.1;OP48;SINDPAUTRAS-SIND. PERM. AUT. TRANSP. SU;DF272;Subst. Do Touchscreen do m¢dulo;1
01/11/2023;COT22;Taguatur;EQ35;CCIT 4.0 FRONTAL H2 COM BATERIA;OP82;TAGUATUR;DF41;Envio para manutená∆o central-CTG;16
01/11/2023;COT3;TEU;EQ3;CCIT 3.5;;;DF157;Subst. Da Placa FTCLess;3
01/11/2023;COT3;TEU;EQ3;CCIT 3.5;;;DF242;Subst. Placa Mbccit;2
01/11/2023;COT3;TEU;EQ36;CCIT 4.0 FRONTAL H1 COM BATERIA;;;DF115;Restauraá∆o da ROM via PC;154
01/11/2023;COT3;TEU;EQ36;CCIT 4.0 FRONTAL H1 COM BATERIA;;;DF41;Envio para manutená∆o central-CTG;12
01/11/2023;COT3;TEU;EQ36;CCIT 4.0 FRONTAL H1 COM BATERIA;;;DF136;Subst. Da Carcaáa inferior;1
01/11/2023;COT3;TEU;EQ36;CCIT 4.0 FRONTAL H1 COM BATERIA;;;DF60;Limpeza de cache;3
01/11/2023;COT2;Transcard;EQ28;ATM;OP61;Setps (Transcard);DF237;Subst. Do Validador de Notas;6
01/11/2023;COT2;Transcard;EQ28;ATM;OP61;Setps (Transcard);DF284;Manutená∆o PC ATM;1
01/11/2023;COT2;Transcard;EQ28;ATM;OP61;Setps (Transcard);DF143;Subst. da Impressora;1
01/11/2023;COT2;Transcard;EQ28;ATM;OP61;Setps (Transcard);DF231;Subst. Do PINpad;1
01/11/2023;COT2;Transcard;EQ6;CCIT 4.0 FRONTAL H2.1;;;DF113;Restaura RAM via PC;169
01/11/2023;COT2;Transcard;EQ6;CCIT 4.0 FRONTAL H2.1;;;DF114;Restaura RAM via pendrive;31
01/11/2023;COT2;Transcard;EQ6;CCIT 4.0 FRONTAL H2.1;;;DF41;Enviados para manutená∆o central CTG;39
01/11/2023;COT1;Transfacil;EQ28;ATM;OP27;TRANSFµCIL;DF19;ATM - defeito n∆o confirmado;7
01/11/2023;COT1;Transfacil;EQ28;ATM;OP27;TRANSFµCIL;DF237;Subst. Do Validador de Notas;8
01/11/2023;COT1;Transfacil;EQ28;ATM;OP27;TRANSFµCIL;DF69;Manutená∆o no Sensor de Porta;1
01/11/2023;COT1;Transfacil;EQ28;ATM;OP27;TRANSFµCIL;DF143;Subst. da Impressora;3
01/11/2023;COT1;Transfacil;EQ28;ATM;OP27;TRANSFµCIL;DF67;Manutená∆o na Impressora;1
01/11/2023;COT1;Transfacil;EQ28;ATM;OP27;TRANSFµCIL;DF208;Subst. Do Dispenser do cart∆o;1
01/11/2023;COT1;Transfacil;EQ28;ATM;OP27;TRANSFµCIL;DF258;Subst. Da Cabeáa de Impress∆o;3
01/11/2023;COT1;Transfacil;EQ28;ATM;OP27;TRANSFµCIL;DF281;Subst. Fechadura Digital;1
01/11/2023;COT1;Transfacil;EQ28;ATM;OP27;TRANSFµCIL;DF65;Manutená∆o Cofre;1
01/11/2023;COT1;Transfacil;EQ6;CCIT 4.0 FRONTAL H2.1;;;DF88;Reparo com formataá∆o e reinst. FW/SW;179
01/11/2023;COT1;Transfacil;EQ6;CCIT 4.0 FRONTAL H2.1;;;DF238;Subst. Do Vidro CCIT V4.0;6
01/11/2023;COT1;Transfacil;EQ6;CCIT 4.0 FRONTAL H2.1;;;DF216;Subst. Do M¢dulo H2;1
01/11/2023;COT1;Transfacil;EQ6;CCIT 4.0 FRONTAL H2.1;OP13;Estaá‰es BRT Move;DF88;Reparo com formataá∆o e reinst. FW/SW;26
01/11/2023;COT1;Transfacil;EQ6;CCIT 4.0 FRONTAL H2.1;OP13;Estaá‰es BRT Move;DF136;Subst. Da Carcaáa inferior;1
01/11/2023;COT1;Transfacil;EQ6;CCIT 4.0 FRONTAL H2.1;;;DF37;Defeito n∆o encontrado e subst. FW/SW;5
01/11/2023;COT1;Transfacil;EQ6;CCIT 4.0 FRONTAL H2.1;;;DF133;Subst. Da Campainha CCIT;1
01/11/2023;COT1;Transfacil;EQ6;CCIT 4.0 FRONTAL H2.1;;;DF136;Subst. Da Carcaáa inferior;10
01/11/2023;COT1;Transfacil;EQ6;CCIT 4.0 FRONTAL H2.1;;;DF169;Subst. De Componente eletrìnico;5
01/11/2023;COT1;Transfacil;EQ6;CCIT 4.0 FRONTAL H2.1;;;DF130;Subst. Da Antena WLAN;2
01/11/2023;COT1;Transfacil;EQ6;CCIT 4.0 FRONTAL H2.1;OP13;Estaá‰es BRT Move;DF21;Atualizaá∆o de FW ;37
01/11/2023;COT1;Transfacil;EQ6;CCIT 4.0 FRONTAL H2.1;OP13;Estaá‰es BRT Move;DF93;Reparo no m¢dulo;25
01/11/2023;COT1;Transfacil;EQ6;CCIT 4.0 FRONTAL H2.1;;;DF135;Subst. Da Carcaáa frontal;1
01/11/2023;COT1;Transfacil;EQ6;CCIT 4.0 FRONTAL H2.1;OP13;Estaá‰es BRT Move;DF209;Subst. Do Display;4
01/11/2023;COT1;Transfacil;EQ6;CCIT 4.0 FRONTAL H2.1;OP13;Estaá‰es BRT Move;DF272;Subst. Do Touchscreen do m¢dulo;2
01/11/2023;COT14;TURIN OURO PRETO;EQ6;CCIT 4.0 FRONTAL H2.1;OP52;VIAÄ«O TURIN OURO PRETO;DF88;Reparo com formataá∆o e reinst. FW/SW;6
01/11/2023;COT14;TURIN OURO PRETO;EQ6;CCIT 4.0 FRONTAL H2.1;OP52;VIAÄ«O TURIN OURO PRETO;DF93;Reparo no m¢dulo;6
01/11/2023;COT14;TURIN OURO PRETO;EQ6;CCIT 4.0 FRONTAL H2.1;OP52;VIAÄ«O TURIN OURO PRETO;DF136;Subst. Da Carcaáa inferior;1
01/11/2023;COT23;UTB;EQ6;CCIT 4.0 FRONTAL H2.1;OP83;UTB;DF41;Envio para manutená∆o central-CTG;15
01/11/2023;COT32;Veleiro;EQ6;CCIT 4.0 FRONTAL H2.1;;;DF41;Envio para manutená∆o central-CTG;11
01/11/2023;COT16;Via Ouro;EQ6;CCIT 4.0 FRONTAL H2.1;OP49;VIA OURO COLETIVOS LTDA;DF90;Reparo com formataá∆o e subst. FW/SW;3
01/11/2023;COT16;Via Ouro;EQ6;CCIT 4.0 FRONTAL H2.1;OP49;VIA OURO COLETIVOS LTDA;DF93;Reparo no m¢dulo;3
01/11/2023;COT16;Via Ouro;EQ6;CCIT 4.0 FRONTAL H2.1;OP49;VIA OURO COLETIVOS LTDA;DF272;Subst. Do Touchscreen do m¢dulo;2
01/11/2023;COT1;Transfacil;EQ14;DMX200 MOD H3.1;;;DF88;Reparo com formataá∆o e reinst. FW/SW;67
01/11/2023;COT12;DIVPASS;EQ13;DMX200L;OP124;DIVPASS;DF90;Reparo com formataá∆o e subst. FW/SW;5
01/11/2023;COT24;GVBUS;EQ14;DMX200 MOD H3.1;;;DF41;Envio para manutená∆o central-CTG;44
01/11/2023;COT19;S«O JO«O;EQ39;DMX200L JI21 SEM BATERIA;OP67;S«O JO«O;DF115;Restauraá∆o da ROM via PC;6
01/11/2023;COT20;ROSA TURISMO;EQ39;DMX200L JI21 SEM BATERIA;OP66;ROSA TURISMO;DF115;Restauraá∆o da ROM via PC;9
01/11/2023;COT4;Setut;EQ14;DMX200 MOD H3.1;;;DF41;Envio para manutená∆o central-CTG;15
01/11/2023;COT25;COOTRAPS - CE;EQ14;DMX200 MOD H3.1;OP129;COOTRAPS;DF39;Enviados para manutená∆o central CTG;27
01/11/2023;COT25;COOTRAPS - CE;EQ14;DMX200 MOD H3.1;OP129;COOTRAPS;DF90;Reparo com formataá∆o e subst. FW/SW;19
01/11/2023;COT3;TEU;EQ14;DMX200 MOD H3.1;;;DF21;Atualizaá∆o de FW ;18
01/11/2023;COT3;TEU;EQ14;DMX200 MOD H3.1;;;DF115;Restauraá∆o da ROM via PC;16
01/11/2023;COT3;TEU;EQ14;DMX200 MOD H3.1;;;DF41;Envio para manutená∆o central-CTG;10
01/11/2023;COT16;Via Ouro;EQ39;DMX200L JI21 SEM BATERIA;;;DF21;Atualizaá∆o de FW ;4
01/11/2023;COT2;Transcard;EQ16;PDM03;;;DF93;Reparo no m¢dulo;8
01/11/2023;COT24;GVBUS;EQ14;DMX200 MOD H3.1;;;DF21;Atualizaá∆o de FW ;119
01/11/2023;COT22;Taguatur PM NOVO;EQ39;DMX200L JI21 SEM BATERIA;OP82;TAGUATUR;DF41;Envio para manutená∆o central-CTG;39
01/11/2023;COT23;UTB;EQ40;DMX200L JI21 COM BATERIA;OP83;UTB;DF41;Envio para manutená∆o central-CTG;33
01/11/2023;COT24;GVBUS;EQ14;DMX200 MOD H3.1;;;DF292;Ressolda conector USB;34
01/11/2023;COT11;Gov. Valadares;EQ13;DMX200L;OP53;VIAÄ«O MOBI;DF88;Reparo com formataá∆o e reinst. FW/SW;11
01/11/2023;COT11;Gov. Valadares;EQ13;DMX200L;OP53;VIAÄ«O MOBI;DF271;Subst. Do Vidro;2
01/11/2023;COT11;Gov. Valadares;EQ13;DMX200L;OP53;VIAÄ«O MOBI;DF272;Subst. Do Touchscreen do m¢dulo;2
01/11/2023;COT19;S«O JO«O;EQ39;DMX200L JI21 SEM BATERIA;OP67;S«O JO«O;DF41;Envio para manutená∆o central-CTG;5
01/11/2023;COT36;CAMACARI;EQ39;DMX200L JI21 SEM BATERIA;OP139;PREFEITURA DE CAMAÄARI;DF115;Restauraá∆o da ROM via PC;1
01/11/2023;COT1;Transfacil;EQ10;CONNECTION CCIT 4.0;;;DF88;Reparo com formataá∆o e reinst. FW/SW;36
01/11/2023;COT1;Transfacil;EQ10;CONNECTION CCIT 4.0;;;DF37;Defeito n∆o encontrado e subst. FW/SW;5
01/11/2023;COT1;Transfacil;EQ10;CONNECTION CCIT 4.0;;;DF136;Subst. Da Carcaáa inferior;1
01/11/2023;COT2;Transcard;EQ10;CONNECTION CCIT 4.0;;;DF46;Formataá∆o da mem¢ria e subst. FW;63
01/11/2023;COT2;Transcard;EQ10;CONNECTION CCIT 4.0;;;DF41;Envio para manutená∆o central-CTG;19
01/11/2023;COT2;Transcard;EQ10;CONNECTION CCIT 4.0;;;DF127;Subst. Conector USB;3
01/11/2023;COT2;Transcard;EQ10;CONNECTION CCIT 4.0;;;DF256;Substituiá∆o de fus°vel;5
01/11/2023;COT19;S«O JO«O;EQ10;CONNECTION CCIT 4.0;OP67;S«O JO«O;DF21;Atualizaá∆o de FW ;3
01/11/2023;COT20;ROSA TURISMO;EQ10;CONNECTION CCIT 4.0;OP66;ROSA TURISMO;DF21;Atualizaá∆o de FW ;6
01/11/2023;COT4;Setut;EQ10;CONNECTION CCIT 4.0;;;DF41;Envio para manutená∆o central-CTG;4
01/11/2023;COT1;Transfacil;EQ10;CONNECTION CCIT 4.0;;;DF169;Subst. De Componente eletrìnico;6
01/11/2023;COT1;Transfacil;EQ10;CONNECTION CCIT 4.0;;;DF107;Ressolda no circuito connections;3
01/11/2023;COT24;GVBUS;EQ10;CONNECTION CCIT 4.0;;;DF21;Atualizaá∆o de FW ;9
01/11/2023;COT19;S«O JO«O;EQ10;CONNECTION CCIT 4.0;OP67;S«O JO«O;DF41;Envio para manutená∆o central-CTG;1
01/11/2023;COT20;ROSA TURISMO;EQ10;CONNECTION CCIT 4.0;OP66;ROSA TURISMO;DF41;Envio para manutená∆o central-CTG;1
01/11/2023;COT4;Setut;EQ10;CONNECTION CCIT 4.0;;;DF256;Substituiá∆o de fus°vel;1
01/11/2023;COT3;TEU;EQ22;V3000M;;;DF21;Atualizaá∆o de FW ;43
01/11/2023;COT3;TEU;EQ22;V3000M;;;DF115;Restauraá∆o da ROM via PC;43
01/11/2023;COT3;TEU;EQ26;V3000M DVR;;;DF21;Atualizaá∆o de FW ;12
01/11/2023;COT3;TEU;EQ26;V3000M DVR;;;DF115;Restauraá∆o da ROM via PC;12
01/11/2023;COT24;GVBUS;EQ33;POS MOVE 2500;;;DF41;Envio para manutená∆o central-CTG;18
01/11/2023;COT2;Transcard;EQ31;POS 250;;;DF46;Formataá∆o da mem¢ria e subst. FW;7
01/11/2023;COT2;Transcard;EQ31;POS 250;;;DF41;Envio para manutená∆o central-CTG;4
01/11/2023;COT25;COOTRAPS - CE;EQ17;FONTE PM;OP129;COOTRAPS;DF41;Envio para manutená∆o central-CTG;4
01/11/2023;COT25;COOTRAPS - CE;EQ17;FONTE PM;OP129;COOTRAPS;DF37;Defeito n∆o encontrado e subst. FW/SW;1
01/12/2023;COT7;Alagoinhas;EQ34;CCIT 4.0 FRONTAL H2.1 C SEM BATERIA;OP68;ALAGOINHAS;DF113;Restaura RAM via PC;4
01/12/2023;COT7;Alagoinhas;EQ34;CCIT 4.0 FRONTAL H2.1 C SEM BATERIA;OP68;ALAGOINHAS;DF41;Envio para manutená∆o central-CTG;1
01/12/2023;COT21;Araguarina;EQ35;CCIT 4.0 FRONTAL H2 COM BATERIA;OP81;VIAÄ«O ARAGUARINA;DF41;Envio para manutená∆o central-CTG;4
01/12/2023;COT8;CBTU;EQ1;CCIT 3.0;OP47;CBTU - COMPANHIA BRASILEIRA DE TRENS URBANOS;DF88;Reparo com formataá∆o e reinst. FW/SW;7
01/12/2023;COT27;Cidade das µguas;EQ6;CCIT 4.0 FRONTAL H2.1;OP128;VIAÄ«O CIDADE DAS µGUAS;DF113;Restaura RAM via PC;3
01/12/2023;COT12;DIVPASS;EQ6;CCIT 4.0 FRONTAL H2.1;OP124;DIVPASS;DF88;Reparo com formataá∆o e reinst. FW/SW;16
01/12/2023;COT12;DIVPASS;EQ6;CCIT 4.0 FRONTAL H2.1;OP124;DIVPASS;DF216;Subst. Do M¢dulo H2;1
01/12/2023;COT12;DIVPASS;EQ6;CCIT 4.0 FRONTAL H2.1;OP124;DIVPASS;DF209;Subst. Do Display;2
01/12/2023;COT12;DIVPASS;EQ6;CCIT 4.0 FRONTAL H2.1;OP124;DIVPASS;DF93;Reparo no m¢dulo;8
01/12/2023;COT33;FLORIAN‡POLIS;EQ8;CCIT 4.0 FRONTAL JI21 SEM BATERIA;;;DF115;Restauraá∆o da ROM via PC;14
01/12/2023;COT33;FLORIAN‡POLIS;EQ8;CCIT 4.0 FRONTAL JI21 SEM BATERIA;;;DF41;Envio para manutená∆o central-CTG;5
01/12/2023;COT33;FLORIAN‡POLIS;EQ8;CCIT 4.0 FRONTAL JI21 SEM BATERIA;;;DF60;Limpeza de cache;22
01/12/2023;COT11;Gov. Valadares;EQ6;CCIT 4.0 FRONTAL H2.1;OP53;VIAÄ«O MOBI;DF88;Reparo com formataá∆o e reinst. FW/SW;10
01/12/2023;COT11;Gov. Valadares;EQ6;CCIT 4.0 FRONTAL H2.1;OP53;VIAÄ«O MOBI;DF210;Subst. Do Display CCIT;2
01/12/2023;COT11;Gov. Valadares;EQ6;CCIT 4.0 FRONTAL H2.1;OP53;VIAÄ«O MOBI;DF93;Reparo no m¢dulo;5
01/12/2023;COT11;Gov. Valadares;EQ6;CCIT 4.0 FRONTAL H2.1;OP53;VIAÄ«O MOBI;DF136;Subst. Da Carcaáa inferior;1
01/12/2023;COT11;Gov. Valadares;EQ6;CCIT 4.0 FRONTAL H2.1;OP53;VIAÄ«O MOBI;DF216;Subst. Do M¢dulo H2;1
01/12/2023;COT11;Gov. Valadares;EQ6;CCIT 4.0 FRONTAL H2.1;OP53;VIAÄ«O MOBI;DF272;Subst. Do Touchscreen do m¢dulo;1
01/12/2023;COT24;GVBUS;EQ28;ATM;OP108;GVBUS - SIND. DAS EMP. DE TRANP. METROP. DA GRANDE VIT‡RIA;DF262;Retirada de nota ATM e testes;11
01/12/2023;COT24;GVBUS;EQ28;ATM;OP108;GVBUS - SIND. DAS EMP. DE TRANP. METROP. DA GRANDE VIT‡RIA;DF218;Subst. Do Monitor;1
01/12/2023;COT24;GVBUS;EQ28;ATM;OP108;GVBUS - SIND. DAS EMP. DE TRANP. METROP. DA GRANDE VIT‡RIA;DF78;PC Reiniciado;3
01/12/2023;COT24;GVBUS;EQ28;ATM;OP108;GVBUS - SIND. DAS EMP. DE TRANP. METROP. DA GRANDE VIT‡RIA;DF237;Subst. Do Validador de Notas;1
01/12/2023;COT24;GVBUS;EQ28;ATM;OP108;GVBUS - SIND. DAS EMP. DE TRANP. METROP. DA GRANDE VIT‡RIA;DF197;Subst. Do Cofre;1
01/12/2023;COT24;GVBUS;EQ28;ATM;OP108;GVBUS - SIND. DAS EMP. DE TRANP. METROP. DA GRANDE VIT‡RIA;DF231;Subst. Do PINpad;2
01/12/2023;COT24;GVBUS;EQ6;CCIT 4.0 FRONTAL H2.1;;;DF91;Reparo com Gravaá∆o de PIC e reinst. Do FW;113
01/12/2023;COT24;GVBUS;EQ6;CCIT 4.0 FRONTAL H2.1;;;DF41;Envio para manutená∆o central-CTG;26
01/12/2023;COT24;GVBUS;EQ6;CCIT 4.0 FRONTAL H2.1;;;DF21;Atualizaá∆o de FW ;114
01/12/2023;COT24;GVBUS;EQ6;CCIT 4.0 FRONTAL H2.1;;;DF93;Reparo no m¢dulo;113
01/12/2023;COT6;Metro-Bahia;EQ28;ATM;OP63;METRO-BAHIA;DF237;Subst. Do Validador de Notas;10
01/12/2023;COT6;Metro-Bahia;EQ28;ATM;OP63;METRO-BAHIA;DF179;Subst. Do Cabo de Comunicaá∆o da Impressora;2
01/12/2023;COT6;Metro-Bahia;EQ28;ATM;OP63;METRO-BAHIA;DF143;Subst. da Impressora;4
01/12/2023;COT6;METRO-BAHIA;EQ6;CCIT 4.0 FRONTAL H2.1;OP63;METRO-BAHIA;DF113;Restaura RAM via PC;17
01/12/2023;COT5;METROFOR/ VLT FORTALEZA;EQ38;CCIT 4.0 METROFOR;OP105;METROFOR LINHA SUL;DF88;Reparo com formataá∆o e reinst. FW/SW;10
01/12/2023;COT5;METROFOR/ VLT FORTALEZA;EQ38;CCIT 4.0 METROFOR;OP105;METROFOR LINHA SUL;DF41;Envio para manutená∆o central-CTG;4
01/12/2023;COT10;Metropolitano-Bahia;EQ6;CCIT 4.0 FRONTAL H2.1;OP64;METROPOLITANO SSA;DF113;Restaura RAM via PC;40
01/12/2023;COT10;Metropolitano-Bahia;EQ6;CCIT 4.0 FRONTAL H2.1;OP64;METROPOLITANO SSA;DF41;Envio para manutená∆o central-CTG;4
01/12/2023;COT20;ROSA TURISMO;EQ36;CCIT 4.0 FRONTAL H1 COM BATERIA;OP66;ROSA TURISMO;DF41;Envio para manutená∆o central-CTG;1
01/12/2023;COT20;ROSA TURISMO;EQ36;CCIT 4.0 FRONTAL H1 COM BATERIA;OP66;ROSA TURISMO;DF113;Restaura RAM via PC;5
01/12/2023;COT19;S«O JO«O;EQ36;CCIT 4.0 FRONTAL H1 COM BATERIA;OP67;S«O JO«O;DF113;Restaura RAM via PC;13
01/12/2023;COT19;S«O JO«O;EQ36;CCIT 4.0 FRONTAL H1 COM BATERIA;OP67;S«O JO«O;DF41;Envio para manutená∆o central-CTG;1
01/12/2023;COT17;S∆o Jorge;EQ6;CCIT 4.0 FRONTAL H2.1;OP50;S«O JORGE AUTO ONIBUS ;DF21;Atualizaá∆o de FW ;1
01/12/2023;COT4;Setut;EQ6;CCIT 4.0 FRONTAL H2.1;;;DF41;Envio para manutená∆o central-CTG;6
01/12/2023;COT18;Sindpautras;EQ6;CCIT 4.0 FRONTAL H2.1;OP48;SINDPAUTRAS-SIND. PERM. AUT. TRANSP. SU;DF88;Reparo com formataá∆o e reinst. FW/SW;40
01/12/2023;COT18;Sindpautras;EQ6;CCIT 4.0 FRONTAL H2.1;OP48;SINDPAUTRAS-SIND. PERM. AUT. TRANSP. SU;DF93;Reparo no m¢dulo;19
01/12/2023;COT18;Sindpautras;EQ6;CCIT 4.0 FRONTAL H2.1;OP48;SINDPAUTRAS-SIND. PERM. AUT. TRANSP. SU;DF136;Subst. Da Carcaáa inferior;1
01/12/2023;COT18;Sindpautras;EQ6;CCIT 4.0 FRONTAL H2.1;OP48;SINDPAUTRAS-SIND. PERM. AUT. TRANSP. SU;DF209;Subst. Do Display;3
01/12/2023;COT18;Sindpautras;EQ6;CCIT 4.0 FRONTAL H2.1;OP48;SINDPAUTRAS-SIND. PERM. AUT. TRANSP. SU;DF272;Subst. Do Touchscreen do m¢dulo;1
01/12/2023;COT18;Sindpautras;EQ6;CCIT 4.0 FRONTAL H2.1;OP48;SINDPAUTRAS-SIND. PERM. AUT. TRANSP. SU;DF238;Subst. Do Vidro CCIT V4.0;1
01/12/2023;COT18;Sindpautras;EQ6;CCIT 4.0 FRONTAL H2.1;OP48;SINDPAUTRAS-SIND. PERM. AUT. TRANSP. SU;DF135;Subst. Da Carcaáa frontal;1
01/12/2023;COT22;Taguatur;EQ35;CCIT 4.0 FRONTAL H2 COM BATERIA;OP82;TAGUATUR;DF41;Envio para manutená∆o central-CTG;35
01/12/2023;COT3;TEU;EQ3;CCIT 3.5;;;DF157;Subst. Da Placa FTCLess;3
01/12/2023;COT3;TEU;EQ3;CCIT 3.5;;;DF242;Subst. Placa Mbccit;2
01/12/2023;COT3;TEU;EQ36;CCIT 4.0 FRONTAL H1 COM BATERIA;;;DF115;Restauraá∆o da ROM via PC;169
01/12/2023;COT3;TEU;EQ36;CCIT 4.0 FRONTAL H1 COM BATERIA;;;DF41;Envio para manutená∆o central-CTG;11
01/12/2023;COT3;TEU;EQ36;CCIT 4.0 FRONTAL H1 COM BATERIA;;;DF136;Subst. Da Carcaáa inferior;7
01/12/2023;COT3;TEU;EQ36;CCIT 4.0 FRONTAL H1 COM BATERIA;;;DF60;Limpeza de cache;16
01/12/2023;COT3;TEU;EQ36;CCIT 4.0 FRONTAL H1 COM BATERIA;;;DF132;Subst. Da Bateria de Lithium;3
01/12/2023;COT2;Transcard;EQ28;ATM;OP61;Setps (Transcard);DF237;Subst. Do Validador de Notas;4
01/12/2023;COT2;Transcard;EQ28;ATM;OP61;Setps (Transcard);DF284;Manutená∆o PC ATM;2
01/12/2023;COT2;Transcard;EQ28;ATM;OP61;Setps (Transcard);DF143;Subst. da Impressora;2
01/12/2023;COT2;Transcard;EQ28;ATM;OP61;Setps (Transcard);DF231;Subst. Do PINpad;1
01/12/2023;COT2;Transcard;EQ28;ATM;OP61;Setps (Transcard);DF128;Subst. Da antena Cless;1
01/12/2023;COT2;Transcard;EQ28;ATM;OP61;Setps (Transcard);DF179;Subst. Do Cabo de Comunicaá∆o da Impressora;2
01/12/2023;COT2;Transcard;EQ28;ATM;OP61;Setps (Transcard);DF314;Ajustes Cabo VGA;2
01/12/2023;COT2;Transcard;EQ6;CCIT 4.0 FRONTAL H2.1;;;DF113;Restaura RAM via PC;151
01/12/2023;COT2;Transcard;EQ6;CCIT 4.0 FRONTAL H2.1;;;DF114;Restaura RAM via pendrive;24
01/12/2023;COT2;Transcard;EQ6;CCIT 4.0 FRONTAL H2.1;;;DF41;Enviados para manutená∆o central CTG;38
01/12/2023;COT1;Transfacil;EQ28;ATM;OP27;TRANSFµCIL;DF19;ATM - defeito n∆o confirmado;2
01/12/2023;COT1;Transfacil;EQ28;ATM;OP27;TRANSFµCIL;DF237;Subst. Do Validador de Notas;3
01/12/2023;COT1;Transfacil;EQ28;ATM;OP27;TRANSFµCIL;DF284;Manutená∆o PC ATM;1
01/12/2023;COT1;Transfacil;EQ28;ATM;OP27;TRANSFµCIL;DF143;Subst. da Impressora;3
01/12/2023;COT1;Transfacil;EQ28;ATM;OP27;TRANSFµCIL;DF67;Manutená∆o na Impressora;1
01/12/2023;COT1;Transfacil;EQ6;CCIT 4.0 FRONTAL H2.1;;;DF88;Reparo com formataá∆o e reinst. FW/SW;202
01/12/2023;COT1;Transfacil;EQ6;CCIT 4.0 FRONTAL H2.1;;;DF238;Subst. Do Vidro CCIT V4.0;5
01/12/2023;COT1;Transfacil;EQ6;CCIT 4.0 FRONTAL H2.1;;;DF216;Subst. Do M¢dulo H2;3
01/12/2023;COT1;Transfacil;EQ6;CCIT 4.0 FRONTAL H2.1;OP13;Estaá‰es BRT Move;DF88;Reparo com formataá∆o e reinst. FW/SW;24
01/12/2023;COT1;Transfacil;EQ6;CCIT 4.0 FRONTAL H2.1;OP13;Estaá‰es BRT Move;DF306;Retirada da bateria;1
01/12/2023;COT1;Transfacil;EQ6;CCIT 4.0 FRONTAL H2.1;;;DF136;Subst. Da Carcaáa inferior;5
01/12/2023;COT1;Transfacil;EQ6;CCIT 4.0 FRONTAL H2.1;;;DF169;Subst. De Componente eletrìnico;1
01/12/2023;COT1;Transfacil;EQ6;CCIT 4.0 FRONTAL H2.1;OP13;Estaá‰es BRT Move;DF21;Atualizaá∆o de FW ;10
01/12/2023;COT1;Transfacil;EQ6;CCIT 4.0 FRONTAL H2.1;OP13;Estaá‰es BRT Move;DF93;Reparo no m¢dulo;13
01/12/2023;COT1;Transfacil;EQ6;CCIT 4.0 FRONTAL H2.1;OP13;Estaá‰es BRT Move;DF216;Subst. Do M¢dulo H2;4
01/12/2023;COT14;TURIN OURO PRETO;EQ6;CCIT 4.0 FRONTAL H2.1;OP52;VIAÄ«O TURIN OURO PRETO;DF88;Reparo com formataá∆o e reinst. FW/SW;4
01/12/2023;COT14;TURIN OURO PRETO;EQ6;CCIT 4.0 FRONTAL H2.1;OP52;VIAÄ«O TURIN OURO PRETO;DF93;Reparo no m¢dulo;2
01/12/2023;COT14;TURIN OURO PRETO;EQ6;CCIT 4.0 FRONTAL H2.1;OP52;VIAÄ«O TURIN OURO PRETO;DF209;Subst. Do Display;1
01/12/2023;COT23;UTB;EQ6;CCIT 4.0 FRONTAL H2.1;OP83;UTB;DF41;Envio para manutená∆o central-CTG;17
01/12/2023;COT1;Transfacil;EQ14;DMX200 MOD H3.1;;;DF88;Reparo com formataá∆o e reinst. FW/SW;53
01/12/2023;COT12;DIVPASS;EQ13;DMX200L;OP124;DIVPASS;DF21;Atualizaá∆o de FW ;18
01/12/2023;COT24;GVBUS;EQ14;DMX200 MOD H3.1;;;DF41;Envio para manutená∆o central-CTG;39
01/12/2023;COT19;S«O JO«O;EQ39;DMX200L JI21 SEM BATERIA;OP67;S«O JO«O;DF115;Restauraá∆o da ROM via PC;7
01/12/2023;COT20;ROSA TURISMO;EQ39;DMX200L JI21 SEM BATERIA;OP66;ROSA TURISMO;DF115;Restauraá∆o da ROM via PC;4
01/12/2023;COT4;Setut;EQ14;DMX200 MOD H3.1;;;DF41;Envio para manutená∆o central-CTG;14
01/12/2023;COT25;COOTRAPS - CE;EQ14;DMX200 MOD H3.1;OP129;COOTRAPS;DF39;Enviados para manutená∆o central CTG;14
01/12/2023;COT25;COOTRAPS - CE;EQ14;DMX200 MOD H3.1;OP129;COOTRAPS;DF90;Reparo com formataá∆o e subst. FW/SW;11
01/12/2023;COT3;TEU;EQ14;DMX200 MOD H3.1;;;DF21;Atualizaá∆o de FW ;10
01/12/2023;COT3;TEU;EQ14;DMX200 MOD H3.1;;;DF115;Restauraá∆o da ROM via PC;10
01/12/2023;COT3;TEU;EQ14;DMX200 MOD H3.1;;;DF41;Envio para manutená∆o central-CTG;4
01/12/2023;COT2;Transcard;EQ16;PDM03;;;DF93;Reparo no m¢dulo;8
01/12/2023;COT24;GVBUS;EQ14;DMX200 MOD H3.1;;;DF21;Atualizaá∆o de FW ;158
01/12/2023;COT24;GVBUS;EQ14;DMX200 MOD H3.1;;;DF292;Ressolda conector USB;20
01/12/2023;COT11;Gov. Valadares;EQ13;DMX200L;OP53;VIAÄ«O MOBI;DF21;Atualizaá∆o de FW ;13
01/12/2023;COT19;S«O JO«O;EQ39;DMX200L JI21 SEM BATERIA;OP67;S«O JO«O;DF41;Envio para manutená∆o central-CTG;2
01/12/2023;COT2;Transcard;EQ16;PDM03;;;DF41;Envio para manutená∆o central-CTG;1
01/12/2023;COT20;ROSA TURISMO;EQ39;DMX200L JI21 SEM BATERIA;OP66;ROSA TURISMO;DF41;Envio para manutená∆o central-CTG;1
01/12/2023;COT25;COOTRAPS - CE;EQ14;DMX200 MOD H3.1;OP129;COOTRAPS;DF298;Subst. De placa do sensor;8
01/12/2023;COT33;FLORIAN‡POLIS;EQ15;DMX200L SEM BATERIA;;;DF115;Restauraá∆o da ROM via PC;30
01/12/2023;COT33;FLORIAN‡POLIS;EQ15;DMX200L SEM BATERIA;;;DF41;Envio para manutená∆o central-CTG;17
01/12/2023;COT33;FLORIAN‡POLIS;EQ15;DMX200L SEM BATERIA;;;DF21;Atualizaá∆o de FW ;32
01/12/2023;COT12;DIVPASS;EQ13;DMX200L;OP124;DIVPASS;DF271;Subst. Do Vidro;1
01/12/2023;COT12;DIVPASS;EQ13;DMX200L;OP124;DIVPASS;DF272;Subst. Do Touchscreen do m¢dulo;1
01/12/2023;COT12;DIVPASS;EQ13;DMX200L;OP124;DIVPASS;DF170;Subst. De Gorila Glass;1
01/12/2023;COT35;TURIN CONGONHAS;EQ5;CCIT 4.0 FRONTAL;OP138;VIAÄ«O TURIN CONGONHAS;DF21;Atualizaá∆o de FW ;1
01/12/2023;COT35;TURIN CONGONHAS;EQ5;CCIT 4.0 FRONTAL;OP138;VIAÄ«O TURIN CONGONHAS;DF271;Subst. Do Vidro;1
01/12/2023;COT35;TURIN CONGONHAS;EQ5;CCIT 4.0 FRONTAL;OP138;VIAÄ«O TURIN CONGONHAS;DF272;Subst. Do Touchscreen do m¢dulo;1
01/12/2023;COT35;TURIN CONGONHAS;EQ5;CCIT 4.0 FRONTAL;OP138;VIAÄ«O TURIN CONGONHAS;DF170;Subst. De Gorila Glass;1
01/12/2023;COT23;UTB;EQ40;DMX200L JI21 COM BATERIA;OP83;UTB;DF41;Envio para manutená∆o central-CTG;13
01/12/2023;COT1;Transfacil;EQ10;CONNECTION CCIT 4.0;;;DF88;Reparo com formataá∆o e reinst. FW/SW;11
01/12/2023;COT2;Transcard;EQ10;CONNECTION CCIT 4.0;;;DF46;Formataá∆o da mem¢ria e subst. FW;33
01/12/2023;COT2;Transcard;EQ10;CONNECTION CCIT 4.0;;;DF41;Envio para manutená∆o central-CTG;25
01/12/2023;COT19;S«O JO«O;EQ10;CONNECTION CCIT 4.0;OP67;S«O JO«O;DF21;Atualizaá∆o de FW ;4
01/12/2023;COT4;Setut;EQ10;CONNECTION CCIT 4.0;;;DF41;Envio para manutená∆o central-CTG;1
01/12/2023;COT1;Transfacil;EQ10;CONNECTION CCIT 4.0;;;DF169;Subst. De Componente eletrìnico;1
01/12/2023;COT1;Transfacil;EQ10;CONNECTION CCIT 4.0;;;DF107;Ressolda no circuito connections;3
01/12/2023;COT24;GVBUS;EQ10;CONNECTION CCIT 4.0;;;DF21;Atualizaá∆o de FW ;3
01/12/2023;COT19;S«O JO«O;EQ10;CONNECTION CCIT 4.0;OP67;S«O JO«O;DF41;Envio para manutená∆o central-CTG;1
01/12/2023;COT6;METRO-BAHIA;EQ10;CONNECTION CCIT 4.0;;;DF90;Reparo com formataá∆o e subst. FW/SW;3
01/12/2023;COT10;Metropolitano-Bahia;EQ10;CONNECTION CCIT 4.0;OP64;METROPOLITANO SSA;DF21;Atualizaá∆o de FW ;13
01/12/2023;COT10;Metropolitano-Bahia;EQ10;CONNECTION CCIT 4.0;OP64;METROPOLITANO SSA;DF41;Envio para manutená∆o central-CTG;4
01/12/2023;COT24;GVBUS;EQ10;CONNECTION CCIT 4.0;;;DF41;Envio para manutená∆o central-CTG;3
01/12/2023;COT3;TEU;EQ22;V3000M;;;DF21;Atualizaá∆o de FW ;53
01/12/2023;COT3;TEU;EQ22;V3000M;;;DF115;Restauraá∆o da ROM via PC;53
01/12/2023;COT3;TEU;EQ26;V3000M DVR;;;DF21;Atualizaá∆o de FW ;6
01/12/2023;COT3;TEU;EQ26;V3000M DVR;;;DF115;Restauraá∆o da ROM via PC;6
01/12/2023;COT3;TEU;EQ21;V3000L;;;DF21;Atualizaá∆o de FW ;1
01/12/2023;COT3;TEU;EQ21;V3000L;;;DF115;Restauraá∆o da ROM via PC;1
01/12/2023;COT10;Metropolitano-Bahia;EQ31;POS 250;OP64;METROPOLITANO SSA;DF46;Formataá∆o da mem¢ria e subst. FW;3
01/12/2023;COT2;Transcard;EQ31;POS 250;;;DF46;Formataá∆o da mem¢ria e subst. FW;9
01/12/2023;COT2;Transcard;EQ31;POS 250;;;DF41;Envio para manutená∆o central-CTG;6
01/12/2023;COT1;Transfacil;EQ31;POS 250;OP27;TRANSFµCIL;DF41;Envio para manutená∆o central-CTG;1
01/12/2023;COT25;COOTRAPS - CE;EQ17;FONTE PM;OP129;COOTRAPS;DF41;Envio para manutená∆o central-CTG;2
01/12/2023;COT25;COOTRAPS - CE;EQ17;FONTE PM;OP129;COOTRAPS;DF37;Defeito n∆o encontrado e subst. FW/SW;3
01/01/2024;COT7;Alagoinhas;EQ34;CCIT 4.0 FRONTAL H2.1 C SEM BATERIA;OP68;ALAGOINHAS;DF113;Restaura RAM via PC;5
01/01/2024;COT8;CBTU;EQ1;CCIT 3.0;OP47;CBTU - COMPANHIA BRASILEIRA DE TRENS URBANOS;DF21;Atualizaá∆o de FW ;5
01/01/2024;COT8;CBTU;EQ1;CCIT 3.0;OP47;CBTU - COMPANHIA BRASILEIRA DE TRENS URBANOS;DF210;Subst. Do Display CCIT;1
01/01/2024;COT27;Cidade das µguas;EQ6;CCIT 4.0 FRONTAL H2.1;OP128;VIAÄ«O CIDADE DAS µGUAS;DF113;Restaura RAM via PC;4
01/01/2024;COT12;DIVPASS;EQ6;CCIT 4.0 FRONTAL H2.1;OP124;DIVPASS;DF88;Reparo com formataá∆o e reinst. FW/SW;12
01/01/2024;COT12;DIVPASS;EQ6;CCIT 4.0 FRONTAL H2.1;OP124;DIVPASS;DF93;Reparo no m¢dulo;12
01/01/2024;COT12;DIVPASS;EQ6;CCIT 4.0 FRONTAL H2.1;OP124;DIVPASS;DF136;Subst. Da Carcaáa inferior;1
01/01/2024;COT12;DIVPASS;EQ6;CCIT 4.0 FRONTAL H2.1;OP124;DIVPASS;DF272;Subst. Do Touchscreen do m¢dulo;2
01/01/2024;COT33;FLORIAN‡POLIS;EQ8;CCIT 4.0 FRONTAL JI21 SEM BATERIA;;;DF21;Atualizaá∆o de FW ;49
01/01/2024;COT33;FLORIAN‡POLIS;EQ8;CCIT 4.0 FRONTAL JI21 SEM BATERIA;;;DF41;Envio para manutená∆o central-CTG;11
01/01/2024;COT33;FLORIAN‡POLIS;EQ8;CCIT 4.0 FRONTAL JI21 SEM BATERIA;;;DF115;Restauraá∆o da ROM via PC;36
01/01/2024;COT11;Gov. Valadares;EQ6;CCIT 4.0 FRONTAL H2.1;OP53;VIAÄ«O MOBI;DF88;Reparo com formataá∆o e reinst. FW/SW;6
01/01/2024;COT11;Gov. Valadares;EQ6;CCIT 4.0 FRONTAL H2.1;OP53;VIAÄ«O MOBI;DF93;Reparo no m¢dulo;6
01/01/2024;COT11;Gov. Valadares;EQ6;CCIT 4.0 FRONTAL H2.1;OP53;VIAÄ«O MOBI;DF209;Subst. Do Display;3
01/01/2024;COT11;Gov. Valadares;EQ6;CCIT 4.0 FRONTAL H2.1;OP53;VIAÄ«O MOBI;DF210;Subst. Do Display CCIT;3
01/01/2024;COT11;Gov. Valadares;EQ6;CCIT 4.0 FRONTAL H2.1;OP53;VIAÄ«O MOBI;DF272;Subst. Do Touchscreen do m¢dulo;2
01/01/2024;COT11;Gov. Valadares;EQ6;CCIT 4.0 FRONTAL H2.1;OP53;VIAÄ«O MOBI;DF271;Subst. Do Vidro;1
01/01/2024;COT24;GVBUS;EQ28;ATM;OP108;GVBUS - SIND. DAS EMP. DE TRANP. METROP. DA GRANDE VIT‡RIA;DF262;Retirada de nota ATM e testes;1
01/01/2024;COT24;GVBUS;EQ28;ATM;OP108;GVBUS - SIND. DAS EMP. DE TRANP. METROP. DA GRANDE VIT‡RIA;DF218;Subst. Do Monitor;4
01/01/2024;COT24;GVBUS;EQ28;ATM;OP108;GVBUS - SIND. DAS EMP. DE TRANP. METROP. DA GRANDE VIT‡RIA;DF231;Subst. Do PINpad;3
01/01/2024;COT24;GVBUS;EQ28;ATM;OP108;GVBUS - SIND. DAS EMP. DE TRANP. METROP. DA GRANDE VIT‡RIA;DF142;Subst. Da Fonte Lambda ATM;1
01/01/2024;COT24;GVBUS;EQ28;ATM;OP108;GVBUS - SIND. DAS EMP. DE TRANP. METROP. DA GRANDE VIT‡RIA;DF143;Subst. da Impressora;1
01/01/2024;COT24;GVBUS;EQ28;ATM;OP108;GVBUS - SIND. DAS EMP. DE TRANP. METROP. DA GRANDE VIT‡RIA;DF299;Subst. De UPEX ATM;1
01/01/2024;COT24;GVBUS;EQ6;CCIT 4.0 FRONTAL H2.1;;;DF21;Atualizaá∆o de FW ;18
01/01/2024;COT24;GVBUS;EQ6;CCIT 4.0 FRONTAL H2.1;;;DF41;Envio para manutená∆o central-CTG;30
01/01/2024;COT24;GVBUS;EQ6;CCIT 4.0 FRONTAL H2.1;;;DF91;Reparo com Gravaá∆o de PIC e reinst. Do FW;153
01/01/2024;COT13;Mariana;EQ5;CCIT 4.0 FRONTAL;OP54;TRANSCOTTA MARIANA MG;DF90;Reparo com formataá∆o e subst. FW/SW;4
01/01/2024;COT13;Mariana;EQ5;CCIT 4.0 FRONTAL;OP54;TRANSCOTTA MARIANA MG;DF93;Reparo no m¢dulo;4
01/01/2024;COT13;Mariana;EQ5;CCIT 4.0 FRONTAL;OP54;TRANSCOTTA MARIANA MG;DF209;Subst. Do Display;1
01/01/2024;COT13;Mariana;EQ5;CCIT 4.0 FRONTAL;OP54;TRANSCOTTA MARIANA MG;DF272;Subst. Do Touchscreen do m¢dulo;2
01/01/2024;COT13;Mariana;EQ5;CCIT 4.0 FRONTAL;OP54;TRANSCOTTA MARIANA MG;DF238;Subst. Do Vidro CCIT V4.0;1
01/01/2024;COT6;Metro-Bahia;EQ28;ATM;OP63;METRO-BAHIA;DF237;Subst. Do Validador de Notas;23
01/01/2024;COT6;Metro-Bahia;EQ28;ATM;OP63;METRO-BAHIA;DF218;Subst. Do Monitor;1
01/01/2024;COT6;Metro-Bahia;EQ28;ATM;OP63;METRO-BAHIA;DF143;Subst. da Impressora;7
01/01/2024;COT6;Metro-Bahia;EQ28;ATM;OP63;METRO-BAHIA;DF7;Ajuste do M¢dulo de Impress∆o;3
01/01/2024;COT6;Metro-Bahia;EQ28;ATM;OP63;METRO-BAHIA;DF228;Subst. Do PDV ATM;1
01/01/2024;COT6;Metro-Bahia;EQ28;ATM;OP63;METRO-BAHIA;DF284;Manutená∆o PC ATM;1
01/01/2024;COT6;Metro-Bahia;EQ28;ATM;OP63;METRO-BAHIA;DF260;Subst. HUB Serial;2
01/01/2024;COT6;Metro-Bahia;EQ28;ATM;OP63;METRO-BAHIA;DF141;Subst. Da Fonte do PDV ATM;1
01/01/2024;COT6;Metro-Bahia;EQ28;ATM;OP63;METRO-BAHIA;DF236;Subst. Do Teclado de Metal Frontal;1
01/01/2024;COT6;METRO-BAHIA;EQ6;CCIT 4.0 FRONTAL H2.1;OP63;METRO-BAHIA;DF113;Restaura RAM via PC;12
01/01/2024;COT5;METROFOR/ VLT FORTALEZA;EQ38;CCIT 4.0 METROFOR;OP105;METROFOR LINHA SUL;DF41;Envio para manutená∆o central-CTG;15
01/01/2024;COT5;METROFOR/ VLT FORTALEZA;EQ38;CCIT 4.0 METROFOR;OP105;METROFOR LINHA SUL;DF88;Reparo com formataá∆o e reinst. FW/SW;5
01/01/2024;COT5;METROFOR/ VLT FORTALEZA;EQ38;CCIT 4.0 METROFOR;OP105;METROFOR LINHA SUL;DF113;Restaura RAM via PC;19
01/01/2024;COT10;Metropolitano-Bahia;EQ6;CCIT 4.0 FRONTAL H2.1;OP64;METROPOLITANO SSA;DF113;Restaura RAM via PC;34
01/01/2024;COT10;Metropolitano-Bahia;EQ6;CCIT 4.0 FRONTAL H2.1;OP64;METROPOLITANO SSA;DF272;Subst. Do Touchscreen do m¢dulo;7
01/01/2024;COT20;ROSA TURISMO;EQ36;CCIT 4.0 FRONTAL H1 COM BATERIA;OP66;ROSA TURISMO;DF41;Envio para manutená∆o central-CTG;1
01/01/2024;COT20;ROSA TURISMO;EQ36;CCIT 4.0 FRONTAL H1 COM BATERIA;OP66;ROSA TURISMO;DF113;Restaura RAM via PC;15
01/01/2024;COT20;ROSA TURISMO;EQ36;CCIT 4.0 FRONTAL H1 COM BATERIA;OP66;ROSA TURISMO;DF272;Subst. Do Touchscreen do m¢dulo;2
01/01/2024;COT19;S«O JO«O;EQ36;CCIT 4.0 FRONTAL H1 COM BATERIA;OP67;S«O JO«O;DF113;Restaura RAM via PC;9
01/01/2024;COT19;S«O JO«O;EQ36;CCIT 4.0 FRONTAL H1 COM BATERIA;OP67;S«O JO«O;DF272;Subst. Do Touchscreen do m¢dulo;3
01/01/2024;COT4;Setut;EQ6;CCIT 4.0 FRONTAL H2.1;;;DF41;Envio para manutená∆o central-CTG;4
01/01/2024;COT4;Setut;EQ6;CCIT 4.0 FRONTAL H2.1;;;DF113;Restaura RAM via PC;2
01/01/2024;COT18;Sindpautras;EQ6;CCIT 4.0 FRONTAL H2.1;OP48;SINDPAUTRAS-SIND. PERM. AUT. TRANSP. SU;DF21;Atualizaá∆o de FW ;24
01/01/2024;COT18;Sindpautras;EQ6;CCIT 4.0 FRONTAL H2.1;OP48;SINDPAUTRAS-SIND. PERM. AUT. TRANSP. SU;DF93;Reparo no m¢dulo;24
01/01/2024;COT18;Sindpautras;EQ6;CCIT 4.0 FRONTAL H2.1;OP48;SINDPAUTRAS-SIND. PERM. AUT. TRANSP. SU;DF209;Subst. Do Display;1
01/01/2024;COT18;Sindpautras;EQ6;CCIT 4.0 FRONTAL H2.1;OP48;SINDPAUTRAS-SIND. PERM. AUT. TRANSP. SU;DF272;Subst. Do Touchscreen do m¢dulo;1
01/01/2024;COT22;Taguatur;EQ35;CCIT 4.0 FRONTAL H2 COM BATERIA;OP82;TAGUATUR;DF41;Envio para manutená∆o central-CTG;30
01/01/2024;COT3;TEU;EQ3;CCIT 3.5;;;DF157;Subst. Da Placa FTCLess;2
01/01/2024;COT3;TEU;EQ3;CCIT 3.5;;;DF135;Subst. Da Carcaáa frontal;3
01/01/2024;COT3;TEU;EQ36;CCIT 4.0 FRONTAL H1 COM BATERIA;;;DF41;Envio para manutená∆o central-CTG;13
01/01/2024;COT3;TEU;EQ36;CCIT 4.0 FRONTAL H1 COM BATERIA;;;DF60;Limpeza de cache;11
01/01/2024;COT3;TEU;EQ36;CCIT 4.0 FRONTAL H1 COM BATERIA;;;DF115;Restauraá∆o da ROM via PC;252
01/01/2024;COT3;TEU;EQ36;CCIT 4.0 FRONTAL H1 COM BATERIA;;;DF132;Subst. Da Bateria de Lithium;7
01/01/2024;COT3;TEU;EQ36;CCIT 4.0 FRONTAL H1 COM BATERIA;;;DF136;Subst. Da Carcaáa inferior;21
01/01/2024;COT2;Transcard;EQ28;ATM;OP61;Setps (Transcard);DF237;Subst. Do Validador de Notas;3
01/01/2024;COT2;Transcard;EQ28;ATM;OP61;Setps (Transcard);DF284;Manutená∆o PC ATM;4
01/01/2024;COT2;Transcard;EQ28;ATM;OP61;Setps (Transcard);DF143;Subst. da Impressora;2
01/01/2024;COT2;Transcard;EQ28;ATM;OP61;Setps (Transcard);DF231;Subst. Do PINpad;3
01/01/2024;COT2;Transcard;EQ28;ATM;OP61;Setps (Transcard);DF128;Subst. Da antena Cless;1
01/01/2024;COT2;Transcard;EQ28;ATM;OP61;Setps (Transcard);DF179;Subst. Do Cabo de Comunicaá∆o da Impressora;1
01/01/2024;COT2;Transcard;EQ28;ATM;OP61;Setps (Transcard);DF314;Ajustes Cabo VGA;1
01/01/2024;COT2;Transcard;EQ6;CCIT 4.0 FRONTAL H2.1;;;DF41;Enviados para manutená∆o central CTG;7
01/01/2024;COT2;Transcard;EQ6;CCIT 4.0 FRONTAL H2.1;;;DF113;Restaura RAM via PC;191
01/01/2024;COT2;Transcard;EQ6;CCIT 4.0 FRONTAL H2.1;;;DF114;Restaura RAM via pendrive;18
01/01/2024;COT2;Transcard;EQ6;CCIT 4.0 FRONTAL H2.1;;;DF272;Subst. Do Touchscreen do m¢dulo;35
01/01/2024;COT1;Transfacil;EQ28;ATM;OP27;TRANSFµCIL;DF19;ATM - defeito n∆o confirmado;5
01/01/2024;COT1;Transfacil;EQ28;ATM;OP27;TRANSFµCIL;DF237;Subst. Do Validador de Notas;3
01/01/2024;COT1;Transfacil;EQ28;ATM;OP27;TRANSFµCIL;DF197;Subst. Do Cofre;1
01/01/2024;COT1;Transfacil;EQ28;ATM;OP27;TRANSFµCIL;DF143;Subst. da Impressora;1
01/01/2024;COT1;Transfacil;EQ28;ATM;OP27;TRANSFµCIL;DF67;Manutená∆o na Impressora;1
01/01/2024;COT1;Transfacil;EQ28;ATM;OP27;TRANSFµCIL;DF258;Subst. Da Cabeáa de Impress∆o;3
01/01/2024;COT1;Transfacil;EQ6;CCIT 4.0 FRONTAL H2.1;;;DF21;Atualizaá∆o de FW ;186
01/01/2024;COT1;Transfacil;EQ6;CCIT 4.0 FRONTAL H2.1;OP13;Estaá‰es BRT Move;DF21;Atualizaá∆o de FW ;24
01/01/2024;COT1;Transfacil;EQ6;CCIT 4.0 FRONTAL H2.1;;;DF93;Reparo no m¢dulo;178
01/01/2024;COT1;Transfacil;EQ6;CCIT 4.0 FRONTAL H2.1;OP13;Estaá‰es BRT Move;DF322;Restore do m¢dulo;24
01/01/2024;COT1;Transfacil;EQ6;CCIT 4.0 FRONTAL H2.1;OP13;Estaá‰es BRT Move;DF306;Retirada da bateria;1
01/01/2024;COT1;Transfacil;EQ6;CCIT 4.0 FRONTAL H2.1;;;DF306;Retirada da bateria;2
01/01/2024;COT1;Transfacil;EQ6;CCIT 4.0 FRONTAL H2.1;;;DF131;Subst. Da Antena Wlan do CCIT;1
01/01/2024;COT1;Transfacil;EQ6;CCIT 4.0 FRONTAL H2.1;;;DF135;Subst. Da Carcaáa frontal;1
01/01/2024;COT1;Transfacil;EQ6;CCIT 4.0 FRONTAL H2.1;OP13;Estaá‰es BRT Move;DF136;Subst. Da Carcaáa inferior;2
01/01/2024;COT1;Transfacil;EQ6;CCIT 4.0 FRONTAL H2.1;;;DF136;Subst. Da Carcaáa inferior;4
01/01/2024;COT1;Transfacil;EQ6;CCIT 4.0 FRONTAL H2.1;;;DF210;Subst. Do Display CCIT;1
01/01/2024;COT1;Transfacil;EQ6;CCIT 4.0 FRONTAL H2.1;OP13;Estaá‰es BRT Move;DF210;Subst. Do Display CCIT;2
01/01/2024;COT1;Transfacil;EQ6;CCIT 4.0 FRONTAL H2.1;;;DF216;Subst. Do M¢dulo H2;12
01/01/2024;COT1;Transfacil;EQ6;CCIT 4.0 FRONTAL H2.1;OP13;Estaá‰es BRT Move;DF216;Subst. Do M¢dulo H2;1
01/01/2024;COT1;Transfacil;EQ6;CCIT 4.0 FRONTAL H2.1;;;DF272;Subst. Do Touchscreen do m¢dulo;1
01/01/2024;COT1;Transfacil;EQ6;CCIT 4.0 FRONTAL H2.1;OP13;Estaá‰es BRT Move;DF272;Subst. Do Touchscreen do m¢dulo;1
01/01/2024;COT1;Transfacil;EQ6;CCIT 4.0 FRONTAL H2.1;;;DF238;Subst. Do Vidro CCIT V4.0;5
01/01/2024;COT23;UTB;EQ6;CCIT 4.0 FRONTAL H2.1;OP83;UTB;DF41;Envio para manutená∆o central-CTG;29
01/01/2024;COT16;Via Ouro;EQ6;CCIT 4.0 FRONTAL H2.1;OP49;VIA OURO COLETIVOS LTDA;DF90;Reparo com formataá∆o e subst. FW/SW;5
01/01/2024;COT16;Via Ouro;EQ6;CCIT 4.0 FRONTAL H2.1;OP49;VIA OURO COLETIVOS LTDA;DF93;Reparo no m¢dulo;5
01/01/2024;COT16;Via Ouro;EQ6;CCIT 4.0 FRONTAL H2.1;OP49;VIA OURO COLETIVOS LTDA;DF136;Subst. Da Carcaáa inferior;1
01/01/2024;COT1;Transfacil;EQ14;DMX200 MOD H3.1;;;DF21;Atualizaá∆o de FW ;104
01/01/2024;COT12;DIVPASS;EQ13;DMX200L;OP124;DIVPASS;DF21;Atualizaá∆o de FW ;11
01/01/2024;COT25;COOTRAPS - CE;EQ14;DMX200 MOD H3.1;OP129;COOTRAPS;DF39;Enviados para manutená∆o central CTG;33
01/01/2024;COT19;S«O JO«O;EQ39;DMX200L JI21 SEM BATERIA;OP67;S«O JO«O;DF115;Restauraá∆o da ROM via PC;11
01/01/2024;COT20;ROSA TURISMO;EQ39;DMX200L JI21 SEM BATERIA;OP66;ROSA TURISMO;DF115;Restauraá∆o da ROM via PC;9
01/01/2024;COT33;FLORIAN‡POLIS;EQ15;DMX200L SEM BATERIA;;;DF41;Envio para manutená∆o central-CTG;17
01/01/2024;COT24;GVBUS;EQ14;DMX200 MOD H3.1;;;DF41;Envio para manutená∆o central-CTG;29
01/01/2024;COT25;COOTRAPS - CE;EQ14;DMX200 MOD H3.1;OP129;COOTRAPS;DF90;Reparo com formataá∆o e subst. FW/SW;45
01/01/2024;COT3;TEU;EQ14;DMX200 MOD H3.1;;;DF21;Atualizaá∆o de FW ;3
01/01/2024;COT3;TEU;EQ14;DMX200 MOD H3.1;;;DF115;Restauraá∆o da ROM via PC;3
01/01/2024;COT4;Setut;EQ14;DMX200 MOD H3.1;;;DF41;Envio para manutená∆o central-CTG;15
01/01/2024;COT2;Transcard;EQ16;PDM03;;;DF93;Reparo no m¢dulo;6
01/01/2024;COT24;GVBUS;EQ14;DMX200 MOD H3.1;;;DF21;Atualizaá∆o de FW ;117
01/01/2024;COT24;GVBUS;EQ14;DMX200 MOD H3.1;;;DF292;Ressolda conector USB;23
01/01/2024;COT11;Gov. Valadares;EQ13;DMX200L;OP53;VIAÄ«O MOBI;DF21;Atualizaá∆o de FW ;7
01/01/2024;COT33;FLORIAN‡POLIS;EQ15;DMX200L SEM BATERIA;;;DF115;Restauraá∆o da ROM via PC;30
01/01/2024;COT22;Taguatur PM NOVO;EQ39;DMX200L JI21 SEM BATERIA;OP82;TAGUATUR;DF41;Envio para manutená∆o central-CTG;60
01/01/2024;COT33;FLORIAN‡POLIS;EQ15;DMX200L SEM BATERIA;;;DF21;Atualizaá∆o de FW ;32
01/01/2024;COT35;TURIN CONGONHAS;EQ5;CCIT 4.0 FRONTAL;OP138;VIAÄ«O TURIN CONGONHAS;DF21;Atualizaá∆o de FW ;1
01/01/2024;COT3;TEU;EQ14;DMX200 MOD H3.1;;;DF41;Envio para manutená∆o central-CTG;4
01/01/2024;COT23;UTB;EQ40;DMX200L JI21 COM BATERIA;OP83;UTB;DF41;Envio para manutená∆o central-CTG;37
01/01/2024;COT36;CAMACARI;EQ10;CONNECTION CCIT 4.0;OP139;PREFEITURA DE CAMAÄARI;DF21;Atualizaá∆o de FW ;1
01/01/2024;COT24;GVBUS;EQ10;CONNECTION CCIT 4.0;;;DF21;Atualizaá∆o de FW ;26
01/01/2024;COT10;Metropolitano-Bahia;EQ10;CONNECTION CCIT 4.0;OP64;METROPOLITANO SSA;DF21;Atualizaá∆o de FW ;4
01/01/2024;COT20;ROSA TURISMO;EQ10;CONNECTION CCIT 4.0;OP66;ROSA TURISMO;DF21;Atualizaá∆o de FW ;1
01/01/2024;COT19;S«O JO«O;EQ10;CONNECTION CCIT 4.0;OP67;S«O JO«O;DF21;Atualizaá∆o de FW ;3
01/01/2024;COT2;Transcard;EQ10;CONNECTION CCIT 4.0;;;DF46;Formataá∆o da mem¢ria e subst. FW;19
01/01/2024;COT1;Transfacil;EQ10;CONNECTION CCIT 4.0;;;DF21;Atualizaá∆o de FW ;1
01/01/2024;COT1;Transfacil;EQ10;CONNECTION CCIT 4.0;;;DF107;Ressolda no circuito connections;1
01/01/2024;COT3;TEU;EQ22;V3000M;;;DF21;Atualizaá∆o de FW ;66
01/01/2024;COT3;TEU;EQ22;V3000M;;;DF115;Restauraá∆o da ROM via PC;63
01/01/2024;COT3;TEU;EQ26;V3000M DVR;;;DF21;Atualizaá∆o de FW ;31
01/01/2024;COT3;TEU;EQ26;V3000M DVR;;;DF115;Restauraá∆o da ROM via PC;13
01/01/2024;COT3;TEU;EQ26;V3000M DVR;;;DF41;Envio para manutená∆o central-CTG;3
01/01/2024;COT1;Transfacil;EQ27;UT (FTV 3000);;;DF169;Subst. De Componente eletrìnico;1
01/01/2024;COT1;Transfacil;EQ27;UT (FTV 3000);;;DF21;Atualizaá∆o de FW ;1
01/01/2024;COT24;GVBUS;EQ33;POS MOVE 2500;;;DF41;Envio para manutená∆o central-CTG;18
01/01/2024;COT2;Transcard;EQ31;POS 250;;;DF46;Formataá∆o da mem¢ria e subst. FW;10
01/01/2024;COT2;Transcard;EQ31;POS 250;;;DF132;Subst. Da Bateria de Lithium;2
01/01/2024;COT25;COOTRAPS - CE;EQ17;FONTE PM;OP129;COOTRAPS;DF41;Envio para manutená∆o central-CTG;6
01/01/2024;COT25;COOTRAPS - CE;EQ17;FONTE PM;OP129;COOTRAPS;DF320;Reparo em loco;7
01/02/2024;COT7;Alagoinhas;EQ34;CCIT 4.0 FRONTAL H2.1 C SEM BATERIA;OP68;ALAGOINHAS;DF113;Restaura RAM via PC;1
01/02/2024;COT8;CBTU;EQ1;CCIT 3.0;OP47;CBTU - COMPANHIA BRASILEIRA DE TRENS URBANOS;DF21;Atualizaá∆o de FW ;0
01/02/2024;COT8;CBTU;EQ1;CCIT 3.0;OP47;CBTU - COMPANHIA BRASILEIRA DE TRENS URBANOS;DF210;Subst. Do Display CCIT;0
01/02/2024;COT27;Cidade das µguas;EQ6;CCIT 4.0 FRONTAL H2.1;OP128;VIAÄ«O CIDADE DAS µGUAS;DF113;Restaura RAM via PC;3
01/02/2024;COT12;DIVPASS;EQ6;CCIT 4.0 FRONTAL H2.1;OP124;DIVPASS;DF20;Atualizaá∆o de data;2
01/02/2024;COT12;DIVPASS;EQ6;CCIT 4.0 FRONTAL H2.1;OP124;DIVPASS;DF51;Gravaá∆o BootLoader;3
01/02/2024;COT12;DIVPASS;EQ6;CCIT 4.0 FRONTAL H2.1;OP124;DIVPASS;DF63;Lista restaurada;8
01/02/2024;COT12;DIVPASS;EQ6;CCIT 4.0 FRONTAL H2.1;OP124;DIVPASS;DF93;Reparo com formataá∆o e reinst. FW/SW;5
01/02/2024;COT12;DIVPASS;EQ6;CCIT 4.0 FRONTAL H2.1;OP124;DIVPASS;DF93;Reparo no m¢dulo;8
01/02/2024;COT12;DIVPASS;EQ6;CCIT 4.0 FRONTAL H2.1;OP124;DIVPASS;DF216;Subst. Do M¢dulo H2;1
01/02/2024;COT12;DIVPASS;EQ6;CCIT 4.0 FRONTAL H2.1;OP124;DIVPASS;DF272;Subst. Do Touchscreen do m¢dulo;1
01/02/2024;COT33;FLORIAN‡POLIS;EQ8;CCIT 4.0 FRONTAL JI21 SEM BATERIA;;;DF41;Envio para manutená∆o central-CTG;6
01/02/2024;COT33;FLORIAN‡POLIS;EQ8;CCIT 4.0 FRONTAL JI21 SEM BATERIA;;;DF60;Limpeza de cache;9
01/02/2024;COT33;FLORIAN‡POLIS;EQ8;CCIT 4.0 FRONTAL JI21 SEM BATERIA;;;DF115;Restauraá∆o da ROM via PC;31
01/02/2024;COT11;Gov. Valadares;EQ6;CCIT 4.0 FRONTAL H2.1;OP53;VIAÄ«O MOBI;DF88;Reparo com formataá∆o e reinst. FW/SW;16
01/02/2024;COT11;Gov. Valadares;EQ6;CCIT 4.0 FRONTAL H2.1;OP53;VIAÄ«O MOBI;DF93;Reparo no m¢dulo;8
01/02/2024;COT11;Gov. Valadares;EQ6;CCIT 4.0 FRONTAL H2.1;OP53;VIAÄ«O MOBI;DF210;Subst. Do Display CCIT;1
01/02/2024;COT11;Gov. Valadares;EQ6;CCIT 4.0 FRONTAL H2.1;OP53;VIAÄ«O MOBI;DF216;Subst. Do M¢dulo H2;3
01/02/2024;COT11;Gov. Valadares;EQ6;CCIT 4.0 FRONTAL H2.1;OP53;VIAÄ«O MOBI;DF272;Subst. Do Touchscreen do m¢dulo;1
01/02/2024;COT24;GVBUS;EQ28;ATM;OP108;GVBUS - SIND. DAS EMP. DE TRANP. METROP. DA GRANDE VIT‡RIA;DF143;Subst. da Impressora;3
01/02/2024;COT24;GVBUS;EQ28;ATM;OP108;GVBUS - SIND. DAS EMP. DE TRANP. METROP. DA GRANDE VIT‡RIA;DF299;Subst. De UPEX ATM;3
01/02/2024;COT24;GVBUS;EQ28;ATM;OP108;GVBUS - SIND. DAS EMP. DE TRANP. METROP. DA GRANDE VIT‡RIA;DF78;PC Reiniciado;4
01/02/2024;COT24;GVBUS;EQ28;ATM;OP108;GVBUS - SIND. DAS EMP. DE TRANP. METROP. DA GRANDE VIT‡RIA;DF68;Manutená∆o no Dispenser;1
01/02/2024;COT24;GVBUS;EQ28;ATM;OP108;GVBUS - SIND. DAS EMP. DE TRANP. METROP. DA GRANDE VIT‡RIA;DF218;Subst. Do Monitor;1
01/02/2024;COT24;GVBUS;EQ28;ATM;OP108;GVBUS - SIND. DAS EMP. DE TRANP. METROP. DA GRANDE VIT‡RIA;DF231;Subst. Do PINpad;1
01/02/2024;COT24;GVBUS;EQ6;CCIT 4.0 FRONTAL H2.1;;;DF21;Atualizaá∆o de FW ;43
01/02/2024;COT24;GVBUS;EQ6;CCIT 4.0 FRONTAL H2.1;;;DF41;Envio para manutená∆o central-CTG;44
01/02/2024;COT24;GVBUS;EQ6;CCIT 4.0 FRONTAL H2.1;;;DF91;Reparo com Gravaá∆o de PIC e reinst. Do FW;94
01/02/2024;COT24;GVBUS;EQ6;CCIT 4.0 FRONTAL H2.1;;;DF93;Reparo no m¢dulo;4
01/02/2024;COT24;GVBUS;EQ6;CCIT 4.0 FRONTAL H2.1;;;DF101;Ressolda Mbccit;4
01/02/2024;COT13;Mariana;EQ5;CCIT 4.0 FRONTAL;OP54;TRANSCOTTA MARIANA MG;DF51;Gravaá∆o BootLoader;2
01/02/2024;COT13;Mariana;EQ5;CCIT 4.0 FRONTAL;OP54;TRANSCOTTA MARIANA MG;DF63;Lista restaurada;2
01/02/2024;COT13;Mariana;EQ5;CCIT 4.0 FRONTAL;OP54;TRANSCOTTA MARIANA MG;DF93;Reparo no m¢dulo;2
01/02/2024;COT13;Mariana;EQ5;CCIT 4.0 FRONTAL;OP54;TRANSCOTTA MARIANA MG;DF136;Subst. Da Carcaáa inferior;1
01/02/2024;COT6;Metro-Bahia;EQ28;ATM;OP63;METRO-BAHIA;DF237;Subst. Do Validador de Notas;17
01/02/2024;COT6;Metro-Bahia;EQ28;ATM;OP63;METRO-BAHIA;DF143;Subst. da Impressora;5
01/02/2024;COT6;Metro-Bahia;EQ28;ATM;OP63;METRO-BAHIA;DF67;Manutená∆o na Impressora;3
01/02/2024;COT6;Metro-Bahia;EQ28;ATM;OP63;METRO-BAHIA;DF228;Subst. Do PDV ATM;1
01/02/2024;COT6;Metro-Bahia;EQ28;ATM;OP63;METRO-BAHIA;DF284;Manutená∆o PC ATM;1
01/02/2024;COT6;Metro-Bahia;EQ28;ATM;OP63;METRO-BAHIA;DF260;Subst. HUB Serial;2
01/02/2024;COT6;Metro-Bahia;EQ28;ATM;OP63;METRO-BAHIA;DF179;Subst. Do Cabo de Comunicaá∆o da Impressora;2
01/02/2024;COT6;Metro-Bahia;EQ28;ATM;OP63;METRO-BAHIA;DF141;Subst. Da Fonte do PDV ATM;1
01/02/2024;COT6;Metro-Bahia;EQ28;ATM;OP63;METRO-BAHIA;DF236;Subst. Do Teclado de Metal Frontal;1
01/02/2024;COT6;Metro-Bahia;EQ28;ATM;OP63;METRO-BAHIA;DF218;Subst. Do Monitor;1
01/02/2024;COT6;METRO-BAHIA;EQ6;CCIT 4.0 FRONTAL H2.1;OP63;METRO-BAHIA;DF41;Envio para manutená∆o central-CTG;3
01/02/2024;COT6;METRO-BAHIA;EQ6;CCIT 4.0 FRONTAL H2.1;OP63;METRO-BAHIA;DF113;Restaura RAM via PC;9
01/02/2024;COT5;METROFOR/ VLT FORTALEZA;EQ38;CCIT 4.0 METROFOR;OP105;METROFOR LINHA SUL;DF41;Envio para manutená∆o central-CTG;4
01/02/2024;COT5;METROFOR/ VLT FORTALEZA;EQ38;CCIT 4.0 METROFOR;OP105;METROFOR LINHA SUL;DF88;Reparo com formataá∆o e reinst. FW/SW;5
01/02/2024;COT5;METROFOR/ VLT FORTALEZA;EQ38;CCIT 4.0 METROFOR;OP105;METROFOR LINHA SUL;DF113;Restaura RAM via PC;13
01/02/2024;COT10;Metropolitano-Bahia;EQ6;CCIT 4.0 FRONTAL H2.1;OP64;METROPOLITANO SSA;DF41;Envio para manutená∆o central-CTG;3
01/02/2024;COT10;Metropolitano-Bahia;EQ6;CCIT 4.0 FRONTAL H2.1;OP64;METROPOLITANO SSA;DF113;Restaura RAM via PC;26
01/02/2024;COT10;Metropolitano-Bahia;EQ6;CCIT 4.0 FRONTAL H2.1;OP64;METROPOLITANO SSA;DF114;Restaura RAM via pendrive;9
01/02/2024;COT10;Metropolitano-Bahia;EQ6;CCIT 4.0 FRONTAL H2.1;OP64;METROPOLITANO SSA;DF272;Subst. Do Touchscreen do m¢dulo;12
01/02/2024;COT20;ROSA TURISMO;EQ36;CCIT 4.0 FRONTAL H1 COM BATERIA;OP66;ROSA TURISMO;DF41;Envio para manutená∆o central-CTG;1
01/02/2024;COT20;ROSA TURISMO;EQ36;CCIT 4.0 FRONTAL H1 COM BATERIA;OP66;ROSA TURISMO;DF113;Restaura RAM via PC;9
01/02/2024;COT19;S«O JO«O;EQ36;CCIT 4.0 FRONTAL H1 COM BATERIA;OP67;S«O JO«O;DF41;Envio para manutená∆o central-CTG;4
01/02/2024;COT19;S«O JO«O;EQ36;CCIT 4.0 FRONTAL H1 COM BATERIA;OP67;S«O JO«O;DF113;Restaura RAM via PC;9
01/02/2024;COT4;Setut;EQ6;CCIT 4.0 FRONTAL H2.1;;;DF41;Envio para manutená∆o central-CTG;15
01/02/2024;COT18;Sindpautras;EQ6;CCIT 4.0 FRONTAL H2.1;OP48;SINDPAUTRAS-SIND. PERM. AUT. TRANSP. SU;DF51;Gravaá∆o BootLoader;13
01/02/2024;COT18;Sindpautras;EQ6;CCIT 4.0 FRONTAL H2.1;OP48;SINDPAUTRAS-SIND. PERM. AUT. TRANSP. SU;DF63;Lista restaurada;20
01/02/2024;COT18;Sindpautras;EQ6;CCIT 4.0 FRONTAL H2.1;OP48;SINDPAUTRAS-SIND. PERM. AUT. TRANSP. SU;DF88;Reparo com formataá∆o e reinst. FW/SW;6
01/02/2024;COT18;Sindpautras;EQ6;CCIT 4.0 FRONTAL H2.1;OP48;SINDPAUTRAS-SIND. PERM. AUT. TRANSP. SU;DF93;Reparo no m¢dulo;21
01/02/2024;COT18;Sindpautras;EQ6;CCIT 4.0 FRONTAL H2.1;OP48;SINDPAUTRAS-SIND. PERM. AUT. TRANSP. SU;DF136;Subst. Da Carcaáa inferior;1
01/02/2024;COT18;Sindpautras;EQ6;CCIT 4.0 FRONTAL H2.1;OP48;SINDPAUTRAS-SIND. PERM. AUT. TRANSP. SU;DF209;Subst. Do Display;2
01/02/2024;COT18;Sindpautras;EQ6;CCIT 4.0 FRONTAL H2.1;OP48;SINDPAUTRAS-SIND. PERM. AUT. TRANSP. SU;DF272;Subst. Do Touchscreen do m¢dulo;7
01/02/2024;COT22;Taguatur;EQ35;CCIT 4.0 FRONTAL JI21 SEM BATERIA;OP82;TAGUATUR;DF41;Envio para manutená∆o central-CTG;23
01/02/2024;COT3;TEU;EQ36;CCIT 4.0 FRONTAL H1 COM BATERIA;;;DF41;Envio para manutená∆o central-CTG;7
01/02/2024;COT3;TEU;EQ36;CCIT 4.0 FRONTAL H1 COM BATERIA;;;DF60;Limpeza de cache;14
01/02/2024;COT3;TEU;EQ36;CCIT 4.0 FRONTAL H1 COM BATERIA;;;DF115;Restauraá∆o da ROM via PC;199
01/02/2024;COT3;TEU;EQ36;CCIT 4.0 FRONTAL H1 COM BATERIA;;;DF132;Substituiá∆o do SD card;34
01/02/2024;COT2;Transcard;EQ28;ATM;OP61;Setps (Transcard);DF237;Subst. Do Validador de Notas;2
01/02/2024;COT2;Transcard;EQ28;ATM;OP61;Setps (Transcard);DF218;Subst. Do Monitor;1
01/02/2024;COT2;Transcard;EQ28;ATM;OP61;Setps (Transcard);DF143;Subst. da Impressora;1
01/02/2024;COT2;Transcard;EQ28;ATM;OP61;Setps (Transcard);DF231;Subst. Do PINpad;2
01/02/2024;COT2;Transcard;EQ28;ATM;OP61;Setps (Transcard);DF128;Subst. Da antena Cless;1
01/02/2024;COT2;Transcard;EQ28;ATM;OP61;Setps (Transcard);DF284;Manutená∆o PC ATM;2
01/02/2024;COT2;Transcard;EQ28;ATM;OP61;Setps (Transcard);DF142;Subst. Da Fonte Lambda ATM;3
01/02/2024;COT2;Transcard;EQ28;ATM;OP61;Setps (Transcard);DF236;Subst. Do Teclado de Metal Frontal;2
01/02/2024;COT2;Transcard;EQ6;CCIT 4.0 FRONTAL H2.1;;;DF9;Ajuste e aperto de conex∆o;2
01/02/2024;COT2;Transcard;EQ6;CCIT 4.0 FRONTAL H2.1;;;DF41;Enviados para manutená∆o central CTG;20
01/02/2024;COT2;Transcard;EQ6;CCIT 4.0 FRONTAL H2.1;;;DF41;Envio para manutená∆o central-CTG;28
01/02/2024;COT2;Transcard;EQ6;CCIT 4.0 FRONTAL H2.1;;;DF101;Ressolda Mbccit;8
01/02/2024;COT2;Transcard;EQ6;CCIT 4.0 FRONTAL H2.1;;;DF113;Restaura RAM via PC;88
01/02/2024;COT2;Transcard;EQ6;CCIT 4.0 FRONTAL H2.1;;;DF113;Restaura RAM via PC;112
01/02/2024;COT2;Transcard;EQ6;CCIT 4.0 FRONTAL H2.1;;;DF114;Restaura RAM via pendrive;51
01/02/2024;COT2;Transcard;EQ6;CCIT 4.0 FRONTAL H2.1;;;DF114;Restaura RAM via pendrive;27
01/02/2024;COT2;Transcard;EQ6;CCIT 4.0 FRONTAL H2.1;;;DF209;Subst. Do Display;5
01/02/2024;COT2;Transcard;EQ6;CCIT 4.0 FRONTAL H2.1;;;DF272;Subst. Do Touchscreen do m¢dulo;33
01/02/2024;COT2;Transcard;EQ6;CCIT 4.0 FRONTAL H2.1;;;DF272;Subst. Do Touchscreen do m¢dulo;37
01/02/2024;COT1;Transfacil;EQ28;ATM;OP27;TRANSFµCIL;DF19;ATM - defeito n∆o confirmado;5
01/02/2024;COT1;Transfacil;EQ28;ATM;OP27;TRANSFµCIL;DF237;Subst. Do Validador de Notas;3
01/02/2024;COT1;Transfacil;EQ28;ATM;OP27;TRANSFµCIL;DF197;Subst. Do Cofre;1
01/02/2024;COT1;Transfacil;EQ28;ATM;OP27;TRANSFµCIL;DF143;Subst. da Impressora;1
01/02/2024;COT1;Transfacil;EQ28;ATM;OP27;TRANSFµCIL;DF67;Manutená∆o na Impressora;1
01/02/2024;COT1;Transfacil;EQ28;ATM;OP27;TRANSFµCIL;DF258;Subst. Da Cabeáa de Impress∆o;3
01/02/2024;COT1;Transfacil;EQ6;CCIT 4.0 FRONTAL H2.1;;;DF21;Atualizaá∆o de FW ;198
01/02/2024;COT1;Transfacil;EQ6;CCIT 4.0 FRONTAL H2.1;OP13;Estaá‰es BRT Move;DF21;Atualizaá∆o de FW ;11
01/02/2024;COT1;Transfacil;EQ6;CCIT 4.0 FRONTAL H2.1;;;DF93;Reparo no m¢dulo;178
01/02/2024;COT1;Transfacil;EQ6;CCIT 4.0 FRONTAL H2.1;OP13;Estaá‰es BRT Move;DF322;Restore do m¢dulo;10
01/02/2024;COT1;Transfacil;EQ6;CCIT 4.0 FRONTAL H2.1;OP13;Estaá‰es BRT Move;DF306;Retirada da bateria;2
01/02/2024;COT1;Transfacil;EQ6;CCIT 4.0 FRONTAL H2.1;;;DF306;Retirada da bateria;1
01/02/2024;COT1;Transfacil;EQ6;CCIT 4.0 FRONTAL H2.1;;;DF131;Subst. Da Antena Wlan do CCIT;2
01/02/2024;COT1;Transfacil;EQ6;CCIT 4.0 FRONTAL H2.1;;;DF135;Subst. Da Carcaáa frontal;1
01/02/2024;COT1;Transfacil;EQ6;CCIT 4.0 FRONTAL H2.1;;;DF136;Subst. Da Carcaáa inferior;13
01/02/2024;COT1;Transfacil;EQ6;CCIT 4.0 FRONTAL H2.1;;;DF210;Subst. Do Display CCIT;13
01/02/2024;COT1;Transfacil;EQ6;CCIT 4.0 FRONTAL H2.1;OP13;Estaá‰es BRT Move;DF210;Subst. Do Display CCIT;2
01/02/2024;COT1;Transfacil;EQ6;CCIT 4.0 FRONTAL H2.1;;;DF216;Subst. Do M¢dulo H2;22
01/02/2024;COT1;Transfacil;EQ6;CCIT 4.0 FRONTAL H2.1;;;DF272;Subst. Do Touchscreen do m¢dulo;15
01/02/2024;COT1;Transfacil;EQ6;CCIT 4.0 FRONTAL H2.1;;;DF238;Subst. Do Vidro CCIT V4.0;9
01/02/2024;COT14;TURIN OURO PRETO;EQ6;CCIT 4.0 FRONTAL H2.1;OP52;VIAÄ«O TURIN OURO PRETO;DF21;Atualizaá∆o de FW ;3
01/02/2024;COT14;TURIN OURO PRETO;EQ6;CCIT 4.0 FRONTAL H2.1;OP52;VIAÄ«O TURIN OURO PRETO;DF51;Gravaá∆o BootLoader;6
01/02/2024;COT14;TURIN OURO PRETO;EQ6;CCIT 4.0 FRONTAL H2.1;OP52;VIAÄ«O TURIN OURO PRETO;DF90;Reparo com formataá∆o e subst. FW/SW;9
01/02/2024;COT14;TURIN OURO PRETO;EQ6;CCIT 4.0 FRONTAL H2.1;OP52;VIAÄ«O TURIN OURO PRETO;DF93;Reparo no m¢dulo;8
01/02/2024;COT14;TURIN OURO PRETO;EQ6;CCIT 4.0 FRONTAL H2.1;OP52;VIAÄ«O TURIN OURO PRETO;DF306;Retirada da bateria;1
01/02/2024;COT14;TURIN OURO PRETO;EQ6;CCIT 4.0 FRONTAL H2.1;OP52;VIAÄ«O TURIN OURO PRETO;DF136;Subst. Da Carcaáa inferior;1
01/02/2024;COT14;TURIN OURO PRETO;EQ6;CCIT 4.0 FRONTAL H2.1;OP52;VIAÄ«O TURIN OURO PRETO;DF209;Subst. Do Display;3
01/02/2024;COT14;TURIN OURO PRETO;EQ6;CCIT 4.0 FRONTAL H2.1;OP52;VIAÄ«O TURIN OURO PRETO;DF242;Subst. Placa Mbccit;1
01/02/2024;COT23;UTB;EQ6;CCIT 4.0 FRONTAL H2.1;OP83;UTB;DF41;Envio para manutená∆o central-CTG;34
01/02/2024;COT16;Via Ouro;EQ6;CCIT 4.0 FRONTAL H2.1;OP49;VIA OURO COLETIVOS LTDA;DF51;Gravaá∆o BootLoader;1
01/02/2024;COT16;Via Ouro;EQ6;CCIT 4.0 FRONTAL H2.1;OP49;VIA OURO COLETIVOS LTDA;DF63;Lista restaurada;3
01/02/2024;COT16;Via Ouro;EQ6;CCIT 4.0 FRONTAL H2.1;OP49;VIA OURO COLETIVOS LTDA;DF90;Reparo com formataá∆o e subst. FW/SW;2
01/02/2024;COT16;Via Ouro;EQ6;CCIT 4.0 FRONTAL H2.1;OP49;VIA OURO COLETIVOS LTDA;DF93;Reparo no m¢dulo;3
01/02/2024;COT1;Transfacil;EQ14;DMX200 MOD H3.1;;;DF21;Atualizaá∆o de FW ;74
01/02/2024;COT12;DIVPASS;EQ13;DMX200L;OP124;DIVPASS;DF21;Atualizaá∆o de FW ;7
01/02/2024;COT25;COOTRAPS - CE;EQ14;DMX200 MOD H3.1;OP129;COOTRAPS;DF39;Enviados para manutená∆o central CTG;7
01/02/2024;COT19;S«O JO«O;EQ39;DMX200L JI21 SEM BATERIA;OP67;S«O JO«O;DF115;Restauraá∆o da ROM via PC;15
01/02/2024;COT20;ROSA TURISMO;EQ39;DMX200L JI21 SEM BATERIA;OP66;ROSA TURISMO;DF115;Restauraá∆o da ROM via PC;15
01/02/2024;COT33;FLORIAN‡POLIS;EQ15;DMX200L SEM BATERIA;;;DF41;Envio para manutená∆o central-CTG;17
01/02/2024;COT24;GVBUS;EQ14;DMX200 MOD H3.1;;;DF41;Envio para manutená∆o central-CTG;38
01/02/2024;COT25;COOTRAPS - CE;EQ14;DMX200 MOD H3.1;OP129;COOTRAPS;DF90;Reparo com formataá∆o e subst. FW/SW;3
01/02/2024;COT3;TEU;EQ14;DMX200 MOD H3.1;;;DF21;Atualizaá∆o de FW ;2
01/02/2024;COT3;TEU;EQ14;DMX200 MOD H3.1;;;DF115;Restauraá∆o da ROM via PC;2
01/02/2024;COT2;Transcard;EQ16;PDM03;;;DF93;Reparo no m¢dulo;5
01/02/2024;COT24;GVBUS;EQ14;DMX200 MOD H3.1;;;DF21;Atualizaá∆o de FW ;79
01/02/2024;COT24;GVBUS;EQ14;DMX200 MOD H3.1;;;DF292;Ressolda conector USB;43
01/02/2024;COT11;Gov. Valadares;EQ13;DMX200L;OP53;VIAÄ«O MOBI;DF21;Atualizaá∆o de FW ;7
01/02/2024;COT33;FLORIAN‡POLIS;EQ15;DMX200L SEM BATERIA;;;DF115;Restauraá∆o da ROM via PC;35
01/02/2024;COT20;ROSA TURISMO;EQ39;DMX200L JI21 SEM BATERIA;OP66;ROSA TURISMO;DF41;Envio para manutená∆o central-CTG;1
01/02/2024;COT33;FLORIAN‡POLIS;EQ15;DMX200L SEM BATERIA;;;DF21;Atualizaá∆o de FW ;51
01/02/2024;COT35;TURIN CONGONHAS;EQ5;CCIT 4.0 FRONTAL;OP138;VIAÄ«O TURIN CONGONHAS;DF21;Atualizaá∆o de FW ;1
01/02/2024;COT19;S«O JO«O;EQ39;DMX200L JI21 SEM BATERIA;OP67;S«O JO«O;DF41;Envio para manutená∆o central-CTG;3
01/02/2024;COT16;Via Ouro;EQ39;DMX200L JI21 SEM BATERIA;;;DF21;Atualizaá∆o de FW ;3
01/02/2024;COT25;COOTRAPS - CE;EQ14;DMX200 MOD H3.1;OP129;COOTRAPS;DF298;Subst. De placa do sensor;33
01/02/2024;COT4;Setut;EQ14;DMX200 MOD H3.1;;;DF41;Envio para manutená∆o central-CTG;12
01/02/2024;COT22;Taguatur PM NOVO;EQ39;DMX200L JI21 SEM BATERIA;OP82;TAGUATUR;DF41;Envio para manutená∆o central-CTG;34
01/02/2024;COT3;TEU;EQ14;DMX200 MOD H3.1;;;DF41;Envio para manutená∆o central-CTG;1
01/02/2024;COT23;UTB;EQ40;DMX200L JI21 COM BATERIA;OP83;UTB;DF41;Envio para manutená∆o central-CTG;25
01/02/2024;COT27;Cidade das µguas;EQ10;CONNECTION CCIT 4.0;OP128;VIAÄ«O CIDADE DAS µGUAS;DF50;FW Restaurado;1
01/02/2024;COT24;GVBUS;EQ10;CONNECTION CCIT 4.0;;;DF278;Modificaá∆o circuito catraca;3
01/02/2024;COT10;Metropolitano-Bahia;EQ10;CONNECTION CCIT 4.0;OP64;METROPOLITANO SSA;DF41;Envio para manutená∆o central-CTG;1
01/02/2024;COT10;Metropolitano-Bahia;EQ10;CONNECTION CCIT 4.0;OP64;METROPOLITANO SSA;DF50;FW Restaurado;11
01/02/2024;COT20;ROSA TURISMO;EQ10;CONNECTION CCIT 4.0;OP66;ROSA TURISMO;DF50;FW Restaurado;11
01/02/2024;COT19;S«O JO«O;EQ10;CONNECTION CCIT 4.0;OP67;S«O JO«O;DF50;FW Restaurado;3
01/02/2024;COT19;S«O JO«O;EQ10;CONNECTION CCIT 4.0;OP67;S«O JO«O;DF41;Envio para manutená∆o central-CTG;1
01/02/2024;COT2;Transcard;EQ10;CONNECTION CCIT 4.0;;;DF46;Formataá∆o da mem¢ria e subst. FW;43
01/02/2024;COT2;Transcard;EQ10;CONNECTION CCIT 4.0;;;DF41;Envio para manutená∆o central-CTG;24
01/02/2024;COT1;Transfacil;EQ10;CONNECTION CCIT 4.0;;;DF278;Modificaá∆o circuito catraca;1
01/02/2024;COT1;Transfacil;EQ10;CONNECTION CCIT 4.0;;;DF21;Atualizaá∆o de FW ;36
01/02/2024;COT1;Transfacil;EQ10;CONNECTION CCIT 4.0;;;DF278;Modificaá∆o circuito catraca;5
01/02/2024;COT1;Transfacil;EQ10;CONNECTION CCIT 4.0;;;DF169;Subst. De Componente eletrìnico;1
01/02/2024;COT1;Transfacil;EQ10;CONNECTION CCIT 4.0;;;DF136;Subst. Da Carcaáa inferior;1
01/02/2024;COT1;Transfacil;EQ10;CONNECTION CCIT 4.0;;;DF277;Subst. Da Connections;3
01/02/2024;COT3;TEU;EQ22;V3000M;;;DF21;Atualizaá∆o de FW ;63
01/02/2024;COT3;TEU;EQ22;V3000M;;;DF115;Restauraá∆o da ROM via PC;65
01/02/2024;COT3;TEU;EQ26;V3000M DVR;;;DF21;Atualizaá∆o de FW ;58
01/02/2024;COT3;TEU;EQ26;V3000M DVR;;;DF115;Restauraá∆o da ROM via PC;54
01/02/2024;COT3;TEU;EQ26;V3000M DVR;;;DF41;Envio para manutená∆o central-CTG;4
01/02/2024;COT3;TEU;EQ26;V3000M DVR;;;DF232;Subst. Do SDCard;2
01/02/2024;COT1;Transfacil;EQ27;UT (FTV 3000);;;DF21;Atualizaá∆o de FW ;2
01/02/2024;COT24;GVBUS;EQ33;POS MOVE 2500;;;DF41;Envio para manutená∆o central-CTG;8
01/02/2024;COT10;Metropolitano-Bahia;EQ31;POS 250;OP64;METROPOLITANO SSA;DF41;Envio para manutená∆o central-CTG;1
01/02/2024;COT20;Rosa Turismo;EQ31;POS 250;OP66;ROSA TURISMO;DF41;Formataá∆o da mem¢ria e subst. FW;2
01/02/2024;COT19;S∆o Jo∆o;EQ31;POS 250;OP67;S«O JO«O;DF46;Formataá∆o da mem¢ria e subst. FW;2
01/02/2024;COT2;Transcard;EQ31;POS 250;;;DF46;Envio para manutená∆o central-CTG;1
01/02/2024;COT25;COOTRAPS - CE;EQ17;FONTE PM;OP129;COOTRAPS;DF41;Envio para manutená∆o central-CTG;1
01/02/2024;COT25;COOTRAPS - CE;EQ17;FONTE PM;OP129;COOTRAPS;DF33;Defeito n∆o encontrado - testes e liberaá∆o;14
01/02/2024;COT19;S«O JO«O;EQ17;FONTE PM;OP67;S«O JO«O;DF127;Subst. Conector USB;1
02/02/2024;COT21;Araguarina;EQ35;CCIT 4.0 FRONTAL H2 COM BATERIA;OP81;VIAÄ«O ARAGUARINA;DF41;Envio para manutená∆o central-CTG;3
01/03/2024;COT7;Alagoinhas;EQ34;CCIT 4.0 FRONTAL H2.1 C SEM BATERIA;OP68;ALAGOINHAS;DF113;Restaura RAM via PC;2
01/03/2024;COT7;Alagoinhas;EQ34;CCIT 4.0 FRONTAL H2.1 C SEM BATERIA;OP68;ALAGOINHAS;DF286;Subst. Tela;4
01/03/2024;COT8;CBTU;EQ1;CCIT 3.0;OP47;CBTU - COMPANHIA BRASILEIRA DE TRENS URBANOS;DF21;Atualizaá∆o de FW ;2
01/03/2024;COT8;CBTU;EQ1;CCIT 3.0;OP47;CBTU - COMPANHIA BRASILEIRA DE TRENS URBANOS;DF63;Lista restaurada;2
01/03/2024;COT12;DIVPASS;EQ6;CCIT 4.0 FRONTAL H2.1;OP124;DIVPASS;DF51;Gravaá∆o BootLoader;8
01/03/2024;COT12;DIVPASS;EQ6;CCIT 4.0 FRONTAL H2.1;OP124;DIVPASS;DF63;Lista restaurada;13
01/03/2024;COT12;DIVPASS;EQ6;CCIT 4.0 FRONTAL H2.1;OP124;DIVPASS;DF93;Reparo com formataá∆o e reinst. FW/SW;13
01/03/2024;COT12;DIVPASS;EQ6;CCIT 4.0 FRONTAL H2.1;OP124;DIVPASS;DF93;Reparo no m¢dulo;15
01/03/2024;COT12;DIVPASS;EQ6;CCIT 4.0 FRONTAL H2.1;OP124;DIVPASS;DF216;Subst. Do M¢dulo H2;2
01/03/2024;COT12;DIVPASS;EQ6;CCIT 4.0 FRONTAL H2.1;OP124;DIVPASS;DF272;Subst. Do Touchscreen do m¢dulo;2
01/03/2024;COT12;DIVPASS;EQ6;CCIT 4.0 FRONTAL H2.1;OP124;DIVPASS;DF26;Atualizaá∆o do PIC;2
01/03/2024;COT12;DIVPASS;EQ6;CCIT 4.0 FRONTAL H2.1;OP124;DIVPASS;DF238;Subst. Do Vidro CCIT V4.0;1
01/03/2024;COT12;DIVPASS;EQ6;CCIT 4.0 FRONTAL H2.1;OP124;DIVPASS;DF306;Retirada da bateria;1
01/03/2024;COT12;DIVPASS;EQ6;CCIT 4.0 FRONTAL H2.1;OP124;DIVPASS;DF211;Subst. Do Equipamento completo;2
01/03/2024;COT12;DIVPASS;EQ6;CCIT 4.0 FRONTAL H2.1;OP124;DIVPASS;DF210;Subst. Do Display CCIT;1
01/03/2024;COT33;FLORIAN‡POLIS;EQ8;CCIT 4.0 FRONTAL JI21 SEM BATERIA;;;DF21;Atualizaá∆o de FW ;12
01/03/2024;COT33;FLORIAN‡POLIS;EQ8;CCIT 4.0 FRONTAL JI21 SEM BATERIA;;;DF41;Envio para manutená∆o central-CTG;10
01/03/2024;COT33;FLORIAN‡POLIS;EQ8;CCIT 4.0 FRONTAL JI21 SEM BATERIA;;;DF115;Restauraá∆o da ROM via PC;5
01/03/2024;COT11;Gov. Valadares;EQ6;CCIT 4.0 FRONTAL H2.1;OP53;VIAÄ«O MOBI;DF88;Reparo com formataá∆o e reinst. FW/SW;4
01/03/2024;COT11;Gov. Valadares;EQ6;CCIT 4.0 FRONTAL H2.1;OP53;VIAÄ«O MOBI;DF93;Reparo no m¢dulo;8
01/03/2024;COT11;Gov. Valadares;EQ6;CCIT 4.0 FRONTAL H2.1;OP53;VIAÄ«O MOBI;DF210;Subst. Do Display CCIT;1
01/03/2024;COT11;Gov. Valadares;EQ6;CCIT 4.0 FRONTAL H2.1;OP53;VIAÄ«O MOBI;DF51;Gravaá∆o BootLoader;5
01/03/2024;COT11;Gov. Valadares;EQ6;CCIT 4.0 FRONTAL H2.1;OP53;VIAÄ«O MOBI;DF63;Lista restaurada;7
01/03/2024;COT11;Gov. Valadares;EQ6;CCIT 4.0 FRONTAL H2.1;OP53;VIAÄ«O MOBI;DF136;Subst. Da Carcaáa inferior;1
01/03/2024;COT11;Gov. Valadares;EQ6;CCIT 4.0 FRONTAL H2.1;OP53;VIAÄ«O MOBI;DF306;Retirada da bateria;2
01/03/2024;COT24;GVBUS;EQ28;ATM;OP108;GVBUS - SIND. DAS EMP. DE TRANP. METROP. DA GRANDE VIT‡RIA;DF78;PC Reiniciado;2
01/03/2024;COT24;GVBUS;EQ28;ATM;OP108;GVBUS - SIND. DAS EMP. DE TRANP. METROP. DA GRANDE VIT‡RIA;DF262;Retirada de nota ATM e testes;2
01/03/2024;COT24;GVBUS;EQ28;ATM;OP108;GVBUS - SIND. DAS EMP. DE TRANP. METROP. DA GRANDE VIT‡RIA;DF280;Manutená∆o no Validador de Notas;2
01/03/2024;COT24;GVBUS;EQ28;ATM;OP108;GVBUS - SIND. DAS EMP. DE TRANP. METROP. DA GRANDE VIT‡RIA;DF87;Reparo com configuraá∆o Setup - Upex;1
01/03/2024;COT24;GVBUS;EQ6;CCIT 4.0 FRONTAL H2.1;;;DF21;Atualizaá∆o de FW ;21
01/03/2024;COT24;GVBUS;EQ6;CCIT 4.0 FRONTAL H2.1;;;DF41;Envio para manutená∆o central-CTG;28
01/03/2024;COT24;GVBUS;EQ6;CCIT 4.0 FRONTAL H2.1;;;DF89;Reparo com Formataá∆o e Subst. De FW;133
01/03/2024;COT6;Metro-Bahia;EQ28;ATM;OP63;METRO-BAHIA;DF237;Subst. Do Validador de Notas;18
01/03/2024;COT6;Metro-Bahia;EQ28;ATM;OP63;METRO-BAHIA;DF143;Subst. da Impressora;5
01/03/2024;COT6;Metro-Bahia;EQ28;ATM;OP63;METRO-BAHIA;DF67;Manutená∆o na Impressora;1
01/03/2024;COT6;Metro-Bahia;EQ28;ATM;OP63;METRO-BAHIA;DF228;Subst. Do PDV ATM;1
01/03/2024;COT6;Metro-Bahia;EQ28;ATM;OP63;METRO-BAHIA;DF69;Manutená∆o no Sensor de Porta;1
01/03/2024;COT6;Metro-Bahia;EQ28;ATM;OP63;METRO-BAHIA;DF260;Subst. HUB Serial;3
01/03/2024;COT6;Metro-Bahia;EQ28;ATM;OP63;METRO-BAHIA;DF179;Subst. Do Cabo de Comunicaá∆o da Impressora;2
01/03/2024;COT6;Metro-Bahia;EQ28;ATM;OP63;METRO-BAHIA;DF141;Subst. Da Fonte do PDV ATM;1
01/03/2024;COT6;Metro-Bahia;EQ28;ATM;OP63;METRO-BAHIA;DF236;Subst. Do Teclado de Metal Frontal;1
01/03/2024;COT6;Metro-Bahia;EQ28;ATM;OP63;METRO-BAHIA;DF218;Subst. Do Monitor;1
01/03/2024;COT6;METRO-BAHIA;EQ6;CCIT 4.0 FRONTAL H2.1;OP64;METROPOLITANO SSA;DF41;Envio para manutená∆o central-CTG;1
01/03/2024;COT6;METRO-BAHIA;EQ6;CCIT 4.0 FRONTAL H2.1;OP64;METROPOLITANO SSA;DF113;Restaura RAM via PC;7
01/03/2024;COT5;METROFOR/ VLT FORTALEZA;EQ38;CCIT 4.0 METROFOR;OP105;METROFOR LINHA SUL;DF113;Restaura RAM via PC;7
01/03/2024;COT5;METROFOR/ VLT FORTALEZA;EQ38;CCIT 4.0 METROFOR;OP105;METROFOR LINHA SUL;DF88;Reparo com formataá∆o e reinst. FW/SW;3
01/03/2024;COT5;METROFOR/ VLT FORTALEZA;EQ38;CCIT 4.0 METROFOR;OP105;METROFOR LINHA SUL;DF286;Subst. Tela;2
01/03/2024;COT10;Metropolitano-Bahia;EQ6;CCIT 4.0 FRONTAL H2.1;OP64;METROPOLITANO SSA;DF113;Restaura RAM via PC;25
01/03/2024;COT10;Metropolitano-Bahia;EQ6;CCIT 4.0 FRONTAL H2.1;OP64;METROPOLITANO SSA;DF272;Subst. Do Touchscreen do m¢dulo;5
01/03/2024;COT20;ROSA TURISMO;EQ36;CCIT 4.0 FRONTAL H1 COM BATERIA;OP66;ROSA TURISMO;DF41;Envio para manutená∆o central-CTG;1
01/03/2024;COT20;ROSA TURISMO;EQ36;CCIT 4.0 FRONTAL H1 COM BATERIA;OP66;ROSA TURISMO;DF113;Restaura RAM via PC;1
01/03/2024;COT19;S«O JO«O;EQ36;CCIT 4.0 FRONTAL H1 COM BATERIA;OP67;S«O JO«O;DF41;Envio para manutená∆o central-CTG;1
01/03/2024;COT19;S«O JO«O;EQ36;CCIT 4.0 FRONTAL H1 COM BATERIA;OP67;S«O JO«O;DF113;Restaura RAM via PC;9
01/03/2024;COT4;Setut;EQ6;CCIT 4.0 FRONTAL H2.1;;;DF41;Envio para manutená∆o central-CTG;8
01/03/2024;COT4;Setut;EQ6;CCIT 4.0 FRONTAL H2.1;;;DF60;Limpeza de cache;1
01/03/2024;COT18;Sindpautras;EQ6;CCIT 4.0 FRONTAL H2.1;OP48;SINDPAUTRAS-SIND. PERM. AUT. TRANSP. SU;DF51;Gravaá∆o BootLoader;9
01/03/2024;COT18;Sindpautras;EQ6;CCIT 4.0 FRONTAL H2.1;OP48;SINDPAUTRAS-SIND. PERM. AUT. TRANSP. SU;DF63;Lista restaurada;11
01/03/2024;COT18;Sindpautras;EQ6;CCIT 4.0 FRONTAL H2.1;OP48;SINDPAUTRAS-SIND. PERM. AUT. TRANSP. SU;DF88;Reparo com formataá∆o e reinst. FW/SW;5
01/03/2024;COT18;Sindpautras;EQ6;CCIT 4.0 FRONTAL H2.1;OP48;SINDPAUTRAS-SIND. PERM. AUT. TRANSP. SU;DF93;Reparo no m¢dulo;11
01/03/2024;COT18;Sindpautras;EQ6;CCIT 4.0 FRONTAL H2.1;OP48;SINDPAUTRAS-SIND. PERM. AUT. TRANSP. SU;DF272;Subst. Do Touchscreen do m¢dulo;1
01/03/2024;COT18;Sindpautras;EQ6;CCIT 4.0 FRONTAL H2.1;OP48;SINDPAUTRAS-SIND. PERM. AUT. TRANSP. SU;DF26;Atualizaá∆o do PIC;4
01/03/2024;COT18;Sindpautras;EQ6;CCIT 4.0 FRONTAL H2.1;OP48;SINDPAUTRAS-SIND. PERM. AUT. TRANSP. SU;DF9;Ajuste e aperto de conex∆o;1
01/03/2024;COT18;Sindpautras;EQ6;CCIT 4.0 FRONTAL H2.1;OP48;SINDPAUTRAS-SIND. PERM. AUT. TRANSP. SU;DF211;Subst. Do Equipamento completo;2
01/03/2024;COT18;Sindpautras;EQ6;CCIT 4.0 FRONTAL H2.1;OP48;SINDPAUTRAS-SIND. PERM. AUT. TRANSP. SU;DF76;N∆o là cart∆o;1
01/03/2024;COT22;Taguatur;EQ35;CCIT 4.0 FRONTAL H2 COM BATERIA;OP82;TAGUATUR;DF41;Envio para manutená∆o central-CTG;22
01/03/2024;COT3;TEU;EQ36;CCIT 4.0 FRONTAL H1 COM BATERIA;;;DF60;Limpeza de cache;4
01/03/2024;COT3;TEU;EQ36;CCIT 4.0 FRONTAL H1 COM BATERIA;;;DF41;Envio para manutená∆o central-CTG;5
01/03/2024;COT3;TEU;EQ36;CCIT 4.0 FRONTAL H1 COM BATERIA;;;DF115;Restauraá∆o da ROM via PC;186
01/03/2024;COT3;TEU;EQ36;CCIT 4.0 FRONTAL H1 COM BATERIA;;;DF136;Subst. Da Bateria de Lithium;1
01/03/2024;COT3;TEU;EQ36;CCIT 4.0 FRONTAL H1 COM BATERIA;;;DF132;Substituiá∆o do SD card;12
01/03/2024;COT2;Transcard;EQ28;ATM;OP61;Setps (Transcard);DF237;Subst. Do Validador de Notas;3
01/03/2024;COT2;Transcard;EQ28;ATM;OP61;Setps (Transcard);DF218;Subst. Do Monitor;1
01/03/2024;COT2;Transcard;EQ28;ATM;OP61;Setps (Transcard);DF143;Subst. da Impressora;3
01/03/2024;COT2;Transcard;EQ28;ATM;OP61;Setps (Transcard);DF231;Subst. Do PINpad;2
01/03/2024;COT2;Transcard;EQ28;ATM;OP61;Setps (Transcard);DF284;Manutená∆o PC ATM;1
01/03/2024;COT2;Transcard;EQ28;ATM;OP61;Setps (Transcard);DF142;Subst. Da Fonte Lambda ATM;2
01/03/2024;COT2;Transcard;EQ28;ATM;OP61;Setps (Transcard);DF236;Subst. Do Teclado de Metal Frontal;1
01/03/2024;COT2;Transcard;EQ28;ATM;OP61;Setps (Transcard);DF228;Subst. Do PDV ATM;1
01/03/2024;COT2;Transcard;EQ6;CCIT 4.0 FRONTAL H2.1;;;DF41;Enviados para manutená∆o central CTG;35
01/03/2024;COT2;Transcard;EQ6;CCIT 4.0 FRONTAL H2.1;;;DF113;Restaura RAM via PC;103
01/03/2024;COT2;Transcard;EQ6;CCIT 4.0 FRONTAL H2.1;;;DF114;Restaura RAM via pendrive;22
01/03/2024;COT2;Transcard;EQ6;CCIT 4.0 FRONTAL H2.1;;;DF272;Subst. Do Touchscreen do m¢dulo;52
01/03/2024;COT1;Transfacil;EQ28;ATM;OP27;TRANSFµCIL;DF19;ATM - defeito n∆o confirmado;8
01/03/2024;COT1;Transfacil;EQ28;ATM;OP27;TRANSFµCIL;DF237;Subst. Do Validador de Notas;2
01/03/2024;COT1;Transfacil;EQ28;ATM;OP27;TRANSFµCIL;DF197;Subst. Do Cofre;2
01/03/2024;COT1;Transfacil;EQ28;ATM;OP27;TRANSFµCIL;DF67;Manutená∆o na Impressora;4
01/03/2024;COT1;Transfacil;EQ28;ATM;OP27;TRANSFµCIL;DF258;Subst. Da Cabeáa de Impress∆o;4
01/03/2024;COT1;Transfacil;EQ28;ATM;OP27;TRANSFµCIL;DF65;Manutená∆o Cofre;2
01/03/2024;COT1;Transfacil;EQ28;ATM;OP27;TRANSFµCIL;DF316;Alinhamento do Dispenser;1
01/03/2024;COT1;Transfacil;EQ28;ATM;OP27;TRANSFµCIL;DF284;Manutená∆o PC ATM;1
01/03/2024;COT1;Transfacil;EQ28;ATM;OP27;TRANSFµCIL;DF228;Subst. Do PDV ATM;1
01/03/2024;COT1;Transfacil;EQ6;CCIT 4.0 FRONTAL H2.1;;;DF21;Atualizaá∆o de FW ;164
01/03/2024;COT1;Transfacil;EQ6;CCIT 4.0 FRONTAL H2.1;OP13;Estaá‰es BRT Move;DF21;Atualizaá∆o de FW ;33
01/03/2024;COT1;Transfacil;EQ6;CCIT 4.0 FRONTAL H2.1;;;DF93;Reparo no m¢dulo;177
01/03/2024;COT1;Transfacil;EQ6;CCIT 4.0 FRONTAL H2.1;OP13;Estaá‰es BRT Move;DF322;Restore do m¢dulo;36
01/03/2024;COT1;Transfacil;EQ6;CCIT 4.0 FRONTAL H2.1;OP13;Estaá‰es BRT Move;DF306;Retirada da bateria;3
01/03/2024;COT1;Transfacil;EQ6;CCIT 4.0 FRONTAL H2.1;;;DF306;Retirada da bateria;4
01/03/2024;COT1;Transfacil;EQ6;CCIT 4.0 FRONTAL H2.1;;;DF131;Subst. Da Antena Wlan do CCIT;2
01/03/2024;COT1;Transfacil;EQ6;CCIT 4.0 FRONTAL H2.1;;;DF136;Subst. Da Carcaáa inferior;6
01/03/2024;COT1;Transfacil;EQ6;CCIT 4.0 FRONTAL H2.1;;;DF210;Subst. Do Display CCIT;12
01/03/2024;COT1;Transfacil;EQ6;CCIT 4.0 FRONTAL H2.1;OP13;Estaá‰es BRT Move;DF210;Subst. Do Display CCIT;2
01/03/2024;COT1;Transfacil;EQ6;CCIT 4.0 FRONTAL H2.1;;;DF216;Subst. Do M¢dulo H2;19
01/03/2024;COT1;Transfacil;EQ6;CCIT 4.0 FRONTAL H2.1;;;DF272;Subst. Do Touchscreen do m¢dulo;11
01/03/2024;COT1;Transfacil;EQ6;CCIT 4.0 FRONTAL H2.1;;;DF238;Subst. Do Vidro CCIT V4.0;4
01/03/2024;COT1;Transfacil;EQ6;CCIT 4.0 FRONTAL H2.1;;;DF63;Lista restaurada;174
01/03/2024;COT1;Transfacil;EQ6;CCIT 4.0 FRONTAL H2.1;;;DF242;Subst. Placa Mbccit;5
01/03/2024;COT1;Transfacil;EQ6;CCIT 4.0 FRONTAL H2.1;;;DF211;Subst. Do Equipamento completo;12
01/03/2024;COT1;Transfacil;EQ6;CCIT 4.0 FRONTAL H2.1;;;DF51;Gravaá∆o BootLoader;49
01/03/2024;COT1;Transfacil;EQ6;CCIT 4.0 FRONTAL H2.1;;;DF91;Reparo com Gravaá∆o de PIC e reinst. Do FW;20
01/03/2024;COT1;Transfacil;EQ6;CCIT 4.0 FRONTAL H2.1;;;DF20;Atualizaá∆o de data;9
01/03/2024;COT1;Transfacil;EQ6;CCIT 4.0 FRONTAL H2.1;;;DF9;Ajuste e aperto de conex∆o;3
01/03/2024;COT1;Transfacil;EQ6;CCIT 4.0 FRONTAL H2.1;;;DF76;N∆o là cart∆o;1
01/03/2024;COT1;Transfacil;EQ6;CCIT 4.0 FRONTAL H2.1;OP13;Estaá‰es BRT Move;DF63;Lista restaurada;37
01/03/2024;COT1;Transfacil;EQ6;CCIT 4.0 FRONTAL H2.1;OP13;Estaá‰es BRT Move;DF51;Gravaá∆o BootLoader;12
01/03/2024;COT1;Transfacil;EQ6;CCIT 4.0 FRONTAL H2.1;OP13;Estaá‰es BRT Move;DF26;Atualizaá∆o do PIC;1
01/03/2024;COT1;Transfacil;EQ6;CCIT 4.0 FRONTAL H2.1;OP13;Estaá‰es BRT Move;DF276;Subst. Placa do M¢dulo;4
01/03/2024;COT1;Transfacil;EQ6;CCIT 4.0 FRONTAL H2.1;OP13;Estaá‰es BRT Move;DF136;Subst. Da Carcaáa inferior;2
01/03/2024;COT1;Transfacil;EQ6;CCIT 4.0 FRONTAL H2.1;OP13;Estaá‰es BRT Move;DF20;Atualizaá∆o de data;2
01/03/2024;COT1;Transfacil;EQ6;CCIT 4.0 FRONTAL H2.1;OP13;Estaá‰es BRT Move;DF272;Subst. Do Touchscreen do m¢dulo;3
01/03/2024;COT1;Transfacil;EQ6;CCIT 4.0 FRONTAL H2.1;OP13;Estaá‰es BRT Move;DF238;Subst. Do Vidro CCIT V4.0;1
01/03/2024;COT1;Transfacil;EQ6;CCIT 4.0 FRONTAL H2.1;OP13;Estaá‰es BRT Move;DF211;Subst. Do Equipamento completo;1
01/03/2024;COT35;TURIN CONGONHAS;EQ5;CCIT 4.0 FRONTAL;OP138;VIAÄ«O TURIN CONGONHAS;DF21;Atualizaá∆o de FW ;1
01/03/2024;COT35;TURIN CONGONHAS;EQ5;CCIT 4.0 FRONTAL;OP138;VIAÄ«O TURIN CONGONHAS;DF51;Gravaá∆o BootLoader;1
01/03/2024;COT35;TURIN CONGONHAS;EQ5;CCIT 4.0 FRONTAL;OP138;VIAÄ«O TURIN CONGONHAS;DF63;Lista restaurada;1
01/03/2024;COT35;TURIN CONGONHAS;EQ5;CCIT 4.0 FRONTAL;OP138;VIAÄ«O TURIN CONGONHAS;DF322;Restore do m¢dulo;1
01/03/2024;COT23;UTB;EQ6;CCIT 4.0 FRONTAL H2.1;OP83;UTB;DF41;Envio para manutená∆o central-CTG;24
01/03/2024;COT16;Via Ouro;EQ6;CCIT 4.0 FRONTAL H2.1;OP49;VIA OURO COLETIVOS LTDA;DF51;Gravaá∆o BootLoader;1
01/03/2024;COT16;Via Ouro;EQ6;CCIT 4.0 FRONTAL H2.1;OP49;VIA OURO COLETIVOS LTDA;DF63;Lista restaurada;2
01/03/2024;COT16;Via Ouro;EQ6;CCIT 4.0 FRONTAL H2.1;OP49;VIA OURO COLETIVOS LTDA;DF90;Reparo com formataá∆o e subst. FW/SW;1
01/03/2024;COT16;Via Ouro;EQ6;CCIT 4.0 FRONTAL H2.1;OP49;VIA OURO COLETIVOS LTDA;DF93;Reparo no m¢dulo;2
01/03/2024;COT16;Via Ouro;EQ6;CCIT 4.0 FRONTAL H2.1;OP49;VIA OURO COLETIVOS LTDA;DF272;Subst. Do Touchscreen do m¢dulo;2
01/03/2024;COT3;TEU;EQ14;DMX200 MOD H3.1;;;DF21;Atualizaá∆o de FW ;1
01/03/2024;COT3;TEU;EQ14;DMX200 MOD H3.1;;;DF115;Restauraá∆o da ROM via PC;1
01/03/2024;COT2;Transcard;EQ16;PDM03;;;DF117;Restauraá∆o de m¢dulos via PC e/ou SdCard;3
01/03/2024;COT25;COOTRAPS - CE;EQ14;DMX200 MOD H3.1;OP129;COOTRAPS;DF39;Enviados para manutená∆o central CTG;15
01/03/2024;COT19;S«O JO«O;EQ39;DMX200L JI21 SEM BATERIA;OP67;S«O JO«O;DF115;Restauraá∆o da ROM via PC;6
01/03/2024;COT20;ROSA TURISMO;EQ39;DMX200L JI21 SEM BATERIA;OP66;ROSA TURISMO;DF115;Restauraá∆o da ROM via PC;6
01/03/2024;COT33;FLORIAN‡POLIS;EQ15;DMX200L SEM BATERIA;;;DF41;Envio para manutená∆o central-CTG;14
01/03/2024;COT24;GVBUS;EQ14;DMX200 MOD H3.1;;;DF41;Envio para manutená∆o central-CTG;37
01/03/2024;COT20;ROSA TURISMO;EQ39;DMX200L JI21 SEM BATERIA;OP66;ROSA TURISMO;DF41;Envio para manutená∆o central-CTG;2
01/03/2024;COT19;S«O JO«O;EQ39;DMX200L JI21 SEM BATERIA;OP67;S«O JO«O;DF41;Envio para manutená∆o central-CTG;2
01/03/2024;COT25;COOTRAPS - CE;EQ14;DMX200 MOD H3.1;OP129;COOTRAPS;DF90;Reparo com formataá∆o e subst. FW/SW;12
01/03/2024;COT25;COOTRAPS - CE;EQ14;DMX200 MOD H3.1;OP129;COOTRAPS;DF298;Subst. De placa do sensor;7
01/03/2024;COT1;Transfacil;EQ14;DMX200 MOD H3.1;;;DF21;Atualizaá∆o de FW ;84
01/03/2024;COT16;Via Ouro;EQ39;DMX200L JI21 SEM BATERIA;;;DF21;Atualizaá∆o de FW ;6
01/03/2024;COT12;DIVPASS;EQ13;DMX200L;OP124;DIVPASS;DF21;Atualizaá∆o de FW ;12
01/03/2024;COT35;TURIN CONGONHAS;EQ5;CCIT 4.0 FRONTAL;OP138;VIAÄ«O TURIN CONGONHAS;DF21;Atualizaá∆o de FW ;1
01/03/2024;COT4;Setut;EQ14;DMX200 MOD H3.1;;;DF41;Envio para manutená∆o central-CTG;18
01/03/2024;COT22;Taguatur PM NOVO;EQ39;DMX200L JI21 SEM BATERIA;OP82;TAGUATUR;DF41;Envio para manutená∆o central-CTG;41
01/03/2024;COT33;FLORIAN‡POLIS;EQ15;DMX200L SEM BATERIA;;;DF115;Restauraá∆o da ROM via PC;22
01/03/2024;COT3;TEU;EQ14;DMX200 MOD H3.1;;;DF41;Envio para manutená∆o central-CTG;5
01/03/2024;COT33;FLORIAN‡POLIS;EQ15;DMX200L SEM BATERIA;;;DF21;Atualizaá∆o de FW ;26
01/03/2024;COT2;Transcard;EQ16;PDM03;;;DF41;Envio para manutená∆o central-CTG;2
01/03/2024;COT24;GVBUS;EQ14;DMX200 MOD H3.1;;;DF21;Atualizaá∆o de FW ;68
01/03/2024;COT24;GVBUS;EQ14;DMX200 MOD H3.1;;;DF292;Ressolda conector USB;39
01/03/2024;COT24;GVBUS;EQ14;DMX200 MOD H3.1;;;DF322;Restore do m¢dulo;14
01/03/2024;COT23;UTB;EQ40;DMX200L JI21 COM BATERIA;OP83;UTB;DF41;Envio para manutená∆o central-CTG;36
01/03/2024;COT24;GVBUS;EQ10;CONNECTION CCIT 4.0;;;DF278;Modificaá∆o circuito catraca;23
01/03/2024;COT24;GVBUS;EQ10;CONNECTION CCIT 4.0;;;DF41;Envio para manutená∆o central-CTG;5
01/03/2024;COT10;Metropolitano-Bahia;EQ10;CONNECTION CCIT 4.0;OP64;METROPOLITANO SSA;DF41;Envio para manutená∆o central-CTG;4
01/03/2024;COT10;Metropolitano-Bahia;EQ10;CONNECTION CCIT 4.0;OP64;METROPOLITANO SSA;DF50;FW Restaurado;4
01/03/2024;COT19;ROSA TURISMO;EQ10;CONNECTION CCIT 4.0;OP66;ROSA TURISMO;DF50;FW Restaurado;5
01/03/2024;COT19;ROSA TURISMO;EQ10;CONNECTION CCIT 4.0;OP66;ROSA TURISMO;DF41;Envio para manutená∆o central-CTG;1
01/03/2024;COT19;S«O JO«O;EQ10;CONNECTION CCIT 4.0;OP67;S«O JO«O;DF50;FW Restaurado;3
01/03/2024;COT19;S«O JO«O;EQ10;CONNECTION CCIT 4.0;OP67;S«O JO«O;DF41;Envio para manutená∆o central-CTG;1
01/03/2024;COT2;Transcard;EQ10;CONNECTION CCIT 4.0;;;DF46;Formataá∆o da mem¢ria e subst. FW;40
01/03/2024;COT2;Transcard;EQ10;CONNECTION CCIT 4.0;;;DF41;Envio para manutená∆o central-CTG;24
01/03/2024;COT1;Transfacil;EQ10;CONNECTION CCIT 4.0;;;DF21;Atualizaá∆o de FW ;22
01/03/2024;COT1;Transfacil;EQ10;CONNECTION CCIT 4.0;;;DF278;Modificaá∆o circuito catraca;3
01/03/2024;COT1;Transfacil;EQ10;CONNECTION CCIT 4.0;;;DF169;Subst. De Componente eletrìnico;1
01/03/2024;COT1;Transfacil;EQ10;CONNECTION CCIT 4.0;;;DF26;Atualizaá∆o do PIC;31
01/03/2024;COT1;Transfacil;EQ10;CONNECTION CCIT 4.0;;;DF51;Gravaá∆o BootLoader;9
01/03/2024;COT1;Transfacil;EQ10;CONNECTION CCIT 4.0;;;DF61;Limpeza e testes;1
01/03/2024;COT1;Transfacil;EQ10;CONNECTION CCIT 4.0;;;DF279;Modificado para M¢dulo JI21;1
01/03/2024;COT1;Transfacil;EQ10;CONNECTION CCIT 4.0;;;DF256;Substituiá∆o de fus°vel;1
01/03/2024;COT1;Transfacil;EQ10;CONNECTION CCIT 4.0;;;DF76;N∆o là cart∆o;1
01/03/2024;COT1;Transfacil;EQ10;CONNECTION CCIT 4.0;;;DF211;Subst. Do Equipamento completo;2
01/03/2024;COT3;TEU;EQ22;V3000M;;;DF21;Atualizaá∆o de FW ;46
01/03/2024;COT3;TEU;EQ22;V3000M;;;DF115;Restauraá∆o da ROM via PC;47
01/03/2024;COT3;TEU;EQ22;V3000M;;;DF41;Envio para manutená∆o central-CTG;5
01/03/2024;COT3;TEU;EQ22;V3000M;;;DF232;Subst. Do SDCard;6
01/03/2024;COT3;TEU;EQ22;V3000M;;;DF52;Gravaá∆o Supervisor;1
01/03/2024;COT3;TEU;EQ26;V3000M DVR;;;DF21;Atualizaá∆o de FW ;14
01/03/2024;COT3;TEU;EQ26;V3000M DVR;;;DF115;Restauraá∆o da ROM via PC;9
01/03/2024;COT3;TEU;EQ26;V3000M DVR;;;DF41;Envio para manutená∆o central-CTG;5
01/03/2024;COT3;TEU;EQ26;V3000M DVR;;;DF232;Subst. Do SDCard;3
01/03/2024;COT1;Transfacil;EQ27;UT (FTV 3000);;;DF21;Atualizaá∆o de FW ;1
01/03/2024;COT1;Transfacil;EQ27;UT (FTV 3000);;;DF198;Subst. Do componente eletrìnico;5
01/03/2024;COT10;Metropolitano-Bahia;EQ31;POS 250;OP64;METROPOLITANO SSA;DF41;Envio para manutená∆o central-CTG;0
01/03/2024;COT2;Transcard;EQ31;POS 250;;;DF46;Envio para manutená∆o central-CTG;10
01/03/2024;COT2;Transcard;EQ31;POS 250;;;DF46;Formataá∆o da mem¢ria e subst. FW;7
01/03/2024;COT25;COOTRAPS - CE;EQ17;FONTE PM;OP129;COOTRAPS;DF33;Defeito n∆o encontrado - testes e liberaá∆o;2
01/03/2024;COT25;COOTRAPS - CE;EQ17;FONTE PM;OP129;COOTRAPS;DF41;Envio para manutená∆o central-CTG;2
01/04/2024;COT7;Alagoinhas;EQ34;CCIT 4.0 FRONTAL H2.1 C SEM BATERIA;OP68;ALAGOINHAS;DF113;Restaura RAM via PC;6
01/04/2024;COT7;Alagoinhas;EQ34;CCIT 4.0 FRONTAL H2.1 C SEM BATERIA;OP68;ALAGOINHAS;DF41;Envio para manutená∆o central-CTG;1
01/04/2024;COT21;Araguarina;EQ35;CCIT 4.0 FRONTAL H2 COM BATERIA;OP81;VIAÄ«O ARAGUARINA;DF41;Envio para manutená∆o central-CTG;3
01/04/2024;COT12;DIVPASS;EQ6;CCIT 4.0 FRONTAL H2.1;OP124;DIVPASS;DF20;Atualizaá∆o de data;1
01/04/2024;COT12;DIVPASS;EQ6;CCIT 4.0 FRONTAL H2.1;OP124;DIVPASS;DF26;Atualizaá∆o do PIC;1
01/04/2024;COT12;DIVPASS;EQ6;CCIT 4.0 FRONTAL H2.1;OP124;DIVPASS;DF136;Subst. Da Carcaáa inferior;2
01/04/2024;COT12;DIVPASS;EQ6;CCIT 4.0 FRONTAL H2.1;OP124;DIVPASS;DF198;Subst. Do componente eletrìnico;2
01/04/2024;COT12;DIVPASS;EQ6;CCIT 4.0 FRONTAL H2.1;OP124;DIVPASS;DF306;Retirada da bateria;3
01/04/2024;COT12;DIVPASS;EQ6;CCIT 4.0 FRONTAL H2.1;OP124;DIVPASS;DF209;Subst. Do Display;3
01/04/2024;COT12;DIVPASS;EQ6;CCIT 4.0 FRONTAL H2.1;OP124;DIVPASS;DF216;Subst. Do M¢dulo H2;3
01/04/2024;COT12;DIVPASS;EQ6;CCIT 4.0 FRONTAL H2.1;OP124;DIVPASS;DF93;Reparo com formataá∆o e reinst. FW/SW;11
01/04/2024;COT12;DIVPASS;EQ6;CCIT 4.0 FRONTAL H2.1;OP124;DIVPASS;DF51;Gravaá∆o BootLoader;13
01/04/2024;COT12;DIVPASS;EQ6;CCIT 4.0 FRONTAL H2.1;OP124;DIVPASS;DF93;Reparo no m¢dulo;14
01/04/2024;COT12;DIVPASS;EQ6;CCIT 4.0 FRONTAL H2.1;OP124;DIVPASS;DF63;Lista restaurada;15
01/04/2024;COT11;Gov. Valadares;EQ6;CCIT 4.0 FRONTAL H2.1;OP53;VIAÄ«O MOBI;DF51;Gravaá∆o BootLoader;6
01/04/2024;COT11;Gov. Valadares;EQ6;CCIT 4.0 FRONTAL H2.1;OP53;VIAÄ«O MOBI;DF63;Lista restaurada;8
01/04/2024;COT11;Gov. Valadares;EQ6;CCIT 4.0 FRONTAL H2.1;OP53;VIAÄ«O MOBI;DF93;Reparo com formataá∆o e reinst. FW/SW;8
01/04/2024;COT11;Gov. Valadares;EQ6;CCIT 4.0 FRONTAL H2.1;OP53;VIAÄ«O MOBI;DF93;Reparo no m¢dulo;8
01/04/2024;COT11;Gov. Valadares;EQ6;CCIT 4.0 FRONTAL H2.1;OP53;VIAÄ«O MOBI;DF216;Subst. Do M¢dulo H2;1
01/04/2024;COT11;Gov. Valadares;EQ6;CCIT 4.0 FRONTAL H2.1;OP53;VIAÄ«O MOBI;DF76;N∆o là cart∆o;1
01/04/2024;COT11;Gov. Valadares;EQ6;CCIT 4.0 FRONTAL H2.1;OP53;VIAÄ«O MOBI;DF216;Subst. Do M¢dulo H2;1
01/04/2024;COT24;GVBUS;EQ28;ATM;OP108;GVBUS - SIND. DAS EMP. DE TRANP. METROP. DA GRANDE VIT‡RIA;DF262;Retirada de nota ATM e testes;2
01/04/2024;COT24;GVBUS;EQ28;ATM;OP108;GVBUS - SIND. DAS EMP. DE TRANP. METROP. DA GRANDE VIT‡RIA;DF74;N∆o emite Recibo;1
01/04/2024;COT24;GVBUS;EQ28;ATM;OP108;GVBUS - SIND. DAS EMP. DE TRANP. METROP. DA GRANDE VIT‡RIA;DF87;Reparo com configuraá∆o Setup - Upex;3
01/04/2024;COT24;GVBUS;EQ6;CCIT 4.0 FRONTAL H2.1;;;DF41;Envio para manutená∆o central-CTG;53
01/04/2024;COT24;GVBUS;EQ6;CCIT 4.0 FRONTAL H2.1;;;DF322;Restore do m¢dulo;146
01/04/2024;COT13;Mariana;EQ5;CCIT 4.0 FRONTAL;OP54;TRANSCOTTA MARIANA MG;DF51;Gravaá∆o BootLoader;1
01/04/2024;COT13;Mariana;EQ5;CCIT 4.0 FRONTAL;OP54;TRANSCOTTA MARIANA MG;DF63;Lista restaurada;1
01/04/2024;COT13;Mariana;EQ5;CCIT 4.0 FRONTAL;OP54;TRANSCOTTA MARIANA MG;DF93;Reparo no m¢dulo;1
01/04/2024;COT13;Mariana;EQ5;CCIT 4.0 FRONTAL;OP54;TRANSCOTTA MARIANA MG;DF91;Reparo com Gravaá∆o de PIC e reinst. Do FW;1
01/04/2024;COT13;Mariana;EQ5;CCIT 4.0 FRONTAL;OP54;TRANSCOTTA MARIANA MG;DF136;Subst. Da Carcaáa inferior;1
01/04/2024;COT6;Metro-Bahia;EQ28;ATM;OP63;METRO-BAHIA;DF237;Subst. Do Validador de Notas;11
01/04/2024;COT6;Metro-Bahia;EQ28;ATM;OP63;METRO-BAHIA;DF143;Subst. da Impressora;9
01/04/2024;COT6;Metro-Bahia;EQ28;ATM;OP63;METRO-BAHIA;DF67;Manutená∆o na Impressora;1
01/04/2024;COT6;Metro-Bahia;EQ28;ATM;OP63;METRO-BAHIA;DF228;Subst. Do PDV ATM;2
01/04/2024;COT6;Metro-Bahia;EQ28;ATM;OP63;METRO-BAHIA;DF260;Subst. HUB Serial;3
01/04/2024;COT6;Metro-Bahia;EQ28;ATM;OP63;METRO-BAHIA;DF141;Subst. Da Fonte do PDV ATM;1
01/04/2024;COT6;Metro-Bahia;EQ28;ATM;OP63;METRO-BAHIA;DF236;Subst. Do Teclado de Metal Frontal;2
01/04/2024;COT6;Metro-Bahia;EQ28;ATM;OP63;METRO-BAHIA;DF218;Subst. Do Monitor;2
01/04/2024;COT6;METRO-BAHIA;EQ6;CCIT 4.0 FRONTAL H2.1;OP64;METROPOLITANO SSA;DF113;Restaura RAM via PC;16
01/04/2024;COT6;METRO-BAHIA;EQ6;CCIT 4.0 FRONTAL H2.1;OP64;METROPOLITANO SSA;DF41;Envio para manutená∆o central-CTG;3
01/04/2024;COT5;METROFOR/ VLT FORTALEZA;EQ38;CCIT 4.0 METROFOR;OP105;METROFOR LINHA SUL;DF41;Envio para manutená∆o central-CTG;11
01/04/2024;COT5;METROFOR/ VLT FORTALEZA;EQ38;CCIT 4.0 METROFOR;OP105;METROFOR LINHA SUL;DF88;Reparo com formataá∆o e reinst. FW/SW;5
01/04/2024;COT5;METROFOR/ VLT FORTALEZA;EQ38;CCIT 4.0 METROFOR;OP105;METROFOR LINHA SUL;DF113;Restaura RAM via PC;3
01/04/2024;COT5;METROFOR/ VLT FORTALEZA;EQ38;CCIT 4.0 METROFOR;OP105;METROFOR LINHA SUL;DF286;Subst. Tela;3
01/04/2024;COT10;Metropolitano-Bahia;EQ6;CCIT 4.0 FRONTAL H2.1;OP64;METROPOLITANO SSA;DF113;Restaura RAM via PC;27
01/04/2024;COT10;Metropolitano-Bahia;EQ6;CCIT 4.0 FRONTAL H2.1;OP64;METROPOLITANO SSA;DF272;Subst. Do Touchscreen do m¢dulo;6
01/04/2024;COT10;Metropolitano-Bahia;EQ6;CCIT 4.0 FRONTAL H2.1;OP64;METROPOLITANO SSA;DF41;Envio para manutená∆o central-CTG;2
01/04/2024;COT20;ROSA TURISMO;EQ36;CCIT 4.0 FRONTAL H1 COM BATERIA;OP66;ROSA TURISMO;DF41;Envio para manutená∆o central-CTG;1
01/04/2024;COT20;ROSA TURISMO;EQ36;CCIT 4.0 FRONTAL H1 COM BATERIA;OP66;ROSA TURISMO;DF113;Restaura RAM via PC;1
01/04/2024;COT19;S«O JO«O;EQ36;CCIT 4.0 FRONTAL H1 COM BATERIA;OP67;S«O JO«O;DF41;Envio para manutená∆o central-CTG;1
01/04/2024;COT19;S«O JO«O;EQ36;CCIT 4.0 FRONTAL H1 COM BATERIA;OP67;S«O JO«O;DF113;Restaura RAM via PC;3
01/04/2024;COT17;S∆o Jorge;EQ6;CCIT 4.0 FRONTAL H2.1;OP50;S«O JORGE AUTO ONIBUS ;DF21;Atualizaá∆o de FW ;3
01/04/2024;COT17;S∆o Jorge;EQ6;CCIT 4.0 FRONTAL H2.1;OP50;S«O JORGE AUTO ONIBUS ;DF63;Lista restaurada;2
01/04/2024;COT17;S∆o Jorge;EQ6;CCIT 4.0 FRONTAL H2.1;OP50;S«O JORGE AUTO ONIBUS ;DF51;Gravaá∆o BootLoader;3
01/04/2024;COT17;S∆o Jorge;EQ6;CCIT 4.0 FRONTAL H2.1;OP50;S«O JORGE AUTO ONIBUS ;DF322;Restore do m¢dulo;3
01/04/2024;COT17;S∆o Jorge;EQ6;CCIT 4.0 FRONTAL H2.1;OP50;S«O JORGE AUTO ONIBUS ;DF272;Subst. Do Touchscreen do m¢dulo;1
01/04/2024;COT17;S∆o Jorge;EQ6;CCIT 4.0 FRONTAL H2.1;OP50;S«O JORGE AUTO ONIBUS ;DF306;Retirada da bateria;1
01/04/2024;COT4;Setut;EQ6;CCIT 4.0 FRONTAL H2.1;;;DF41;Envio para manutená∆o central-CTG;17
01/04/2024;COT4;Setut;EQ6;CCIT 4.0 FRONTAL H2.1;;;DF60;Limpeza de cache;2
01/04/2024;COT4;Setut;EQ6;CCIT 4.0 FRONTAL H2.1;;;DF60;Restaura RAM via PC;2
01/04/2024;COT18;Sindpautras;EQ6;CCIT 4.0 FRONTAL H2.1;OP48;SINDPAUTRAS-SIND. PERM. AUT. TRANSP. SU;DF26;Atualizaá∆o do PIC;1
01/04/2024;COT18;Sindpautras;EQ6;CCIT 4.0 FRONTAL H2.1;OP48;SINDPAUTRAS-SIND. PERM. AUT. TRANSP. SU;DF306;Retirada da bateria;1
01/04/2024;COT18;Sindpautras;EQ6;CCIT 4.0 FRONTAL H2.1;OP48;SINDPAUTRAS-SIND. PERM. AUT. TRANSP. SU;DF136;Subst. Da Carcaáa inferior;2
01/04/2024;COT18;Sindpautras;EQ6;CCIT 4.0 FRONTAL H2.1;OP48;SINDPAUTRAS-SIND. PERM. AUT. TRANSP. SU;DF209;Subst. Do Display;3
01/04/2024;COT18;Sindpautras;EQ6;CCIT 4.0 FRONTAL H2.1;OP48;SINDPAUTRAS-SIND. PERM. AUT. TRANSP. SU;DF131;Subst. Da Antena Wlan do CCIT;3
01/04/2024;COT18;Sindpautras;EQ6;CCIT 4.0 FRONTAL H2.1;OP48;SINDPAUTRAS-SIND. PERM. AUT. TRANSP. SU;DF216;Subst. Do M¢dulo H2;7
01/04/2024;COT18;Sindpautras;EQ6;CCIT 4.0 FRONTAL H2.1;OP48;SINDPAUTRAS-SIND. PERM. AUT. TRANSP. SU;DF21;Atualizaá∆o de FW ;21
01/04/2024;COT18;Sindpautras;EQ6;CCIT 4.0 FRONTAL H2.1;OP48;SINDPAUTRAS-SIND. PERM. AUT. TRANSP. SU;DF51;Gravaá∆o BootLoader;27
01/04/2024;COT18;Sindpautras;EQ6;CCIT 4.0 FRONTAL H2.1;OP48;SINDPAUTRAS-SIND. PERM. AUT. TRANSP. SU;DF63;Lista restaurada;29
01/04/2024;COT18;Sindpautras;EQ6;CCIT 4.0 FRONTAL H2.1;OP48;SINDPAUTRAS-SIND. PERM. AUT. TRANSP. SU;DF93;Reparo no m¢dulo;30
01/04/2024;COT22;Taguatur;EQ35;CCIT 4.0 FRONTAL H2 COM BATERIA;OP82;TAGUATUR;DF41;Envio para manutená∆o central-CTG;24
01/04/2024;COT2;Transcard;EQ28;ATM;OP61;Setps (Transcard);DF237;Subst. Do Validador de Notas;5
01/04/2024;COT2;Transcard;EQ28;ATM;OP61;Setps (Transcard);DF143;Subst. da Impressora;4
01/04/2024;COT2;Transcard;EQ28;ATM;OP61;Setps (Transcard);DF231;Subst. Do PINpad;3
01/04/2024;COT2;Transcard;EQ28;ATM;OP61;Setps (Transcard);DF284;Manutená∆o PC ATM;4
01/04/2024;COT2;Transcard;EQ28;ATM;OP61;Setps (Transcard);DF228;Subst. Do PDV ATM;2
01/04/2024;COT2;Transcard;EQ6;CCIT 4.0 FRONTAL H2.1;;;DF41;Enviados para manutená∆o central CTG;40
01/04/2024;COT2;Transcard;EQ6;CCIT 4.0 FRONTAL H2.1;;;DF113;Restaura RAM via PC;94
01/04/2024;COT2;Transcard;EQ6;CCIT 4.0 FRONTAL H2.1;;;DF114;Restaura RAM via pendrive;34
01/04/2024;COT2;Transcard;EQ6;CCIT 4.0 FRONTAL H2.1;;;DF272;Subst. Do Touchscreen do m¢dulo;36
01/04/2024;COT1;Transfacil;EQ28;ATM;OP27;TRANSFµCIL;DF67;Manutená∆o na Impressora;1
01/04/2024;COT1;Transfacil;EQ28;ATM;OP27;TRANSFµCIL;DF228;Subst. Do PDV ATM;1
01/04/2024;COT1;Transfacil;EQ28;ATM;OP27;TRANSFµCIL;DF140;Subst. Da Fechadura Tetra Chave;1
01/04/2024;COT1;Transfacil;EQ28;ATM;OP27;TRANSFµCIL;DF132;Subst. Da Bateria de Lithium;1
01/04/2024;COT1;Transfacil;EQ28;ATM;OP27;TRANSFµCIL;DF266;Subst. Do cooler;1
01/04/2024;COT1;Transfacil;EQ28;ATM;OP27;TRANSFµCIL;DF218;Subst. Do Monitor;1
01/04/2024;COT1;Transfacil;EQ28;ATM;OP27;TRANSFµCIL;DF283;Subst. Tampa Plastico Validador de Notas;1
01/04/2024;COT1;Transfacil;EQ28;ATM;OP27;TRANSFµCIL;DF258;Subst. Da Cabeáa de Impress∆o;2
01/04/2024;COT1;Transfacil;EQ28;ATM;OP27;TRANSFµCIL;DF212;Subst. Do HD;2
01/04/2024;COT1;Transfacil;EQ28;ATM;OP27;TRANSFµCIL;DF10;Ajuste mecÉnico fechadura Porta Interna;2
01/04/2024;COT1;Transfacil;EQ28;ATM;OP27;TRANSFµCIL;DF284;Manutená∆o PC ATM;3
01/04/2024;COT1;Transfacil;EQ28;ATM;OP27;TRANSFµCIL;DF142;Subst. Da Fonte Lambda ATM;3
01/04/2024;COT1;Transfacil;EQ28;ATM;OP27;TRANSFµCIL;DF207;Subst. Do Conversor Serial;3
01/04/2024;COT1;Transfacil;EQ28;ATM;OP27;TRANSFµCIL;DF237;Subst. Do Validador de Notas;5
01/04/2024;COT1;Transfacil;EQ28;ATM;OP27;TRANSFµCIL;DF19;ATM - defeito n∆o confirmado;6
01/04/2024;COT1;Transfacil;EQ6;CCIT 4.0 FRONTAL H2.1;;;DF238;Subst. Do Vidro CCIT V4.0;1
01/04/2024;COT1;Transfacil;EQ6;CCIT 4.0 FRONTAL H2.1;OP13;Estaá‰es BRT Move;DF26;Atualizaá∆o do PIC;1
01/04/2024;COT1;Transfacil;EQ6;CCIT 4.0 FRONTAL H2.1;;;DF9;Ajuste e aperto de conex∆o;1
01/04/2024;COT1;Transfacil;EQ6;CCIT 4.0 FRONTAL H2.1;OP13;Estaá‰es BRT Move;DF136;Subst. Da Carcaáa inferior;5
01/04/2024;COT1;Transfacil;EQ6;CCIT 4.0 FRONTAL H2.1;OP13;Estaá‰es BRT Move;DF272;Subst. Do Touchscreen do m¢dulo;5
01/04/2024;COT1;Transfacil;EQ6;CCIT 4.0 FRONTAL H2.1;;;DF306;Retirada da bateria;3
01/04/2024;COT1;Transfacil;EQ6;CCIT 4.0 FRONTAL H2.1;;;DF20;Atualizaá∆o de data;5
01/04/2024;COT1;Transfacil;EQ6;CCIT 4.0 FRONTAL H2.1;;;DF91;Reparo com Gravaá∆o de PIC e reinst. Do FW;8
01/04/2024;COT1;Transfacil;EQ6;CCIT 4.0 FRONTAL H2.1;;;DF136;Subst. Da Carcaáa inferior;10
01/04/2024;COT1;Transfacil;EQ6;CCIT 4.0 FRONTAL H2.1;OP13;Estaá‰es BRT Move;DF51;Gravaá∆o BootLoader;6
01/04/2024;COT1;Transfacil;EQ6;CCIT 4.0 FRONTAL H2.1;;;DF242;Subst. Placa Mbccit;10
01/04/2024;COT1;Transfacil;EQ6;CCIT 4.0 FRONTAL H2.1;;;DF169;Subst. De Componente eletrìnico;11
01/04/2024;COT1;Transfacil;EQ6;CCIT 4.0 FRONTAL H2.1;;;DF216;Subst. Do M¢dulo H2;13
01/04/2024;COT1;Transfacil;EQ6;CCIT 4.0 FRONTAL H2.1;;;DF272;Subst. Do Touchscreen do m¢dulo;14
01/04/2024;COT1;Transfacil;EQ6;CCIT 4.0 FRONTAL H2.1;;;DF210;Subst. Do Display CCIT;20
01/04/2024;COT1;Transfacil;EQ6;CCIT 4.0 FRONTAL H2.1;;;DF51;Gravaá∆o BootLoader;41
01/04/2024;COT1;Transfacil;EQ6;CCIT 4.0 FRONTAL H2.1;;;DF21;Atualizaá∆o de FW ;166
01/04/2024;COT1;Transfacil;EQ6;CCIT 4.0 FRONTAL H2.1;;;DF93;Reparo no m¢dulo;173
01/04/2024;COT1;Transfacil;EQ6;CCIT 4.0 FRONTAL H2.1;;;DF63;Lista restaurada;176
01/04/2024;COT1;Transfacil;EQ6;CCIT 4.0 FRONTAL H2.1;OP13;Estaá‰es BRT Move;DF210;Subst. Do Display CCIT;9
01/04/2024;COT1;Transfacil;EQ6;CCIT 4.0 FRONTAL H2.1;OP13;Estaá‰es BRT Move;DF322;Restore do m¢dulo;37
01/04/2024;COT1;Transfacil;EQ6;CCIT 4.0 FRONTAL H2.1;OP13;Estaá‰es BRT Move;DF21;Atualizaá∆o de FW ;39
01/04/2024;COT1;Transfacil;EQ6;CCIT 4.0 FRONTAL H2.1;OP13;Estaá‰es BRT Move;DF63;Lista restaurada;39
01/04/2024;COT14;TURIN OURO PRETO;EQ6;CCIT 4.0 FRONTAL H2.1;OP52;VIAÄ«O TURIN OURO PRETO;DF21;Atualizaá∆o de FW ;1
01/04/2024;COT14;TURIN OURO PRETO;EQ6;CCIT 4.0 FRONTAL H2.1;OP52;VIAÄ«O TURIN OURO PRETO;DF51;Gravaá∆o BootLoader;1
01/04/2024;COT14;TURIN OURO PRETO;EQ6;CCIT 4.0 FRONTAL H2.1;OP52;VIAÄ«O TURIN OURO PRETO;DF90;Reparo com formataá∆o e subst. FW/SW;1
01/04/2024;COT14;TURIN OURO PRETO;EQ6;CCIT 4.0 FRONTAL H2.1;OP52;VIAÄ«O TURIN OURO PRETO;DF93;Reparo no m¢dulo;1
01/04/2024;COT14;TURIN OURO PRETO;EQ6;CCIT 4.0 FRONTAL H2.1;OP52;VIAÄ«O TURIN OURO PRETO;DF306;Retirada da bateria;1
01/04/2024;COT23;UTB;EQ6;CCIT 4.0 FRONTAL H2.1;OP83;UTB;DF41;Envio para manutená∆o central-CTG;36
01/04/2024;COT16;Via Ouro;EQ6;CCIT 4.0 FRONTAL H2.1;OP49;VIA OURO COLETIVOS LTDA;DF63;Lista restaurada;1
01/04/2024;COT16;Via Ouro;EQ6;CCIT 4.0 FRONTAL H2.1;OP49;VIA OURO COLETIVOS LTDA;DF90;Reparo com formataá∆o e subst. FW/SW;1
01/04/2024;COT16;Via Ouro;EQ6;CCIT 4.0 FRONTAL H2.1;OP49;VIA OURO COLETIVOS LTDA;DF322;Restore do m¢dulo;1
01/04/2024;COT16;Via Ouro;EQ6;CCIT 4.0 FRONTAL H2.1;OP49;VIA OURO COLETIVOS LTDA;DF272;Subst. Do Touchscreen do m¢dulo;1
01/04/2024;COT24;GVBUS;EQ14;DMX200 MOD H3.1;;;DF21;Atualizaá∆o de FW ;92
01/04/2024;COT24;GVBUS;EQ14;DMX200 MOD H3.1;;;DF292;Ressolda conector USB;17
01/04/2024;COT2;Transcard;EQ16;PDM03;;;DF117;Restauraá∆o de m¢dulos via PC e/ou SdCard;4
01/04/2024;COT24;GVBUS;EQ14;DMX200 MOD H3.1;;;DF41;Envio para manutená∆o central-CTG;53
01/04/2024;COT20;ROSA TURISMO;EQ39;DMX200L JI21 SEM BATERIA;OP66;ROSA TURISMO;DF115;Restauraá∆o da ROM via PC;7
01/04/2024;COT20;ROSA TURISMO;EQ39;DMX200L JI21 SEM BATERIA;OP66;ROSA TURISMO;DF41;Envio para manutená∆o central-CTG;1
01/04/2024;COT20;ROSA TURISMO;EQ39;DMX200L JI21 SEM BATERIA;OP66;ROSA TURISMO;DF300;Ressolda antena GPRS e slot de chip;4
01/04/2024;COT19;S«O JO«O;EQ39;DMX200L JI21 SEM BATERIA;OP67;S«O JO«O;DF115;Restauraá∆o da ROM via PC;7
01/04/2024;COT19;S«O JO«O;EQ39;DMX200L JI21 SEM BATERIA;OP67;S«O JO«O;DF41;Envio para manutená∆o central-CTG;2
01/04/2024;COT19;S«O JO«O;EQ39;DMX200L JI21 SEM BATERIA;OP67;S«O JO«O;DF300;Ressolda antena GPRS e slot de chip;2
01/04/2024;COT4;Setut;EQ14;DMX200 MOD H3.1;;;DF41;Envio para manutená∆o central-CTG;16
01/04/2024;COT22;Taguatur PM NOVO;EQ39;DMX200L JI21 SEM BATERIA;OP82;TAGUATUR;DF41;Envio para manutená∆o central-CTG;10
01/04/2024;COT2;Transcard;EQ16;PDM03;;;DF41;Envio para manutená∆o central-CTG;1
01/04/2024;COT1;Transfacil;EQ14;DMX200 MOD H3.1;;;DF21;Atualizaá∆o de FW ;74
01/04/2024;COT1;Transfacil;EQ14;DMX200 MOD H3.1;;;DF61;Limpeza e testes;19
01/04/2024;COT1;Transfacil;EQ14;DMX200 MOD H3.1;;;DF46;Formataá∆o da mem¢ria e subst. FW;20
01/04/2024;COT1;Transfacil;EQ14;DMX200 MOD H3.1;;;DF267;Ressolda USB Interface;20
01/04/2024;COT1;Transfacil;EQ14;DMX200 MOD H3.1;;;DF271;Subst. Do Vidro;3
01/04/2024;COT1;Transfacil;EQ14;DMX200 MOD H3.1;;;DF209;Subst. Do Display;1
01/04/2024;COT1;Transfacil;EQ14;DMX200 MOD H3.1;;;DF272;Subst. Do Touchscreen do m¢dulo;2
01/04/2024;COT1;Transfacil;EQ14;DMX200 MOD H3.1;;;DF211;Subst. Do Equipamento completo;9
01/04/2024;COT1;Transfacil;EQ14;DMX200 MOD H3.1;;;DF300;Ressolda antena GPRS e slot de chip;3
01/04/2024;COT1;Transfacil;EQ14;DMX200 MOD H3.1;;;DF221;Subst. do Painel Frontal;1
01/04/2024;COT16;Via Ouro;EQ39;DMX200L JI21 SEM BATERIA;;;DF21;Atualizaá∆o de FW ;2
01/04/2024;COT11;Gov. Valadares;EQ13;DMX200L;OP53;VIAÄ«O MOBI;DF21;Atualizaá∆o de FW ;12
01/04/2024;COT11;Gov. Valadares;EQ13;DMX200L;OP53;VIAÄ«O MOBI;DF271;Subst. Do Vidro;1
01/04/2024;COT11;Gov. Valadares;EQ13;DMX200L;OP53;VIAÄ«O MOBI;DF272;Subst. Do Touchscreen do m¢dulo;1
01/04/2024;COT11;Gov. Valadares;EQ13;DMX200L;OP53;VIAÄ«O MOBI;DF211;Subst. Do Equipamento completo;1
01/04/2024;COT11;Gov. Valadares;EQ13;DMX200L;OP53;VIAÄ«O MOBI;DF137;Subst. Da Carcaáa Traseira;1
01/04/2024;COT12;DIVPASS;EQ13;DMX200L;OP124;DIVPASS;DF21;Atualizaá∆o de FW ;13
01/04/2024;COT12;DIVPASS;EQ13;DMX200L;OP124;DIVPASS;DF271;Subst. Do Vidro;1
01/04/2024;COT12;DIVPASS;EQ13;DMX200L;OP124;DIVPASS;DF272;Subst. Do Touchscreen do m¢dulo;1
01/04/2024;COT23;UTB;EQ40;DMX200L JI21 COM BATERIA;OP83;UTB;DF41;Envio para manutená∆o central-CTG;40
01/04/2024;COT24;GVBUS;EQ10;CONNECTION CCIT 4.0;;;DF278;Modificaá∆o circuito catraca;15
01/04/2024;COT24;GVBUS;EQ10;CONNECTION CCIT 4.0;;;DF41;Envio para manutená∆o central-CTG;3
01/04/2024;COT19;ROSA TURISMO;EQ10;CONNECTION CCIT 4.0;OP66;ROSA TURISMO;DF50;FW Restaurado;3
01/04/2024;COT19;ROSA TURISMO;EQ10;CONNECTION CCIT 4.0;OP66;ROSA TURISMO;DF41;Envio para manutená∆o central-CTG;1
01/04/2024;COT19;S«O JO«O;EQ10;CONNECTION CCIT 4.0;OP67;S«O JO«O;DF50;FW Restaurado;1
01/04/2024;COT19;S«O JO«O;EQ10;CONNECTION CCIT 4.0;OP67;S«O JO«O;DF41;Envio para manutená∆o central-CTG;0
01/04/2024;COT4;Setut;EQ10;CONNECTION CCIT 4.0;;;DF41;Envio para manutená∆o central-CTG;6
01/04/2024;COT2;Transcard;EQ10;CONNECTION CCIT 4.0;;;DF46;Formataá∆o da mem¢ria e subst. FW;55
01/04/2024;COT2;Transcard;EQ10;CONNECTION CCIT 4.0;;;DF41;Envio para manutená∆o central-CTG;26
01/04/2024;COT1;Transfacil;EQ10;CONNECTION CCIT 4.0;;;DF21;Atualizaá∆o de FW ;18
01/04/2024;COT1;Transfacil;EQ10;CONNECTION CCIT 4.0;;;DF278;Modificaá∆o circuito catraca;3
01/04/2024;COT1;Transfacil;EQ10;CONNECTION CCIT 4.0;;;DF169;Subst. De Componente eletrìnico;5
01/04/2024;COT1;Transfacil;EQ10;CONNECTION CCIT 4.0;;;DF26;Atualizaá∆o do PIC;21
01/04/2024;COT1;Transfacil;EQ10;CONNECTION CCIT 4.0;;;DF51;Gravaá∆o BootLoader;3
01/04/2024;COT1;Transfacil;EQ10;CONNECTION CCIT 4.0;;;DF61;Limpeza e testes;1
01/04/2024;COT1;Transfacil;EQ10;CONNECTION CCIT 4.0;;;DF256;Substituiá∆o de fus°vel;3
01/04/2024;COT1;Transfacil;EQ10;CONNECTION CCIT 4.0;;;DF153;Subst. Da Placa Fonte;1
01/04/2024;COT1;Transfacil;EQ10;CONNECTION CCIT 4.0;;;DF136;Subst. Da Carcaáa inferior;2
01/04/2024;COT1;Transfacil;EQ27;UT (FTV 3000);;;DF21;Atualizaá∆o de FW ;7
01/04/2024;COT1;Transfacil;EQ27;UT (FTV 3000);;;DF198;Subst. Do componente eletrìnico;5
01/04/2024;COT24;GVBUS;EQ33;POS MOVE 2500;;;DF41;Envio para manutená∆o central-CTG;10
01/04/2024;COT10;Metropolitano-Bahia;EQ31;POS 250;OP64;METROPOLITANO SSA;DF41;Envio para manutená∆o central-CTG;4
01/04/2024;COT10;Metropolitano-Bahia;EQ31;POS 250;OP64;METROPOLITANO SSA;DF21;Atualizaá∆o de FW ;7
01/04/2024;COT2;Transcard;EQ31;POS 250;;;DF46;Envio para manutená∆o central-CTG;2
01/04/2024;COT2;Transcard;EQ31;POS 250;;;DF46;Formataá∆o da mem¢ria e subst. FW;1
01/05/2024;COT7;Alagoinhas;EQ34;CCIT 4.0 FRONTAL H2.1 C SEM BATERIA;OP68;ALAGOINHAS;DF113;Restaura RAM via PC;4
01/05/2024;COT21;Araguarina;EQ35;CCIT 4.0 FRONTAL H2 COM BATERIA;OP81;VIAÄ«O ARAGUARINA;DF41;Envio para manutená∆o central-CTG;1
01/05/2024;COT37;CATEDRAL;EQ6;CCIT 4.0 FRONTAL H2.1;OP144;CATEDRAL;DF41;Envio para manutená∆o central-CTG;7
01/05/2024;COT8;CBTU;EQ1;CCIT 3.0;OP47;CBTU - COMPANHIA BRASILEIRA DE TRENS URBANOS;DF21;Atualizaá∆o de FW ;1
01/05/2024;COT8;CBTU;EQ1;CCIT 3.0;OP47;CBTU - COMPANHIA BRASILEIRA DE TRENS URBANOS;DF63;Lista restaurada;1
01/05/2024;COT8;CBTU;EQ1;CCIT 3.0;OP47;CBTU - COMPANHIA BRASILEIRA DE TRENS URBANOS;DF20;Atualizaá∆o de data;1
01/05/2024;COT12;DIVPASS;EQ6;CCIT 4.0 FRONTAL H2.1;OP124;DIVPASS;DF26;Atualizaá∆o do PIC;1
01/05/2024;COT12;DIVPASS;EQ6;CCIT 4.0 FRONTAL H2.1;OP124;DIVPASS;DF198;Subst. Do componente eletrìnico;1
01/05/2024;COT12;DIVPASS;EQ6;CCIT 4.0 FRONTAL H2.1;OP124;DIVPASS;DF216;Subst. Do M¢dulo H2;3
01/05/2024;COT12;DIVPASS;EQ6;CCIT 4.0 FRONTAL H2.1;OP124;DIVPASS;DF136;Subst. Da Carcaáa inferior;4
01/05/2024;COT12;DIVPASS;EQ6;CCIT 4.0 FRONTAL H2.1;OP124;DIVPASS;DF272;Subst. Do Touchscreen do m¢dulo;5
01/05/2024;COT12;DIVPASS;EQ6;CCIT 4.0 FRONTAL H2.1;OP124;DIVPASS;DF21;Atualizaá∆o de FW ;20
01/05/2024;COT12;DIVPASS;EQ6;CCIT 4.0 FRONTAL H2.1;OP124;DIVPASS;DF51;Gravaá∆o BootLoader;24
01/05/2024;COT12;DIVPASS;EQ6;CCIT 4.0 FRONTAL H2.1;OP124;DIVPASS;DF93;Reparo no m¢dulo;24
01/05/2024;COT12;DIVPASS;EQ6;CCIT 4.0 FRONTAL H2.1;OP124;DIVPASS;DF63;Lista restaurada;24
01/05/2024;COT11;Gov. Valadares;EQ6;CCIT 4.0 FRONTAL H2.1;OP53;VIAÄ«O MOBI;DF51;Gravaá∆o BootLoader;11
01/05/2024;COT11;Gov. Valadares;EQ6;CCIT 4.0 FRONTAL H2.1;OP53;VIAÄ«O MOBI;DF63;Lista restaurada;12
01/05/2024;COT11;Gov. Valadares;EQ6;CCIT 4.0 FRONTAL H2.1;OP53;VIAÄ«O MOBI;DF93;Reparo com formataá∆o e reinst. FW/SW;10
01/05/2024;COT11;Gov. Valadares;EQ6;CCIT 4.0 FRONTAL H2.1;OP53;VIAÄ«O MOBI;DF93;Reparo no m¢dulo;13
01/05/2024;COT11;Gov. Valadares;EQ6;CCIT 4.0 FRONTAL H2.1;OP53;VIAÄ«O MOBI;DF216;Subst. Do M¢dulo H2;3
01/05/2024;COT11;Gov. Valadares;EQ6;CCIT 4.0 FRONTAL H2.1;OP53;VIAÄ«O MOBI;DF210;Subst. Do Display CCIT;2
01/05/2024;COT11;Gov. Valadares;EQ6;CCIT 4.0 FRONTAL H2.1;OP53;VIAÄ«O MOBI;DF272;Subst. Do Touchscreen do m¢dulo;2
01/05/2024;COT11;Gov. Valadares;EQ6;CCIT 4.0 FRONTAL H2.1;OP53;VIAÄ«O MOBI;DF198;Subst. Do componente eletrìnico;3
01/05/2024;COT24;GVBUS;EQ28;ATM;OP108;GVBUS - SIND. DAS EMP. DE TRANP. METROP. DA GRANDE VIT‡RIA;DF262;Retirada de nota ATM e testes;4
01/05/2024;COT24;GVBUS;EQ28;ATM;OP108;GVBUS - SIND. DAS EMP. DE TRANP. METROP. DA GRANDE VIT‡RIA;DF296;ATM - sem conex∆o com internet;4
01/05/2024;COT24;GVBUS;EQ28;ATM;OP108;GVBUS - SIND. DAS EMP. DE TRANP. METROP. DA GRANDE VIT‡RIA;DF308;Erro COF 67 ATM;1
01/05/2024;COT24;GVBUS;EQ6;CCIT 4.0 FRONTAL H2.1;;;DF89;Reparo com Formataá∆o e Subst. De FW;121
01/05/2024;COT24;GVBUS;EQ6;CCIT 4.0 FRONTAL H2.1;;;DF41;Envio para manutená∆o central-CTG;38
01/05/2024;COT24;GVBUS;EQ6;CCIT 4.0 FRONTAL H2.1;;;DF322;Restore do m¢dulo;24
01/05/2024;COT13;Mariana;EQ5;CCIT 4.0 FRONTAL;OP54;TRANSCOTTA MARIANA MG;DF51;Gravaá∆o BootLoader;2
01/05/2024;COT13;Mariana;EQ5;CCIT 4.0 FRONTAL;OP54;TRANSCOTTA MARIANA MG;DF63;Lista restaurada;4
01/05/2024;COT13;Mariana;EQ5;CCIT 4.0 FRONTAL;OP54;TRANSCOTTA MARIANA MG;DF21;Atualizaá∆o de FW ;4
01/05/2024;COT13;Mariana;EQ5;CCIT 4.0 FRONTAL;OP54;TRANSCOTTA MARIANA MG;DF322;Restore do m¢dulo;4
01/05/2024;COT13;Mariana;EQ5;CCIT 4.0 FRONTAL;OP54;TRANSCOTTA MARIANA MG;DF136;Subst. Da Carcaáa inferior;1
01/05/2024;COT13;Mariana;EQ5;CCIT 4.0 FRONTAL;OP54;TRANSCOTTA MARIANA MG;DF306;Retirada da bateria;1
01/05/2024;COT13;Mariana;EQ5;CCIT 4.0 FRONTAL;OP54;TRANSCOTTA MARIANA MG;DF135;Subst. Da Carcaáa frontal;1
01/05/2024;COT13;Mariana;EQ5;CCIT 4.0 FRONTAL;OP54;TRANSCOTTA MARIANA MG;DF238;Subst. Do Vidro CCIT V4.0;1
01/05/2024;COT13;Mariana;EQ5;CCIT 4.0 FRONTAL;OP54;TRANSCOTTA MARIANA MG;DF272;Subst. Do Touchscreen do m¢dulo;1
01/05/2024;COT6;Metro-Bahia;EQ28;ATM;OP63;METRO-BAHIA;DF237;Subst. Do Validador de Notas;12
01/05/2024;COT6;Metro-Bahia;EQ28;ATM;OP63;METRO-BAHIA;DF143;Subst. da Impressora;3
01/05/2024;COT6;Metro-Bahia;EQ28;ATM;OP63;METRO-BAHIA;DF218;Subst. Do Monitor;2
01/05/2024;COT6;Metro-Bahia;EQ28;ATM;OP63;METRO-BAHIA;DF5;Ajuste da porta Externa;1
01/05/2024;COT6;Metro-Bahia;EQ28;ATM;OP63;METRO-BAHIA;DF260;Subst. HUB Serial;1
01/05/2024;COT6;Metro-Bahia;EQ28;ATM;OP63;METRO-BAHIA;DF284;Manutená∆o PC ATM;2
01/05/2024;COT6;METRO-BAHIA;EQ6;CCIT 4.0 FRONTAL H2.1;OP64;METROPOLITANO SSA;DF113;Restaura RAM via PC;13
01/05/2024;COT6;METRO-BAHIA;EQ6;CCIT 4.0 FRONTAL H2.1;OP64;METROPOLITANO SSA;DF41;Envio para manutená∆o central-CTG;2
01/05/2024;COT5;METROFOR/ VLT FORTALEZA;EQ38;CCIT 4.0 METROFOR;OP105;METROFOR LINHA SUL;DF41;Envio para manutená∆o central-CTG;5
01/05/2024;COT5;METROFOR/ VLT FORTALEZA;EQ38;CCIT 4.0 METROFOR;OP105;METROFOR LINHA SUL;DF113;Restaura RAM via PC;10
01/05/2024;COT5;METROFOR/ VLT FORTALEZA;EQ38;CCIT 4.0 METROFOR;OP105;METROFOR LINHA SUL;DF286;Subst. Tela;3
01/05/2024;COT10;Metropolitano-Bahia;EQ6;CCIT 4.0 FRONTAL H2.1;OP64;METROPOLITANO SSA;DF113;Restaura RAM via PC;21
01/05/2024;COT10;Metropolitano-Bahia;EQ6;CCIT 4.0 FRONTAL H2.1;OP64;METROPOLITANO SSA;DF272;Subst. Do Touchscreen do m¢dulo;6
01/05/2024;COT10;Metropolitano-Bahia;EQ6;CCIT 4.0 FRONTAL H2.1;OP64;METROPOLITANO SSA;DF41;Envio para manutená∆o central-CTG;6
01/05/2024;COT19;S«O JO«O;EQ36;CCIT 4.0 FRONTAL H1 COM BATERIA;OP67;S«O JO«O;DF113;Restaura RAM via PC;7
01/05/2024;COT17;S∆o Jorge;EQ6;CCIT 4.0 FRONTAL H2.1;OP50;S«O JORGE AUTO ONIBUS ;DF21;Atualizaá∆o de FW ;2
01/05/2024;COT17;S∆o Jorge;EQ6;CCIT 4.0 FRONTAL H2.1;OP50;S«O JORGE AUTO ONIBUS ;DF63;Lista restaurada;2
01/05/2024;COT17;S∆o Jorge;EQ6;CCIT 4.0 FRONTAL H2.1;OP50;S«O JORGE AUTO ONIBUS ;DF51;Gravaá∆o BootLoader;2
01/05/2024;COT17;S∆o Jorge;EQ6;CCIT 4.0 FRONTAL H2.1;OP50;S«O JORGE AUTO ONIBUS ;DF322;Restore do m¢dulo;2
01/05/2024;COT17;S∆o Jorge;EQ6;CCIT 4.0 FRONTAL H2.1;OP50;S«O JORGE AUTO ONIBUS ;DF216;Subst. Do M¢dulo H2;1
01/05/2024;COT4;Setut;EQ6;CCIT 4.0 FRONTAL H2.1;;;DF41;Envio para manutená∆o central-CTG;13
01/05/2024;COT18;Sindpautras;EQ6;CCIT 4.0 FRONTAL H2.1;OP48;SINDPAUTRAS-SIND. PERM. AUT. TRANSP. SU;DF136;Subst. Da Carcaáa inferior;5
01/05/2024;COT18;Sindpautras;EQ6;CCIT 4.0 FRONTAL H2.1;OP48;SINDPAUTRAS-SIND. PERM. AUT. TRANSP. SU;DF209;Subst. Do Display;3
01/05/2024;COT18;Sindpautras;EQ6;CCIT 4.0 FRONTAL H2.1;OP48;SINDPAUTRAS-SIND. PERM. AUT. TRANSP. SU;DF21;Atualizaá∆o de FW ;5
01/05/2024;COT18;Sindpautras;EQ6;CCIT 4.0 FRONTAL H2.1;OP48;SINDPAUTRAS-SIND. PERM. AUT. TRANSP. SU;DF51;Gravaá∆o BootLoader;28
01/05/2024;COT18;Sindpautras;EQ6;CCIT 4.0 FRONTAL H2.1;OP48;SINDPAUTRAS-SIND. PERM. AUT. TRANSP. SU;DF63;Lista restaurada;30
01/05/2024;COT18;Sindpautras;EQ6;CCIT 4.0 FRONTAL H2.1;OP48;SINDPAUTRAS-SIND. PERM. AUT. TRANSP. SU;DF93;Reparo no m¢dulo;31
01/05/2024;COT22;Taguatur;EQ35;CCIT 4.0 FRONTAL H2 COM BATERIA;OP82;TAGUATUR;DF41;Envio para manutená∆o central-CTG;19
01/05/2024;COT2;Transcard;EQ28;ATM;OP61;Setps (Transcard);DF237;Subst. Do Validador de Notas;4
01/05/2024;COT2;Transcard;EQ28;ATM;OP61;Setps (Transcard);DF143;Subst. da Impressora;3
01/05/2024;COT2;Transcard;EQ28;ATM;OP61;Setps (Transcard);DF4;Ajuste da Porta do Cofre;2
01/05/2024;COT2;Transcard;EQ28;ATM;OP61;Setps (Transcard);DF218;Subst. Do Monitor;1
01/05/2024;COT2;Transcard;EQ6;CCIT 4.0 FRONTAL H2.1;;;DF41;Enviados para manutená∆o central CTG;45
01/05/2024;COT2;Transcard;EQ6;CCIT 4.0 FRONTAL H2.1;;;DF113;Restaura RAM via PC;87
01/05/2024;COT2;Transcard;EQ6;CCIT 4.0 FRONTAL H2.1;;;DF114;Restaura RAM via pendrive;27
01/05/2024;COT2;Transcard;EQ6;CCIT 4.0 FRONTAL H2.1;;;DF272;Subst. Do Touchscreen do m¢dulo;48
01/05/2024;COT1;Transfacil;EQ28;ATM;OP27;TRANSFµCIL;DF67;Manutená∆o na Impressora;3
01/05/2024;COT1;Transfacil;EQ28;ATM;OP27;TRANSFµCIL;DF218;Subst. Do Monitor;1
01/05/2024;COT1;Transfacil;EQ28;ATM;OP27;TRANSFµCIL;DF258;Subst. Da Cabeáa de Impress∆o;1
01/05/2024;COT1;Transfacil;EQ28;ATM;OP27;TRANSFµCIL;DF212;Subst. Do HD;2
01/05/2024;COT1;Transfacil;EQ28;ATM;OP27;TRANSFµCIL;DF10;Ajuste mecÉnico fechadura Porta Interna;1
01/05/2024;COT1;Transfacil;EQ28;ATM;OP27;TRANSFµCIL;DF284;Manutená∆o PC ATM;1
01/05/2024;COT1;Transfacil;EQ28;ATM;OP27;TRANSFµCIL;DF207;Subst. Do Conversor Serial;2
01/05/2024;COT1;Transfacil;EQ28;ATM;OP27;TRANSFµCIL;DF237;Subst. Do Validador de Notas;8
01/05/2024;COT1;Transfacil;EQ28;ATM;OP27;TRANSFµCIL;DF19;ATM - defeito n∆o confirmado;8
01/05/2024;COT1;Transfacil;EQ28;ATM;OP27;TRANSFµCIL;DF143;Subst. da Impressora;6
01/05/2024;COT1;Transfacil;EQ28;ATM;OP27;TRANSFµCIL;DF208;Subst. Do Dispenser do cart∆o;4
01/05/2024;COT1;Transfacil;EQ28;ATM;OP27;TRANSFµCIL;DF128;Subst. Da antena Cless;1
01/05/2024;COT1;Transfacil;EQ28;ATM;OP27;TRANSFµCIL;DF227;Subst. Do PC ATM;3
01/05/2024;COT1;Transfacil;EQ28;ATM;OP27;TRANSFµCIL;DF291;Subst. Da Placa Controladora da Impressora;1
01/05/2024;COT1;Transfacil;EQ28;ATM;OP27;TRANSFµCIL;DF64;Mal contato - Filtro de Linha com Defeito;1
01/05/2024;COT1;Transfacil;EQ28;ATM;OP27;TRANSFµCIL;DF141;Subst. Da Fonte do PDV ATM;1
01/05/2024;COT1;Transfacil;EQ28;ATM;OP27;TRANSFµCIL;DF312;Ajustes cabo de rede;1
01/05/2024;COT1;Transfacil;EQ28;ATM;OP27;TRANSFµCIL;DF5;Ajuste da porta Externa;2
01/05/2024;COT1;Transfacil;EQ6;CCIT 4.0 FRONTAL H2.1;;;DF238;Subst. Do Vidro CCIT V4.0;1
01/05/2024;COT1;Transfacil;EQ6;CCIT 4.0 FRONTAL H2.1;;;DF272;Subst. Do Touchscreen do m¢dulo;1
01/05/2024;COT1;Transfacil;EQ6;CCIT 4.0 FRONTAL H2.1;;;DF94;Repassar SW via cabo;1
01/05/2024;COT1;Transfacil;EQ6;CCIT 4.0 FRONTAL H2.1;;;DF305;Subst. Do Buzzer;1
01/05/2024;COT1;Transfacil;EQ6;CCIT 4.0 FRONTAL H2.1;;;DF131;Subst. Da Antena Wlan do CCIT;1
01/05/2024;COT1;Transfacil;EQ6;CCIT 4.0 FRONTAL H2.1;;;DF242;Subst. Placa Mbccit;7
01/05/2024;COT1;Transfacil;EQ6;CCIT 4.0 FRONTAL H2.1;;;DF91;Reparo com Gravaá∆o de PIC e reinst. Do FW;10
01/05/2024;COT1;Transfacil;EQ6;CCIT 4.0 FRONTAL H2.1;;;DF169;Subst. De Componente eletrìnico;10
01/05/2024;COT1;Transfacil;EQ6;CCIT 4.0 FRONTAL H2.1;;;DF216;Subst. Do M¢dulo H2;12
01/05/2024;COT1;Transfacil;EQ6;CCIT 4.0 FRONTAL H2.1;;;DF136;Subst. Da Carcaáa inferior;13
01/05/2024;COT1;Transfacil;EQ6;CCIT 4.0 FRONTAL H2.1;;;DF210;Subst. Do Display CCIT;18
01/05/2024;COT1;Transfacil;EQ6;CCIT 4.0 FRONTAL H2.1;;;DF21;Atualizaá∆o de FW ;67
01/05/2024;COT1;Transfacil;EQ6;CCIT 4.0 FRONTAL H2.1;;;DF20;Atualizaá∆o de data;103
01/05/2024;COT1;Transfacil;EQ6;CCIT 4.0 FRONTAL H2.1;;;DF51;Gravaá∆o BootLoader;104
01/05/2024;COT1;Transfacil;EQ6;CCIT 4.0 FRONTAL H2.1;;;DF93;Reparo no m¢dulo;170
01/05/2024;COT1;Transfacil;EQ6;CCIT 4.0 FRONTAL H2.1;;;DF63;Lista restaurada;170
01/05/2024;COT1;Transfacil;EQ6;CCIT 4.0 FRONTAL H2.1;OP13;Estaá‰es BRT Move;DF136;Subst. Da Carcaáa inferior;1
01/05/2024;COT1;Transfacil;EQ6;CCIT 4.0 FRONTAL H2.1;OP13;Estaá‰es BRT Move;DF272;Subst. Do Touchscreen do m¢dulo;1
01/05/2024;COT1;Transfacil;EQ6;CCIT 4.0 FRONTAL H2.1;OP13;Estaá‰es BRT Move;DF51;Gravaá∆o BootLoader;14
01/05/2024;COT1;Transfacil;EQ6;CCIT 4.0 FRONTAL H2.1;OP13;Estaá‰es BRT Move;DF210;Subst. Do Display CCIT;4
01/05/2024;COT1;Transfacil;EQ6;CCIT 4.0 FRONTAL H2.1;OP13;Estaá‰es BRT Move;DF322;Restore do m¢dulo;27
01/05/2024;COT1;Transfacil;EQ6;CCIT 4.0 FRONTAL H2.1;OP13;Estaá‰es BRT Move;DF21;Atualizaá∆o de FW ;13
01/05/2024;COT1;Transfacil;EQ6;CCIT 4.0 FRONTAL H2.1;OP13;Estaá‰es BRT Move;DF63;Lista restaurada;27
01/05/2024;COT1;Transfacil;EQ6;CCIT 4.0 FRONTAL H2.1;OP13;Estaá‰es BRT Move;DF20;Atualizaá∆o de data;14
01/05/2024;COT1;Transfacil;EQ6;CCIT 4.0 FRONTAL H2.1;OP13;Estaá‰es BRT Move;DF238;Subst. Do Vidro CCIT V4.0;1
01/05/2024;COT1;Transfacil;EQ6;CCIT 4.0 FRONTAL H2.1;OP13;Estaá‰es BRT Move;DF242;Subst. Placa Mbccit;2
01/05/2024;COT1;Transfacil;EQ6;CCIT 4.0 FRONTAL H2.1;OP13;Estaá‰es BRT Move;DF276;Subst. Placa do M¢dulo;1
01/05/2024;COT14;TURIN OURO PRETO;EQ6;CCIT 4.0 FRONTAL H2.1;OP52;VIAÄ«O TURIN OURO PRETO;DF21;Atualizaá∆o de FW ;4
01/05/2024;COT14;TURIN OURO PRETO;EQ6;CCIT 4.0 FRONTAL H2.1;OP52;VIAÄ«O TURIN OURO PRETO;DF51;Gravaá∆o BootLoader;5
01/05/2024;COT14;TURIN OURO PRETO;EQ6;CCIT 4.0 FRONTAL H2.1;OP52;VIAÄ«O TURIN OURO PRETO;DF90;Reparo com formataá∆o e subst. FW/SW;4
01/05/2024;COT14;TURIN OURO PRETO;EQ6;CCIT 4.0 FRONTAL H2.1;OP52;VIAÄ«O TURIN OURO PRETO;DF93;Reparo no m¢dulo;6
01/05/2024;COT14;TURIN OURO PRETO;EQ6;CCIT 4.0 FRONTAL H2.1;OP52;VIAÄ«O TURIN OURO PRETO;DF306;Retirada da bateria;1
01/05/2024;COT14;TURIN OURO PRETO;EQ6;CCIT 4.0 FRONTAL H2.1;OP52;VIAÄ«O TURIN OURO PRETO;DF136;Subst. Da Carcaáa inferior;2
01/05/2024;COT14;TURIN OURO PRETO;EQ6;CCIT 4.0 FRONTAL H2.1;OP52;VIAÄ«O TURIN OURO PRETO;DF209;Subst. Do Display;5
01/05/2024;COT14;TURIN OURO PRETO;EQ6;CCIT 4.0 FRONTAL H2.1;OP52;VIAÄ«O TURIN OURO PRETO;DF306;Retirada da bateria;1
01/05/2024;COT14;TURIN OURO PRETO;EQ6;CCIT 4.0 FRONTAL H2.1;OP52;VIAÄ«O TURIN OURO PRETO;DF132;Subst. Da Bateria de Lithium;2
01/05/2024;COT14;TURIN OURO PRETO;EQ6;CCIT 4.0 FRONTAL H2.1;OP52;VIAÄ«O TURIN OURO PRETO;DF217;Subst. Do M¢dulo H3.1;1
01/05/2024;COT23;UTB;EQ6;CCIT 4.0 FRONTAL H2.1;OP83;UTB;DF41;Envio para manutená∆o central-CTG;7
01/05/2024;COT1;Transfacil;EQ14;DMX200 MOD H3.1;;;DF206;Subst. Do Conector USB;1
01/05/2024;COT1;Transfacil;EQ14;DMX200 MOD H3.1;;;DF300;Ressolda antena GPRS e slot de chip;2
01/05/2024;COT1;Transfacil;EQ14;DMX200 MOD H3.1;;;DF91;Reparo com Gravaá∆o de PIC e reinst. Do FW;2
01/05/2024;COT1;Transfacil;EQ14;DMX200 MOD H3.1;;;DF243;Subst. Placa Principal do PM;2
01/05/2024;COT1;Transfacil;EQ14;DMX200 MOD H3.1;;;DF252;Troca de Mem¢ria;2
01/05/2024;COT1;Transfacil;EQ14;DMX200 MOD H3.1;;;DF221;Subst. do Painel Frontal;3
01/05/2024;COT1;Transfacil;EQ14;DMX200 MOD H3.1;;;DF315;Colagem de Tela;3
01/05/2024;COT1;Transfacil;EQ14;DMX200 MOD H3.1;;;DF267;Ressolda USB Interface;4
01/05/2024;COT1;Transfacil;EQ14;DMX200 MOD H3.1;;;DF271;Subst. Do Vidro;6
01/05/2024;COT1;Transfacil;EQ14;DMX200 MOD H3.1;;;DF272;Subst. Do Touchscreen do m¢dulo;8
01/05/2024;COT1;Transfacil;EQ14;DMX200 MOD H3.1;;;DF137;Subst. Da Carcaáa Traseira;16
01/05/2024;COT1;Transfacil;EQ14;DMX200 MOD H3.1;;;DF211;Subst. Do Equipamento completo;17
01/05/2024;COT1;Transfacil;EQ14;DMX200 MOD H3.1;;;DF97;Ressolda;19
01/05/2024;COT1;Transfacil;EQ14;DMX200 MOD H3.1;;;DF21;Atualizaá∆o de FW ;128
01/05/2024;COT16;Via Ouro;EQ39;DMX200L JI21 SEM BATERIA;;;DF21;Atualizaá∆o de FW ;3
01/05/2024;COT16;Via Ouro;EQ39;DMX200L JI21 SEM BATERIA;;;DF272;Subst. Do Touchscreen do m¢dulo;1
01/05/2024;COT16;Via Ouro;EQ39;DMX200L JI21 SEM BATERIA;;;DF137;Subst. Da Carcaáa Traseira;2
01/05/2024;COT11;Gov. Valadares;EQ13;DMX200L;OP53;VIAÄ«O MOBI;DF21;Atualizaá∆o de FW ;6
01/05/2024;COT11;Gov. Valadares;EQ13;DMX200L;OP53;VIAÄ«O MOBI;DF221;Subst. do Painel Frontal;1
01/05/2024;COT12;DIVPASS;EQ13;DMX200L;OP124;DIVPASS;DF21;Atualizaá∆o de FW ;7
01/05/2024;COT12;DIVPASS;EQ13;DMX200L;OP124;DIVPASS;DF271;Subst. Do Vidro;1
01/05/2024;COT12;DIVPASS;EQ13;DMX200L;OP124;DIVPASS;DF252;Troca de Mem¢ria;2
01/05/2024;COT35;TURIN CONGONHAS;EQ5;CCIT 4.0 FRONTAL;OP138;VIAÄ«O TURIN CONGONHAS;DF21;Atualizaá∆o de FW ;1
01/05/2024;COT24;GVBUS;EQ14;DMX200 MOD H3.1;;;DF292;Ressolda conector USB;1
01/05/2024;COT24;GVBUS;EQ14;DMX200 MOD H3.1;;;DF198;Subst. Do componente eletrìnico;108
01/05/2024;COT37;CATEDRAL;EQ6;DMX200L JI21 COM BATERIA;OP144;CATEDRAL;DF41;Envio para manutená∆o central-CTG;2
01/05/2024;COT25;COOTRAPS - CE;EQ14;DMX200 MOD H3.1;OP129;COOTRAPS;DF39;Enviados para manutená∆o central CTG;19
01/05/2024;COT24;GVBUS;EQ14;DMX200 MOD H3.1;;;DF41;Envio para manutená∆o central-CTG;48
01/05/2024;COT2;Transcard;EQ16;PDM03;;;DF117;Restauraá∆o de m¢dulos via PC e/ou SdCard;2
01/05/2024;COT4;Setut;EQ14;DMX200 MOD H3.1;;;DF41;Envio para manutená∆o central-CTG;5
01/05/2024;COT2;Transcard;EQ16;PDM03;;;DF300;Ressolda antena GPRS e slot de chip;1
01/05/2024;COT19;S«O JO«O;EQ39;DMX200L JI21 SEM BATERIA;OP67;S«O JO«O;DF115;Restauraá∆o da ROM via PC;1
01/05/2024;COT20;ROSA TURISMO;EQ39;DMX200L JI21 SEM BATERIA;OP66;ROSA TURISMO;DF115;Restauraá∆o da ROM via PC;1
01/05/2024;COT22;Taguatur PM NOVO;EQ39;DMX200L JI21 SEM BATERIA;OP82;TAGUATUR;DF41;Envio para manutená∆o central-CTG;31
01/05/2024;COT2;Transcard;EQ16;PDM03;;;DF41;Envio para manutená∆o central-CTG;2
01/05/2024;COT25;COOTRAPS - CE;EQ14;DMX200 MOD H3.1;OP129;COOTRAPS;DF90;Reparo com formataá∆o e subst. FW/SW;24
01/05/2024;COT25;COOTRAPS - CE;EQ14;DMX200 MOD H3.1;OP129;COOTRAPS;DF320;Reparo em loco;8
01/05/2024;COT25;COOTRAPS - CE;EQ14;DMX200 MOD H3.1;OP129;COOTRAPS;DF264;Testado Track;4
01/05/2024;COT23;UTB;EQ40;DMX200L JI21 COM BATERIA;OP83;UTB;DF41;Envio para manutená∆o central-CTG;11
01/05/2024;COT24;GVBUS;EQ10;CONNECTION CCIT 4.0;;;DF278;Modificaá∆o circuito catraca;58
01/05/2024;COT24;GVBUS;EQ10;CONNECTION CCIT 4.0;;;DF41;Envio para manutená∆o central-CTG;18
01/05/2024;COT10;Metropolitano-Bahia;EQ10;CONNECTION CCIT 4.0;OP64;METROPOLITANO SSA;DF50;FW Restaurado;13
01/05/2024;COT19;ROSA TURISMO;EQ10;CONNECTION CCIT 4.0;OP66;ROSA TURISMO;DF50;FW Restaurado;1
01/05/2024;COT19;ROSA TURISMO;EQ10;CONNECTION CCIT 4.0;OP66;ROSA TURISMO;DF41;Envio para manutená∆o central-CTG;2
01/05/2024;COT19;S«O JO«O;EQ10;CONNECTION CCIT 4.0;OP67;S«O JO«O;DF50;FW Restaurado;1
01/05/2024;COT19;S«O JO«O;EQ10;CONNECTION CCIT 4.0;OP67;S«O JO«O;DF245;Subst. Terminal Block;1
01/05/2024;COT4;Setut;EQ10;CONNECTION CCIT 4.0;;;DF41;Envio para manutená∆o central-CTG;4
01/05/2024;COT2;Transcard;EQ10;CONNECTION CCIT 4.0;;;DF46;Formataá∆o da mem¢ria e subst. FW;62
01/05/2024;COT2;Transcard;EQ10;CONNECTION CCIT 4.0;;;DF41;Envio para manutená∆o central-CTG;23
01/05/2024;COT24;GVBUS;EQ33;POS MOVE 2500;;;DF41;Envio para manutená∆o central-CTG;16
01/05/2024;COT2;Transcard;EQ31;POS 250;;;DF46;Envio para manutená∆o central-CTG;1
01/05/2024;COT2;Transcard;EQ31;POS 250;;;DF46;Formataá∆o da mem¢ria e subst. FW;3
01/05/2024;COT25;COOTRAPS - CE;EQ17;FONTE PM;OP129;COOTRAPS;DF41;Envio para manutená∆o central-CTG;6
01/06/2024;COT7;Alagoinhas;EQ34;CCIT 4.0 FRONTAL H2.1 C SEM BATERIA;OP68;ALAGOINHAS;DF113;Restaura RAM via PC;4
01/06/2024;COT7;Alagoinhas;EQ34;CCIT 4.0 FRONTAL H2.1 C SEM BATERIA;OP68;ALAGOINHAS;DF41;Envio para manutená∆o central-CTG;1
01/06/2024;COT8;CBTU;EQ1;CCIT 3.0;OP47;CBTU - COMPANHIA BRASILEIRA DE TRENS URBANOS;DF21;Atualizaá∆o de FW ;1
01/06/2024;COT8;CBTU;EQ1;CCIT 3.0;OP47;CBTU - COMPANHIA BRASILEIRA DE TRENS URBANOS;DF63;Lista restaurada;1
01/06/2024;COT8;CBTU;EQ1;CCIT 3.0;OP47;CBTU - COMPANHIA BRASILEIRA DE TRENS URBANOS;DF20;Atualizaá∆o de data;1
01/06/2024;COT8;CBTU;EQ1;CCIT 3.0;OP47;CBTU - COMPANHIA BRASILEIRA DE TRENS URBANOS;DF97;Ressolda;1
01/06/2024;COT27;Cidade das µguas;EQ6;CCIT 4.0 FRONTAL H2.1;OP128;VIAÄ«O CIDADE DAS µGUAS;DF113;Restaura RAM via PC;5
01/06/2024;COT12;DIVPASS;EQ6;CCIT 4.0 FRONTAL H2.1;OP124;DIVPASS;DF136;Subst. Da Carcaáa inferior;3
01/06/2024;COT12;DIVPASS;EQ6;CCIT 4.0 FRONTAL H2.1;OP124;DIVPASS;DF209;Subst. Do Display;3
01/06/2024;COT12;DIVPASS;EQ6;CCIT 4.0 FRONTAL H2.1;OP124;DIVPASS;DF51;Gravaá∆o BootLoader;21
01/06/2024;COT12;DIVPASS;EQ6;CCIT 4.0 FRONTAL H2.1;OP124;DIVPASS;DF63;Lista restaurada;21
01/06/2024;COT12;DIVPASS;EQ6;CCIT 4.0 FRONTAL H2.1;OP124;DIVPASS;DF322;Restore do m¢dulo;21
01/06/2024;COT33;FLORIAN‡POLIS;EQ8;CCIT 4.0 FRONTAL JI21 SEM BATERIA;;;DF21;Atualizaá∆o de FW ;17
01/06/2024;COT33;FLORIAN‡POLIS;EQ8;CCIT 4.0 FRONTAL JI21 SEM BATERIA;;;DF41;Envio para manutená∆o central-CTG;5
01/06/2024;COT33;FLORIAN‡POLIS;EQ8;CCIT 4.0 FRONTAL JI21 SEM BATERIA;;;DF115;Restauraá∆o da ROM via PC;17
01/06/2024;COT11;Gov. Valadares;EQ6;CCIT 4.0 FRONTAL H2.1;OP53;VIAÄ«O MOBI;DF272;Subst. Do Touchscreen do m¢dulo;2
01/06/2024;COT11;Gov. Valadares;EQ6;CCIT 4.0 FRONTAL H2.1;OP53;VIAÄ«O MOBI;DF136;Subst. Da Carcaáa inferior;1
01/06/2024;COT11;Gov. Valadares;EQ6;CCIT 4.0 FRONTAL H2.1;OP53;VIAÄ«O MOBI;DF51;Gravaá∆o BootLoader;17
01/06/2024;COT11;Gov. Valadares;EQ6;CCIT 4.0 FRONTAL H2.1;OP53;VIAÄ«O MOBI;DF63;Lista restaurada;17
01/06/2024;COT11;Gov. Valadares;EQ6;CCIT 4.0 FRONTAL H2.1;OP53;VIAÄ«O MOBI;DF210;Subst. Do Display CCIT;1
01/06/2024;COT11;Gov. Valadares;EQ6;CCIT 4.0 FRONTAL H2.1;OP53;VIAÄ«O MOBI;DF322;Restore do m¢dulo;17
01/06/2024;COT24;GVBUS;EQ28;ATM;OP108;GVBUS - SIND. DAS EMP. DE TRANP. METROP. DA GRANDE VIT‡RIA;DF262;Retirada de nota ATM e testes;4
01/06/2024;COT24;GVBUS;EQ28;ATM;OP108;GVBUS - SIND. DAS EMP. DE TRANP. METROP. DA GRANDE VIT‡RIA;DF296;ATM - sem conex∆o com internet;4
01/06/2024;COT24;GVBUS;EQ28;ATM;OP108;GVBUS - SIND. DAS EMP. DE TRANP. METROP. DA GRANDE VIT‡RIA;DF308;Erro COF 67 ATM;1
01/06/2024;COT24;GVBUS;EQ28;ATM;OP108;GVBUS - SIND. DAS EMP. DE TRANP. METROP. DA GRANDE VIT‡RIA;DF4;Ajuste da Porta do Cofre;2
01/06/2024;COT24;GVBUS;EQ6;CCIT 4.0 FRONTAL H2.1;;;DF89;Reparo com Formataá∆o e Subst. De FW;71
01/06/2024;COT24;GVBUS;EQ6;CCIT 4.0 FRONTAL H2.1;;;DF41;Envio para manutená∆o central-CTG;39
01/06/2024;COT24;GVBUS;EQ6;CCIT 4.0 FRONTAL H2.1;;;DF322;Restore do m¢dulo;86
01/06/2024;COT13;Mariana;EQ5;CCIT 4.0 FRONTAL;OP54;TRANSCOTTA MARIANA MG;DF209;Subst. Do Display;1
01/06/2024;COT13;Mariana;EQ5;CCIT 4.0 FRONTAL;OP54;TRANSCOTTA MARIANA MG;DF51;Gravaá∆o BootLoader;4
01/06/2024;COT13;Mariana;EQ5;CCIT 4.0 FRONTAL;OP54;TRANSCOTTA MARIANA MG;DF63;Lista restaurada;4
01/06/2024;COT13;Mariana;EQ5;CCIT 4.0 FRONTAL;OP54;TRANSCOTTA MARIANA MG;DF322;Restore do m¢dulo;4
01/06/2024;COT6;Metro-Bahia;EQ28;ATM;OP63;METRO-BAHIA;DF237;Subst. Do Validador de Notas;11
01/06/2024;COT6;Metro-Bahia;EQ28;ATM;OP63;METRO-BAHIA;DF143;Subst. da Impressora;5
01/06/2024;COT6;Metro-Bahia;EQ28;ATM;OP63;METRO-BAHIA;DF218;Subst. Do Monitor;2
01/06/2024;COT6;Metro-Bahia;EQ28;ATM;OP63;METRO-BAHIA;DF284;Manutená∆o PC ATM;4
01/06/2024;COT6;METRO-BAHIA;EQ6;CCIT 4.0 FRONTAL H2.1;OP64;METROPOLITANO SSA;DF113;Restaura RAM via PC;7
01/06/2024;COT6;METRO-BAHIA;EQ6;CCIT 4.0 FRONTAL H2.1;OP64;METROPOLITANO SSA;DF41;Envio para manutená∆o central-CTG;1
01/06/2024;COT5;METROFOR/ VLT FORTALEZA;EQ38;CCIT 4.0 METROFOR;OP105;METROFOR LINHA SUL;DF41;Envio para manutená∆o central-CTG;6
01/06/2024;COT5;METROFOR/ VLT FORTALEZA;EQ38;CCIT 4.0 METROFOR;OP105;METROFOR LINHA SUL;DF113;Restaura RAM via PC;5
01/06/2024;COT5;METROFOR/ VLT FORTALEZA;EQ38;CCIT 4.0 METROFOR;OP105;METROFOR LINHA SUL;DF320;Reparo em loco;13
01/06/2024;COT10;Metropolitano-Bahia;EQ6;CCIT 4.0 FRONTAL H2.1;OP64;METROPOLITANO SSA;DF272;Subst. Do Touchscreen do m¢dulo;9
01/06/2024;COT10;Metropolitano-Bahia;EQ6;CCIT 4.0 FRONTAL H2.1;OP64;METROPOLITANO SSA;DF113;Restaura RAM via PC;15
01/06/2024;COT10;Metropolitano-Bahia;EQ6;CCIT 4.0 FRONTAL H2.1;OP64;METROPOLITANO SSA;DF41;Envio para manutená∆o central-CTG;3
01/06/2024;COT20;ROSA TURISMO;EQ36;CCIT 4.0 FRONTAL H1 COM BATERIA;OP66;ROSA TURISMO;DF113;Restaura RAM via PC;7
01/06/2024;COT19;S«O JO«O;EQ36;CCIT 4.0 FRONTAL H1 COM BATERIA;OP67;S«O JO«O;DF113;Restaura RAM via PC;7
01/06/2024;COT17;S∆o Jorge;EQ6;CCIT 4.0 FRONTAL H2.1;OP50;S«O JORGE AUTO ONIBUS ;DF63;Lista restaurada;1
01/06/2024;COT17;S∆o Jorge;EQ6;CCIT 4.0 FRONTAL H2.1;OP50;S«O JORGE AUTO ONIBUS ;DF51;Gravaá∆o BootLoader;1
01/06/2024;COT17;S∆o Jorge;EQ6;CCIT 4.0 FRONTAL H2.1;OP50;S«O JORGE AUTO ONIBUS ;DF322;Restore do m¢dulo;1
01/06/2024;COT4;Setut;EQ6;CCIT 4.0 FRONTAL H2.1;;;DF60;Restaura RAM via PC;3
01/06/2024;COT4;Setut;EQ6;CCIT 4.0 FRONTAL H2.1;;;DF41;Envio para manutená∆o central-CTG;11
01/06/2024;COT18;Sindpautras;EQ6;CCIT 4.0 FRONTAL H2.1;OP48;SINDPAUTRAS-SIND. PERM. AUT. TRANSP. SU;DF136;Subst. Da Carcaáa inferior;3
01/06/2024;COT18;Sindpautras;EQ6;CCIT 4.0 FRONTAL H2.1;OP48;SINDPAUTRAS-SIND. PERM. AUT. TRANSP. SU;DF209;Subst. Do Display;5
01/06/2024;COT18;Sindpautras;EQ6;CCIT 4.0 FRONTAL H2.1;OP48;SINDPAUTRAS-SIND. PERM. AUT. TRANSP. SU;DF51;Gravaá∆o BootLoader;55
01/06/2024;COT18;Sindpautras;EQ6;CCIT 4.0 FRONTAL H2.1;OP48;SINDPAUTRAS-SIND. PERM. AUT. TRANSP. SU;DF63;Lista restaurada;55
01/06/2024;COT18;Sindpautras;EQ6;CCIT 4.0 FRONTAL H2.1;OP48;SINDPAUTRAS-SIND. PERM. AUT. TRANSP. SU;DF93;Reparo no m¢dulo;55
01/06/2024;COT22;Taguatur;EQ35;CCIT 4.0 FRONTAL H2 COM BATERIA;OP82;TAGUATUR;DF41;Envio para manutená∆o central-CTG;16
01/06/2024;COT3;TEU;EQ36;CCIT 4.0 FRONTAL H1 COM BATERIA;;;DF136;Subst. Da Carcaáa inferior;1
01/06/2024;COT3;TEU;EQ36;CCIT 4.0 FRONTAL H1 COM BATERIA;;;DF41;Envio para manutená∆o central-CTG;16
01/06/2024;COT3;TEU;EQ36;CCIT 4.0 FRONTAL H1 COM BATERIA;;;DF115;Restauraá∆o da ROM via PC;99
01/06/2024;COT2;Transcard;EQ28;ATM;OP61;Setps (Transcard);DF237;Subst. Do Validador de Notas;9
01/06/2024;COT2;Transcard;EQ28;ATM;OP61;Setps (Transcard);DF143;Subst. da Impressora;6
01/06/2024;COT2;Transcard;EQ28;ATM;OP61;Setps (Transcard);DF218;Subst. Do Monitor;2
01/06/2024;COT2;Transcard;EQ28;ATM;OP61;Setps (Transcard);DF236;Subst. Do Teclado de Metal Frontal;1
01/06/2024;COT2;Transcard;EQ28;ATM;OP61;Setps (Transcard);DF228;Subst. Do PDV ATM;1
01/06/2024;COT2;Transcard;EQ28;ATM;OP61;Setps (Transcard);DF7;Ajuste do M¢dulo de Impress∆o;1
01/06/2024;COT2;Transcard;EQ6;CCIT 4.0 FRONTAL H2.1;;;DF41;Enviados para manutená∆o central CTG;28
01/06/2024;COT2;Transcard;EQ6;CCIT 4.0 FRONTAL H2.1;;;DF113;Restaura RAM via PC;101
01/06/2024;COT2;Transcard;EQ6;CCIT 4.0 FRONTAL H2.1;;;DF114;Restaura RAM via pendrive;44
01/06/2024;COT2;Transcard;EQ6;CCIT 4.0 FRONTAL H2.1;;;DF272;Subst. Do Touchscreen do m¢dulo;49
01/06/2024;COT1;Transfacil;EQ28;ATM;OP27;TRANSFµCIL;DF218;Subst. Do Monitor;1
01/06/2024;COT1;Transfacil;EQ28;ATM;OP27;TRANSFµCIL;DF258;Subst. Da Cabeáa de Impress∆o;1
01/06/2024;COT1;Transfacil;EQ28;ATM;OP27;TRANSFµCIL;DF212;Subst. Do HD;1
01/06/2024;COT1;Transfacil;EQ28;ATM;OP27;TRANSFµCIL;DF207;Subst. Do Conversor Serial;1
01/06/2024;COT1;Transfacil;EQ28;ATM;OP27;TRANSFµCIL;DF143;Subst. da Impressora;1
01/06/2024;COT1;Transfacil;EQ28;ATM;OP27;TRANSFµCIL;DF141;Subst. Da Fonte do PDV ATM;1
01/06/2024;COT1;Transfacil;EQ28;ATM;OP27;TRANSFµCIL;DF5;Ajuste da porta Externa;1
01/06/2024;COT1;Transfacil;EQ28;ATM;OP27;TRANSFµCIL;DF231;Subst. Do PINpad;1
01/06/2024;COT1;Transfacil;EQ28;ATM;OP27;TRANSFµCIL;DF285;Retirado Mal Contato;1
01/06/2024;COT1;Transfacil;EQ28;ATM;OP27;TRANSFµCIL;DF66;Manutená∆o na Fechadura Eletrìnica;1
01/06/2024;COT1;Transfacil;EQ28;ATM;OP27;TRANSFµCIL;DF266;Subst. Do cooler;1
01/06/2024;COT1;Transfacil;EQ28;ATM;OP27;TRANSFµCIL;DF67;Manutená∆o na Impressora;2
01/06/2024;COT1;Transfacil;EQ28;ATM;OP27;TRANSFµCIL;DF128;Subst. Da antena Cless;2
01/06/2024;COT1;Transfacil;EQ28;ATM;OP27;TRANSFµCIL;DF280;Manutená∆o no Validador de Notas;2
01/06/2024;COT1;Transfacil;EQ28;ATM;OP27;TRANSFµCIL;DF69;Manutená∆o no Sensor de Porta;2
01/06/2024;COT1;Transfacil;EQ28;ATM;OP27;TRANSFµCIL;DF284;Manutená∆o PC ATM;4
01/06/2024;COT1;Transfacil;EQ28;ATM;OP27;TRANSFµCIL;DF19;ATM - defeito n∆o confirmado;5
01/06/2024;COT1;Transfacil;EQ28;ATM;OP27;TRANSFµCIL;DF227;Subst. Do PC ATM;5
01/06/2024;COT1;Transfacil;EQ28;ATM;OP27;TRANSFµCIL;DF237;Subst. Do Validador de Notas;9
01/06/2024;COT1;Transfacil;EQ6;CCIT 4.0 FRONTAL H2.1;;;DF63;Lista restaurada;232
01/06/2024;COT1;Transfacil;EQ6;CCIT 4.0 FRONTAL H2.1;;;DF20;Atualizaá∆o de data;126
01/06/2024;COT1;Transfacil;EQ6;CCIT 4.0 FRONTAL H2.1;;;DF21;Atualizaá∆o de FW ;104
01/06/2024;COT1;Transfacil;EQ6;CCIT 4.0 FRONTAL H2.1;;;DF51;Gravaá∆o BootLoader;175
01/06/2024;COT1;Transfacil;EQ6;CCIT 4.0 FRONTAL H2.1;;;DF91;Reparo com Gravaá∆o de PIC e reinst. Do FW;13
01/06/2024;COT1;Transfacil;EQ6;CCIT 4.0 FRONTAL H2.1;;;DF93;Reparo no m¢dulo;235
01/06/2024;COT1;Transfacil;EQ6;CCIT 4.0 FRONTAL H2.1;;;DF136;Subst. Da Carcaáa inferior;13
01/06/2024;COT1;Transfacil;EQ6;CCIT 4.0 FRONTAL H2.1;;;DF135;Subst. Da Carcaáa frontal;5
01/06/2024;COT1;Transfacil;EQ6;CCIT 4.0 FRONTAL H2.1;;;DF238;Subst. Do Vidro CCIT V4.0;6
01/06/2024;COT1;Transfacil;EQ6;CCIT 4.0 FRONTAL H2.1;;;DF210;Subst. Do Display CCIT;20
01/06/2024;COT1;Transfacil;EQ6;CCIT 4.0 FRONTAL H2.1;;;DF272;Subst. Do Touchscreen do m¢dulo;19
01/06/2024;COT1;Transfacil;EQ6;CCIT 4.0 FRONTAL H2.1;;;DF305;Subst. Do Buzzer;2
01/06/2024;COT1;Transfacil;EQ6;CCIT 4.0 FRONTAL H2.1;;;DF169;Subst. De Componente eletrìnico;9
01/06/2024;COT1;Transfacil;EQ6;CCIT 4.0 FRONTAL H2.1;;;DF216;Subst. Do M¢dulo H2;31
01/06/2024;COT1;Transfacil;EQ6;CCIT 4.0 FRONTAL H2.1;;;DF131;Subst. Da Antena Wlan do CCIT;2
01/06/2024;COT1;Transfacil;EQ6;CCIT 4.0 FRONTAL H2.1;;;DF165;Subst. Da Placa-m∆e;23
01/06/2024;COT1;Transfacil;EQ6;CCIT 4.0 FRONTAL H2.1;;;DF132;Subst. Da Bateria de Lithium;1
01/06/2024;COT1;Transfacil;EQ6;CCIT 4.0 FRONTAL H2.1;OP13;Estaá‰es BRT Move;DF63;Lista restaurada;26
01/06/2024;COT1;Transfacil;EQ6;CCIT 4.0 FRONTAL H2.1;OP13;Estaá‰es BRT Move;DF20;Atualizaá∆o de data;9
01/06/2024;COT1;Transfacil;EQ6;CCIT 4.0 FRONTAL H2.1;OP13;Estaá‰es BRT Move;DF21;Atualizaá∆o de FW ;16
01/06/2024;COT1;Transfacil;EQ6;CCIT 4.0 FRONTAL H2.1;OP13;Estaá‰es BRT Move;DF51;Gravaá∆o BootLoader;11
01/06/2024;COT1;Transfacil;EQ6;CCIT 4.0 FRONTAL H2.1;OP13;Estaá‰es BRT Move;DF322;Restore do m¢dulo;26
01/06/2024;COT1;Transfacil;EQ6;CCIT 4.0 FRONTAL H2.1;OP13;Estaá‰es BRT Move;DF306;Retirada da bateria;1
01/06/2024;COT1;Transfacil;EQ6;CCIT 4.0 FRONTAL H2.1;OP13;Estaá‰es BRT Move;DF136;Subst. Da Carcaáa inferior;4
01/06/2024;COT1;Transfacil;EQ6;CCIT 4.0 FRONTAL H2.1;OP13;Estaá‰es BRT Move;DF238;Subst. Do Vidro CCIT V4.0;1
01/06/2024;COT1;Transfacil;EQ6;CCIT 4.0 FRONTAL H2.1;OP13;Estaá‰es BRT Move;DF210;Subst. Do Display CCIT;4
01/06/2024;COT1;Transfacil;EQ6;CCIT 4.0 FRONTAL H2.1;OP13;Estaá‰es BRT Move;DF272;Subst. Do Touchscreen do m¢dulo;1
01/06/2024;COT1;Transfacil;EQ6;CCIT 4.0 FRONTAL H2.1;OP13;Estaá‰es BRT Move;DF276;Subst. Placa do M¢dulo;1
01/06/2024;COT1;Transfacil;EQ6;CCIT 4.0 FRONTAL H2.1;OP13;Estaá‰es BRT Move;DF242;Subst. Placa Mbccit;1
01/06/2024;COT1;Transfacil;EQ6;CCIT 4.0 FRONTAL H2.1;OP13;Estaá‰es BRT Move;DF198;Subst. Do componente eletrìnico;1
01/06/2024;COT35;TURIN CONGONHAS;EQ5;CCIT 4.0 FRONTAL;OP138;VIAÄ«O TURIN CONGONHAS;DF51;Gravaá∆o BootLoader;1
01/06/2024;COT35;TURIN CONGONHAS;EQ5;CCIT 4.0 FRONTAL;OP138;VIAÄ«O TURIN CONGONHAS;DF63;Lista restaurada;1
01/06/2024;COT35;TURIN CONGONHAS;EQ5;CCIT 4.0 FRONTAL;OP138;VIAÄ«O TURIN CONGONHAS;DF322;Restore do m¢dulo;1
01/06/2024;COT14;TURIN OURO PRETO;EQ6;CCIT 4.0 FRONTAL H2.1;OP52;VIAÄ«O TURIN OURO PRETO;DF93;Reparo no m¢dulo;3
01/06/2024;COT14;TURIN OURO PRETO;EQ6;CCIT 4.0 FRONTAL H2.1;OP52;VIAÄ«O TURIN OURO PRETO;DF51;Gravaá∆o BootLoader;3
01/06/2024;COT14;TURIN OURO PRETO;EQ6;CCIT 4.0 FRONTAL H2.1;OP52;VIAÄ«O TURIN OURO PRETO;DF209;Subst. Do Display;1
01/06/2024;COT14;TURIN OURO PRETO;EQ6;CCIT 4.0 FRONTAL H2.1;OP52;VIAÄ«O TURIN OURO PRETO;DF63;Lista restaurada;3
01/06/2024;COT23;UTB;EQ6;CCIT 4.0 FRONTAL H2.1;OP83;UTB;DF41;Envio para manutená∆o central-CTG;29
01/06/2024;COT16;Via Ouro;EQ6;CCIT 4.0 FRONTAL H2.1;OP49;VIA OURO COLETIVOS LTDA;DF136;Subst. Da Carcaáa inferior;1
01/06/2024;COT16;Via Ouro;EQ6;CCIT 4.0 FRONTAL H2.1;OP49;VIA OURO COLETIVOS LTDA;DF271;Subst. Do Vidro;1
01/06/2024;COT16;Via Ouro;EQ6;CCIT 4.0 FRONTAL H2.1;OP49;VIA OURO COLETIVOS LTDA;DF51;Gravaá∆o BootLoader;2
01/06/2024;COT16;Via Ouro;EQ6;CCIT 4.0 FRONTAL H2.1;OP49;VIA OURO COLETIVOS LTDA;DF90;Reparo com formataá∆o e subst. FW/SW;2
01/06/2024;COT16;Via Ouro;EQ6;CCIT 4.0 FRONTAL H2.1;OP49;VIA OURO COLETIVOS LTDA;DF272;Subst. Do Touchscreen do m¢dulo;2
01/06/2024;COT16;Via Ouro;EQ6;CCIT 4.0 FRONTAL H2.1;OP49;VIA OURO COLETIVOS LTDA;DF63;Lista restaurada;3
01/06/2024;COT16;Via Ouro;EQ6;CCIT 4.0 FRONTAL H2.1;OP49;VIA OURO COLETIVOS LTDA;DF322;Restore do m¢dulo;3
01/06/2024;COT33;FLORIAN‡POLIS;EQ15;DMX200L SEM BATERIA;;;DF115;Restauraá∆o da ROM via PC;47
01/06/2024;COT33;FLORIAN‡POLIS;EQ15;DMX200L SEM BATERIA;;;DF21;Atualizaá∆o de FW ;47
01/06/2024;COT3;TEU;EQ14;DMX200 MOD H3.1;;;DF21;Atualizaá∆o de FW ;1
01/06/2024;COT3;TEU;EQ14;DMX200 MOD H3.1;;;DF115;Restauraá∆o da ROM via PC;1
01/06/2024;COT25;COOTRAPS - CE;EQ14;DMX200 MOD H3.1;OP129;COOTRAPS;DF39;Enviados para manutená∆o central CTG;10
01/06/2024;COT33;FLORIAN‡POLIS;EQ15;DMX200L SEM BATERIA;;;DF41;Envio para manutená∆o central-CTG;8
01/06/2024;COT1;Transfacil;EQ14;DMX200 MOD H3.1;;;DF21;Atualizaá∆o de FW ;125
01/06/2024;COT1;Transfacil;EQ14;DMX200 MOD H3.1;;;DF206;Subst. Do Conector USB;19
01/06/2024;COT1;Transfacil;EQ14;DMX200 MOD H3.1;;;DF243;Subst. Placa Principal do PM;8
01/06/2024;COT1;Transfacil;EQ14;DMX200 MOD H3.1;;;DF221;Subst. do Painel Frontal;6
01/06/2024;COT1;Transfacil;EQ14;DMX200 MOD H3.1;;;DF252;Troca de Mem¢ria;4
01/06/2024;COT1;Transfacil;EQ14;DMX200 MOD H3.1;;;DF300;Ressolda antena GPRS e slot de chip;6
01/06/2024;COT1;Transfacil;EQ14;DMX200 MOD H3.1;;;DF211;Subst. Do Equipamento completo;3
01/06/2024;COT1;Transfacil;EQ14;DMX200 MOD H3.1;;;DF272;Subst. Do Touchscreen do m¢dulo;4
01/06/2024;COT1;Transfacil;EQ14;DMX200 MOD H3.1;;;DF137;Subst. Da Carcaáa Traseira;3
01/06/2024;COT1;Transfacil;EQ14;DMX200 MOD H3.1;;;DF135;Subst. Da Carcaáa frontal;1
01/06/2024;COT1;Transfacil;EQ14;DMX200 MOD H3.1;;;DF315;Colagem de Tela;2
01/06/2024;COT1;Transfacil;EQ14;DMX200 MOD H3.1;;;DF20;Atualizaá∆o de data;1
01/06/2024;COT16;Via Ouro;EQ39;DMX200L JI21 SEM BATERIA;;;DF21;Atualizaá∆o de FW ;4
01/06/2024;COT17;S∆o Jorge;EQ14;DMX200 MOD H3.1;OP50;S«O JORGE AUTO ONIBUS ;DF21;Atualizaá∆o de FW ;12
01/06/2024;COT17;S∆o Jorge;EQ14;DMX200 MOD H3.1;OP50;S«O JORGE AUTO ONIBUS ;DF272;Subst. Do Touchscreen do m¢dulo;5
01/06/2024;COT17;S∆o Jorge;EQ14;DMX200 MOD H3.1;OP50;S«O JORGE AUTO ONIBUS ;DF300;Ressolda antena GPRS e slot de chip;3
01/06/2024;COT11;Gov. Valadares;EQ13;DMX200L;OP53;VIAÄ«O MOBI;DF21;Atualizaá∆o de FW ;2
01/06/2024;COT12;DIVPASS;EQ13;DMX200L;OP124;DIVPASS;DF21;Atualizaá∆o de FW ;2
01/06/2024;COT12;DIVPASS;EQ13;DMX200L;OP124;DIVPASS;DF127;Subst. Conector USB;1
01/06/2024;COT24;GVBUS;EQ14;DMX200 MOD H3.1;;;DF292;Ressolda conector USB;24
01/06/2024;COT24;GVBUS;EQ14;DMX200 MOD H3.1;;;DF41;Envio para manutená∆o central-CTG;100
01/06/2024;COT24;GVBUS;EQ14;DMX200 MOD H3.1;;;DF198;Subst. Do componente eletrìnico;148
01/06/2024;COT24;GVBUS;EQ14;DMX200 MOD H3.1;;;DF315;Colagem de Tela;1
01/06/2024;COT2;Transcard;EQ16;PDM03;;;DF300;Ressolda antena GPRS e slot de chip;1
01/06/2024;COT2;Transcard;EQ16;PDM03;;;DF117;Restauraá∆o de m¢dulos via PC e/ou SdCard;4
01/06/2024;COT20;ROSA TURISMO;EQ39;DMX200L JI21 SEM BATERIA;OP66;ROSA TURISMO;DF115;Restauraá∆o da ROM via PC;2
01/06/2024;COT20;ROSA TURISMO;EQ39;DMX200L JI21 SEM BATERIA;OP66;ROSA TURISMO;DF300;Ressolda antena GPRS e slot de chip;2
01/06/2024;COT20;ROSA TURISMO;EQ39;DMX200L JI21 SEM BATERIA;OP66;ROSA TURISMO;DF41;Envio para manutená∆o central-CTG;1
01/06/2024;COT20;ROSA TURISMO;EQ39;DMX200L JI21 SEM BATERIA;OP66;ROSA TURISMO;DF267;Ressolda USB Interface;5
01/06/2024;COT19;S«O JO«O;EQ39;DMX200L JI21 SEM BATERIA;OP67;S«O JO«O;DF267;Ressolda USB Interface;6
01/06/2024;COT25;COOTRAPS - CE;EQ14;DMX200 MOD H3.1;OP129;COOTRAPS;DF90;Reparo com formataá∆o e subst. FW/SW;8
01/06/2024;COT25;COOTRAPS - CE;EQ14;DMX200 MOD H3.1;OP129;COOTRAPS;DF320;Reparo em loco;10
01/06/2024;COT22;Taguatur PM NOVO;EQ39;DMX200L JI21 SEM BATERIA;OP82;TAGUATUR;DF41;Envio para manutená∆o central-CTG;45
01/06/2024;COT23;UTB;EQ40;DMX200L JI21 COM BATERIA;OP83;UTB;DF41;Envio para manutená∆o central-CTG;20
01/06/2024;COT24;GVBUS;EQ10;CONNECTION CCIT 4.0;;;DF41;Envio para manutená∆o central-CTG;4
01/06/2024;COT24;GVBUS;EQ10;CONNECTION CCIT 4.0;;;DF278;Modificaá∆o circuito catraca;39
01/06/2024;COT10;Metropolitano-Bahia;EQ10;CONNECTION CCIT 4.0;OP64;METROPOLITANO SSA;DF50;FW Restaurado;5
01/06/2024;COT10;Metropolitano-Bahia;EQ10;CONNECTION CCIT 4.0;OP64;METROPOLITANO SSA;DF41;Envio para manutená∆o central-CTG;1
01/06/2024;COT19;ROSA TURISMO;EQ10;CONNECTION CCIT 4.0;OP66;ROSA TURISMO;DF50;FW Restaurado;9
01/06/2024;COT19;ROSA TURISMO;EQ10;CONNECTION CCIT 4.0;OP66;ROSA TURISMO;DF41;Envio para manutená∆o central-CTG;1
01/06/2024;COT19;S«O JO«O;EQ10;CONNECTION CCIT 4.0;OP67;S«O JO«O;DF50;FW Restaurado;1
01/06/2024;COT19;S«O JO«O;EQ10;CONNECTION CCIT 4.0;OP67;S«O JO«O;DF41;Envio para manutená∆o central-CTG;2
01/06/2024;COT4;Setut;EQ10;CONNECTION CCIT 4.0;;;DF41;Envio para manutená∆o central-CTG;3
01/06/2024;COT2;Transcard;EQ10;CONNECTION CCIT 4.0;;;DF46;Formataá∆o da mem¢ria e subst. FW;54
01/06/2024;COT2;Transcard;EQ10;CONNECTION CCIT 4.0;;;DF41;Envio para manutená∆o central-CTG;13
01/06/2024;COT1;Transfacil;EQ10;CONNECTION CCIT 4.0;;;DF21;Atualizaá∆o de FW ;26
01/06/2024;COT1;Transfacil;EQ10;CONNECTION CCIT 4.0;;;DF51;Gravaá∆o BootLoader;12
01/06/2024;COT1;Transfacil;EQ10;CONNECTION CCIT 4.0;;;DF26;Atualizaá∆o do PIC;38
01/06/2024;COT1;Transfacil;EQ10;CONNECTION CCIT 4.0;;;DF61;Limpeza e testes;11
01/06/2024;COT1;Transfacil;EQ10;CONNECTION CCIT 4.0;;;DF278;Modificaá∆o circuito catraca;1
01/06/2024;COT1;Transfacil;EQ10;CONNECTION CCIT 4.0;;;DF107;Ressolda no circuito connections;5
01/06/2024;COT1;Transfacil;EQ10;CONNECTION CCIT 4.0;;;DF169;Subst. De Componente eletrìnico;6
01/06/2024;COT1;Transfacil;EQ10;CONNECTION CCIT 4.0;;;DF256;Substituiá∆o de fus°vel;1
01/06/2024;COT1;Transfacil;EQ10;CONNECTION CCIT 4.0;;;DF136;Subst. Da Carcaáa inferior;2
01/06/2024;COT1;Transfacil;EQ10;CONNECTION CCIT 4.0;;;DF322;Restore do m¢dulo;1
01/06/2024;COT3;TEU;EQ22;V3000M;;;DF21;Atualizaá∆o de FW ;134
01/06/2024;COT3;TEU;EQ22;V3000M;;;DF41;Envio para manutená∆o central-CTG;16
01/06/2024;COT3;TEU;EQ22;V3000M;;;DF232;Subst. Do SDCard;6
01/06/2024;COT3;TEU;EQ22;V3000M;;;DF52;Gravaá∆o Supervisor;4
01/06/2024;COT3;TEU;EQ26;V3000M DVR;;;DF21;Atualizaá∆o de FW ;9
01/06/2024;COT3;TEU;EQ26;V3000M DVR;;;DF115;Restauraá∆o da ROM via PC;9
01/06/2024;COT3;TEU;EQ26;V3000M DVR;;;DF41;Envio para manutená∆o central-CTG;3
01/06/2024;COT3;TEU;EQ26;V3000M DVR;;;DF232;Subst. Do SDCard;3
01/06/2024;COT1;Transfacil;EQ27;UT (FTV 3000);;;DF21;Atualizaá∆o de FW ;17
01/06/2024;COT1;Transfacil;EQ27;UT (FTV 3000);;;DF198;Subst. Do componente eletrìnico;3
01/06/2024;COT24;GVBUS;EQ33;POS MOVE 2500;;;DF41;Envio para manutená∆o central-CTG;9
01/06/2024;COT20;Rosa Turismo;EQ31;POS 250;OP66;ROSA TURISMO;DF41;Formataá∆o da mem¢ria e subst. FW;1
01/06/2024;COT2;Transcard;EQ31;POS 250;;;DF46;Envio para manutená∆o central-CTG;2
01/06/2024;COT2;Transcard;EQ31;POS 250;;;DF46;Formataá∆o da mem¢ria e subst. FW;1
01/06/2024;COT25;COOTRAPS - CE;EQ17;FONTE PM;OP129;COOTRAPS;DF41;Envio para manutená∆o central-CTG;1
01/07/2024;COT37;AC TRANSPORTES;EQ6;CCIT 4.0 FRONTAL H2.1;OP144;CT EXPRESSO;DF41;Envio para manutená∆o central-CTG;1
01/07/2024;COT7;Alagoinhas;EQ34;CCIT 4.0 FRONTAL H2.1 C SEM BATERIA;OP68;ALAGOINHAS;DF113;Restaura RAM via PC;1
01/07/2024;COT7;Alagoinhas;EQ34;CCIT 4.0 FRONTAL H2.1 C SEM BATERIA;OP68;ALAGOINHAS;DF41;Envio para manutená∆o central-CTG;2
01/07/2024;COT8;CBTU;EQ1;CCIT 3.0;OP47;CBTU - COMPANHIA BRASILEIRA DE TRENS URBANOS;DF21;Atualizaá∆o de FW ;1
01/07/2024;COT8;CBTU;EQ1;CCIT 3.0;OP47;CBTU - COMPANHIA BRASILEIRA DE TRENS URBANOS;DF63;Lista restaurada;1
01/07/2024;COT8;CBTU;EQ1;CCIT 3.0;OP47;CBTU - COMPANHIA BRASILEIRA DE TRENS URBANOS;DF20;Atualizaá∆o de data;1
01/07/2024;COT8;CBTU;EQ1;CCIT 3.0;OP47;CBTU - COMPANHIA BRASILEIRA DE TRENS URBANOS;DF97;Ressolda;1
01/07/2024;COT27;Cidade das µguas;EQ6;CCIT 4.0 FRONTAL H2.1;OP128;VIAÄ«O CIDADE DAS µGUAS;DF113;Restaura RAM via PC;3
01/07/2024;COT12;DIVPASS;EQ6;CCIT 4.0 FRONTAL H2.1;OP124;DIVPASS;DF136;Subst. Da Carcaáa inferior;3
01/07/2024;COT12;DIVPASS;EQ6;CCIT 4.0 FRONTAL H2.1;OP124;DIVPASS;DF209;Subst. Do Display;1
01/07/2024;COT12;DIVPASS;EQ6;CCIT 4.0 FRONTAL H2.1;OP124;DIVPASS;DF51;Gravaá∆o BootLoader;20
01/07/2024;COT12;DIVPASS;EQ6;CCIT 4.0 FRONTAL H2.1;OP124;DIVPASS;DF63;Lista restaurada;20
01/07/2024;COT12;DIVPASS;EQ6;CCIT 4.0 FRONTAL H2.1;OP124;DIVPASS;DF322;Restore do m¢dulo;20
01/07/2024;COT12;DIVPASS;EQ6;CCIT 4.0 FRONTAL H2.1;OP124;DIVPASS;DF271;Subst. Do Vidro;1
01/07/2024;COT12;DIVPASS;EQ6;CCIT 4.0 FRONTAL H2.1;OP124;DIVPASS;DF272;Subst. Do Touchscreen do m¢dulo;1
01/07/2024;COT11;Gov. Valadares;EQ6;CCIT 4.0 FRONTAL H2.1;OP53;VIAÄ«O MOBI;DF272;Subst. Do Touchscreen do m¢dulo;1
01/07/2024;COT11;Gov. Valadares;EQ6;CCIT 4.0 FRONTAL H2.1;OP53;VIAÄ«O MOBI;DF136;Subst. Da Carcaáa inferior;1
01/07/2024;COT11;Gov. Valadares;EQ6;CCIT 4.0 FRONTAL H2.1;OP53;VIAÄ«O MOBI;DF51;Gravaá∆o BootLoader;12
01/07/2024;COT11;Gov. Valadares;EQ6;CCIT 4.0 FRONTAL H2.1;OP53;VIAÄ«O MOBI;DF63;Lista restaurada;12
01/07/2024;COT11;Gov. Valadares;EQ6;CCIT 4.0 FRONTAL H2.1;OP53;VIAÄ«O MOBI;DF238;Subst. Do Vidro CCIT V4.0;1
01/07/2024;COT11;Gov. Valadares;EQ6;CCIT 4.0 FRONTAL H2.1;OP53;VIAÄ«O MOBI;DF322;Restore do m¢dulo;12
01/07/2024;COT24;GVBUS;EQ28;ATM;OP108;GVBUS - SIND. DAS EMP. DE TRANP. METROP. DA GRANDE VIT‡RIA;DF296;ATM - sem conex∆o com internet;7
01/07/2024;COT24;GVBUS;EQ28;ATM;OP108;GVBUS - SIND. DAS EMP. DE TRANP. METROP. DA GRANDE VIT‡RIA;DF284;Manutená∆o PC ATM;9
01/07/2024;COT24;GVBUS;EQ28;ATM;OP108;GVBUS - SIND. DAS EMP. DE TRANP. METROP. DA GRANDE VIT‡RIA;DF208;Subst. Do Dispenser do cart∆o;7
01/07/2024;COT24;GVBUS;EQ28;ATM;OP108;GVBUS - SIND. DAS EMP. DE TRANP. METROP. DA GRANDE VIT‡RIA;DF70;Manutená∆o PDV;3
01/07/2024;COT24;GVBUS;EQ28;ATM;OP108;GVBUS - SIND. DAS EMP. DE TRANP. METROP. DA GRANDE VIT‡RIA;DF231;Subst. Do PINpad;1
01/07/2024;COT24;GVBUS;EQ28;ATM;OP108;GVBUS - SIND. DAS EMP. DE TRANP. METROP. DA GRANDE VIT‡RIA;DF262;Retirada de nota ATM e testes;1
01/07/2024;COT13;Mariana;EQ5;CCIT 4.0 FRONTAL;OP54;TRANSCOTTA MARIANA MG;DF209;Subst. Do Display;1
01/07/2024;COT13;Mariana;EQ5;CCIT 4.0 FRONTAL;OP54;TRANSCOTTA MARIANA MG;DF51;Gravaá∆o BootLoader;2
01/07/2024;COT13;Mariana;EQ5;CCIT 4.0 FRONTAL;OP54;TRANSCOTTA MARIANA MG;DF63;Lista restaurada;2
01/07/2024;COT13;Mariana;EQ5;CCIT 4.0 FRONTAL;OP54;TRANSCOTTA MARIANA MG;DF322;Restore do m¢dulo;2
01/07/2024;COT6;Metro-Bahia;EQ28;ATM;OP63;METRO-BAHIA;DF237;Subst. Do Validador de Notas;4
01/07/2024;COT6;Metro-Bahia;EQ28;ATM;OP63;METRO-BAHIA;DF143;Subst. da Impressora;2
01/07/2024;COT6;Metro-Bahia;EQ28;ATM;OP63;METRO-BAHIA;DF179;Subst. Do Cabo de Comunicaá∆o da Impressora;1
01/07/2024;COT6;Metro-Bahia;EQ28;ATM;OP63;METRO-BAHIA;DF284;Manutená∆o PC ATM;6
01/07/2024;COT6;Metro-Bahia;EQ28;ATM;OP63;METRO-BAHIA;DF142;Subst. Da Fonte Lambda ATM;2
01/07/2024;COT6;Metro-Bahia;EQ28;ATM;OP63;METRO-BAHIA;DF5;Ajuste da porta Externa;1
01/07/2024;COT6;METRO-BAHIA;EQ6;CCIT 4.0 FRONTAL H2.1;OP64;METROPOLITANO SSA;DF113;Restaura RAM via PC;7
01/07/2024;COT6;METRO-BAHIA;EQ6;CCIT 4.0 FRONTAL H2.1;OP64;METROPOLITANO SSA;DF41;Envio para manutená∆o central-CTG;1
01/07/2024;COT5;METROFOR/ VLT FORTALEZA;EQ38;CCIT 4.0 METROFOR;OP105;METROFOR LINHA SUL;DF41;Envio para manutená∆o central-CTG;5
01/07/2024;COT5;METROFOR/ VLT FORTALEZA;EQ38;CCIT 4.0 METROFOR;OP105;METROFOR LINHA SUL;DF113;Restaura RAM via PC;12
01/07/2024;COT10;Metropolitano-Bahia;EQ6;CCIT 4.0 FRONTAL H2.1;OP64;METROPOLITANO SSA;DF272;Subst. Do Touchscreen do m¢dulo;11
01/07/2024;COT10;Metropolitano-Bahia;EQ6;CCIT 4.0 FRONTAL H2.1;OP64;METROPOLITANO SSA;DF113;Restaura RAM via PC;16
01/07/2024;COT10;Metropolitano-Bahia;EQ6;CCIT 4.0 FRONTAL H2.1;OP64;METROPOLITANO SSA;DF41;Envio para manutená∆o central-CTG;11
01/07/2024;COT20;ROSA TURISMO;EQ36;CCIT 4.0 FRONTAL H1 COM BATERIA;OP66;ROSA TURISMO;DF113;Restaura RAM via PC;2
01/07/2024;COT20;ROSA TURISMO;EQ36;CCIT 4.0 FRONTAL H1 COM BATERIA;OP66;ROSA TURISMO;DF41;Envio para manutená∆o central-CTG;1
01/07/2024;COT19;S«O JO«O;EQ36;CCIT 4.0 FRONTAL H1 COM BATERIA;OP67;S«O JO«O;DF41;Envio para manutená∆o central-CTG;1
01/07/2024;COT19;S«O JO«O;EQ36;CCIT 4.0 FRONTAL H1 COM BATERIA;OP67;S«O JO«O;DF113;Restaura RAM via PC;4
01/07/2024;COT17;S∆o Jorge;EQ6;CCIT 4.0 FRONTAL H2.1;OP50;S«O JORGE AUTO ONIBUS ;DF63;Lista restaurada;1
01/07/2024;COT17;S∆o Jorge;EQ6;CCIT 4.0 FRONTAL H2.1;OP50;S«O JORGE AUTO ONIBUS ;DF51;Gravaá∆o BootLoader;1
01/07/2024;COT17;S∆o Jorge;EQ6;CCIT 4.0 FRONTAL H2.1;OP50;S«O JORGE AUTO ONIBUS ;DF322;Restore do m¢dulo;1
01/07/2024;COT18;Sindpautras;EQ6;CCIT 4.0 FRONTAL H2.1;OP48;SINDPAUTRAS-SIND. PERM. AUT. TRANSP. SU;DF136;Subst. Da Carcaáa inferior;5
01/07/2024;COT18;Sindpautras;EQ6;CCIT 4.0 FRONTAL H2.1;OP48;SINDPAUTRAS-SIND. PERM. AUT. TRANSP. SU;DF209;Subst. Do Display;7
01/07/2024;COT18;Sindpautras;EQ6;CCIT 4.0 FRONTAL H2.1;OP48;SINDPAUTRAS-SIND. PERM. AUT. TRANSP. SU;DF51;Gravaá∆o BootLoader;38
01/07/2024;COT18;Sindpautras;EQ6;CCIT 4.0 FRONTAL H2.1;OP48;SINDPAUTRAS-SIND. PERM. AUT. TRANSP. SU;DF63;Lista restaurada;43
01/07/2024;COT18;Sindpautras;EQ6;CCIT 4.0 FRONTAL H2.1;OP48;SINDPAUTRAS-SIND. PERM. AUT. TRANSP. SU;DF93;Reparo no m¢dulo;43
01/07/2024;COT18;Sindpautras;EQ6;CCIT 4.0 FRONTAL H2.1;OP48;SINDPAUTRAS-SIND. PERM. AUT. TRANSP. SU;DF21;Atualizaá∆o de FW ;5
01/07/2024;COT18;Sindpautras;EQ6;CCIT 4.0 FRONTAL H2.1;OP48;SINDPAUTRAS-SIND. PERM. AUT. TRANSP. SU;DF169;Subst. De Componente eletrìnico;1
01/07/2024;COT22;Taguatur;EQ35;CCIT 4.0 FRONTAL H2 COM BATERIA;OP82;TAGUATUR;DF41;Envio para manutená∆o central-CTG;19
01/07/2024;COT2;Transcard;EQ28;ATM;OP61;Setps (Transcard);DF237;Subst. Do Validador de Notas;5
01/07/2024;COT2;Transcard;EQ28;ATM;OP61;Setps (Transcard);DF143;Subst. da Impressora;1
01/07/2024;COT2;Transcard;EQ28;ATM;OP61;Setps (Transcard);DF218;Subst. Do Monitor;3
01/07/2024;COT2;Transcard;EQ28;ATM;OP61;Setps (Transcard);DF236;Subst. Do Teclado de Metal Frontal;1
01/07/2024;COT2;Transcard;EQ28;ATM;OP61;Setps (Transcard);DF142;Subst. Da Fonte Lambda ATM;1
01/07/2024;COT2;Transcard;EQ28;ATM;OP61;Setps (Transcard);DF314;Ajustes Cabo VGA;1
01/07/2024;COT2;Transcard;EQ28;ATM;OP61;Setps (Transcard);DF128;Subst. Da antena Cless;3
01/07/2024;COT2;Transcard;EQ28;ATM;OP61;Setps (Transcard);DF4;Ajuste da Porta do Cofre;1
01/07/2024;COT1;Transfacil;EQ28;ATM;OP27;TRANSFµCIL;DF67;Manutená∆o na Impressora;1
01/07/2024;COT1;Transfacil;EQ28;ATM;OP27;TRANSFµCIL;DF284;Manutená∆o PC ATM;1
01/07/2024;COT1;Transfacil;EQ28;ATM;OP27;TRANSFµCIL;DF323;Subst. De cabo;1
01/07/2024;COT1;Transfacil;EQ28;ATM;OP27;TRANSFµCIL;DF281;Subst. Fechadura Digital;1
01/07/2024;COT1;Transfacil;EQ28;ATM;OP27;TRANSFµCIL;DF319;Subst. da Antena do PDV;1
01/07/2024;COT1;Transfacil;EQ28;ATM;OP27;TRANSFµCIL;DF301;Reativaá∆o da chave do Windows;1
01/07/2024;COT1;Transfacil;EQ28;ATM;OP27;TRANSFµCIL;DF140;Subst. Da Fechadura Tetra Chave;1
01/07/2024;COT1;Transfacil;EQ28;ATM;OP27;TRANSFµCIL;DF218;Subst. Do Monitor;1
01/07/2024;COT1;Transfacil;EQ28;ATM;OP27;TRANSFµCIL;DF64;Mal contato - Filtro de Linha com Defeito;1
01/07/2024;COT1;Transfacil;EQ28;ATM;OP27;TRANSFµCIL;DF128;Subst. Da antena Cless;2
01/07/2024;COT1;Transfacil;EQ28;ATM;OP27;TRANSFµCIL;DF258;Subst. Da Cabeáa de Impress∆o;2
01/07/2024;COT1;Transfacil;EQ28;ATM;OP27;TRANSFµCIL;DF143;Subst. da Impressora;2
01/07/2024;COT1;Transfacil;EQ28;ATM;OP27;TRANSFµCIL;DF227;Subst. Do PC ATM;3
01/07/2024;COT1;Transfacil;EQ28;ATM;OP27;TRANSFµCIL;DF228;Subst. Do PDV ATM;3
01/07/2024;COT1;Transfacil;EQ28;ATM;OP27;TRANSFµCIL;DF69;Manutená∆o no Sensor de Porta;3
01/07/2024;COT1;Transfacil;EQ28;ATM;OP27;TRANSFµCIL;DF19;ATM - defeito n∆o confirmado;5
01/07/2024;COT1;Transfacil;EQ28;ATM;OP27;TRANSFµCIL;DF280;Manutená∆o no Validador de Notas;6
01/07/2024;COT1;Transfacil;EQ28;ATM;OP27;TRANSFµCIL;DF237;Subst. Do Validador de Notas;8
01/07/2024;COT1;Transfacil;EQ6;CCIT 4.0 FRONTAL H2.1;OP13;Estaá‰es BRT Move;DF238;Subst. Do Vidro CCIT V4.0;1
01/07/2024;COT1;Transfacil;EQ6;CCIT 4.0 FRONTAL H2.1;OP13;Estaá‰es BRT Move;DF135;Subst. Da Carcaáa frontal;1
01/07/2024;COT1;Transfacil;EQ6;CCIT 4.0 FRONTAL H2.1;OP13;Estaá‰es BRT Move;DF26;Atualizaá∆o do PIC;1
01/07/2024;COT1;Transfacil;EQ6;CCIT 4.0 FRONTAL H2.1;OP13;Estaá‰es BRT Move;DF272;Subst. Do Touchscreen do m¢dulo;2
01/07/2024;COT1;Transfacil;EQ6;CCIT 4.0 FRONTAL H2.1;OP13;Estaá‰es BRT Move;DF276;Subst. Placa do M¢dulo;2
01/07/2024;COT1;Transfacil;EQ6;CCIT 4.0 FRONTAL H2.1;OP13;Estaá‰es BRT Move;DF242;Subst. Placa Mbccit;2
01/07/2024;COT1;Transfacil;EQ6;CCIT 4.0 FRONTAL H2.1;OP13;Estaá‰es BRT Move;DF136;Subst. Da Carcaáa inferior;3
01/07/2024;COT1;Transfacil;EQ6;CCIT 4.0 FRONTAL H2.1;OP13;Estaá‰es BRT Move;DF210;Subst. Do Display CCIT;6
01/07/2024;COT1;Transfacil;EQ6;CCIT 4.0 FRONTAL H2.1;OP13;Estaá‰es BRT Move;DF21;Atualizaá∆o de FW ;10
01/07/2024;COT1;Transfacil;EQ6;CCIT 4.0 FRONTAL H2.1;OP13;Estaá‰es BRT Move;DF20;Atualizaá∆o de data;16
01/07/2024;COT1;Transfacil;EQ6;CCIT 4.0 FRONTAL H2.1;OP13;Estaá‰es BRT Move;DF51;Gravaá∆o BootLoader;21
01/07/2024;COT1;Transfacil;EQ6;CCIT 4.0 FRONTAL H2.1;OP13;Estaá‰es BRT Move;DF322;Restore do m¢dulo;30
01/07/2024;COT1;Transfacil;EQ6;CCIT 4.0 FRONTAL H2.1;OP13;Estaá‰es BRT Move;DF63;Lista restaurada;31
01/07/2024;COT35;TURIN CONGONHAS;EQ5;CCIT 4.0 FRONTAL;OP138;VIAÄ«O TURIN CONGONHAS;DF51;Gravaá∆o BootLoader;2
01/07/2024;COT35;TURIN CONGONHAS;EQ5;CCIT 4.0 FRONTAL;OP138;VIAÄ«O TURIN CONGONHAS;DF63;Lista restaurada;2
01/07/2024;COT35;TURIN CONGONHAS;EQ5;CCIT 4.0 FRONTAL;OP138;VIAÄ«O TURIN CONGONHAS;DF322;Restore do m¢dulo;2
01/07/2024;COT35;TURIN CONGONHAS;EQ5;CCIT 4.0 FRONTAL;OP138;VIAÄ«O TURIN CONGONHAS;DF136;Subst. Da Carcaáa inferior;1
01/07/2024;COT14;TURIN OURO PRETO;EQ6;CCIT 4.0 FRONTAL H2.1;OP52;VIAÄ«O TURIN OURO PRETO;DF93;Reparo no m¢dulo;8
01/07/2024;COT14;TURIN OURO PRETO;EQ6;CCIT 4.0 FRONTAL H2.1;OP52;VIAÄ«O TURIN OURO PRETO;DF51;Gravaá∆o BootLoader;8
01/07/2024;COT14;TURIN OURO PRETO;EQ6;CCIT 4.0 FRONTAL H2.1;OP52;VIAÄ«O TURIN OURO PRETO;DF136;Subst. Da Carcaáa inferior;1
01/07/2024;COT14;TURIN OURO PRETO;EQ6;CCIT 4.0 FRONTAL H2.1;OP52;VIAÄ«O TURIN OURO PRETO;DF63;Lista restaurada;8
01/07/2024;COT23;UTB;EQ6;CCIT 4.0 FRONTAL H2.1;OP83;UTB;DF41;Envio para manutená∆o central-CTG;6
01/07/2024;COT16;Via Ouro;EQ6;CCIT 4.0 FRONTAL H2.1;OP49;VIA OURO COLETIVOS LTDA;DF271;Subst. Do Vidro;2
01/07/2024;COT16;Via Ouro;EQ6;CCIT 4.0 FRONTAL H2.1;OP49;VIA OURO COLETIVOS LTDA;DF51;Gravaá∆o BootLoader;5
01/07/2024;COT16;Via Ouro;EQ6;CCIT 4.0 FRONTAL H2.1;OP49;VIA OURO COLETIVOS LTDA;DF272;Subst. Do Touchscreen do m¢dulo;2
01/07/2024;COT16;Via Ouro;EQ6;CCIT 4.0 FRONTAL H2.1;OP49;VIA OURO COLETIVOS LTDA;DF63;Lista restaurada;5
01/07/2024;COT16;Via Ouro;EQ6;CCIT 4.0 FRONTAL H2.1;OP49;VIA OURO COLETIVOS LTDA;DF322;Restore do m¢dulo;5
01/07/2024;COT2;Transcard;EQ6;CCIT 4.0 FRONTAL H2.1;;;DF101;Ressolda Mbccit;1
01/07/2024;COT2;Transcard;EQ6;CCIT 4.0 FRONTAL H2.1;;;DF326;Subst. Bateria do M¢dulo;1
01/07/2024;COT2;Transcard;EQ6;CCIT 4.0 FRONTAL H2.1;;;DF198;Subst. Do componente eletrìnico;3
01/07/2024;COT2;Transcard;EQ6;CCIT 4.0 FRONTAL H2.1;;;DF238;Subst. Do Vidro CCIT V4.0;4
01/07/2024;COT2;Transcard;EQ6;CCIT 4.0 FRONTAL H2.1;;;DF26;Atualizaá∆o do PIC;8
01/07/2024;COT2;Transcard;EQ6;CCIT 4.0 FRONTAL H2.1;;;DF272;Subst. Do Touchscreen do m¢dulo;9
01/07/2024;COT2;Transcard;EQ6;CCIT 4.0 FRONTAL H2.1;;;DF210;Subst. Do Display CCIT;11
01/07/2024;COT2;Transcard;EQ6;CCIT 4.0 FRONTAL H2.1;;;DF136;Subst. Da Carcaáa inferior;11
01/07/2024;COT2;Transcard;EQ6;CCIT 4.0 FRONTAL H2.1;;;DF217;Subst. Do M¢dulo H2.1;21
01/07/2024;COT2;Transcard;EQ6;CCIT 4.0 FRONTAL H2.1;;;DF51;Gravaá∆o BootLoader;49
01/07/2024;COT2;Transcard;EQ6;CCIT 4.0 FRONTAL H2.1;;;DF20;Atualizaá∆o de data;125
01/07/2024;COT2;Transcard;EQ6;CCIT 4.0 FRONTAL H2.1;;;DF21;Atualizaá∆o de FW ;204
01/07/2024;COT2;Transcard;EQ6;CCIT 4.0 FRONTAL H2.1;;;DF63;Lista restaurada;213
01/07/2024;COT2;Transcard;EQ6;CCIT 4.0 FRONTAL H2.1;;;DF322;Restore do m¢dulo;218
