DATA;ID_CONTRATO;CONTRATO;ID_EQUIPAMENTO;EQUIPAMENTO;ID_OPERADORA;OPERADORA;ID_SERVICO_EXECUTADO;SERVIC_EXECUTADO;QTD_SERVICO
01/06/2012;COT22;Taguatur;EQ35;CCIT 4.0 FRONTAL H2 COM BATERIA;OP82;TAGUATUR;DF41;Envio para manutenção central-CTG;12
01/01/2020;COT20;ROSA TURISMO;EQ36;CCIT 4.0 FRONTAL H1 COM BATERIA;OP66;ROSA TURISMO;DF41;Envio para manutenção central-CTG;1
01/01/2020;COT20;ROSA TURISMO;EQ36;CCIT 4.0 FRONTAL H1 COM BATERIA;OP66;ROSA TURISMO;DF117;Restauração de módulos via PC e/ou SdCard;4
01/01/2020;COT20;ROSA TURISMO;EQ36;CCIT 4.0 FRONTAL H1 COM BATERIA;OP66;ROSA TURISMO;DF132;Subst. Da Bateria de Lithium;5
01/01/2020;COT20;ROSA TURISMO;EQ36;CCIT 4.0 FRONTAL H1 COM BATERIA;OP66;ROSA TURISMO;DF59;Intervenções com Solda;2
01/01/2020;COT1;Transfacil;EQ14;DMX200 MOD H3.1;;;DF35;Defeito não encontrado / testes e liberação;1
01/01/2020;COT1;Transfacil;EQ14;DMX200 MOD H3.1;;;DF37;Defeito não encontrado e subst. FW/SW;12
01/01/2020;COT1;Transfacil;EQ14;DMX200 MOD H3.1;;;DF41;Envio para manutenção central-CTG;52
01/01/2020;COT1;Transfacil;EQ14;DMX200 MOD H3.1;;;DF88;Reparo com formatação e reinst. FW/SW;202
01/01/2020;COT1;Transfacil;EQ14;DMX200 MOD H3.1;;;DF108;Ressolda no circuito da placa-mãe;3
01/01/2020;COT1;Transfacil;EQ14;DMX200 MOD H3.1;;;DF135;Subst. Da Carcaça frontal;1
01/01/2020;COT1;Transfacil;EQ14;DMX200 MOD H3.1;;;DF169;Subst. De Componente eletrônico;11
01/01/2020;COT1;Transfacil;EQ14;DMX200 MOD H3.1;;;DF170;Subst. De Gorila Glass;1
01/01/2020;COT9;SINTRAM SEM DMX200;EQ16;PDM03;OP51;CONSÓRCIO ÓTIMO DE BILHETAGEM ELETRÔNICA ;DF35;Defeito não encontrado / testes e liberação;24
01/01/2020;COT9;SINTRAM SEM DMX200;EQ16;PDM03;OP51;CONSÓRCIO ÓTIMO DE BILHETAGEM ELETRÔNICA ;DF37;Defeito não encontrado e subst. FW/SW;1
01/01/2020;COT9;SINTRAM SEM DMX200;EQ16;PDM03;OP51;CONSÓRCIO ÓTIMO DE BILHETAGEM ELETRÔNICA ;DF86;Reparo com configuração do setup;1
01/01/2020;COT9;SINTRAM SEM DMX200;EQ16;PDM03;OP51;CONSÓRCIO ÓTIMO DE BILHETAGEM ELETRÔNICA ;DF88;Reparo com formatação e reinst. FW/SW;135
01/01/2020;COT9;SINTRAM SEM DMX200;EQ16;PDM03;OP51;CONSÓRCIO ÓTIMO DE BILHETAGEM ELETRÔNICA ;DF209;Subst. Do Display;6
01/01/2020;COT9;SINTRAM COM DMX200;EQ12;DMX200 MOD H3;OP51;CONSÓRCIO ÓTIMO DE BILHETAGEM ELETRÔNICA ;DF37;Defeito não encontrado e subst. FW/SW;6
01/01/2020;COT9;SINTRAM COM DMX200;EQ12;DMX200 MOD H3;OP51;CONSÓRCIO ÓTIMO DE BILHETAGEM ELETRÔNICA ;DF41;Envio para manutenção central-CTG;6
01/01/2020;COT9;SINTRAM COM DMX200;EQ12;DMX200 MOD H3;OP51;CONSÓRCIO ÓTIMO DE BILHETAGEM ELETRÔNICA ;DF88;Reparo com formatação e reinst. FW/SW;32
01/01/2020;COT9;SINTRAM COM DMX200;EQ12;DMX200 MOD H3;OP51;CONSÓRCIO ÓTIMO DE BILHETAGEM ELETRÔNICA ;DF135;Subst. Da Carcaça frontal;1
01/01/2020;COT9;SINTRAM COM DMX200;EQ12;DMX200 MOD H3;OP51;CONSÓRCIO ÓTIMO DE BILHETAGEM ELETRÔNICA ;DF170;Subst. De Gorila Glass;3
01/01/2020;COT9;SINTRAM COM DMX200;EQ12;DMX200 MOD H3;OP51;CONSÓRCIO ÓTIMO DE BILHETAGEM ELETRÔNICA ;DF169;Subst. De Componente eletrônico;1
01/01/2020;COT2;Transcard;EQ16;PDM03;;;DF9;Ajuste e aperto de conexão;4
01/01/2020;COT2;Transcard;EQ16;PDM03;;;DF22;Atualização de pacote;19
01/01/2020;COT2;Transcard;EQ16;PDM03;;;DF41;Envio para manutenção central-CTG;15
01/01/2020;COT2;Transcard;EQ16;PDM03;;;DF125;Subst. Botão on/off;17
01/01/2020;COT19;SÃO JOÃO;EQ39;DMX200L JI21 SEM BATERIA;OP67;SÃO JOÃO;DF41;Envio para manutenção central-CTG;2
01/01/2020;COT19;SÃO JOÃO;EQ39;DMX200L JI21 SEM BATERIA;OP67;SÃO JOÃO;DF97;Ressolda;5
01/01/2020;COT4;Setut;EQ14;DMX200 MOD H3.1;;;DF41;Envio para manutenção central-CTG;5
01/01/2020;COT22;Taguatur PM NOVO;EQ39;DMX200L JI21 SEM BATERIA;OP82;TAGUATUR;DF41;Envio para manutenção central-CTG;10
01/01/2020;COT24;GVBUS;EQ14;DMX200 MOD H3.1;;;DF41;Envio para manutenção central-CTG;200
01/01/2020;COT20;ROSA TURISMO;EQ39;DMX200L JI21 SEM BATERIA;OP66;ROSA TURISMO;DF41;Envio para manutenção central-CTG;2
01/01/2020;COT20;ROSA TURISMO;EQ39;DMX200L JI21 SEM BATERIA;OP66;ROSA TURISMO;DF97;Ressolda;3
01/01/2020;COT1;Transfacil;EQ10;CONNECTION CCIT 4.0;;;DF35;Defeito não encontrado / testes e liberação;2
01/01/2020;COT1;Transfacil;EQ10;CONNECTION CCIT 4.0;;;DF37;Defeito não encontrado e subst. FW/SW;9
01/01/2020;COT1;Transfacil;EQ10;CONNECTION CCIT 4.0;;;DF88;Reparo com formatação e reinst. FW/SW;7
01/01/2020;COT1;Transfacil;EQ10;CONNECTION CCIT 4.0;;;DF102;Ressolda na Placa Connection;1
01/01/2020;COT1;Transfacil;EQ10;CONNECTION CCIT 4.0;;;DF106;Ressolda na Placa Subbase;2
01/01/2020;COT1;Transfacil;EQ10;CONNECTION CCIT 4.0;;;DF169;Subst. De Componente eletrônico;2
01/01/2020;COT2;Transcard;EQ10;CONNECTION CCIT 4.0;;;DF22;Atualização de pacote;19
01/01/2020;COT2;Transcard;EQ10;CONNECTION CCIT 4.0;;;DF41;Envio para manutenção central-CTG;15
01/01/2020;COT2;Transcard;EQ10;CONNECTION CCIT 4.0;;;DF59;Intervenções com Solda;22
01/01/2020;COT10;Metropolitano-Bahia;EQ10;CONNECTION CCIT 4.0;OP64;METROPOLITANO SSA;DF22;Atualização de pacote;6
01/01/2020;COT10;Metropolitano-Bahia;EQ10;CONNECTION CCIT 4.0;OP64;METROPOLITANO SSA;DF41;Envio para manutenção central-CTG;2
01/01/2020;COT10;Metropolitano-Bahia;EQ10;CONNECTION CCIT 4.0;OP64;METROPOLITANO SSA;DF59;Intervenções com Solda;3
01/01/2020;COT19;SÃO JOÃO;EQ10;CONNECTION CCIT 4.0;OP67;SÃO JOÃO;DF22;Atualização de pacote;5
01/01/2020;COT19;SÃO JOÃO;EQ10;CONNECTION CCIT 4.0;OP67;SÃO JOÃO;DF41;Envio para manutenção central-CTG;1
01/01/2020;COT4;Setut;EQ10;CONNECTION CCIT 4.0;;;DF41;Envio para manutenção central-CTG;1
01/01/2020;COT3;TEU;EQ10;CONNECTION CCIT 4.0;;;DF41;Envio para manutenção central-CTG;49
01/01/2020;COT24;GVBUS;EQ10;CONNECTION CCIT 4.0;;;DF41;Envio para manutenção central-CTG;24
01/01/2020;COT20;ROSA TURISMO;EQ10;CONNECTION CCIT 4.0;OP66;ROSA TURISMO;DF22;Atualização de pacote;1
01/01/2020;COT20;ROSA TURISMO;EQ10;CONNECTION CCIT 4.0;OP66;ROSA TURISMO;DF41;Envio para manutenção central-CTG;1
01/01/2020;COT19;SÃO JOÃO;EQ10;CONNECTION CCIT 4.0;OP67;SÃO JOÃO;DF256;Subst. de Fusível;1
01/01/2020;COT3;TEU;EQ22;V3000M;;;DF41;Envio para manutenção central-CTG;168
01/01/2020;COT1;Transfacil;EQ27;UT (FTV 3000);;;DF37;Defeito não encontrado e subst. FW/SW;1
01/01/2020;COT1;Transfacil;EQ27;UT (FTV 3000);;;DF88;Reparo com formatação e reinst. FW/SW;2
01/01/2020;COT1;Transfacil;EQ27;UT (FTV 3000);;;DF169;Subst. De Componente eletrônico;1
01/01/2020;COT24;GVBUS;EQ33;POS MOVE 2500;;;DF41;Envio para manutenção central-CTG;17
01/01/2020;COT20;Rosa Turismo;EQ31;POS 250;OP66;ROSA TURISMO;DF41;Envio para manutenção central-CTG;1
01/01/2020;COT19;São João;EQ31;POS 250;OP67;SÃO JOÃO;DF41;Envio para manutenção central-CTG;2
01/01/2020;COT2;Transcard;EQ31;POS 250;;;DF41;Envio para manutenção central-CTG;24
01/01/2020;COT3;TEU;EQ17;FONTE PM;;;DF41;Envio para manutenção central-CTG;5
01/02/2020;COT21;Araguarina;EQ35;CCIT 4.0 FRONTAL H2 COM BATERIA;OP81;VIAÇÃO ARAGUARINA;DF41;Envio para manutenção central-CTG;5
01/02/2020;COT8;CBTU;EQ1;CCIT 3.0;OP47;CBTU - COMPANHIA BRASILEIRA DE TRENS URBANOS;DF97;Ressolda;1
01/02/2020;COT8;CBTU;EQ1;CCIT 3.0;OP47;CBTU - COMPANHIA BRASILEIRA DE TRENS URBANOS;DF159;Subst. Da placa FtctlessGPS;1
01/02/2020;COT24;GVBUS;EQ28;ATM;OP108;GVBUS - SIND. DAS EMP. DE TRANP. METROP. DA GRANDE VITÓRIA;DF41;Envio para manutenção central-CTG;37
01/02/2020;COT24;GVBUS;EQ6;CCIT 4.0 FRONTAL H2.1;;;DF41;Envio para manutenção central-CTG;106
01/02/2020;COT6;METRO-BAHIA;EQ28;ATM;OP63;METRO-BAHIA;DF66;Manutenção na Fechadura Eletrônica;1
01/02/2020;COT6;METRO-BAHIA;EQ28;ATM;OP63;METRO-BAHIA;DF82;Reconfiguração do Setup;1
01/02/2020;COT6;METRO-BAHIA;EQ28;ATM;OP63;METRO-BAHIA;DF143;Subst. da Impressora;1
01/02/2020;COT6;METRO-BAHIA;EQ28;ATM;OP63;METRO-BAHIA;DF218;Subst. Do Monitor;1
01/02/2020;COT6;METRO-BAHIA;EQ28;ATM;OP63;METRO-BAHIA;DF228;Subst. Do PDV ATM;1
01/02/2020;COT6;METRO-BAHIA;EQ28;ATM;OP63;METRO-BAHIA;DF231;Subst. Do PINpad;13
01/02/2020;COT6;METRO-BAHIA;EQ28;ATM;OP63;METRO-BAHIA;DF237;Subst. Do Validador de Notas;2
01/02/2020;COT6;Metro-Bahia;EQ37;CCIT 3.13 BLOQUEIO;OP63;METRO-BAHIA;DF132;Subst. Da Bateria de Lithium;1
01/02/2020;COT6;Metro-Bahia;EQ37;CCIT 3.13 BLOQUEIO;OP63;METRO-BAHIA;DF213;Subst. Do Max483/Pollyswitch;1
01/02/2020;COT6;Metro-Bahia;EQ37;CCIT 3.13 BLOQUEIO;OP63;METRO-BAHIA;DF248;Substituição MAX232;1
01/02/2020;COT6;Metro-Bahia;EQ9;CCIT 4.0 (BLOQUEIO) FRONTAL H1;OP63;METRO-BAHIA;DF115;Restauração da ROM via PC;1
01/02/2020;COT5;METROFOR/ VLT FORTALEZA;EQ38;CCIT 4.0 METROFOR;OP105;METROFOR LINHA SUL;DF41;Envio para manutenção central-CTG;5
01/02/2020;COT10;Metropolitano-Bahia;EQ6;CCIT 4.0 FRONTAL H2.1;OP64;METROPOLITANO SSA;DF22;Atualização de pacote;3
01/02/2020;COT10;Metropolitano-Bahia;EQ6;CCIT 4.0 FRONTAL H2.1;OP64;METROPOLITANO SSA;DF41;Envio para manutenção central-CTG;6
01/02/2020;COT10;Metropolitano-Bahia;EQ6;CCIT 4.0 FRONTAL H2.1;OP64;METROPOLITANO SSA;DF117;Restauração de módulos via PC e/ou SdCard;10
01/02/2020;COT10;Metropolitano-Bahia;EQ6;CCIT 4.0 FRONTAL H2.1;OP64;METROPOLITANO SSA;DF132;Subst. Da Bateria de Lithium;7
01/02/2020;COT20;ROSA TURISMO;EQ36;CCIT 4.0 FRONTAL H1 COM BATERIA;OP66;ROSA TURISMO;DF22;Atualização de pacote;3
01/02/2020;COT20;ROSA TURISMO;EQ36;CCIT 4.0 FRONTAL H1 COM BATERIA;OP66;ROSA TURISMO;DF117;Restauração de módulos via PC e/ou SdCard;4
01/02/2020;COT20;ROSA TURISMO;EQ36;CCIT 4.0 FRONTAL H1 COM BATERIA;OP66;ROSA TURISMO;DF41;Envio para manutenção central-CTG;2
01/02/2020;COT20;ROSA TURISMO;EQ36;CCIT 4.0 FRONTAL H1 COM BATERIA;OP66;ROSA TURISMO;DF132;Subst. Da Bateria de Lithium;1
01/02/2020;COT20;ROSA TURISMO;EQ36;CCIT 4.0 FRONTAL H1 COM BATERIA;OP66;ROSA TURISMO;DF59;Intervenções com Solda;2
01/02/2020;COT19;SÃO JOÃO;EQ36;CCIT 4.0 FRONTAL H1 COM BATERIA;OP67;SÃO JOÃO;DF22;Atualização de pacote;1
01/02/2020;COT19;SÃO JOÃO;EQ36;CCIT 4.0 FRONTAL H1 COM BATERIA;OP67;SÃO JOÃO;DF41;Envio para manutenção central-CTG;3
01/02/2020;COT19;SÃO JOÃO;EQ36;CCIT 4.0 FRONTAL H1 COM BATERIA;OP67;SÃO JOÃO;DF59;Intervenções com Solda;1
01/02/2020;COT19;SÃO JOÃO;EQ36;CCIT 4.0 FRONTAL H1 COM BATERIA;OP67;SÃO JOÃO;DF117;Restauração de módulos via PC e/ou SdCard;2
01/02/2020;COT19;SÃO JOÃO;EQ36;CCIT 4.0 FRONTAL H1 COM BATERIA;OP67;SÃO JOÃO;DF132;Subst. Da Bateria de Lithium;2
01/02/2020;COT4;Setut;EQ6;CCIT 4.0 FRONTAL H2.1;;;DF41;Envio para manutenção central-CTG;19
01/02/2020;COT4;Setut;EQ6;CCIT 4.0 FRONTAL H2.1;;;DF113;Restaura RAM via PC;6
01/02/2020;COT18;Sindpautras;EQ6;CCIT 4.0 FRONTAL H2.1;OP48;SINDPAUTRAS-SIND. PERM. AUT. TRANSP. SU;DF88;Reparo com formatação e reinst. FW/SW;4
01/02/2020;COT18;Sindpautras;EQ6;CCIT 4.0 FRONTAL H2.1;OP48;SINDPAUTRAS-SIND. PERM. AUT. TRANSP. SU;DF216;Subst. Do Módulo H2;2
01/02/2020;COT22;Taguatur;EQ8;CCIT 4.0 FRONTAL JI21 SEM BATERIA;OP82;TAGUATUR;DF41;Envio para manutenção central-CTG;18
01/02/2020;COT3;TEU;EQ3;CCIT 3.5;;;DF94;Repassar SW via cabo;2
01/02/2020;COT3;TEU;EQ3;CCIT 3.5;;;DF135;Subst. Da Carcaça frontal;1
01/02/2020;COT3;TEU;EQ3;CCIT 3.5;;;DF145;Subst. Da OBC;1
01/02/2020;COT3;TEU;EQ3;CCIT 3.5;;;DF157;Subst. Da Placa FTCLess;1
01/02/2020;COT3;TEU;EQ3;CCIT 3.5;;;DF162;Subst. Da Placa Mbccit;1
01/02/2020;COT3;TEU;EQ36;CCIT 4.0 FRONTAL H1 COM BATERIA;;;DF41;Envio para manutenção central-CTG;7
01/02/2020;COT3;TEU;EQ36;CCIT 4.0 FRONTAL H1 COM BATERIA;;;DF60;Limpeza de cache;21
01/02/2020;COT3;TEU;EQ36;CCIT 4.0 FRONTAL H1 COM BATERIA;;;DF115;Restauração da ROM via PC;180
01/02/2020;COT3;TEU;EQ36;CCIT 4.0 FRONTAL H1 COM BATERIA;;;DF132;Subst. Da Bateria de Lithium;9
01/02/2020;COT2;TRANSCARD;EQ28;ATM;OP61;Setps (Transcard);DF4;Ajuste da Porta do Cofre;1
01/02/2020;COT2;TRANSCARD;EQ28;ATM;OP61;Setps (Transcard);DF7;Ajuste do Módulo de Impressão;1
01/02/2020;COT2;TRANSCARD;EQ28;ATM;OP61;Setps (Transcard);DF143;Subst. da Impressora;5
01/02/2020;COT2;TRANSCARD;EQ28;ATM;OP61;Setps (Transcard);DF148;Subst. Da Placa de led;2
01/02/2020;COT2;TRANSCARD;EQ28;ATM;OP61;Setps (Transcard);DF236;Subst. Do Teclado de Metal Frontal;1
01/02/2020;COT2;TRANSCARD;EQ28;ATM;OP61;Setps (Transcard);DF237;Subst. Do Validador de Notas;8
01/02/2020;COT2;Transcard;EQ6;CCIT 4.0 FRONTAL H2.1;;;DF9;Ajuste e aperto de conexão;5
01/02/2020;COT2;Transcard;EQ6;CCIT 4.0 FRONTAL H2.1;;;DF22;Atualização de pacote;18
01/02/2020;COT2;Transcard;EQ6;CCIT 4.0 FRONTAL H2.1;;;DF41;Envio para manutenção central-CTG;82
01/02/2020;COT2;Transcard;EQ6;CCIT 4.0 FRONTAL H2.1;;;DF59;Intervenções com Solda;7
01/02/2020;COT2;Transcard;EQ6;CCIT 4.0 FRONTAL H2.1;;;DF117;Restauração de módulos via PC e/ou SdCard;23
01/02/2020;COT2;Transcard;EQ6;CCIT 4.0 FRONTAL H2.1;;;DF132;Subst. Da Bateria de Lithium;33
01/02/2020;COT1;TRANSFACIL;EQ28;ATM;OP27;TRANSFÁCIL;DF5;Ajuste da porta Externa;1
01/02/2020;COT1;TRANSFACIL;EQ28;ATM;OP27;TRANSFÁCIL;DF32;Defeito não encontrado;1
01/02/2020;COT1;TRANSFACIL;EQ28;ATM;OP27;TRANSFÁCIL;DF65;Manutenção Cofre;2
01/02/2020;COT1;TRANSFACIL;EQ28;ATM;OP27;TRANSFÁCIL;DF67;Manutenção na Impressora;1
01/02/2020;COT1;TRANSFACIL;EQ28;ATM;OP27;TRANSFÁCIL;DF81;Preventiva Validador de Notas;23
01/02/2020;COT1;TRANSFACIL;EQ28;ATM;OP27;TRANSFÁCIL;DF85;Reinstalação do Drive da Impressora;1
01/02/2020;COT1;TRANSFACIL;EQ28;ATM;OP27;TRANSFÁCIL;DF207;Subst. Do Conversor Serial;1
01/02/2020;COT1;TRANSFACIL;EQ28;ATM;OP27;TRANSFÁCIL;DF208;Subst. Do Dispenser do cartão;2
01/02/2020;COT1;TRANSFACIL;EQ28;ATM;OP27;TRANSFÁCIL;DF228;Subst. Do PDV ATM;1
01/02/2020;COT1;TRANSFACIL;EQ28;ATM;OP27;TRANSFÁCIL;DF237;Subst. Do Validador de Notas;2
01/02/2020;COT1;Transfacil;EQ3;CCIT 3.5;;;DF108;Ressolda no circuito da placa-mãe;1
01/02/2020;COT1;Transfacil;EQ3;CCIT 3.5;;;DF109;Ressolda no circuito do Smartmedia;1
01/02/2020;COT1;Transfacil;EQ3;CCIT 3.5;;;DF162;Subst. Da Placa Mbccit;1
01/02/2020;COT1;Transfacil;EQ3;CCIT 3.5;;;DF169;Subst. De Componente eletrônico;1
01/02/2020;COT1;Transfacil;EQ3;CCIT 3.5;;;DF183;Subst. Do Cabo trançado antena Cless;2
01/02/2020;COT1;Transfacil;EQ6;CCIT 4.0 FRONTAL H2.1;;;DF37;Defeito não encontrado e subst. FW/SW;9
01/02/2020;COT1;Transfacil;EQ6;CCIT 4.0 FRONTAL H2.1;;;DF88;Reparo com formatação e reinst. FW/SW;49
01/02/2020;COT1;Transfacil;EQ6;CCIT 4.0 FRONTAL H2.1;;;DF102;Ressolda na Placa Connection;1
01/02/2020;COT1;Transfacil;EQ6;CCIT 4.0 FRONTAL H2.1;;;DF104;Ressolda na placa on/off;1
01/02/2020;COT1;Transfacil;EQ6;CCIT 4.0 FRONTAL H2.1;;;DF169;Subst. De Componente eletrônico;3
01/02/2020;COT1;Transfacil;EQ6;CCIT 4.0 FRONTAL H2.1;;;DF209;Subst. Do Display;1
01/02/2020;COT1;Transfacil;EQ6;CCIT 4.0 FRONTAL H2.1;;;DF216;Subst. Do Módulo H2;8
01/02/2020;COT1;Transfacil;EQ6;CCIT 4.0 FRONTAL H2.1;;;DF238;Subst. Do Vidro CCIT V4.0;14
01/02/2020;COT23;UTB;EQ6;CCIT 4.0 FRONTAL H2.1;OP83;UTB;DF41;Envio para manutenção central-CTG;16
01/02/2020;COT16;Via Ouro;EQ3;CCIT 3.5;OP49;VIA OURO COLETIVOS LTDA;DF37;Defeito não encontrado e subst. FW/SW;1
01/02/2020;COT16;Via Ouro;EQ3;CCIT 3.5;OP49;VIA OURO COLETIVOS LTDA;DF162;Subst. Da Placa Mbccit;1
01/02/2020;COT1;Transfacil;EQ14;DMX200 MOD H3.1;;;DF35;Defeito não encontrado / testes e liberação;4
01/02/2020;COT1;Transfacil;EQ14;DMX200 MOD H3.1;;;DF37;Defeito não encontrado e subst. FW/SW;14
01/02/2020;COT1;Transfacil;EQ14;DMX200 MOD H3.1;;;DF41;Envio para manutenção central-CTG;33
01/02/2020;COT1;Transfacil;EQ14;DMX200 MOD H3.1;;;DF88;Reparo com formatação e reinst. FW/SW;194
01/02/2020;COT1;Transfacil;EQ14;DMX200 MOD H3.1;;;DF108;Ressolda no circuito da placa-mãe;1
01/02/2020;COT1;Transfacil;EQ14;DMX200 MOD H3.1;;;DF135;Subst. Da Carcaça frontal;3
01/02/2020;COT1;Transfacil;EQ14;DMX200 MOD H3.1;;;DF169;Subst. De Componente eletrônico;13
01/02/2020;COT1;Transfacil;EQ14;DMX200 MOD H3.1;;;DF170;Subst. De Gorila Glass;3
01/02/2020;COT9;SINTRAM SEM DMX200;EQ16;PDM03;OP51;CONSÓRCIO ÓTIMO DE BILHETAGEM ELETRÔNICA ;DF35;Defeito não encontrado / testes e liberação;15
01/02/2020;COT9;SINTRAM SEM DMX200;EQ16;PDM03;OP51;CONSÓRCIO ÓTIMO DE BILHETAGEM ELETRÔNICA ;DF37;Defeito não encontrado e subst. FW/SW;1
01/02/2020;COT9;SINTRAM SEM DMX200;EQ16;PDM03;OP51;CONSÓRCIO ÓTIMO DE BILHETAGEM ELETRÔNICA ;DF88;Reparo com formatação e reinst. FW/SW;72
01/02/2020;COT9;SINTRAM SEM DMX200;EQ16;PDM03;OP51;CONSÓRCIO ÓTIMO DE BILHETAGEM ELETRÔNICA ;DF187;Subst. Do cartão SD/HD;1
01/02/2020;COT9;SINTRAM SEM DMX200;EQ16;PDM03;OP51;CONSÓRCIO ÓTIMO DE BILHETAGEM ELETRÔNICA ;DF209;Subst. Do Display;3
01/02/2020;COT9;SINTRAM COM DMX200;EQ12;DMX200 MOD H3;OP51;CONSÓRCIO ÓTIMO DE BILHETAGEM ELETRÔNICA ;DF37;Defeito não encontrado e subst. FW/SW;7
01/02/2020;COT9;SINTRAM COM DMX200;EQ12;DMX200 MOD H3;OP51;CONSÓRCIO ÓTIMO DE BILHETAGEM ELETRÔNICA ;DF41;Envio para manutenção central-CTG;4
01/02/2020;COT9;SINTRAM COM DMX200;EQ12;DMX200 MOD H3;OP51;CONSÓRCIO ÓTIMO DE BILHETAGEM ELETRÔNICA ;DF88;Reparo com formatação e reinst. FW/SW;32
01/02/2020;COT9;SINTRAM COM DMX200;EQ12;DMX200 MOD H3;OP51;CONSÓRCIO ÓTIMO DE BILHETAGEM ELETRÔNICA ;DF169;Subst. De Componente eletrônico;4
01/02/2020;COT2;Transcard;EQ16;PDM03;;;DF9;Ajuste e aperto de conexão;4
01/02/2020;COT2;Transcard;EQ16;PDM03;;;DF22;Atualização de pacote;7
01/02/2020;COT2;Transcard;EQ16;PDM03;;;DF41;Envio para manutenção central-CTG;8
01/02/2020;COT2;Transcard;EQ16;PDM03;;;DF125;Subst. Botão on/off;2
01/02/2020;COT19;SÃO JOÃO;EQ39;DMX200L JI21 SEM BATERIA;OP67;SÃO JOÃO;DF41;Envio para manutenção central-CTG;4
01/02/2020;COT20;ROSA TURISMO;EQ39;DMX200L JI21 SEM BATERIA;OP66;ROSA TURISMO;DF88;Reparo com formatação e reinst. FW/SW;1
01/02/2020;COT19;SÃO JOÃO;EQ39;DMX200L JI21 SEM BATERIA;OP67;SÃO JOÃO;DF97;Ressolda;3
01/02/2020;COT4;Setut;EQ14;DMX200 MOD H3.1;;;DF41;Envio para manutenção central-CTG;5
01/02/2020;COT4;Setut;EQ14;DMX200 MOD H3.1;;;DF118;Restauração de Pacotes via PenDrive;2
01/02/2020;COT22;Taguatur PM NOVO;EQ39;DMX200L JI21 SEM BATERIA;OP82;TAGUATUR;DF41;Envio para manutenção central-CTG;39
01/02/2020;COT3;TEU;EQ14;DMX200 MOD H3.1;;;DF41;Envio para manutenção central-CTG;18
01/02/2020;COT24;GVBUS;EQ14;DMX200 MOD H3.1;;;DF41;Envio para manutenção central-CTG;119
01/02/2020;COT20;ROSA TURISMO;EQ39;DMX200L JI21 SEM BATERIA;OP66;ROSA TURISMO;DF41;Envio para manutenção central-CTG;2
01/02/2020;COT1;Transfacil;EQ10;CONNECTION CCIT 4.0;;;DF35;Defeito não encontrado / testes e liberação;7
01/02/2020;COT1;Transfacil;EQ10;CONNECTION CCIT 4.0;;;DF37;Defeito não encontrado e subst. FW/SW;4
01/02/2020;COT1;Transfacil;EQ10;CONNECTION CCIT 4.0;;;DF88;Reparo com formatação e reinst. FW/SW;6
01/02/2020;COT2;Transcard;EQ10;CONNECTION CCIT 4.0;;;DF22;Atualização de pacote;12
01/02/2020;COT2;Transcard;EQ10;CONNECTION CCIT 4.0;;;DF41;Envio para manutenção central-CTG;19
01/02/2020;COT2;Transcard;EQ10;CONNECTION CCIT 4.0;;;DF59;Intervenções com Solda;21
01/02/2020;COT2;Transcard;EQ10;CONNECTION CCIT 4.0;;;DF206;Subst. Do Conector USB;1
01/02/2020;COT10;Metropolitano-Bahia;EQ10;CONNECTION CCIT 4.0;OP64;METROPOLITANO SSA;DF22;Atualização de pacote;9
01/02/2020;COT10;Metropolitano-Bahia;EQ10;CONNECTION CCIT 4.0;OP64;METROPOLITANO SSA;DF41;Envio para manutenção central-CTG;2
01/02/2020;COT10;Metropolitano-Bahia;EQ10;CONNECTION CCIT 4.0;OP64;METROPOLITANO SSA;DF59;Intervenções com Solda;7
01/02/2020;COT20;ROSA TURISMO;EQ10;CONNECTION CCIT 4.0;OP66;ROSA TURISMO;DF41;Envio para manutenção central-CTG;2
01/02/2020;COT19;SÃO JOÃO;EQ10;CONNECTION CCIT 4.0;OP67;SÃO JOÃO;DF59;Intervenções com Solda;1
01/02/2020;COT4;Setut;EQ10;CONNECTION CCIT 4.0;;;DF41;Envio para manutenção central-CTG;1
01/02/2020;COT3;TEU;EQ10;CONNECTION CCIT 4.0;;;DF41;Envio para manutenção central-CTG;68
01/02/2020;COT24;GVBUS;EQ10;CONNECTION CCIT 4.0;;;DF41;Envio para manutenção central-CTG;17
01/02/2020;COT20;ROSA TURISMO;EQ10;CONNECTION CCIT 4.0;OP66;ROSA TURISMO;DF59;Intervenções com Solda;1
01/02/2020;COT3;TEU;EQ22;V3000M;;;DF41;Envio para manutenção central-CTG;117
01/02/2020;COT20;Rosa Turismo;EQ31;POS 250;OP66;ROSA TURISMO;DF41;Envio para manutenção central-CTG;2
01/02/2020;COT19;São João;EQ31;POS 250;OP67;SÃO JOÃO;DF41;Envio para manutenção central-CTG;1
01/02/2020;COT2;Transcard;EQ31;POS 250;;;DF41;Envio para manutenção central-CTG;31
01/02/2020;COT3;TEU;EQ17;FONTE PM;;;DF41;Envio para manutenção central-CTG;7
01/03/2020;COT8;CBTU;EQ1;CCIT 3.0;OP47;CBTU - COMPANHIA BRASILEIRA DE TRENS URBANOS;DF163;Subst. Da Placa Smartmedia;1
01/03/2020;COT8;CBTU;EQ1;CCIT 3.0;OP47;CBTU - COMPANHIA BRASILEIRA DE TRENS URBANOS;DF209;Subst. Do Display;1
01/03/2020;COT24;GVBUS;EQ28;ATM;OP108;GVBUS - SIND. DAS EMP. DE TRANP. METROP. DA GRANDE VITÓRIA;DF41;Envio para manutenção central-CTG;30
01/03/2020;COT24;GVBUS;EQ6;CCIT 4.0 FRONTAL H2.1;;;DF41;Envio para manutenção central-CTG;6
01/03/2020;COT24;GVBUS;EQ6;CCIT 4.0 FRONTAL H2.1;;;DF88;Reparo com formatação e reinst. FW/SW;50
01/03/2020;COT24;GVBUS;EQ6;CCIT 4.0 FRONTAL H2.1;;;DF211;Subst. Do Equipamento completo;3
01/03/2020;COT6;METRO-BAHIA;EQ28;ATM;OP63;METRO-BAHIA;DF7;Ajuste do Módulo de Impressão;1
01/03/2020;COT6;METRO-BAHIA;EQ28;ATM;OP63;METRO-BAHIA;DF66;Manutenção na Fechadura Eletrônica;1
01/03/2020;COT6;METRO-BAHIA;EQ28;ATM;OP63;METRO-BAHIA;DF141;Subst. Da Fonte do PDV ATM;3
01/03/2020;COT6;METRO-BAHIA;EQ28;ATM;OP63;METRO-BAHIA;DF143;Subst. da Impressora;2
01/03/2020;COT6;METRO-BAHIA;EQ28;ATM;OP63;METRO-BAHIA;DF227;Subst. Do PC ATM;2
01/03/2020;COT6;METRO-BAHIA;EQ28;ATM;OP63;METRO-BAHIA;DF236;Subst. Do Teclado de Metal Frontal;1
01/03/2020;COT6;METRO-BAHIA;EQ28;ATM;OP63;METRO-BAHIA;DF237;Subst. Do Validador de Notas;1
01/03/2020;COT6;Metro-Bahia;EQ37;CCIT 3.13 BLOQUEIO;OP63;METRO-BAHIA;DF132;Subst. Da Bateria de Lithium;2
01/03/2020;COT6;Metro-Bahia;EQ37;CCIT 3.13 BLOQUEIO;OP63;METRO-BAHIA;DF248;Substituição MAX232;1
01/03/2020;COT6;Metro-Bahia;EQ9;CCIT 4.0 (BLOQUEIO) FRONTAL H1;OP63;METRO-BAHIA;DF41;Envio para manutenção central-CTG;1
01/03/2020;COT5;METROFOR/ VLT FORTALEZA;EQ38;CCIT 4.0 METROFOR;OP105;METROFOR LINHA SUL;DF113;Restaura RAM via PC;2
01/03/2020;COT10;Metropolitano-Bahia;EQ6;CCIT 4.0 FRONTAL H2.1;OP64;METROPOLITANO SSA;DF9;Ajuste e aperto de conexão;2
01/03/2020;COT10;Metropolitano-Bahia;EQ6;CCIT 4.0 FRONTAL H2.1;OP64;METROPOLITANO SSA;DF41;Envio para manutenção central-CTG;4
01/03/2020;COT10;Metropolitano-Bahia;EQ6;CCIT 4.0 FRONTAL H2.1;OP64;METROPOLITANO SSA;DF101;Ressolda Mbccit;4
01/03/2020;COT10;Metropolitano-Bahia;EQ6;CCIT 4.0 FRONTAL H2.1;OP64;METROPOLITANO SSA;DF113;Restaura RAM via PC;6
01/03/2020;COT10;Metropolitano-Bahia;EQ6;CCIT 4.0 FRONTAL H2.1;OP64;METROPOLITANO SSA;DF114;Restaura RAM via pendrive;8
01/03/2020;COT10;Metropolitano-Bahia;EQ6;CCIT 4.0 FRONTAL H2.1;OP64;METROPOLITANO SSA;DF132;Subst. Da Bateria de Lithium;17
01/03/2020;COT10;Metropolitano-Bahia;EQ6;CCIT 4.0 FRONTAL H2.1;OP64;METROPOLITANO SSA;DF209;Subst. Do Display;18
01/03/2020;COT20;ROSA TURISMO;EQ36;CCIT 4.0 FRONTAL H1 COM BATERIA;OP66;ROSA TURISMO;DF209;Subst. Do Display;1
01/03/2020;COT20;ROSA TURISMO;EQ36;CCIT 4.0 FRONTAL H1 COM BATERIA;OP66;ROSA TURISMO;DF113;Restaura RAM via PC;3
01/03/2020;COT20;ROSA TURISMO;EQ36;CCIT 4.0 FRONTAL H1 COM BATERIA;OP66;ROSA TURISMO;DF114;Restaura RAM via pendrive;4
01/03/2020;COT20;ROSA TURISMO;EQ36;CCIT 4.0 FRONTAL H1 COM BATERIA;OP66;ROSA TURISMO;DF132;Subst. Da Bateria de Lithium;2
01/03/2020;COT19;SÃO JOÃO;EQ36;CCIT 4.0 FRONTAL H1 COM BATERIA;OP67;SÃO JOÃO;DF41;Envio para manutenção central-CTG;1
01/03/2020;COT19;SÃO JOÃO;EQ36;CCIT 4.0 FRONTAL H1 COM BATERIA;OP67;SÃO JOÃO;DF101;Ressolda Mbccit;2
01/03/2020;COT19;SÃO JOÃO;EQ36;CCIT 4.0 FRONTAL H1 COM BATERIA;OP67;SÃO JOÃO;DF113;Restaura RAM via PC;10
01/03/2020;COT19;SÃO JOÃO;EQ36;CCIT 4.0 FRONTAL H1 COM BATERIA;OP67;SÃO JOÃO;DF114;Restaura RAM via pendrive;1
01/03/2020;COT19;SÃO JOÃO;EQ36;CCIT 4.0 FRONTAL H1 COM BATERIA;OP67;SÃO JOÃO;DF132;Subst. Da Bateria de Lithium;7
01/03/2020;COT4;Setut;EQ6;CCIT 4.0 FRONTAL H2.1;;;DF41;Envio para manutenção central-CTG;12
01/03/2020;COT4;Setut;EQ6;CCIT 4.0 FRONTAL H2.1;;;DF60;Limpeza de cache;2
01/03/2020;COT4;Setut;EQ6;CCIT 4.0 FRONTAL H2.1;;;DF113;Restaura RAM via PC;3
01/03/2020;COT18;Sindpautras;EQ6;CCIT 4.0 FRONTAL H2.1;OP48;SINDPAUTRAS-SIND. PERM. AUT. TRANSP. SU;DF88;Reparo com formatação e reinst. FW/SW;10
01/03/2020;COT18;Sindpautras;EQ6;CCIT 4.0 FRONTAL H2.1;OP48;SINDPAUTRAS-SIND. PERM. AUT. TRANSP. SU;DF108;Ressolda no circuito da placa-mãe;1
01/03/2020;COT18;Sindpautras;EQ6;CCIT 4.0 FRONTAL H2.1;OP48;SINDPAUTRAS-SIND. PERM. AUT. TRANSP. SU;DF209;Subst. Do Display;1
01/03/2020;COT22;Taguatur;EQ8;CCIT 4.0 FRONTAL JI21 SEM BATERIA;OP82;TAGUATUR;DF41;Envio para manutenção central-CTG;10
01/03/2020;COT3;TEU;EQ3;CCIT 3.5;;;DF94;Repassar SW via cabo;1
01/03/2020;COT3;TEU;EQ3;CCIT 3.5;;;DF157;Subst. Da Placa FTCLess;1
01/03/2020;COT3;TEU;EQ36;CCIT 4.0 FRONTAL H1 COM BATERIA;;;DF41;Envio para manutenção central-CTG;8
01/03/2020;COT3;TEU;EQ36;CCIT 4.0 FRONTAL H1 COM BATERIA;;;DF60;Limpeza de cache;38
01/03/2020;COT3;TEU;EQ36;CCIT 4.0 FRONTAL H1 COM BATERIA;;;DF115;Restauração da ROM via PC;181
01/03/2020;COT3;TEU;EQ36;CCIT 4.0 FRONTAL H1 COM BATERIA;;;DF132;Subst. Da Bateria de Lithium;5
01/03/2020;COT2;TRANSCARD;EQ28;ATM;OP61;Setps (Transcard);DF7;Ajuste do Módulo de Impressão;2
01/03/2020;COT2;TRANSCARD;EQ28;ATM;OP61;Setps (Transcard);DF9;Ajuste e aperto de conexão;1
01/03/2020;COT2;TRANSCARD;EQ28;ATM;OP61;Setps (Transcard);DF77;PC ATM Travado;2
01/03/2020;COT2;TRANSCARD;EQ28;ATM;OP61;Setps (Transcard);DF128;Subst. Da antena Cless;2
01/03/2020;COT2;TRANSCARD;EQ28;ATM;OP61;Setps (Transcard);DF142;Subst. Da Fonte Lambda ATM;1
01/03/2020;COT2;TRANSCARD;EQ28;ATM;OP61;Setps (Transcard);DF143;Subst. da Impressora;2
01/03/2020;COT2;TRANSCARD;EQ28;ATM;OP61;Setps (Transcard);DF227;Subst. Do PC ATM;2
01/03/2020;COT2;TRANSCARD;EQ28;ATM;OP61;Setps (Transcard);DF231;Subst. Do PINpad;4
01/03/2020;COT2;TRANSCARD;EQ28;ATM;OP61;Setps (Transcard);DF236;Subst. Do Teclado de Metal Frontal;1
01/03/2020;COT2;TRANSCARD;EQ28;ATM;OP61;Setps (Transcard);DF237;Subst. Do Validador de Notas;13
01/03/2020;COT2;Transcard;EQ6;CCIT 4.0 FRONTAL H2.1;;;DF9;Ajuste e aperto de conexão;6
01/03/2020;COT2;Transcard;EQ6;CCIT 4.0 FRONTAL H2.1;;;DF41;Envio para manutenção central-CTG;27
01/03/2020;COT2;Transcard;EQ6;CCIT 4.0 FRONTAL H2.1;;;DF101;Ressolda Mbccit;7
01/03/2020;COT2;Transcard;EQ6;CCIT 4.0 FRONTAL H2.1;;;DF113;Restaura RAM via PC;10
01/03/2020;COT2;Transcard;EQ6;CCIT 4.0 FRONTAL H2.1;;;DF114;Restaura RAM via pendrive;11
01/03/2020;COT2;Transcard;EQ6;CCIT 4.0 FRONTAL H2.1;;;DF132;Subst. Da Bateria de Lithium;65
01/03/2020;COT2;Transcard;EQ6;CCIT 4.0 FRONTAL H2.1;;;DF209;Subst. Do Display;77
01/03/2020;COT1;TRANSFACIL;EQ28;ATM;OP27;TRANSFÁCIL;DF9;Ajuste e aperto de conexão;3
01/03/2020;COT1;TRANSFACIL;EQ28;ATM;OP27;TRANSFÁCIL;DF32;Defeito não encontrado;2
01/03/2020;COT1;TRANSFACIL;EQ28;ATM;OP27;TRANSFÁCIL;DF65;Manutenção Cofre;6
01/03/2020;COT1;TRANSFACIL;EQ28;ATM;OP27;TRANSFÁCIL;DF67;Manutenção na Impressora;1
01/03/2020;COT1;TRANSFACIL;EQ28;ATM;OP27;TRANSFÁCIL;DF81;Preventiva Validador de Notas;8
01/03/2020;COT1;TRANSFACIL;EQ28;ATM;OP27;TRANSFÁCIL;DF128;Subst. Da antena Cless;1
01/03/2020;COT1;TRANSFACIL;EQ28;ATM;OP27;TRANSFÁCIL;DF177;Subst. Do Cabeçote da Impressora;1
01/03/2020;COT1;TRANSFACIL;EQ28;ATM;OP27;TRANSFÁCIL;DF197;Subst. Do Cofre;1
01/03/2020;COT1;TRANSFACIL;EQ28;ATM;OP27;TRANSFÁCIL;DF237;Subst. Do Validador de Notas;2
01/03/2020;COT1;Transfacil;EQ3;CCIT 3.5;;;DF37;Defeito não encontrado e subst. FW/SW;2
01/03/2020;COT1;Transfacil;EQ3;CCIT 3.5;;;DF88;Reparo com formatação e reinst. FW/SW;3
01/03/2020;COT1;Transfacil;EQ6;CCIT 4.0 FRONTAL H2.1;;;DF35;Defeito não encontrado / testes e liberação;5
01/03/2020;COT1;Transfacil;EQ6;CCIT 4.0 FRONTAL H2.1;;;DF37;Defeito não encontrado e subst. FW/SW;12
01/03/2020;COT1;Transfacil;EQ6;CCIT 4.0 FRONTAL H2.1;;;DF88;Reparo com formatação e reinst. FW/SW;74
01/03/2020;COT1;Transfacil;EQ6;CCIT 4.0 FRONTAL H2.1;;;DF103;Ressolda na placa de interface guia antena;1
01/03/2020;COT1;Transfacil;EQ6;CCIT 4.0 FRONTAL H2.1;;;DF108;Ressolda no circuito da placa-mãe;2
01/03/2020;COT1;Transfacil;EQ6;CCIT 4.0 FRONTAL H2.1;;;DF136;Subst. Da Carcaça inferior;2
01/03/2020;COT1;Transfacil;EQ6;CCIT 4.0 FRONTAL H2.1;;;DF169;Subst. De Componente eletrônico;5
01/03/2020;COT1;Transfacil;EQ6;CCIT 4.0 FRONTAL H2.1;;;DF209;Subst. Do Display;10
01/03/2020;COT1;Transfacil;EQ6;CCIT 4.0 FRONTAL H2.1;;;DF216;Subst. Do Módulo H2;12
01/03/2020;COT16;Via Ouro;EQ3;CCIT 3.5;OP49;VIA OURO COLETIVOS LTDA;DF88;Reparo com formatação e reinst. FW/SW;1
01/03/2020;COT16;Via Ouro;EQ3;CCIT 3.5;OP49;VIA OURO COLETIVOS LTDA;DF108;Ressolda no circuito da placa-mãe;2
01/03/2020;COT16;Via Ouro;EQ3;CCIT 3.5;OP49;VIA OURO COLETIVOS LTDA;DF147;Subst. Da Placa CLESS;1
01/03/2020;COT1;Transfacil;EQ14;DMX200 MOD H3.1;;;DF35;Defeito não encontrado / testes e liberação;1
01/03/2020;COT1;Transfacil;EQ14;DMX200 MOD H3.1;;;DF37;Defeito não encontrado e subst. FW/SW;11
01/03/2020;COT1;Transfacil;EQ14;DMX200 MOD H3.1;;;DF41;Envio para manutenção central-CTG;55
01/03/2020;COT1;Transfacil;EQ14;DMX200 MOD H3.1;;;DF88;Reparo com formatação e reinst. FW/SW;211
01/03/2020;COT1;Transfacil;EQ14;DMX200 MOD H3.1;;;DF108;Ressolda no circuito da placa-mãe;1
01/03/2020;COT1;Transfacil;EQ14;DMX200 MOD H3.1;;;DF135;Subst. Da Carcaça frontal;3
01/03/2020;COT1;Transfacil;EQ14;DMX200 MOD H3.1;;;DF169;Subst. De Componente eletrônico;12
01/03/2020;COT1;Transfacil;EQ14;DMX200 MOD H3.1;;;DF170;Subst. De Gorila Glass;3
01/03/2020;COT9;SINTRAM SEM DMX200;EQ16;PDM03;OP51;CONSÓRCIO ÓTIMO DE BILHETAGEM ELETRÔNICA ;DF35;Defeito não encontrado / testes e liberação;23
01/03/2020;COT9;SINTRAM SEM DMX200;EQ16;PDM03;OP51;CONSÓRCIO ÓTIMO DE BILHETAGEM ELETRÔNICA ;DF37;Defeito não encontrado e subst. FW/SW;1
01/03/2020;COT9;SINTRAM SEM DMX200;EQ16;PDM03;OP51;CONSÓRCIO ÓTIMO DE BILHETAGEM ELETRÔNICA ;DF88;Reparo com formatação e reinst. FW/SW;116
01/03/2020;COT9;SINTRAM SEM DMX200;EQ16;PDM03;OP51;CONSÓRCIO ÓTIMO DE BILHETAGEM ELETRÔNICA ;DF209;Subst. Do Display;2
01/03/2020;COT9;SINTRAM COM DMX200;EQ12;DMX200 MOD H3;OP51;CONSÓRCIO ÓTIMO DE BILHETAGEM ELETRÔNICA ;DF37;Defeito não encontrado e subst. FW/SW;1
01/03/2020;COT9;SINTRAM COM DMX200;EQ12;DMX200 MOD H3;OP51;CONSÓRCIO ÓTIMO DE BILHETAGEM ELETRÔNICA ;DF41;Envio para manutenção central-CTG;11
01/03/2020;COT9;SINTRAM COM DMX200;EQ12;DMX200 MOD H3;OP51;CONSÓRCIO ÓTIMO DE BILHETAGEM ELETRÔNICA ;DF88;Reparo com formatação e reinst. FW/SW;42
01/03/2020;COT9;SINTRAM COM DMX200;EQ12;DMX200 MOD H3;OP51;CONSÓRCIO ÓTIMO DE BILHETAGEM ELETRÔNICA ;DF135;Subst. Da Carcaça frontal;2
01/03/2020;COT9;SINTRAM COM DMX200;EQ12;DMX200 MOD H3;OP51;CONSÓRCIO ÓTIMO DE BILHETAGEM ELETRÔNICA ;DF169;Subst. De Componente eletrônico;1
01/03/2020;COT9;SINTRAM COM DMX200;EQ12;DMX200 MOD H3;OP51;CONSÓRCIO ÓTIMO DE BILHETAGEM ELETRÔNICA ;DF170;Subst. De Gorila Glass;2
01/03/2020;COT2;Transcard;EQ16;PDM03;;;DF9;Ajuste e aperto de conexão;4
01/03/2020;COT2;Transcard;EQ16;PDM03;;;DF22;Atualização de pacote;11
01/03/2020;COT2;Transcard;EQ16;PDM03;;;DF41;Envio para manutenção central-CTG;10
01/03/2020;COT2;Transcard;EQ16;PDM03;;;DF125;Subst. Botão on/off;3
01/03/2020;COT19;SÃO JOÃO;EQ39;DMX200L JI21 SEM BATERIA;OP67;SÃO JOÃO;DF41;Envio para manutenção central-CTG;4
01/03/2020;COT19;SÃO JOÃO;EQ39;DMX200L JI21 SEM BATERIA;OP67;SÃO JOÃO;DF206;Subst. Do Conector USB;5
01/03/2020;COT4;Setut;EQ14;DMX200 MOD H3.1;;;DF41;Envio para manutenção central-CTG;11
01/03/2020;COT4;Setut;EQ14;DMX200 MOD H3.1;;;DF88;Reparo com formatação e reinst. FW/SW;2
01/03/2020;COT4;Setut;EQ14;DMX200 MOD H3.1;;;DF113;Restaura RAM via PC;10
01/03/2020;COT22;Taguatur PM NOVO;EQ39;DMX200L JI21 SEM BATERIA;OP82;TAGUATUR;DF41;Envio para manutenção central-CTG;17
01/03/2020;COT21;Araguarina;EQ13;DMX200L;OP81;VIAÇÃO ARAGUARINA;DF41;Envio para manutenção central-CTG;2
01/03/2020;COT3;TEU;EQ14;DMX200 MOD H3.1;;;DF21;Atualização de FW ;10
01/03/2020;COT3;TEU;EQ14;DMX200 MOD H3.1;;;DF41;Envio para manutenção central-CTG;3
01/03/2020;COT3;TEU;EQ14;DMX200 MOD H3.1;;;DF115;Restauração da ROM via PC;10
01/03/2020;COT24;GVBUS;EQ14;DMX200 MOD H3.1;;;DF41;Envio para manutenção central-CTG;26
01/03/2020;COT24;GVBUS;EQ14;DMX200 MOD H3.1;;;DF88;Reparo com formatação e reinst. FW/SW;49
01/03/2020;COT24;GVBUS;EQ14;DMX200 MOD H3.1;;;DF97;Ressolda;9
01/03/2020;COT24;GVBUS;EQ14;DMX200 MOD H3.1;;;DF127;Subst. Conector USB;3
01/03/2020;COT24;GVBUS;EQ14;DMX200 MOD H3.1;;;DF211;Subst. Do Equipamento completo;13
01/03/2020;COT20;ROSA TURISMO;EQ39;DMX200L JI21 SEM BATERIA;OP66;ROSA TURISMO;DF41;Envio para manutenção central-CTG;4
01/03/2020;COT20;ROSA TURISMO;EQ39;DMX200L JI21 SEM BATERIA;OP66;ROSA TURISMO;DF127;Subst. Conector USB;2
01/03/2020;COT1;Transfacil;EQ10;CONNECTION CCIT 4.0;;;DF35;Defeito não encontrado / testes e liberação;3
01/03/2020;COT1;Transfacil;EQ10;CONNECTION CCIT 4.0;;;DF37;Defeito não encontrado e subst. FW/SW;4
01/03/2020;COT1;Transfacil;EQ10;CONNECTION CCIT 4.0;;;DF88;Reparo com formatação e reinst. FW/SW;13
01/03/2020;COT1;Transfacil;EQ10;CONNECTION CCIT 4.0;;;DF136;Subst. Da Carcaça inferior;1
01/03/2020;COT1;Transfacil;EQ10;CONNECTION CCIT 4.0;;;DF169;Subst. De Componente eletrônico;2
01/03/2020;COT2;Transcard;EQ10;CONNECTION CCIT 4.0;;;DF41;Envio para manutenção central-CTG;18
01/03/2020;COT2;Transcard;EQ10;CONNECTION CCIT 4.0;;;DF59;Intervenções com Solda;26
01/03/2020;COT2;Transcard;EQ10;CONNECTION CCIT 4.0;;;DF88;Reparo com formatação e reinst. FW/SW;6
01/03/2020;COT2;Transcard;EQ10;CONNECTION CCIT 4.0;;;DF206;Subst. Do Conector USB;1
01/03/2020;COT10;Metropolitano-Bahia;EQ10;CONNECTION CCIT 4.0;OP64;METROPOLITANO SSA;DF41;Envio para manutenção central-CTG;4
01/03/2020;COT10;Metropolitano-Bahia;EQ10;CONNECTION CCIT 4.0;OP64;METROPOLITANO SSA;DF59;Intervenções com Solda;3
01/03/2020;COT10;Metropolitano-Bahia;EQ10;CONNECTION CCIT 4.0;OP64;METROPOLITANO SSA;DF88;Reparo com formatação e reinst. FW/SW;3
01/03/2020;COT20;ROSA TURISMO;EQ10;CONNECTION CCIT 4.0;OP66;ROSA TURISMO;DF59;Intervenções com Solda;3
01/03/2020;COT19;SÃO JOÃO;EQ10;CONNECTION CCIT 4.0;OP67;SÃO JOÃO;DF88;Reparo com formatação e reinst. FW/SW;1
01/03/2020;COT3;TEU;EQ10;CONNECTION CCIT 4.0;;;DF41;Envio para manutenção central-CTG;46
01/03/2020;COT24;GVBUS;EQ10;CONNECTION CCIT 4.0;;;DF41;Envio para manutenção central-CTG;2
01/03/2020;COT24;GVBUS;EQ10;CONNECTION CCIT 4.0;;;DF88;Reparo com formatação e reinst. FW/SW;9
01/03/2020;COT24;GVBUS;EQ10;CONNECTION CCIT 4.0;;;DF211;Subst. Do Equipamento completo;3
01/03/2020;COT20;ROSA TURISMO;EQ10;CONNECTION CCIT 4.0;OP66;ROSA TURISMO;DF88;Reparo com formatação e reinst. FW/SW;1
01/03/2020;COT20;ROSA TURISMO;EQ10;CONNECTION CCIT 4.0;OP66;ROSA TURISMO;DF256;Subst. de Fusível;1
01/03/2020;COT3;TEU;EQ22;V3000M;;;DF21;Atualização de FW ;206
01/03/2020;COT3;TEU;EQ22;V3000M;;;DF41;Envio para manutenção central-CTG;4
01/03/2020;COT3;TEU;EQ22;V3000M;;;DF115;Restauração da ROM via PC;206
01/03/2020;COT3;TEU;EQ22;V3000M;;;DF232;Subst. Do SDCard;12
01/03/2020;COT1;Transfacil;EQ27;UT (FTV 3000);;;DF37;Defeito não encontrado e subst. FW/SW;1
01/03/2020;COT1;Transfacil;EQ27;UT (FTV 3000);;;DF88;Reparo com formatação e reinst. FW/SW;1
01/03/2020;COT1;Transfacil;EQ27;UT (FTV 3000);;;DF169;Subst. De Componente eletrônico;4
01/03/2020;COT24;GVBUS;EQ33;POS MOVE 2500;;;DF41;Envio para manutenção central-CTG;8
01/03/2020;COT20;Rosa Turismo;EQ31;POS 250;OP66;ROSA TURISMO;DF41;Envio para manutenção central-CTG;1
01/03/2020;COT19;São João;EQ31;POS 250;OP67;SÃO JOÃO;DF41;Envio para manutenção central-CTG;1
01/03/2020;COT2;Transcard;EQ31;POS 250;;;DF41;Envio para manutenção central-CTG;12
01/03/2020;COT1;Transfacil;EQ31;POS 250;OP27;TRANSFÁCIL;DF41;Envio para manutenção central-CTG;1
01/04/2020;COT24;GVBUS;EQ28;ATM;OP108;GVBUS - SIND. DAS EMP. DE TRANP. METROP. DA GRANDE VITÓRIA;DF41;Envio para manutenção central-CTG;13
01/04/2020;COT24;GVBUS;EQ6;CCIT 4.0 FRONTAL H2.1;;;DF41;Envio para manutenção central-CTG;105
01/04/2020;COT6;METRO-BAHIA;EQ28;ATM;OP63;METRO-BAHIA;DF7;Ajuste do Módulo de Impressão;1
01/04/2020;COT6;METRO-BAHIA;EQ28;ATM;OP63;METRO-BAHIA;DF66;Manutenção na Fechadura Eletrônica;1
01/04/2020;COT6;METRO-BAHIA;EQ28;ATM;OP63;METRO-BAHIA;DF141;Subst. Da Fonte do PDV ATM;3
01/04/2020;COT6;METRO-BAHIA;EQ28;ATM;OP63;METRO-BAHIA;DF143;Subst. da Impressora;2
01/04/2020;COT6;METRO-BAHIA;EQ28;ATM;OP63;METRO-BAHIA;DF227;Subst. Do PC ATM;2
01/04/2020;COT6;METRO-BAHIA;EQ28;ATM;OP63;METRO-BAHIA;DF236;Subst. Do Teclado de Metal Frontal;1
01/04/2020;COT6;METRO-BAHIA;EQ28;ATM;OP63;METRO-BAHIA;DF237;Subst. Do Validador de Notas;1
01/04/2020;COT6;Metro-Bahia;EQ37;CCIT 3.13 BLOQUEIO;OP63;METRO-BAHIA;DF132;Subst. Da Bateria de Lithium;2
01/04/2020;COT6;Metro-Bahia;EQ37;CCIT 3.13 BLOQUEIO;OP63;METRO-BAHIA;DF248;Substituição MAX232;1
01/04/2020;COT6;Metro-Bahia;EQ9;CCIT 4.0 (BLOQUEIO) FRONTAL H1;OP63;METRO-BAHIA;DF41;Envio para manutenção central-CTG;1
01/04/2020;COT10;Metropolitano-Bahia;EQ6;CCIT 4.0 FRONTAL H2.1;OP64;METROPOLITANO SSA;DF9;Ajuste e aperto de conexão;2
01/04/2020;COT10;Metropolitano-Bahia;EQ6;CCIT 4.0 FRONTAL H2.1;OP64;METROPOLITANO SSA;DF41;Envio para manutenção central-CTG;4
01/04/2020;COT10;Metropolitano-Bahia;EQ6;CCIT 4.0 FRONTAL H2.1;OP64;METROPOLITANO SSA;DF101;Ressolda Mbccit;4
01/04/2020;COT10;Metropolitano-Bahia;EQ6;CCIT 4.0 FRONTAL H2.1;OP64;METROPOLITANO SSA;DF113;Restaura RAM via PC;6
01/04/2020;COT10;Metropolitano-Bahia;EQ6;CCIT 4.0 FRONTAL H2.1;OP64;METROPOLITANO SSA;DF114;Restaura RAM via pendrive;8
01/04/2020;COT10;Metropolitano-Bahia;EQ6;CCIT 4.0 FRONTAL H2.1;OP64;METROPOLITANO SSA;DF132;Subst. Da Bateria de Lithium;17
01/04/2020;COT10;Metropolitano-Bahia;EQ6;CCIT 4.0 FRONTAL H2.1;OP64;METROPOLITANO SSA;DF209;Subst. Do Display;18
01/04/2020;COT20;ROSA TURISMO;EQ36;CCIT 4.0 FRONTAL H1 COM BATERIA;OP66;ROSA TURISMO;DF209;Subst. Do Display;1
01/04/2020;COT20;ROSA TURISMO;EQ36;CCIT 4.0 FRONTAL H1 COM BATERIA;OP66;ROSA TURISMO;DF113;Restaura RAM via PC;3
01/04/2020;COT20;ROSA TURISMO;EQ36;CCIT 4.0 FRONTAL H1 COM BATERIA;OP66;ROSA TURISMO;DF114;Restaura RAM via pendrive;4
01/04/2020;COT20;ROSA TURISMO;EQ36;CCIT 4.0 FRONTAL H1 COM BATERIA;OP66;ROSA TURISMO;DF132;Subst. Da Bateria de Lithium;2
01/04/2020;COT20;ROSA TURISMO;EQ36;CCIT 4.0 FRONTAL H1 COM BATERIA;OP66;ROSA TURISMO;DF101;Ressolda Mbccit;3
01/04/2020;COT19;SÃO JOÃO;EQ36;CCIT 4.0 FRONTAL H1 COM BATERIA;OP67;SÃO JOÃO;DF41;Envio para manutenção central-CTG;1
01/04/2020;COT19;SÃO JOÃO;EQ36;CCIT 4.0 FRONTAL H1 COM BATERIA;OP67;SÃO JOÃO;DF101;Ressolda Mbccit;2
01/04/2020;COT19;SÃO JOÃO;EQ36;CCIT 4.0 FRONTAL H1 COM BATERIA;OP67;SÃO JOÃO;DF113;Restaura RAM via PC;10
01/04/2020;COT19;SÃO JOÃO;EQ36;CCIT 4.0 FRONTAL H1 COM BATERIA;OP67;SÃO JOÃO;DF114;Restaura RAM via pendrive;1
01/04/2020;COT19;SÃO JOÃO;EQ36;CCIT 4.0 FRONTAL H1 COM BATERIA;OP67;SÃO JOÃO;DF132;Subst. Da Bateria de Lithium;7
01/04/2020;COT4;Setut;EQ6;CCIT 4.0 FRONTAL H2.1;;;DF41;Envio para manutenção central-CTG;5
01/04/2020;COT4;Setut;EQ6;CCIT 4.0 FRONTAL H2.1;;;DF60;Limpeza de cache;3
01/04/2020;COT4;Setut;EQ6;CCIT 4.0 FRONTAL H2.1;;;DF113;Restaura RAM via PC;1
01/04/2020;COT18;Sindpautras;EQ6;CCIT 4.0 FRONTAL H2.1;OP48;SINDPAUTRAS-SIND. PERM. AUT. TRANSP. SU;DF88;Reparo com formatação e reinst. FW/SW;10
01/04/2020;COT18;Sindpautras;EQ6;CCIT 4.0 FRONTAL H2.1;OP48;SINDPAUTRAS-SIND. PERM. AUT. TRANSP. SU;DF216;Subst. Do Módulo H2;1
01/04/2020;COT22;Taguatur;EQ8;CCIT 4.0 FRONTAL JI21 SEM BATERIA;OP82;TAGUATUR;DF41;Envio para manutenção central-CTG;3
01/04/2020;COT3;TEU;EQ3;CCIT 3.5;;;DF94;Repassar SW via cabo;1
01/04/2020;COT3;TEU;EQ3;CCIT 3.5;;;DF145;Subst. Da OBC;1
01/04/2020;COT3;TEU;EQ36;CCIT 4.0 FRONTAL H1 COM BATERIA;;;DF41;Envio para manutenção central-CTG;13
01/04/2020;COT3;TEU;EQ36;CCIT 4.0 FRONTAL H1 COM BATERIA;;;DF60;Limpeza de cache;18
01/04/2020;COT3;TEU;EQ36;CCIT 4.0 FRONTAL H1 COM BATERIA;;;DF115;Restauração da ROM via PC;153
01/04/2020;COT3;TEU;EQ36;CCIT 4.0 FRONTAL H1 COM BATERIA;;;DF132;Subst. Da Bateria de Lithium;10
01/04/2020;COT3;TEU;EQ36;CCIT 4.0 FRONTAL H1 COM BATERIA;;;DF136;Subst. Da Carcaça inferior;1
01/04/2020;COT2;TRANSCARD;EQ28;ATM;OP61;Setps (Transcard);DF7;Ajuste do Módulo de Impressão;2
01/04/2020;COT2;TRANSCARD;EQ28;ATM;OP61;Setps (Transcard);DF77;PC ATM Travado;2
01/04/2020;COT2;TRANSCARD;EQ28;ATM;OP61;Setps (Transcard);DF128;Subst. Da antena Cless;2
01/04/2020;COT2;TRANSCARD;EQ28;ATM;OP61;Setps (Transcard);DF142;Subst. Da Fonte Lambda ATM;1
01/04/2020;COT2;TRANSCARD;EQ28;ATM;OP61;Setps (Transcard);DF143;Subst. da Impressora;2
01/04/2020;COT2;TRANSCARD;EQ28;ATM;OP61;Setps (Transcard);DF227;Subst. Do PC ATM;2
01/04/2020;COT2;TRANSCARD;EQ28;ATM;OP61;Setps (Transcard);DF231;Subst. Do PINpad;4
01/04/2020;COT2;TRANSCARD;EQ28;ATM;OP61;Setps (Transcard);DF236;Subst. Do Teclado de Metal Frontal;1
01/04/2020;COT2;TRANSCARD;EQ28;ATM;OP61;Setps (Transcard);DF237;Subst. Do Validador de Notas;13
01/04/2020;COT2;Transcard;EQ6;CCIT 4.0 FRONTAL H2.1;;;DF9;Ajuste e aperto de conexão;6
01/04/2020;COT2;Transcard;EQ6;CCIT 4.0 FRONTAL H2.1;;;DF41;Envio para manutenção central-CTG;27
01/04/2020;COT2;Transcard;EQ6;CCIT 4.0 FRONTAL H2.1;;;DF101;Ressolda Mbccit;7
01/04/2020;COT2;Transcard;EQ6;CCIT 4.0 FRONTAL H2.1;;;DF113;Restaura RAM via PC;10
01/04/2020;COT2;Transcard;EQ6;CCIT 4.0 FRONTAL H2.1;;;DF114;Restaura RAM via pendrive;11
01/04/2020;COT2;Transcard;EQ6;CCIT 4.0 FRONTAL H2.1;;;DF132;Subst. Da Bateria de Lithium;65
01/04/2020;COT2;Transcard;EQ6;CCIT 4.0 FRONTAL H2.1;;;DF209;Subst. Do Display;77
01/04/2020;COT1;TRANSFACIL;EQ28;ATM;OP27;TRANSFÁCIL;DF5;Ajuste da porta Externa;1
01/04/2020;COT1;TRANSFACIL;EQ28;ATM;OP27;TRANSFÁCIL;DF41;Envio para manutenção central-CTG;4
01/04/2020;COT1;TRANSFACIL;EQ28;ATM;OP27;TRANSFÁCIL;DF73;Monitor Queimado;1
01/04/2020;COT1;TRANSFACIL;EQ28;ATM;OP27;TRANSFÁCIL;DF81;Preventiva Validador de Notas;4
01/04/2020;COT1;TRANSFACIL;EQ28;ATM;OP27;TRANSFÁCIL;DF85;Reinstalação do Drive da Impressora;1
01/04/2020;COT1;TRANSFACIL;EQ28;ATM;OP27;TRANSFÁCIL;DF197;Subst. Do Cofre;1
01/04/2020;COT1;TRANSFACIL;EQ28;ATM;OP27;TRANSFÁCIL;DF237;Subst. Do Validador de Notas;1
01/04/2020;COT1;Transfacil;EQ3;CCIT 3.5;;;DF37;Defeito não encontrado e subst. FW/SW;1
01/04/2020;COT1;Transfacil;EQ3;CCIT 3.5;;;DF88;Reparo com formatação e reinst. FW/SW;1
01/04/2020;COT1;Transfacil;EQ6;CCIT 4.0 FRONTAL H2.1;;;DF37;Defeito não encontrado e subst. FW/SW;5
01/04/2020;COT1;Transfacil;EQ6;CCIT 4.0 FRONTAL H2.1;;;DF88;Reparo com formatação e reinst. FW/SW;49
01/04/2020;COT1;Transfacil;EQ6;CCIT 4.0 FRONTAL H2.1;;;DF108;Ressolda no circuito da placa-mãe;1
01/04/2020;COT1;Transfacil;EQ6;CCIT 4.0 FRONTAL H2.1;;;DF136;Subst. Da Carcaça inferior;1
01/04/2020;COT1;Transfacil;EQ6;CCIT 4.0 FRONTAL H2.1;;;DF216;Subst. Do Módulo H2;9
01/04/2020;COT1;Transfacil;EQ6;CCIT 4.0 FRONTAL H2.1;;;DF238;Subst. Do Vidro CCIT V4.0;11
01/04/2020;COT16;Via Ouro;EQ3;CCIT 3.5;OP49;VIA OURO COLETIVOS LTDA;DF88;Reparo com formatação e reinst. FW/SW;2
01/04/2020;COT16;Via Ouro;EQ3;CCIT 3.5;OP49;VIA OURO COLETIVOS LTDA;DF108;Ressolda no circuito da placa-mãe;1
01/04/2020;COT1;Transfacil;EQ14;DMX200 MOD H3.1;;;DF37;Defeito não encontrado e subst. FW/SW;4
01/04/2020;COT1;Transfacil;EQ14;DMX200 MOD H3.1;;;DF41;Envio para manutenção central-CTG;73
01/04/2020;COT1;Transfacil;EQ14;DMX200 MOD H3.1;;;DF88;Reparo com formatação e reinst. FW/SW;131
01/04/2020;COT1;Transfacil;EQ14;DMX200 MOD H3.1;;;DF135;Subst. Da Carcaça frontal;2
01/04/2020;COT1;Transfacil;EQ14;DMX200 MOD H3.1;;;DF170;Subst. De Gorila Glass;2
01/04/2020;COT9;SINTRAM SEM DMX200;EQ16;PDM03;OP51;CONSÓRCIO ÓTIMO DE BILHETAGEM ELETRÔNICA ;DF35;Defeito não encontrado / testes e liberação;8
01/04/2020;COT9;SINTRAM SEM DMX200;EQ16;PDM03;OP51;CONSÓRCIO ÓTIMO DE BILHETAGEM ELETRÔNICA ;DF88;Reparo com formatação e reinst. FW/SW;70
01/04/2020;COT9;SINTRAM COM DMX200;EQ12;DMX200 MOD H3;OP51;CONSÓRCIO ÓTIMO DE BILHETAGEM ELETRÔNICA ;DF35;Defeito não encontrado / testes e liberação;1
01/04/2020;COT9;SINTRAM COM DMX200;EQ12;DMX200 MOD H3;OP51;CONSÓRCIO ÓTIMO DE BILHETAGEM ELETRÔNICA ;DF88;Reparo com formatação e reinst. FW/SW;5
01/04/2020;COT2;Transcard;EQ16;PDM03;;;DF9;Ajuste e aperto de conexão;4
01/04/2020;COT2;Transcard;EQ16;PDM03;;;DF22;Atualização de pacote;11
01/04/2020;COT2;Transcard;EQ16;PDM03;;;DF41;Envio para manutenção central-CTG;10
01/04/2020;COT2;Transcard;EQ16;PDM03;;;DF125;Subst. Botão on/off;3
01/04/2020;COT19;SÃO JOÃO;EQ39;DMX200L JI21 SEM BATERIA;OP67;SÃO JOÃO;DF41;Envio para manutenção central-CTG;4
01/04/2020;COT19;SÃO JOÃO;EQ39;DMX200L JI21 SEM BATERIA;OP67;SÃO JOÃO;DF206;Subst. Do Conector USB;5
01/04/2020;COT4;Setut;EQ14;DMX200 MOD H3.1;;;DF41;Envio para manutenção central-CTG;4
01/04/2020;COT22;Taguatur PM NOVO;EQ39;DMX200L JI21 SEM BATERIA;OP82;TAGUATUR;DF41;Envio para manutenção central-CTG;16
01/04/2020;COT24;GVBUS;EQ14;DMX200 MOD H3.1;;;DF41;Envio para manutenção central-CTG;44
01/04/2020;COT20;ROSA TURISMO;EQ39;DMX200L JI21 SEM BATERIA;OP66;ROSA TURISMO;DF41;Envio para manutenção central-CTG;4
01/04/2020;COT20;ROSA TURISMO;EQ39;DMX200L JI21 SEM BATERIA;OP66;ROSA TURISMO;DF127;Subst. Conector USB;2
01/04/2020;COT1;Transfacil;EQ10;CONNECTION CCIT 4.0;;;DF9;Ajuste e aperto de conexão;1
01/04/2020;COT1;Transfacil;EQ10;CONNECTION CCIT 4.0;;;DF35;Defeito não encontrado / testes e liberação;2
01/04/2020;COT1;Transfacil;EQ10;CONNECTION CCIT 4.0;;;DF37;Defeito não encontrado e subst. FW/SW;5
01/04/2020;COT1;Transfacil;EQ10;CONNECTION CCIT 4.0;;;DF88;Reparo com formatação e reinst. FW/SW;5
01/04/2020;COT1;Transfacil;EQ10;CONNECTION CCIT 4.0;;;DF102;Ressolda na Placa Connection;1
01/04/2020;COT1;Transfacil;EQ10;CONNECTION CCIT 4.0;;;DF169;Subst. De Componente eletrônico;1
01/04/2020;COT2;Transcard;EQ10;CONNECTION CCIT 4.0;;;DF41;Envio para manutenção central-CTG;18
01/04/2020;COT2;Transcard;EQ10;CONNECTION CCIT 4.0;;;DF59;Intervenções com Solda;26
01/04/2020;COT2;Transcard;EQ10;CONNECTION CCIT 4.0;;;DF61;Limpeza e testes;7
01/04/2020;COT2;Transcard;EQ10;CONNECTION CCIT 4.0;;;DF88;Reparo com formatação e reinst. FW/SW;6
01/04/2020;COT2;Transcard;EQ10;CONNECTION CCIT 4.0;;;DF206;Subst. Do Conector USB;1
01/04/2020;COT10;Metropolitano-Bahia;EQ10;CONNECTION CCIT 4.0;OP64;METROPOLITANO SSA;DF41;Envio para manutenção central-CTG;4
01/04/2020;COT10;Metropolitano-Bahia;EQ10;CONNECTION CCIT 4.0;OP64;METROPOLITANO SSA;DF59;Intervenções com Solda;3
01/04/2020;COT10;Metropolitano-Bahia;EQ10;CONNECTION CCIT 4.0;OP64;METROPOLITANO SSA;DF88;Reparo com formatação e reinst. FW/SW;3
01/04/2020;COT19;SÃO JOÃO;EQ10;CONNECTION CCIT 4.0;OP67;SÃO JOÃO;DF59;Intervenções com Solda;1
01/04/2020;COT19;SÃO JOÃO;EQ10;CONNECTION CCIT 4.0;OP67;SÃO JOÃO;DF88;Reparo com formatação e reinst. FW/SW;1
01/04/2020;COT4;Setut;EQ10;CONNECTION CCIT 4.0;;;DF41;Envio para manutenção central-CTG;1
01/04/2020;COT3;TEU;EQ10;CONNECTION CCIT 4.0;;;DF41;Envio para manutenção central-CTG;37
01/04/2020;COT24;GVBUS;EQ10;CONNECTION CCIT 4.0;;;DF41;Envio para manutenção central-CTG;16
01/04/2020;COT20;ROSA TURISMO;EQ10;CONNECTION CCIT 4.0;OP66;ROSA TURISMO;DF59;Intervenções com Solda;3
01/04/2020;COT20;ROSA TURISMO;EQ10;CONNECTION CCIT 4.0;OP66;ROSA TURISMO;DF88;Reparo com formatação e reinst. FW/SW;1
01/04/2020;COT20;ROSA TURISMO;EQ10;CONNECTION CCIT 4.0;OP66;ROSA TURISMO;DF256;Subst. de Fusível;1
01/04/2020;COT3;TEU;EQ22;V3000M;;;DF21;Atualização de FW ;79
01/04/2020;COT3;TEU;EQ22;V3000M;;;DF41;Envio para manutenção central-CTG;2
01/04/2020;COT3;TEU;EQ22;V3000M;;;DF115;Restauração da ROM via PC;79
01/04/2020;COT3;TEU;EQ22;V3000M;;;DF232;Subst. Do SDCard;9
01/04/2020;COT1;Transfacil;EQ27;UT (FTV 3000);;;DF169;Subst. De Componente eletrônico;1
01/04/2020;COT24;GVBUS;EQ33;POS MOVE 2500;;;DF41;Envio para manutenção central-CTG;8
01/04/2020;COT10;Metropolitano-Bahia;EQ31;POS 250;OP64;METROPOLITANO SSA;DF41;Envio para manutenção central-CTG;1
01/04/2020;COT20;Rosa Turismo;EQ31;POS 250;OP66;ROSA TURISMO;DF41;Envio para manutenção central-CTG;1
01/04/2020;COT19;São João;EQ31;POS 250;OP67;SÃO JOÃO;DF41;Envio para manutenção central-CTG;1
01/04/2020;COT2;Transcard;EQ31;POS 250;;;DF41;Envio para manutenção central-CTG;12
01/04/2020;COT1;Transfacil;EQ31;POS 250;OP27;TRANSFÁCIL;DF41;Envio para manutenção central-CTG;2
01/05/2020;COT24;GVBUS;EQ28;ATM;OP108;GVBUS - SIND. DAS EMP. DE TRANP. METROP. DA GRANDE VITÓRIA;DF41;Envio para manutenção central-CTG;23
01/05/2020;COT24;GVBUS;EQ6;CCIT 4.0 FRONTAL H2.1;;;DF41;Envio para manutenção central-CTG;11
01/05/2020;COT24;GVBUS;EQ6;CCIT 4.0 FRONTAL H2.1;;;DF88;Reparo com formatação e reinst. FW/SW;66
01/05/2020;COT6;METRO-BAHIA;EQ28;ATM;OP63;METRO-BAHIA;DF218;Subst. Do Monitor;1
01/05/2020;COT6;METRO-BAHIA;EQ28;ATM;OP63;METRO-BAHIA;DF227;Subst. Do PC ATM;2
01/05/2020;COT6;METRO-BAHIA;EQ28;ATM;OP63;METRO-BAHIA;DF237;Subst. Do Validador de Notas;1
01/05/2020;COT6;Metro-Bahia;EQ37;CCIT 3.13 BLOQUEIO;OP63;METRO-BAHIA;DF132;Subst. Da Bateria de Lithium;2
01/05/2020;COT6;Metro-Bahia;EQ37;CCIT 3.13 BLOQUEIO;OP63;METRO-BAHIA;DF157;Subst. Da Placa FTCLess;1
01/05/2020;COT6;Metro-Bahia;EQ9;CCIT 4.0 (BLOQUEIO) FRONTAL H1;OP63;METRO-BAHIA;DF41;Envio para manutenção central-CTG;1
01/05/2020;COT10;Metropolitano-Bahia;EQ6;CCIT 4.0 FRONTAL H2.1;OP64;METROPOLITANO SSA;DF9;Ajuste e aperto de conexão;1
01/05/2020;COT10;Metropolitano-Bahia;EQ6;CCIT 4.0 FRONTAL H2.1;OP64;METROPOLITANO SSA;DF101;Ressolda Mbccit;1
01/05/2020;COT10;Metropolitano-Bahia;EQ6;CCIT 4.0 FRONTAL H2.1;OP64;METROPOLITANO SSA;DF113;Restaura RAM via PC;23
01/05/2020;COT10;Metropolitano-Bahia;EQ6;CCIT 4.0 FRONTAL H2.1;OP64;METROPOLITANO SSA;DF114;Restaura RAM via pendrive;3
01/05/2020;COT10;Metropolitano-Bahia;EQ6;CCIT 4.0 FRONTAL H2.1;OP64;METROPOLITANO SSA;DF132;Subst. Da Bateria de Lithium;3
01/05/2020;COT10;Metropolitano-Bahia;EQ6;CCIT 4.0 FRONTAL H2.1;OP64;METROPOLITANO SSA;DF210;Subst. Do Display CCIT;3
01/05/2020;COT19;SÃO JOÃO;EQ36;CCIT 4.0 FRONTAL H1 COM BATERIA;OP67;SÃO JOÃO;DF41;Envio para manutenção central-CTG;1
01/05/2020;COT19;SÃO JOÃO;EQ36;CCIT 4.0 FRONTAL H1 COM BATERIA;OP67;SÃO JOÃO;DF113;Restaura RAM via PC;5
01/05/2020;COT19;SÃO JOÃO;EQ36;CCIT 4.0 FRONTAL H1 COM BATERIA;OP67;SÃO JOÃO;DF132;Subst. Da Bateria de Lithium;4
01/05/2020;COT19;SÃO JOÃO;EQ36;CCIT 4.0 FRONTAL H1 COM BATERIA;OP67;SÃO JOÃO;DF209;Subst. Do Display;1
01/05/2020;COT4;Setut;EQ6;CCIT 4.0 FRONTAL H2.1;;;DF41;Envio para manutenção central-CTG;4
01/05/2020;COT18;Sindpautras;EQ6;CCIT 4.0 FRONTAL H2.1;OP48;SINDPAUTRAS-SIND. PERM. AUT. TRANSP. SU;DF88;Reparo com formatação e reinst. FW/SW;10
01/05/2020;COT18;Sindpautras;EQ6;CCIT 4.0 FRONTAL H2.1;OP48;SINDPAUTRAS-SIND. PERM. AUT. TRANSP. SU;DF216;Subst. Do Módulo H2;1
01/05/2020;COT22;Taguatur;EQ8;CCIT 4.0 FRONTAL JI21 SEM BATERIA;OP82;TAGUATUR;DF41;Envio para manutenção central-CTG;5
01/05/2020;COT3;TEU;EQ3;CCIT 3.5;;;DF41;Envio para manutenção central-CTG;3
01/05/2020;COT3;TEU;EQ3;CCIT 3.5;;;DF145;Subst. Da OBC;2
01/05/2020;COT3;TEU;EQ3;CCIT 3.5;;;DF157;Subst. Da Placa FTCLess;5
01/05/2020;COT3;TEU;EQ3;CCIT 3.5;;;DF162;Subst. Da Placa Mbccit;3
01/05/2020;COT3;TEU;EQ36;CCIT 4.0 FRONTAL H1 COM BATERIA;;;DF41;Envio para manutenção central-CTG;14
01/05/2020;COT3;TEU;EQ36;CCIT 4.0 FRONTAL H1 COM BATERIA;;;DF60;Limpeza de cache;28
01/05/2020;COT3;TEU;EQ36;CCIT 4.0 FRONTAL H1 COM BATERIA;;;DF115;Restauração da ROM via PC;157
01/05/2020;COT3;TEU;EQ36;CCIT 4.0 FRONTAL H1 COM BATERIA;;;DF132;Subst. Da Bateria de Lithium;8
01/05/2020;COT3;TEU;EQ36;CCIT 4.0 FRONTAL H1 COM BATERIA;;;DF136;Subst. Da Carcaça inferior;3
01/05/2020;COT2;TRANSCARD;EQ28;ATM;OP61;Setps (Transcard);DF227;Subst. Do PC ATM;5
01/05/2020;COT2;TRANSCARD;EQ28;ATM;OP61;Setps (Transcard);DF231;Subst. Do PINpad;1
01/05/2020;COT2;TRANSCARD;EQ28;ATM;OP61;Setps (Transcard);DF237;Subst. Do Validador de Notas;4
01/05/2020;COT2;Transcard;EQ6;CCIT 4.0 FRONTAL H2.1;;;DF9;Ajuste e aperto de conexão;5
01/05/2020;COT2;Transcard;EQ6;CCIT 4.0 FRONTAL H2.1;;;DF41;Envio para manutenção central-CTG;18
01/05/2020;COT2;Transcard;EQ6;CCIT 4.0 FRONTAL H2.1;;;DF101;Ressolda Mbccit;2
01/05/2020;COT2;Transcard;EQ6;CCIT 4.0 FRONTAL H2.1;;;DF113;Restaura RAM via PC;25
01/05/2020;COT2;Transcard;EQ6;CCIT 4.0 FRONTAL H2.1;;;DF114;Restaura RAM via pendrive;19
01/05/2020;COT2;Transcard;EQ6;CCIT 4.0 FRONTAL H2.1;;;DF132;Subst. Da Bateria de Lithium;39
01/05/2020;COT2;Transcard;EQ6;CCIT 4.0 FRONTAL H2.1;;;DF209;Subst. Do Display;55
01/05/2020;COT1;TRANSFACIL;EQ28;ATM;OP27;TRANSFÁCIL;DF9;Ajuste e aperto de conexão;2
01/05/2020;COT1;TRANSFACIL;EQ28;ATM;OP27;TRANSFÁCIL;DF19;ATM - defeito não confirmado;5
01/05/2020;COT1;TRANSFACIL;EQ28;ATM;OP27;TRANSFÁCIL;DF81;Preventiva Validador de Notas;5
01/05/2020;COT1;TRANSFACIL;EQ28;ATM;OP27;TRANSFÁCIL;DF143;Subst. da Impressora;1
01/05/2020;COT1;TRANSFACIL;EQ28;ATM;OP27;TRANSFÁCIL;DF228;Subst. Do PDV ATM;2
01/05/2020;COT1;TRANSFACIL;EQ28;ATM;OP27;TRANSFÁCIL;DF237;Subst. Do Validador de Notas;1
01/05/2020;COT1;Transfacil;EQ3;CCIT 3.5;;;DF37;Defeito não encontrado e subst. FW/SW;1
01/05/2020;COT1;Transfacil;EQ3;CCIT 3.5;;;DF148;Subst. Da Placa de led;1
01/05/2020;COT1;Transfacil;EQ3;CCIT 3.5;;;DF169;Subst. De Componente eletrônico;1
01/05/2020;COT1;Transfacil;EQ6;CCIT 4.0 FRONTAL H2.1;;;DF37;Defeito não encontrado e subst. FW/SW;4
01/05/2020;COT1;Transfacil;EQ6;CCIT 4.0 FRONTAL H2.1;;;DF88;Reparo com formatação e reinst. FW/SW;49
01/05/2020;COT1;Transfacil;EQ6;CCIT 4.0 FRONTAL H2.1;;;DF108;Ressolda no circuito da placa-mãe;3
01/05/2020;COT1;Transfacil;EQ6;CCIT 4.0 FRONTAL H2.1;;;DF130;Subst. Da Antena WLAN;1
01/05/2020;COT1;Transfacil;EQ6;CCIT 4.0 FRONTAL H2.1;;;DF169;Subst. De Componente eletrônico;2
01/05/2020;COT1;Transfacil;EQ6;CCIT 4.0 FRONTAL H2.1;;;DF216;Subst. Do Módulo H2;1
01/05/2020;COT1;Transfacil;EQ6;CCIT 4.0 FRONTAL H2.1;;;DF238;Subst. Do Vidro CCIT V4.0;3
01/05/2020;COT23;UTB;EQ6;CCIT 4.0 FRONTAL H2.1;OP83;UTB;DF41;Envio para manutenção central-CTG;13
01/05/2020;COT16;Via Ouro;EQ3;CCIT 3.5;OP49;VIA OURO COLETIVOS LTDA;DF41;Envio para manutenção central-CTG;5
01/05/2020;COT1;Transfacil;EQ14;DMX200 MOD H3.1;;;DF16;Ajustes no potenciômetro do display;1
01/05/2020;COT1;Transfacil;EQ14;DMX200 MOD H3.1;;;DF35;Defeito não encontrado / testes e liberação;2
01/05/2020;COT1;Transfacil;EQ14;DMX200 MOD H3.1;;;DF37;Defeito não encontrado e subst. FW/SW;10
01/05/2020;COT1;Transfacil;EQ14;DMX200 MOD H3.1;;;DF41;Envio para manutenção central-CTG;90
01/05/2020;COT1;Transfacil;EQ14;DMX200 MOD H3.1;;;DF88;Reparo com formatação e reinst. FW/SW;125
01/05/2020;COT1;Transfacil;EQ14;DMX200 MOD H3.1;;;DF169;Subst. De Componente eletrônico;22
01/05/2020;COT9;SINTRAM SEM DMX200;EQ16;PDM03;OP51;CONSÓRCIO ÓTIMO DE BILHETAGEM ELETRÔNICA ;DF35;Defeito não encontrado / testes e liberação;6
01/05/2020;COT9;SINTRAM SEM DMX200;EQ16;PDM03;OP51;CONSÓRCIO ÓTIMO DE BILHETAGEM ELETRÔNICA ;DF37;Defeito não encontrado e subst. FW/SW;1
01/05/2020;COT9;SINTRAM SEM DMX200;EQ16;PDM03;OP51;CONSÓRCIO ÓTIMO DE BILHETAGEM ELETRÔNICA ;DF88;Reparo com formatação e reinst. FW/SW;43
01/05/2020;COT9;SINTRAM SEM DMX200;EQ16;PDM03;OP51;CONSÓRCIO ÓTIMO DE BILHETAGEM ELETRÔNICA ;DF209;Subst. Do Display;3
01/05/2020;COT9;SINTRAM COM DMX200;EQ12;DMX200 MOD H3;OP51;CONSÓRCIO ÓTIMO DE BILHETAGEM ELETRÔNICA ;DF35;Defeito não encontrado / testes e liberação;1
01/05/2020;COT9;SINTRAM COM DMX200;EQ12;DMX200 MOD H3;OP51;CONSÓRCIO ÓTIMO DE BILHETAGEM ELETRÔNICA ;DF41;Envio para manutenção central-CTG;4
01/05/2020;COT9;SINTRAM COM DMX200;EQ12;DMX200 MOD H3;OP51;CONSÓRCIO ÓTIMO DE BILHETAGEM ELETRÔNICA ;DF88;Reparo com formatação e reinst. FW/SW;15
01/05/2020;COT9;SINTRAM COM DMX200;EQ12;DMX200 MOD H3;OP51;CONSÓRCIO ÓTIMO DE BILHETAGEM ELETRÔNICA ;DF135;Subst. Da Carcaça frontal;1
01/05/2020;COT9;SINTRAM COM DMX200;EQ12;DMX200 MOD H3;OP51;CONSÓRCIO ÓTIMO DE BILHETAGEM ELETRÔNICA ;DF170;Subst. De Gorila Glass;2
01/05/2020;COT2;Transcard;EQ16;PDM03;;;DF22;Atualização de pacote;2
01/05/2020;COT2;Transcard;EQ16;PDM03;;;DF41;Envio para manutenção central-CTG;2
01/05/2020;COT2;Transcard;EQ16;PDM03;;;DF125;Subst. Botão on/off;1
01/05/2020;COT19;SÃO JOÃO;EQ39;DMX200L JI21 SEM BATERIA;OP67;SÃO JOÃO;DF112;Ressolda ROM e RAM;1
01/05/2020;COT4;Setut;EQ14;DMX200 MOD H3.1;;;DF41;Envio para manutenção central-CTG;2
01/05/2020;COT22;Taguatur PM NOVO;EQ39;DMX200L JI21 SEM BATERIA;OP82;TAGUATUR;DF41;Envio para manutenção central-CTG;39
01/05/2020;COT3;TEU;EQ14;DMX200 MOD H3.1;;;DF21;Atualização de FW ;2
01/05/2020;COT3;TEU;EQ14;DMX200 MOD H3.1;;;DF115;Restauração da ROM via PC;2
01/05/2020;COT24;GVBUS;EQ14;DMX200 MOD H3.1;;;DF41;Envio para manutenção central-CTG;46
01/05/2020;COT24;GVBUS;EQ14;DMX200 MOD H3.1;;;DF88;Reparo com formatação e reinst. FW/SW;47
01/05/2020;COT24;GVBUS;EQ14;DMX200 MOD H3.1;;;DF97;Ressolda;15
01/05/2020;COT1;Transfacil;EQ10;CONNECTION CCIT 4.0;;;DF35;Defeito não encontrado / testes e liberação;1
01/05/2020;COT1;Transfacil;EQ10;CONNECTION CCIT 4.0;;;DF37;Defeito não encontrado e subst. FW/SW;4
01/05/2020;COT1;Transfacil;EQ10;CONNECTION CCIT 4.0;;;DF88;Reparo com formatação e reinst. FW/SW;17
01/05/2020;COT1;Transfacil;EQ10;CONNECTION CCIT 4.0;;;DF106;Ressolda na Placa Subbase;4
01/05/2020;COT1;Transfacil;EQ10;CONNECTION CCIT 4.0;;;DF169;Subst. De Componente eletrônico;1
01/05/2020;COT2;Transcard;EQ10;CONNECTION CCIT 4.0;;;DF41;Envio para manutenção central-CTG;7
01/05/2020;COT2;Transcard;EQ10;CONNECTION CCIT 4.0;;;DF59;Intervenções com Solda;3
01/05/2020;COT2;Transcard;EQ10;CONNECTION CCIT 4.0;;;DF88;Reparo com formatação e reinst. FW/SW;2
01/05/2020;COT2;Transcard;EQ10;CONNECTION CCIT 4.0;;;DF206;Subst. Do Conector USB;1
01/05/2020;COT2;Transcard;EQ10;CONNECTION CCIT 4.0;;;DF245;Subst. Terminal Block;2
01/05/2020;COT3;TEU;EQ10;CONNECTION CCIT 4.0;;;DF41;Envio para manutenção central-CTG;30
01/05/2020;COT24;GVBUS;EQ10;CONNECTION CCIT 4.0;;;DF21;Atualização de FW ;3
01/05/2020;COT24;GVBUS;EQ10;CONNECTION CCIT 4.0;;;DF41;Envio para manutenção central-CTG;2
01/05/2020;COT24;GVBUS;EQ10;CONNECTION CCIT 4.0;;;DF88;Reparo com formatação e reinst. FW/SW;17
01/05/2020;COT3;TEU;EQ22;V3000M;;;DF21;Atualização de FW ;36
01/05/2020;COT3;TEU;EQ22;V3000M;;;DF41;Envio para manutenção central-CTG;9
01/05/2020;COT3;TEU;EQ22;V3000M;;;DF115;Restauração da ROM via PC;36
01/05/2020;COT3;TEU;EQ22;V3000M;;;DF232;Subst. Do SDCard;7
01/05/2020;COT1;Transfacil;EQ27;UT (FTV 3000);;;DF35;Defeito não encontrado / testes e liberação;1
01/05/2020;COT1;Transfacil;EQ27;UT (FTV 3000);;;DF88;Reparo com formatação e reinst. FW/SW;2
01/05/2020;COT1;Transfacil;EQ27;UT (FTV 3000);;;DF169;Subst. De Componente eletrônico;1
01/05/2020;COT24;GVBUS;EQ33;POS MOVE 2500;;;DF41;Envio para manutenção central-CTG;9
01/05/2020;COT19;São João;EQ31;POS 250;OP67;SÃO JOÃO;DF41;Envio para manutenção central-CTG;1
01/05/2020;COT2;Transcard;EQ31;POS 250;;;DF41;Envio para manutenção central-CTG;16
01/05/2020;COT1;Transfacil;EQ31;POS 250;OP27;TRANSFÁCIL;DF41;Envio para manutenção central-CTG;1
01/06/2020;COT7;Alagoinhas;EQ34;CCIT 4.0 FRONTAL H2.1 C SEM BATERIA;OP68;ALAGOINHAS;DF113;Restaura RAM via PC;3
01/06/2020;COT7;Alagoinhas;EQ34;CCIT 4.0 FRONTAL H2.1 C SEM BATERIA;OP68;ALAGOINHAS;DF132;Subst. Da Bateria de Lithium;3
01/06/2020;COT7;Alagoinhas;EQ34;CCIT 4.0 FRONTAL H2.1 C SEM BATERIA;OP68;ALAGOINHAS;DF209;Subst. Do Display;3
01/06/2020;COT24;GVBUS;EQ28;ATM;OP108;GVBUS - SIND. DAS EMP. DE TRANP. METROP. DA GRANDE VITÓRIA;DF32;Defeito não encontrado;3
01/06/2020;COT24;GVBUS;EQ28;ATM;OP108;GVBUS - SIND. DAS EMP. DE TRANP. METROP. DA GRANDE VITÓRIA;DF41;Envio para manutenção central-CTG;42
01/06/2020;COT24;GVBUS;EQ6;CCIT 4.0 FRONTAL H2.1;;;DF41;Envio para manutenção central-CTG;21
01/06/2020;COT24;GVBUS;EQ6;CCIT 4.0 FRONTAL H2.1;;;DF88;Reparo com formatação e reinst. FW/SW;75
01/06/2020;COT6;METRO-BAHIA;EQ28;ATM;OP63;METRO-BAHIA;DF143;Subst. da Impressora;3
01/06/2020;COT6;METRO-BAHIA;EQ28;ATM;OP63;METRO-BAHIA;DF218;Subst. Do Monitor;1
01/06/2020;COT6;Metro-Bahia;EQ37;CCIT 3.13 BLOQUEIO;OP63;METRO-BAHIA;DF41;Envio para manutenção central-CTG;1
01/06/2020;COT6;Metro-Bahia;EQ37;CCIT 3.13 BLOQUEIO;OP63;METRO-BAHIA;DF150;Subst. Da Placa Drive Antena;1
01/06/2020;COT6;Metro-Bahia;EQ9;CCIT 4.0 (BLOQUEIO) FRONTAL H1;OP63;METRO-BAHIA;DF113;Restaura RAM via PC;3
01/06/2020;COT5;METROFOR/ VLT FORTALEZA;EQ38;CCIT 4.0 METROFOR;OP105;METROFOR LINHA SUL;DF41;Envio para manutenção central-CTG;19
01/06/2020;COT5;METROFOR/ VLT FORTALEZA;EQ38;CCIT 4.0 METROFOR;OP105;METROFOR LINHA SUL;DF113;Restaura RAM via PC;6
01/06/2020;COT10;Metropolitano-Bahia;EQ6;CCIT 4.0 FRONTAL H2.1;OP64;METROPOLITANO SSA;DF101;Ressolda Mbccit;1
01/06/2020;COT10;Metropolitano-Bahia;EQ6;CCIT 4.0 FRONTAL H2.1;OP64;METROPOLITANO SSA;DF113;Restaura RAM via PC;8
01/06/2020;COT10;Metropolitano-Bahia;EQ6;CCIT 4.0 FRONTAL H2.1;OP64;METROPOLITANO SSA;DF114;Restaura RAM via pendrive;5
01/06/2020;COT10;Metropolitano-Bahia;EQ6;CCIT 4.0 FRONTAL H2.1;OP64;METROPOLITANO SSA;DF132;Subst. Da Bateria de Lithium;11
01/06/2020;COT10;Metropolitano-Bahia;EQ6;CCIT 4.0 FRONTAL H2.1;OP64;METROPOLITANO SSA;DF210;Subst. Do Display CCIT;11
01/06/2020;COT20;ROSA TURISMO;EQ36;CCIT 4.0 FRONTAL H1 COM BATERIA;OP66;ROSA TURISMO;DF132;Subst. Da Bateria de Lithium;3
01/06/2020;COT20;ROSA TURISMO;EQ36;CCIT 4.0 FRONTAL H1 COM BATERIA;OP66;ROSA TURISMO;DF209;Subst. Do Display;3
01/06/2020;COT20;ROSA TURISMO;EQ36;CCIT 4.0 FRONTAL H1 COM BATERIA;OP66;ROSA TURISMO;DF41;Envio para manutenção central-CTG;5
01/06/2020;COT19;SÃO JOÃO;EQ36;CCIT 4.0 FRONTAL H1 COM BATERIA;OP67;SÃO JOÃO;DF41;Envio para manutenção central-CTG;1
01/06/2020;COT19;SÃO JOÃO;EQ36;CCIT 4.0 FRONTAL H1 COM BATERIA;OP67;SÃO JOÃO;DF113;Restaura RAM via PC;6
01/06/2020;COT19;SÃO JOÃO;EQ36;CCIT 4.0 FRONTAL H1 COM BATERIA;OP67;SÃO JOÃO;DF132;Subst. Da Bateria de Lithium;3
01/06/2020;COT19;SÃO JOÃO;EQ36;CCIT 4.0 FRONTAL H1 COM BATERIA;OP67;SÃO JOÃO;DF210;Subst. Do Display CCIT;1
01/06/2020;COT4;Setut;EQ6;CCIT 4.0 FRONTAL H2.1;;;DF41;Envio para manutenção central-CTG;1
01/06/2020;COT4;Setut;EQ6;CCIT 4.0 FRONTAL H2.1;;;DF113;Restaura RAM via PC;5
01/06/2020;COT18;Sindpautras;EQ6;CCIT 4.0 FRONTAL H2.1;OP48;SINDPAUTRAS-SIND. PERM. AUT. TRANSP. SU;DF88;Reparo com formatação e reinst. FW/SW;11
01/06/2020;COT18;Sindpautras;EQ6;CCIT 4.0 FRONTAL H2.1;OP48;SINDPAUTRAS-SIND. PERM. AUT. TRANSP. SU;DF216;Subst. Do Módulo H2;1
01/06/2020;COT22;Taguatur;EQ8;CCIT 4.0 FRONTAL JI21 SEM BATERIA;OP82;TAGUATUR;DF41;Envio para manutenção central-CTG;4
01/06/2020;COT3;TEU;EQ3;CCIT 3.5;;;DF157;Subst. Da Placa FTCLess;1
01/06/2020;COT3;TEU;EQ36;CCIT 4.0 FRONTAL H1 COM BATERIA;;;DF41;Envio para manutenção central-CTG;6
01/06/2020;COT3;TEU;EQ36;CCIT 4.0 FRONTAL H1 COM BATERIA;;;DF60;Limpeza de cache;42
01/06/2020;COT3;TEU;EQ36;CCIT 4.0 FRONTAL H1 COM BATERIA;;;DF115;Restauração da ROM via PC;146
01/06/2020;COT3;TEU;EQ36;CCIT 4.0 FRONTAL H1 COM BATERIA;;;DF132;Subst. Da Bateria de Lithium;11
01/06/2020;COT3;TEU;EQ36;CCIT 4.0 FRONTAL H1 COM BATERIA;;;DF136;Subst. Da Carcaça inferior;1
01/06/2020;COT2;TRANSCARD;EQ28;ATM;OP61;Setps (Transcard);DF66;Manutenção na Fechadura Eletrônica;1
01/06/2020;COT2;TRANSCARD;EQ28;ATM;OP61;Setps (Transcard);DF77;PC ATM Travado;2
01/06/2020;COT2;TRANSCARD;EQ28;ATM;OP61;Setps (Transcard);DF228;Subst. Do PDV ATM;1
01/06/2020;COT2;TRANSCARD;EQ28;ATM;OP61;Setps (Transcard);DF237;Subst. Do Validador de Notas;2
01/06/2020;COT2;Transcard;EQ6;CCIT 4.0 FRONTAL H2.1;;;DF9;Ajuste e aperto de conexão;7
01/06/2020;COT2;Transcard;EQ6;CCIT 4.0 FRONTAL H2.1;;;DF41;Envio para manutenção central-CTG;19
01/06/2020;COT2;Transcard;EQ6;CCIT 4.0 FRONTAL H2.1;;;DF101;Ressolda Mbccit;6
01/06/2020;COT2;Transcard;EQ6;CCIT 4.0 FRONTAL H2.1;;;DF113;Restaura RAM via PC;38
01/06/2020;COT2;Transcard;EQ6;CCIT 4.0 FRONTAL H2.1;;;DF114;Restaura RAM via pendrive;31
01/06/2020;COT2;Transcard;EQ6;CCIT 4.0 FRONTAL H2.1;;;DF132;Subst. Da Bateria de Lithium;79
01/06/2020;COT2;Transcard;EQ6;CCIT 4.0 FRONTAL H2.1;;;DF209;Subst. Do Display;94
01/06/2020;COT1;TRANSFACIL;EQ28;ATM;OP27;TRANSFÁCIL;DF5;Ajuste da porta Externa;2
01/06/2020;COT1;TRANSFACIL;EQ28;ATM;OP27;TRANSFÁCIL;DF32;Defeito não encontrado;7
01/06/2020;COT1;TRANSFACIL;EQ28;ATM;OP27;TRANSFÁCIL;DF41;Envio para manutenção central-CTG;9
01/06/2020;COT1;TRANSFACIL;EQ28;ATM;OP27;TRANSFÁCIL;DF67;Manutenção na Impressora;2
01/06/2020;COT1;TRANSFACIL;EQ28;ATM;OP27;TRANSFÁCIL;DF70;Manutenção PDV;2
01/06/2020;COT1;TRANSFACIL;EQ28;ATM;OP27;TRANSFÁCIL;DF81;Preventiva Validador de Notas;4
01/06/2020;COT1;TRANSFACIL;EQ28;ATM;OP27;TRANSFÁCIL;DF85;Reinstalação do Drive da Impressora;1
01/06/2020;COT1;TRANSFACIL;EQ28;ATM;OP27;TRANSFÁCIL;DF197;Subst. Do Cofre;2
01/06/2020;COT1;TRANSFACIL;EQ28;ATM;OP27;TRANSFÁCIL;DF208;Subst. Do Dispenser do cartão;1
01/06/2020;COT1;TRANSFACIL;EQ28;ATM;OP27;TRANSFÁCIL;DF237;Subst. Do Validador de Notas;4
01/06/2020;COT1;Transfacil;EQ3;CCIT 3.5;;;DF37;Defeito não encontrado e subst. FW/SW;1
01/06/2020;COT1;Transfacil;EQ3;CCIT 3.5;;;DF88;Reparo com formatação e reinst. FW/SW;3
01/06/2020;COT1;Transfacil;EQ6;CCIT 4.0 FRONTAL H2.1;;;DF37;Defeito não encontrado e subst. FW/SW;4
01/06/2020;COT1;Transfacil;EQ6;CCIT 4.0 FRONTAL H2.1;;;DF88;Reparo com formatação e reinst. FW/SW;35
01/06/2020;COT1;Transfacil;EQ6;CCIT 4.0 FRONTAL H2.1;;;DF216;Subst. Do Módulo H2;5
01/06/2020;COT1;Transfacil;EQ6;CCIT 4.0 FRONTAL H2.1;;;DF238;Subst. Do Vidro CCIT V4.0;4
01/06/2020;COT1;Transfacil;EQ14;DMX200 MOD H3.1;;;DF35;Defeito não encontrado / testes e liberação;5
01/06/2020;COT1;Transfacil;EQ14;DMX200 MOD H3.1;;;DF37;Defeito não encontrado e subst. FW/SW;7
01/06/2020;COT1;Transfacil;EQ14;DMX200 MOD H3.1;;;DF41;Envio para manutenção central-CTG;54
01/06/2020;COT1;Transfacil;EQ14;DMX200 MOD H3.1;;;DF88;Reparo com formatação e reinst. FW/SW;95
01/06/2020;COT1;Transfacil;EQ14;DMX200 MOD H3.1;;;DF169;Subst. De Componente eletrônico;7
01/06/2020;COT9;SINTRAM SEM DMX200;EQ16;PDM03;OP51;CONSÓRCIO ÓTIMO DE BILHETAGEM ELETRÔNICA ;DF35;Defeito não encontrado / testes e liberação;6
01/06/2020;COT9;SINTRAM SEM DMX200;EQ16;PDM03;OP51;CONSÓRCIO ÓTIMO DE BILHETAGEM ELETRÔNICA ;DF37;Defeito não encontrado e subst. FW/SW;1
01/06/2020;COT9;SINTRAM SEM DMX200;EQ16;PDM03;OP51;CONSÓRCIO ÓTIMO DE BILHETAGEM ELETRÔNICA ;DF88;Reparo com formatação e reinst. FW/SW;43
01/06/2020;COT9;SINTRAM SEM DMX200;EQ16;PDM03;OP51;CONSÓRCIO ÓTIMO DE BILHETAGEM ELETRÔNICA ;DF209;Subst. Do Display;3
01/06/2020;COT9;SINTRAM COM DMX200;EQ12;DMX200 MOD H3;OP51;CONSÓRCIO ÓTIMO DE BILHETAGEM ELETRÔNICA ;DF35;Defeito não encontrado / testes e liberação;1
01/06/2020;COT9;SINTRAM COM DMX200;EQ12;DMX200 MOD H3;OP51;CONSÓRCIO ÓTIMO DE BILHETAGEM ELETRÔNICA ;DF41;Envio para manutenção central-CTG;4
01/06/2020;COT9;SINTRAM COM DMX200;EQ12;DMX200 MOD H3;OP51;CONSÓRCIO ÓTIMO DE BILHETAGEM ELETRÔNICA ;DF88;Reparo com formatação e reinst. FW/SW;15
01/06/2020;COT9;SINTRAM COM DMX200;EQ12;DMX200 MOD H3;OP51;CONSÓRCIO ÓTIMO DE BILHETAGEM ELETRÔNICA ;DF135;Subst. Da Carcaça frontal;1
01/06/2020;COT9;SINTRAM COM DMX200;EQ12;DMX200 MOD H3;OP51;CONSÓRCIO ÓTIMO DE BILHETAGEM ELETRÔNICA ;DF170;Subst. De Gorila Glass;2
01/06/2020;COT2;Transcard;EQ16;PDM03;;;DF9;Ajuste e aperto de conexão;1
01/06/2020;COT2;Transcard;EQ16;PDM03;;;DF22;Atualização de pacote;12
01/06/2020;COT2;Transcard;EQ16;PDM03;;;DF41;Envio para manutenção central-CTG;9
01/06/2020;COT2;Transcard;EQ16;PDM03;;;DF125;Subst. Botão on/off;4
01/06/2020;COT19;SÃO JOÃO;EQ39;DMX200L JI21 SEM BATERIA;OP67;SÃO JOÃO;DF41;Envio para manutenção central-CTG;1
01/06/2020;COT19;SÃO JOÃO;EQ39;DMX200L JI21 SEM BATERIA;OP67;SÃO JOÃO;DF97;Ressolda;2
01/06/2020;COT19;SÃO JOÃO;EQ39;DMX200L JI21 SEM BATERIA;OP67;SÃO JOÃO;DF112;Ressolda ROM e RAM;1
01/06/2020;COT19;SÃO JOÃO;EQ39;DMX200L JI21 SEM BATERIA;OP67;SÃO JOÃO;DF206;Subst. Do Conector USB;1
01/06/2020;COT22;Taguatur PM NOVO;EQ39;DMX200L JI21 SEM BATERIA;OP82;TAGUATUR;DF41;Envio para manutenção central-CTG;49
01/06/2020;COT3;TEU;EQ14;DMX200 MOD H3.1;;;DF21;Atualização de FW ;65
01/06/2020;COT3;TEU;EQ14;DMX200 MOD H3.1;;;DF41;Envio para manutenção central-CTG;22
01/06/2020;COT3;TEU;EQ14;DMX200 MOD H3.1;;;DF115;Restauração da ROM via PC;65
01/06/2020;COT24;GVBUS;EQ14;DMX200 MOD H3.1;;;DF41;Envio para manutenção central-CTG;21
01/06/2020;COT24;GVBUS;EQ14;DMX200 MOD H3.1;;;DF88;Reparo com formatação e reinst. FW/SW;33
01/06/2020;COT24;GVBUS;EQ14;DMX200 MOD H3.1;;;DF127;Subst. Conector USB;14
01/06/2020;COT24;GVBUS;EQ14;DMX200 MOD H3.1;;;DF211;Subst. Do Equipamento completo;11
01/06/2020;COT20;ROSA TURISMO;EQ39;DMX200L JI21 SEM BATERIA;OP66;ROSA TURISMO;DF41;Envio para manutenção central-CTG;1
01/06/2020;COT20;ROSA TURISMO;EQ39;DMX200L JI21 SEM BATERIA;OP66;ROSA TURISMO;DF97;Ressolda;2
01/06/2020;COT20;ROSA TURISMO;EQ39;DMX200L JI21 SEM BATERIA;OP66;ROSA TURISMO;DF112;Ressolda ROM e RAM;2
01/06/2020;COT1;Transfacil;EQ10;CONNECTION CCIT 4.0;;;DF37;Defeito não encontrado e subst. FW/SW;6
01/06/2020;COT1;Transfacil;EQ10;CONNECTION CCIT 4.0;;;DF88;Reparo com formatação e reinst. FW/SW;8
01/06/2020;COT1;Transfacil;EQ10;CONNECTION CCIT 4.0;;;DF169;Subst. De Componente eletrônico;3
01/06/2020;COT2;Transcard;EQ10;CONNECTION CCIT 4.0;;;DF41;Envio para manutenção central-CTG;22
01/06/2020;COT2;Transcard;EQ10;CONNECTION CCIT 4.0;;;DF59;Intervenções com Solda;16
01/06/2020;COT2;Transcard;EQ10;CONNECTION CCIT 4.0;;;DF88;Reparo com formatação e reinst. FW/SW;4
01/06/2020;COT2;Transcard;EQ10;CONNECTION CCIT 4.0;;;DF206;Subst. Do Conector USB;1
01/06/2020;COT10;Metropolitano-Bahia;EQ10;CONNECTION CCIT 4.0;OP64;METROPOLITANO SSA;DF41;Envio para manutenção central-CTG;1
01/06/2020;COT10;Metropolitano-Bahia;EQ10;CONNECTION CCIT 4.0;OP64;METROPOLITANO SSA;DF59;Intervenções com Solda;1
01/06/2020;COT10;Metropolitano-Bahia;EQ10;CONNECTION CCIT 4.0;OP64;METROPOLITANO SSA;DF88;Reparo com formatação e reinst. FW/SW;1
01/06/2020;COT3;TEU;EQ10;CONNECTION CCIT 4.0;;;DF41;Envio para manutenção central-CTG;31
01/06/2020;COT24;GVBUS;EQ10;CONNECTION CCIT 4.0;;;DF21;Atualização de FW ;4
01/06/2020;COT24;GVBUS;EQ10;CONNECTION CCIT 4.0;;;DF41;Envio para manutenção central-CTG;4
01/06/2020;COT24;GVBUS;EQ10;CONNECTION CCIT 4.0;;;DF88;Reparo com formatação e reinst. FW/SW;5
01/06/2020;COT24;GVBUS;EQ10;CONNECTION CCIT 4.0;;;DF211;Subst. Do Equipamento completo;2
01/06/2020;COT3;TEU;EQ22;V3000M;;;DF21;Atualização de FW ;126
01/06/2020;COT3;TEU;EQ22;V3000M;;;DF41;Envio para manutenção central-CTG;7
01/06/2020;COT3;TEU;EQ22;V3000M;;;DF115;Restauração da ROM via PC;126
01/06/2020;COT3;TEU;EQ22;V3000M;;;DF232;Subst. Do SDCard;5
01/06/2020;COT24;GVBUS;EQ33;POS MOVE 2500;;;DF41;Envio para manutenção central-CTG;18
01/06/2020;COT20;Rosa Turismo;EQ31;POS 250;OP66;ROSA TURISMO;DF41;Envio para manutenção central-CTG;1
01/06/2020;COT2;Transcard;EQ31;POS 250;;;DF41;Envio para manutenção central-CTG;2
01/06/2020;COT1;Transfacil;EQ31;POS 250;OP27;TRANSFÁCIL;DF41;Envio para manutenção central-CTG;1
01/07/2020;COT7;Alagoinhas;EQ34;CCIT 4.0 FRONTAL H2.1 C SEM BATERIA;OP68;ALAGOINHAS;DF113;Restaura RAM via PC;3
01/07/2020;COT21;Araguarina;EQ35;CCIT 4.0 FRONTAL H2 COM BATERIA;OP81;VIAÇÃO ARAGUARINA;DF41;Envio para manutenção central-CTG;4
01/07/2020;COT8;CBTU;EQ1;CCIT 3.0;OP47;CBTU - COMPANHIA BRASILEIRA DE TRENS URBANOS;DF129;Subst. Da Antena Cless e adesivo frontal;1
01/07/2020;COT24;GVBUS;EQ28;ATM;OP108;GVBUS - SIND. DAS EMP. DE TRANP. METROP. DA GRANDE VITÓRIA;DF17;Aplicação Travando;3
01/07/2020;COT24;GVBUS;EQ28;ATM;OP108;GVBUS - SIND. DAS EMP. DE TRANP. METROP. DA GRANDE VITÓRIA;DF32;Defeito não encontrado;5
01/07/2020;COT24;GVBUS;EQ28;ATM;OP108;GVBUS - SIND. DAS EMP. DE TRANP. METROP. DA GRANDE VITÓRIA;DF41;Envio para manutenção central-CTG;2
01/07/2020;COT24;GVBUS;EQ28;ATM;OP108;GVBUS - SIND. DAS EMP. DE TRANP. METROP. DA GRANDE VITÓRIA;DF53;Impressora embolando recibos;9
01/07/2020;COT24;GVBUS;EQ28;ATM;OP108;GVBUS - SIND. DAS EMP. DE TRANP. METROP. DA GRANDE VITÓRIA;DF65;Manutenção Cofre;7
01/07/2020;COT24;GVBUS;EQ28;ATM;OP108;GVBUS - SIND. DAS EMP. DE TRANP. METROP. DA GRANDE VITÓRIA;DF74;Não emite Recibo;1
01/07/2020;COT24;GVBUS;EQ28;ATM;OP108;GVBUS - SIND. DAS EMP. DE TRANP. METROP. DA GRANDE VITÓRIA;DF76;Não lê cartão;1
01/07/2020;COT24;GVBUS;EQ6;CCIT 4.0 FRONTAL H2.1;;;DF41;Envio para manutenção central-CTG;27
01/07/2020;COT24;GVBUS;EQ6;CCIT 4.0 FRONTAL H2.1;;;DF88;Reparo com formatação e reinst. FW/SW;94
01/07/2020;COT24;GVBUS;EQ6;CCIT 4.0 FRONTAL H2.1;;;DF101;Ressolda Mbccit;1
01/07/2020;COT24;GVBUS;EQ6;CCIT 4.0 FRONTAL H2.1;;;DF211;Subst. Do Equipamento completo;4
01/07/2020;COT6;METRO-BAHIA;EQ28;ATM;OP63;METRO-BAHIA;DF66;Manutenção na Fechadura Eletrônica;1
01/07/2020;COT6;METRO-BAHIA;EQ28;ATM;OP63;METRO-BAHIA;DF143;Subst. da Impressora;4
01/07/2020;COT6;METRO-BAHIA;EQ28;ATM;OP63;METRO-BAHIA;DF218;Subst. Do Monitor;4
01/07/2020;COT6;METRO-BAHIA;EQ28;ATM;OP63;METRO-BAHIA;DF228;Subst. Do PDV ATM;2
01/07/2020;COT6;METRO-BAHIA;EQ28;ATM;OP63;METRO-BAHIA;DF237;Subst. Do Validador de Notas;2
01/07/2020;COT6;Metro-Bahia;EQ37;CCIT 3.13 BLOQUEIO;OP63;METRO-BAHIA;DF150;Subst. Da Placa Drive Antena;2
01/07/2020;COT6;Metro-Bahia;EQ9;CCIT 4.0 (BLOQUEIO) FRONTAL H1;OP63;METRO-BAHIA;DF113;Restaura RAM via PC;2
01/07/2020;COT5;METROFOR/ VLT FORTALEZA;EQ38;CCIT 4.0 METROFOR;OP105;METROFOR LINHA SUL;DF41;Envio para manutenção central-CTG;4
01/07/2020;COT5;METROFOR/ VLT FORTALEZA;EQ38;CCIT 4.0 METROFOR;OP105;METROFOR LINHA SUL;DF60;Limpeza de cache;1
01/07/2020;COT5;METROFOR/ VLT FORTALEZA;EQ38;CCIT 4.0 METROFOR;OP105;METROFOR LINHA SUL;DF92;Reparo na Connection;2
01/07/2020;COT5;METROFOR/ VLT FORTALEZA;EQ38;CCIT 4.0 METROFOR;OP105;METROFOR LINHA SUL;DF113;Restaura RAM via PC;6
01/07/2020;COT10;Metropolitano-Bahia;EQ6;CCIT 4.0 FRONTAL H2.1;OP64;METROPOLITANO SSA;DF9;Ajuste e aperto de conexão;1
01/07/2020;COT10;Metropolitano-Bahia;EQ6;CCIT 4.0 FRONTAL H2.1;OP64;METROPOLITANO SSA;DF101;Ressolda Mbccit;4
01/07/2020;COT10;Metropolitano-Bahia;EQ6;CCIT 4.0 FRONTAL H2.1;OP64;METROPOLITANO SSA;DF113;Restaura RAM via PC;7
01/07/2020;COT10;Metropolitano-Bahia;EQ6;CCIT 4.0 FRONTAL H2.1;OP64;METROPOLITANO SSA;DF114;Restaura RAM via pendrive;6
01/07/2020;COT10;Metropolitano-Bahia;EQ6;CCIT 4.0 FRONTAL H2.1;OP64;METROPOLITANO SSA;DF132;Subst. Da Bateria de Lithium;17
01/07/2020;COT10;Metropolitano-Bahia;EQ6;CCIT 4.0 FRONTAL H2.1;OP64;METROPOLITANO SSA;DF210;Subst. Do Display CCIT;17
01/07/2020;COT20;ROSA TURISMO;EQ36;CCIT 4.0 FRONTAL H1 COM BATERIA;OP66;ROSA TURISMO;DF101;Ressolda Mbccit;1
01/07/2020;COT20;ROSA TURISMO;EQ36;CCIT 4.0 FRONTAL H1 COM BATERIA;OP66;ROSA TURISMO;DF113;Restaura RAM via PC;7
01/07/2020;COT20;ROSA TURISMO;EQ36;CCIT 4.0 FRONTAL H1 COM BATERIA;OP66;ROSA TURISMO;DF41;Envio para manutenção central-CTG;1
01/07/2020;COT19;SÃO JOÃO;EQ36;CCIT 4.0 FRONTAL H1 COM BATERIA;OP67;SÃO JOÃO;DF41;Envio para manutenção central-CTG;1
01/07/2020;COT19;SÃO JOÃO;EQ36;CCIT 4.0 FRONTAL H1 COM BATERIA;OP67;SÃO JOÃO;DF113;Restaura RAM via PC;7
01/07/2020;COT19;SÃO JOÃO;EQ36;CCIT 4.0 FRONTAL H1 COM BATERIA;OP67;SÃO JOÃO;DF114;Restaura RAM via pendrive;7
01/07/2020;COT19;SÃO JOÃO;EQ36;CCIT 4.0 FRONTAL H1 COM BATERIA;OP67;SÃO JOÃO;DF132;Subst. Da Bateria de Lithium;4
01/07/2020;COT19;SÃO JOÃO;EQ36;CCIT 4.0 FRONTAL H1 COM BATERIA;OP67;SÃO JOÃO;DF209;Subst. Do Display;1
01/07/2020;COT4;Setut;EQ6;CCIT 4.0 FRONTAL H2.1;;;DF41;Envio para manutenção central-CTG;25
01/07/2020;COT4;Setut;EQ6;CCIT 4.0 FRONTAL H2.1;;;DF60;Limpeza de cache;1
01/07/2020;COT18;Sindpautras;EQ6;CCIT 4.0 FRONTAL H2.1;OP48;SINDPAUTRAS-SIND. PERM. AUT. TRANSP. SU;DF88;Reparo com formatação e reinst. FW/SW;11
01/07/2020;COT22;Taguatur;EQ8;CCIT 4.0 FRONTAL JI21 SEM BATERIA;OP82;TAGUATUR;DF41;Envio para manutenção central-CTG;3
01/07/2020;COT3;TEU;EQ3;CCIT 3.5;;;DF41;Envio para manutenção central-CTG;4
01/07/2020;COT3;TEU;EQ3;CCIT 3.5;;;DF135;Subst. Da Carcaça frontal;1
01/07/2020;COT3;TEU;EQ3;CCIT 3.5;;;DF157;Subst. Da Placa FTCLess;1
01/07/2020;COT3;TEU;EQ36;CCIT 4.0 FRONTAL H1 COM BATERIA;;;DF41;Envio para manutenção central-CTG;17
01/07/2020;COT3;TEU;EQ36;CCIT 4.0 FRONTAL H1 COM BATERIA;;;DF60;Limpeza de cache;49
01/07/2020;COT3;TEU;EQ36;CCIT 4.0 FRONTAL H1 COM BATERIA;;;DF115;Restauração da ROM via PC;158
01/07/2020;COT3;TEU;EQ36;CCIT 4.0 FRONTAL H1 COM BATERIA;;;DF132;Subst. Da Bateria de Lithium;14
01/07/2020;COT3;TEU;EQ36;CCIT 4.0 FRONTAL H1 COM BATERIA;;;DF135;Subst. Da Carcaça frontal;1
01/07/2020;COT3;TEU;EQ36;CCIT 4.0 FRONTAL H1 COM BATERIA;;;DF136;Subst. Da Carcaça inferior;4
01/07/2020;COT2;TRANSCARD;EQ28;ATM;OP61;Setps (Transcard);DF9;Ajuste e aperto de conexão;1
01/07/2020;COT2;TRANSCARD;EQ28;ATM;OP61;Setps (Transcard);DF179;Subst. Do Cabo de Comunicação da Impressora;1
01/07/2020;COT2;TRANSCARD;EQ28;ATM;OP61;Setps (Transcard);DF228;Subst. Do PDV ATM;1
01/07/2020;COT2;TRANSCARD;EQ28;ATM;OP61;Setps (Transcard);DF231;Subst. Do PINpad;2
01/07/2020;COT2;TRANSCARD;EQ28;ATM;OP61;Setps (Transcard);DF237;Subst. Do Validador de Notas;1
01/07/2020;COT2;Transcard;EQ6;CCIT 4.0 FRONTAL H2.1;;;DF9;Ajuste e aperto de conexão;5
01/07/2020;COT2;Transcard;EQ6;CCIT 4.0 FRONTAL H2.1;;;DF41;Envio para manutenção central-CTG;18
01/07/2020;COT2;Transcard;EQ6;CCIT 4.0 FRONTAL H2.1;;;DF101;Ressolda Mbccit;6
01/07/2020;COT2;Transcard;EQ6;CCIT 4.0 FRONTAL H2.1;;;DF113;Restaura RAM via PC;54
01/07/2020;COT2;Transcard;EQ6;CCIT 4.0 FRONTAL H2.1;;;DF114;Restaura RAM via pendrive;21
01/07/2020;COT2;Transcard;EQ6;CCIT 4.0 FRONTAL H2.1;;;DF132;Subst. Da Bateria de Lithium;69
01/07/2020;COT2;Transcard;EQ6;CCIT 4.0 FRONTAL H2.1;;;DF209;Subst. Do Display;85
01/07/2020;COT1;TRANSFACIL;EQ28;ATM;OP27;TRANSFÁCIL;DF4;Ajuste da Porta do Cofre;1
01/07/2020;COT1;TRANSFACIL;EQ28;ATM;OP27;TRANSFÁCIL;DF9;Ajuste e aperto de conexão;1
01/07/2020;COT1;TRANSFACIL;EQ28;ATM;OP27;TRANSFÁCIL;DF10;Ajuste mecânico fechadura Porta Interna;2
01/07/2020;COT1;TRANSFACIL;EQ28;ATM;OP27;TRANSFÁCIL;DF35;Defeito não encontrado / testes e liberação;12
01/07/2020;COT1;TRANSFACIL;EQ28;ATM;OP27;TRANSFÁCIL;DF41;Envio para manutenção central-CTG;13
01/07/2020;COT1;TRANSFACIL;EQ28;ATM;OP27;TRANSFÁCIL;DF65;Manutenção Cofre;4
01/07/2020;COT1;TRANSFACIL;EQ28;ATM;OP27;TRANSFÁCIL;DF67;Manutenção na Impressora;5
01/07/2020;COT1;TRANSFACIL;EQ28;ATM;OP27;TRANSFÁCIL;DF73;Monitor Queimado;2
01/07/2020;COT1;TRANSFACIL;EQ28;ATM;OP27;TRANSFÁCIL;DF81;Preventiva Validador de Notas;4
01/07/2020;COT1;TRANSFACIL;EQ28;ATM;OP27;TRANSFÁCIL;DF143;Subst. da Impressora;1
01/07/2020;COT1;TRANSFACIL;EQ28;ATM;OP27;TRANSFÁCIL;DF207;Subst. Do Conversor Serial;1
01/07/2020;COT1;TRANSFACIL;EQ28;ATM;OP27;TRANSFÁCIL;DF208;Subst. Do Dispenser do cartão;3
01/07/2020;COT1;TRANSFACIL;EQ28;ATM;OP27;TRANSFÁCIL;DF227;Subst. Do PC ATM;1
01/07/2020;COT1;TRANSFACIL;EQ28;ATM;OP27;TRANSFÁCIL;DF237;Subst. Do Validador de Notas;6
01/07/2020;COT1;Transfacil;EQ3;CCIT 3.5;;;DF162;Subst. Da Placa Mbccit;1
01/07/2020;COT1;Transfacil;EQ6;CCIT 4.0 FRONTAL H2.1;;;DF37;Defeito não encontrado e subst. FW/SW;8
01/07/2020;COT1;Transfacil;EQ6;CCIT 4.0 FRONTAL H2.1;;;DF41;Envio para manutenção central-CTG;1
01/07/2020;COT1;Transfacil;EQ6;CCIT 4.0 FRONTAL H2.1;;;DF88;Reparo com formatação e reinst. FW/SW;52
01/07/2020;COT1;Transfacil;EQ6;CCIT 4.0 FRONTAL H2.1;;;DF136;Subst. Da Carcaça inferior;1
01/07/2020;COT1;Transfacil;EQ6;CCIT 4.0 FRONTAL H2.1;;;DF169;Subst. De Componente eletrônico;3
01/07/2020;COT1;Transfacil;EQ6;CCIT 4.0 FRONTAL H2.1;;;DF216;Subst. Do Módulo H2;1
01/07/2020;COT1;Transfacil;EQ6;CCIT 4.0 FRONTAL H2.1;;;DF238;Subst. Do Vidro CCIT V4.0;9
01/07/2020;COT23;UTB;EQ6;CCIT 4.0 FRONTAL H2.1;OP83;UTB;DF41;Envio para manutenção central-CTG;13
01/07/2020;COT1;Transfacil;EQ14;DMX200 MOD H3.1;;;DF35;Defeito não encontrado / testes e liberação;4
01/07/2020;COT1;Transfacil;EQ14;DMX200 MOD H3.1;;;DF37;Defeito não encontrado e subst. FW/SW;3
01/07/2020;COT1;Transfacil;EQ14;DMX200 MOD H3.1;;;DF41;Envio para manutenção central-CTG;61
01/07/2020;COT1;Transfacil;EQ14;DMX200 MOD H3.1;;;DF88;Reparo com formatação e reinst. FW/SW;126
01/07/2020;COT1;Transfacil;EQ14;DMX200 MOD H3.1;;;DF169;Subst. De Componente eletrônico;14
01/07/2020;COT9;SINTRAM SEM DMX200;EQ16;PDM03;OP51;CONSÓRCIO ÓTIMO DE BILHETAGEM ELETRÔNICA ;DF88;Reparo com formatação e reinst. FW/SW;57
01/07/2020;COT9;SINTRAM SEM DMX200;EQ16;PDM03;OP51;CONSÓRCIO ÓTIMO DE BILHETAGEM ELETRÔNICA ;DF209;Subst. Do Display;1
01/07/2020;COT9;SINTRAM COM DMX200;EQ12;DMX200 MOD H3;OP51;CONSÓRCIO ÓTIMO DE BILHETAGEM ELETRÔNICA ;DF41;Envio para manutenção central-CTG;5
01/07/2020;COT9;SINTRAM COM DMX200;EQ12;DMX200 MOD H3;OP51;CONSÓRCIO ÓTIMO DE BILHETAGEM ELETRÔNICA ;DF88;Reparo com formatação e reinst. FW/SW;20
01/07/2020;COT9;SINTRAM COM DMX200;EQ12;DMX200 MOD H3;OP51;CONSÓRCIO ÓTIMO DE BILHETAGEM ELETRÔNICA ;DF169;Subst. De Componente eletrônico;2
01/07/2020;COT2;Transcard;EQ16;PDM03;;;DF41;Envio para manutenção central-CTG;20
01/07/2020;COT2;Transcard;EQ16;PDM03;;;DF88;Reparo com formatação e reinst. FW/SW;5
01/07/2020;COT19;SÃO JOÃO;EQ39;DMX200L JI21 SEM BATERIA;OP67;SÃO JOÃO;DF41;Envio para manutenção central-CTG;1
01/07/2020;COT19;SÃO JOÃO;EQ39;DMX200L JI21 SEM BATERIA;OP67;SÃO JOÃO;DF97;Ressolda;2
01/07/2020;COT19;SÃO JOÃO;EQ39;DMX200L JI21 SEM BATERIA;OP67;SÃO JOÃO;DF112;Ressolda ROM e RAM;1
01/07/2020;COT19;SÃO JOÃO;EQ39;DMX200L JI21 SEM BATERIA;OP67;SÃO JOÃO;DF206;Subst. Do Conector USB;1
01/07/2020;COT4;Setut;EQ14;DMX200 MOD H3.1;;;DF41;Envio para manutenção central-CTG;4
01/07/2020;COT22;Taguatur PM NOVO;EQ39;DMX200L JI21 SEM BATERIA;OP82;TAGUATUR;DF41;Envio para manutenção central-CTG;99
01/07/2020;COT21;Araguarina;EQ13;DMX200L;OP81;VIAÇÃO ARAGUARINA;DF41;Envio para manutenção central-CTG;2
01/07/2020;COT3;TEU;EQ14;DMX200 MOD H3.1;;;DF21;Atualização de FW ;94
01/07/2020;COT3;TEU;EQ14;DMX200 MOD H3.1;;;DF41;Envio para manutenção central-CTG;23
01/07/2020;COT3;TEU;EQ14;DMX200 MOD H3.1;;;DF115;Restauração da ROM via PC;75
01/07/2020;COT24;GVBUS;EQ14;DMX200 MOD H3.1;;;DF41;Envio para manutenção central-CTG;37
01/07/2020;COT24;GVBUS;EQ14;DMX200 MOD H3.1;;;DF88;Reparo com formatação e reinst. FW/SW;40
01/07/2020;COT24;GVBUS;EQ14;DMX200 MOD H3.1;;;DF211;Subst. Do Equipamento completo;1
01/07/2020;COT20;ROSA TURISMO;EQ39;DMX200L JI21 SEM BATERIA;OP66;ROSA TURISMO;DF41;Envio para manutenção central-CTG;5
01/07/2020;COT20;ROSA TURISMO;EQ39;DMX200L JI21 SEM BATERIA;OP66;ROSA TURISMO;DF97;Ressolda;8
01/07/2020;COT20;ROSA TURISMO;EQ39;DMX200L JI21 SEM BATERIA;OP66;ROSA TURISMO;DF112;Ressolda ROM e RAM;1
01/07/2020;COT25;COOTRAPS - CE;EQ14;DMX200 MOD H3.1;OP129;COOTRAPS;DF39;Enviados para manutenção central CTG;9
01/07/2020;COT1;Transfacil;EQ10;CONNECTION CCIT 4.0;;;DF35;Defeito não encontrado / testes e liberação;1
01/07/2020;COT1;Transfacil;EQ10;CONNECTION CCIT 4.0;;;DF37;Defeito não encontrado e subst. FW/SW;1
01/07/2020;COT1;Transfacil;EQ10;CONNECTION CCIT 4.0;;;DF88;Reparo com formatação e reinst. FW/SW;15
01/07/2020;COT1;Transfacil;EQ10;CONNECTION CCIT 4.0;;;DF106;Ressolda na Placa Subbase;1
01/07/2020;COT1;Transfacil;EQ10;CONNECTION CCIT 4.0;;;DF136;Subst. Da Carcaça inferior;1
01/07/2020;COT1;Transfacil;EQ10;CONNECTION CCIT 4.0;;;DF169;Subst. De Componente eletrônico;1
01/07/2020;COT2;Transcard;EQ10;CONNECTION CCIT 4.0;;;DF41;Envio para manutenção central-CTG;20
01/07/2020;COT2;Transcard;EQ10;CONNECTION CCIT 4.0;;;DF59;Intervenções com Solda;5
01/07/2020;COT2;Transcard;EQ10;CONNECTION CCIT 4.0;;;DF88;Reparo com formatação e reinst. FW/SW;19
01/07/2020;COT2;Transcard;EQ10;CONNECTION CCIT 4.0;;;DF206;Subst. Do Conector USB;2
01/07/2020;COT2;Transcard;EQ10;CONNECTION CCIT 4.0;;;DF245;Subst. Terminal Block;2
01/07/2020;COT10;Metropolitano-Bahia;EQ10;CONNECTION CCIT 4.0;OP64;METROPOLITANO SSA;DF41;Envio para manutenção central-CTG;10
01/07/2020;COT19;SÃO JOÃO;EQ10;CONNECTION CCIT 4.0;OP67;SÃO JOÃO;DF59;Intervenções com Solda;3
01/07/2020;COT4;Setut;EQ10;CONNECTION CCIT 4.0;;;DF41;Envio para manutenção central-CTG;2
01/07/2020;COT3;TEU;EQ10;CONNECTION CCIT 4.0;;;DF41;Envio para manutenção central-CTG;75
01/07/2020;COT24;GVBUS;EQ10;CONNECTION CCIT 4.0;;;DF41;Envio para manutenção central-CTG;19
01/07/2020;COT24;GVBUS;EQ10;CONNECTION CCIT 4.0;;;DF211;Subst. Do Equipamento completo;3
01/07/2020;COT20;ROSA TURISMO;EQ10;CONNECTION CCIT 4.0;OP66;ROSA TURISMO;DF59;Intervenções com Solda;2
01/07/2020;COT3;TEU;EQ22;V3000M;;;DF21;Atualização de FW ;160
01/07/2020;COT3;TEU;EQ22;V3000M;;;DF41;Envio para manutenção central-CTG;20
01/07/2020;COT3;TEU;EQ22;V3000M;;;DF115;Restauração da ROM via PC;160
01/07/2020;COT3;TEU;EQ22;V3000M;;;DF232;Subst. Do SDCard;12
01/07/2020;COT3;TEU;EQ21;V3000L;;;DF21;Atualização de FW ;7
01/07/2020;COT3;TEU;EQ21;V3000L;;;DF115;Restauração da ROM via PC;17
01/07/2020;COT3;TEU;EQ21;V3000L;;;DF41;Envio para manutenção central-CTG;1
01/07/2020;COT3;TEU;EQ26;V3000M DVR;;;DF21;Atualização de FW ;6
01/07/2020;COT3;TEU;EQ26;V3000M DVR;;;DF115;Restauração da ROM via PC;6
01/07/2020;COT3;TEU;EQ26;V3000M DVR;;;DF41;Envio para manutenção central-CTG;4
01/07/2020;COT3;TEU;EQ26;V3000M DVR;;;DF232;Subst. Do SDCard;2
01/07/2020;COT1;Transfacil;EQ27;UT (FTV 3000);;;DF35;Defeito não encontrado / testes e liberação;2
01/07/2020;COT1;Transfacil;EQ27;UT (FTV 3000);;;DF169;Subst. De Componente eletrônico;2
01/07/2020;COT24;GVBUS;EQ33;POS MOVE 2500;;;DF41;Envio para manutenção central-CTG;15
01/07/2020;COT20;Rosa Turismo;EQ31;POS 250;OP66;ROSA TURISMO;DF46;Formatação da memória e subst. FW;1
01/07/2020;COT19;São João;EQ31;POS 250;OP67;SÃO JOÃO;DF41;Envio para manutenção central-CTG;1
01/07/2020;COT19;São João;EQ31;POS 250;OP67;SÃO JOÃO;DF46;Formatação da memória e subst. FW;2
01/07/2020;COT2;Transcard;EQ31;POS 250;;;DF7;Ajuste do Módulo de Impressão;2
01/07/2020;COT2;Transcard;EQ31;POS 250;;;DF41;Envio para manutenção central-CTG;10
01/07/2020;COT2;Transcard;EQ31;POS 250;;;DF88;Reparo com formatação e reinst. FW/SW;3
01/07/2020;COT1;Transfacil;EQ31;POS 250;OP27;TRANSFÁCIL;DF41;Envio para manutenção central-CTG;1
01/08/2020;COT7;Alagoinhas;EQ34;CCIT 4.0 FRONTAL H2.1 C SEM BATERIA;OP68;ALAGOINHAS;DF113;Restaura RAM via PC;3
01/08/2020;COT7;Alagoinhas;EQ34;CCIT 4.0 FRONTAL H2.1 C SEM BATERIA;OP68;ALAGOINHAS;DF114;Restaura RAM via pendrive;2
01/08/2020;COT19;ROSA TURISMO;EQ36;CCIT 4.0 FRONTAL H1 COM BATERIA;OP66;ROSA TURISMO;DF101;Ressolda Mbccit;1
01/08/2020;COT19;SÃO JOÃO;EQ36;CCIT 4.0 FRONTAL H1 COM BATERIA;OP67;SÃO JOÃO;DF41;Envio para manutenção central-CTG;1
01/08/2020;COT19;SÃO JOÃO;EQ36;CCIT 4.0 FRONTAL H1 COM BATERIA;OP67;SÃO JOÃO;DF101;Ressolda Mbccit;3
01/08/2020;COT19;SÃO JOÃO;EQ36;CCIT 4.0 FRONTAL H1 COM BATERIA;OP67;SÃO JOÃO;DF113;Restaura RAM via PC;3
01/08/2020;COT19;SÃO JOÃO;EQ36;CCIT 4.0 FRONTAL H1 COM BATERIA;OP67;SÃO JOÃO;DF114;Restaura RAM via pendrive;3
01/08/2020;COT19;SÃO JOÃO;EQ36;CCIT 4.0 FRONTAL H1 COM BATERIA;OP67;SÃO JOÃO;DF132;Subst. Da Bateria de Lithium;2
01/08/2020;COT19;SÃO JOÃO;EQ36;CCIT 4.0 FRONTAL H1 COM BATERIA;OP67;SÃO JOÃO;DF209;Subst. Do Display;1
01/08/2020;COT19;SÃO JOÃO;EQ36;CCIT 4.0 FRONTAL H1 COM BATERIA;OP67;SÃO JOÃO;DF41;Envio para manutenção central-CTG;1
01/08/2020;COT1;TRANSFACIL;EQ28;ATM;OP27;TRANSFÁCIL;DF5;Ajuste da porta Externa;33
01/08/2020;COT1;Transfacil;EQ6;CCIT 4.0 FRONTAL H2.1;;;DF5;Ajuste da porta Externa;12
01/08/2020;COT1;Transfacil;EQ6;CCIT 4.0 FRONTAL H2.1;;;DF52;Gravação Supervisor;83
01/08/2020;COT1;Transfacil;EQ6;CCIT 4.0 FRONTAL H2.1;;;DF65;Manutenção Cofre;1
01/08/2020;COT1;Transfacil;EQ14;DMX200 MOD H3.1;;;DF5;Ajuste da porta Externa;7
01/08/2020;COT1;Transfacil;EQ14;DMX200 MOD H3.1;;;DF52;Gravação Supervisor;25
01/08/2020;COT25;COOTRAPS - CE;EQ14;DMX200 MOD H3.1;OP129;COOTRAPS;DF39;Enviados para manutenção central CTG;25
01/08/2020;COT25;COOTRAPS - CE;EQ14;DMX200 MOD H3.1;OP129;COOTRAPS;DF90;Reparo com formatação e subst. FW/SW;14
01/08/2020;COT1;Transfacil;EQ10;CONNECTION CCIT 4.0;;;DF5;Ajuste da porta Externa;33
01/08/2020;COT1;Transfacil;EQ10;CONNECTION CCIT 4.0;;;DF52;Gravação Supervisor;9
01/08/2020;COT3;TEU;EQ21;V3000L;;;DF21;Atualização de FW ;12
01/08/2020;COT3;TEU;EQ21;V3000L;;;DF115;Restauração da ROM via PC;7
01/08/2020;COT3;TEU;EQ26;V3000M DVR;;;DF21;Atualização de FW ;7
01/08/2020;COT3;TEU;EQ26;V3000M DVR;;;DF115;Restauração da ROM via PC;7
01/08/2020;COT3;TEU;EQ26;V3000M DVR;;;DF41;Envio para manutenção central-CTG;1
01/08/2020;COT1;Transfacil;EQ31;POS 250;OP27;TRANSFÁCIL;DF5;Ajuste da porta Externa;12
01/09/2020;COT7;Alagoinhas;EQ34;CCIT 4.0 FRONTAL H2.1 C SEM BATERIA;OP68;ALAGOINHAS;DF113;Restaura RAM via PC;3
01/09/2020;COT21;Araguarina;EQ35;CCIT 4.0 FRONTAL H2 COM BATERIA;OP81;VIAÇÃO ARAGUARINA;DF41;Envio para manutenção central-CTG;1
01/09/2020;COT8;CBTU;EQ1;CCIT 3.0;OP47;CBTU - COMPANHIA BRASILEIRA DE TRENS URBANOS;DF35;Defeito não encontrado / testes e liberação;1
01/09/2020;COT8;CBTU;EQ1;CCIT 3.0;OP47;CBTU - COMPANHIA BRASILEIRA DE TRENS URBANOS;DF88;Reparo com formatação e reinst. FW/SW;1
01/09/2020;COT8;CBTU;EQ1;CCIT 3.0;OP47;CBTU - COMPANHIA BRASILEIRA DE TRENS URBANOS;DF129;Subst. Da Antena Cless e adesivo frontal;2
01/09/2020;COT8;CBTU;EQ1;CCIT 3.0;OP47;CBTU - COMPANHIA BRASILEIRA DE TRENS URBANOS;DF147;Subst. Da Placa CLESS;1
01/09/2020;COT8;CBTU;EQ1;CCIT 3.0;OP47;CBTU - COMPANHIA BRASILEIRA DE TRENS URBANOS;DF162;Subst. Da Placa Mbccit;2
01/09/2020;COT24;GVBUS;EQ28;ATM;OP108;GVBUS - SIND. DAS EMP. DE TRANP. METROP. DA GRANDE VITÓRIA;DF41;Envio para manutenção central-CTG;51
01/09/2020;COT24;GVBUS;EQ6;CCIT 4.0 FRONTAL H2.1;;;DF41;Envio para manutenção central-CTG;28
01/09/2020;COT24;GVBUS;EQ6;CCIT 4.0 FRONTAL H2.1;;;DF88;Reparo com formatação e reinst. FW/SW;71
01/09/2020;COT6;METRO-BAHIA;EQ28;ATM;OP63;METRO-BAHIA;DF41;Envio para manutenção central-CTG;1
01/09/2020;COT6;METRO-BAHIA;EQ28;ATM;OP63;METRO-BAHIA;DF143;Subst. da Impressora;2
01/09/2020;COT6;METRO-BAHIA;EQ28;ATM;OP63;METRO-BAHIA;DF179;Subst. Do Cabo de Comunicação da Impressora;1
01/09/2020;COT6;METRO-BAHIA;EQ28;ATM;OP63;METRO-BAHIA;DF227;Subst. Do PC ATM;2
01/09/2020;COT6;METRO-BAHIA;EQ28;ATM;OP63;METRO-BAHIA;DF237;Subst. Do Validador de Notas;7
01/09/2020;COT6;Metro-Bahia;EQ37;CCIT 3.13 BLOQUEIO;OP63;METRO-BAHIA;DF41;Envio para manutenção central-CTG;1
01/09/2020;COT6;Metro-Bahia;EQ9;CCIT 4.0 (BLOQUEIO) FRONTAL H1;OP63;METRO-BAHIA;DF113;Restaura RAM via PC;2
01/09/2020;COT5;METROFOR/ VLT FORTALEZA;EQ38;CCIT 4.0 METROFOR;OP105;METROFOR LINHA SUL;DF113;Restaura RAM via PC;4
01/09/2020;COT10;Metropolitano-Bahia;EQ6;CCIT 4.0 FRONTAL H2.1;OP64;METROPOLITANO SSA;DF113;Restaura RAM via PC;4
01/09/2020;COT10;Metropolitano-Bahia;EQ6;CCIT 4.0 FRONTAL H2.1;OP64;METROPOLITANO SSA;DF114;Restaura RAM via pendrive;2
01/09/2020;COT10;Metropolitano-Bahia;EQ6;CCIT 4.0 FRONTAL H2.1;OP64;METROPOLITANO SSA;DF132;Subst. Da Bateria de Lithium;10
01/09/2020;COT10;Metropolitano-Bahia;EQ6;CCIT 4.0 FRONTAL H2.1;OP64;METROPOLITANO SSA;DF209;Subst. Do Display;18
01/09/2020;COT20;ROSA TURISMO;EQ36;CCIT 4.0 FRONTAL H1 COM BATERIA;OP66;ROSA TURISMO;DF41;Envio para manutenção central-CTG;1
01/09/2020;COT19;SÃO JOÃO;EQ36;CCIT 4.0 FRONTAL H1 COM BATERIA;OP67;SÃO JOÃO;DF41;Envio para manutenção central-CTG;1
01/09/2020;COT19;SÃO JOÃO;EQ36;CCIT 4.0 FRONTAL H1 COM BATERIA;OP67;SÃO JOÃO;DF101;Ressolda Mbccit;1
01/09/2020;COT19;SÃO JOÃO;EQ36;CCIT 4.0 FRONTAL H1 COM BATERIA;OP67;SÃO JOÃO;DF113;Restaura RAM via PC;4
01/09/2020;COT19;SÃO JOÃO;EQ36;CCIT 4.0 FRONTAL H1 COM BATERIA;OP67;SÃO JOÃO;DF132;Subst. Da Bateria de Lithium;3
01/09/2020;COT4;Setut;EQ6;CCIT 4.0 FRONTAL H2.1;;;DF41;Envio para manutenção central-CTG;29
01/09/2020;COT4;Setut;EQ6;CCIT 4.0 FRONTAL H2.1;;;DF60;Limpeza de cache;3
01/09/2020;COT18;Sindpautras;EQ6;CCIT 4.0 FRONTAL H2.1;OP48;SINDPAUTRAS-SIND. PERM. AUT. TRANSP. SU;DF37;Defeito não encontrado e subst. FW/SW;2
01/09/2020;COT18;Sindpautras;EQ6;CCIT 4.0 FRONTAL H2.1;OP48;SINDPAUTRAS-SIND. PERM. AUT. TRANSP. SU;DF88;Reparo com formatação e reinst. FW/SW;5
01/09/2020;COT22;Taguatur;EQ8;CCIT 4.0 FRONTAL JI21 SEM BATERIA;OP82;TAGUATUR;DF41;Envio para manutenção central-CTG;6
01/09/2020;COT3;TEU;EQ3;CCIT 3.5;;;DF21;Atualização de FW ;2
01/09/2020;COT3;TEU;EQ3;CCIT 3.5;;;DF157;Subst. Da Placa FTCLess;1
01/09/2020;COT3;TEU;EQ3;CCIT 3.5;;;DF162;Subst. Da Placa Mbccit;1
01/09/2020;COT3;TEU;EQ36;CCIT 4.0 FRONTAL H1 COM BATERIA;;;DF41;Envio para manutenção central-CTG;6
01/09/2020;COT3;TEU;EQ36;CCIT 4.0 FRONTAL H1 COM BATERIA;;;DF60;Limpeza de cache;21
01/09/2020;COT3;TEU;EQ36;CCIT 4.0 FRONTAL H1 COM BATERIA;;;DF115;Restauração da ROM via PC;111
01/09/2020;COT3;TEU;EQ36;CCIT 4.0 FRONTAL H1 COM BATERIA;;;DF132;Subst. Da Bateria de Lithium;2
01/09/2020;COT2;TRANSCARD;EQ28;ATM;OP61;Setps (Transcard);DF7;Ajuste do Módulo de Impressão;3
01/09/2020;COT2;TRANSCARD;EQ28;ATM;OP61;Setps (Transcard);DF66;Manutenção na Fechadura Eletrônica;4
01/09/2020;COT2;TRANSCARD;EQ28;ATM;OP61;Setps (Transcard);DF142;Subst. Da Fonte Lambda ATM;3
01/09/2020;COT2;TRANSCARD;EQ28;ATM;OP61;Setps (Transcard);DF143;Subst. da Impressora;3
01/09/2020;COT2;TRANSCARD;EQ28;ATM;OP61;Setps (Transcard);DF179;Subst. Do Cabo de Comunicação da Impressora;1
01/09/2020;COT2;TRANSCARD;EQ28;ATM;OP61;Setps (Transcard);DF227;Subst. Do PC ATM;3
01/09/2020;COT2;TRANSCARD;EQ28;ATM;OP61;Setps (Transcard);DF228;Subst. Do PDV ATM;2
01/09/2020;COT2;TRANSCARD;EQ28;ATM;OP61;Setps (Transcard);DF237;Subst. Do Validador de Notas;6
01/09/2020;COT2;Transcard;EQ6;CCIT 4.0 FRONTAL H2.1;;;DF9;Ajuste e aperto de conexão;1
01/09/2020;COT2;Transcard;EQ6;CCIT 4.0 FRONTAL H2.1;;;DF41;Envio para manutenção central-CTG;6
01/09/2020;COT2;Transcard;EQ6;CCIT 4.0 FRONTAL H2.1;;;DF101;Ressolda Mbccit;2
01/09/2020;COT2;Transcard;EQ6;CCIT 4.0 FRONTAL H2.1;;;DF113;Restaura RAM via PC;15
01/09/2020;COT2;Transcard;EQ6;CCIT 4.0 FRONTAL H2.1;;;DF114;Restaura RAM via pendrive;7
01/09/2020;COT2;Transcard;EQ6;CCIT 4.0 FRONTAL H2.1;;;DF132;Subst. Da Bateria de Lithium;31
01/09/2020;COT2;Transcard;EQ6;CCIT 4.0 FRONTAL H2.1;;;DF209;Subst. Do Display;42
01/09/2020;COT1;TRANSFACIL;EQ28;ATM;OP27;TRANSFÁCIL;DF35;Defeito não encontrado / testes e liberação;3
01/09/2020;COT1;TRANSFACIL;EQ28;ATM;OP27;TRANSFÁCIL;DF41;Envio para manutenção central-CTG;2
01/09/2020;COT1;TRANSFACIL;EQ28;ATM;OP27;TRANSFÁCIL;DF67;Manutenção na Impressora;12
01/09/2020;COT1;TRANSFACIL;EQ28;ATM;OP27;TRANSFÁCIL;DF81;Preventiva Validador de Notas;2
01/09/2020;COT1;TRANSFACIL;EQ28;ATM;OP27;TRANSFÁCIL;DF143;Subst. da Impressora;3
01/09/2020;COT1;TRANSFACIL;EQ28;ATM;OP27;TRANSFÁCIL;DF177;Subst. Do Cabeçote da Impressora;4
01/09/2020;COT1;TRANSFACIL;EQ28;ATM;OP27;TRANSFÁCIL;DF218;Subst. Do Monitor;1
01/09/2020;COT1;TRANSFACIL;EQ28;ATM;OP27;TRANSFÁCIL;DF227;Subst. Do PC ATM;5
01/09/2020;COT1;TRANSFACIL;EQ28;ATM;OP27;TRANSFÁCIL;DF237;Subst. Do Validador de Notas;10
01/09/2020;COT1;Transfacil;EQ6;CCIT 4.0 FRONTAL H2.1;;;DF37;Defeito não encontrado e subst. FW/SW;3
01/09/2020;COT1;Transfacil;EQ6;CCIT 4.0 FRONTAL H2.1;;;DF88;Reparo com formatação e reinst. FW/SW;54
01/09/2020;COT1;Transfacil;EQ6;CCIT 4.0 FRONTAL H2.1;;;DF136;Subst. Da Carcaça inferior;1
01/09/2020;COT1;Transfacil;EQ6;CCIT 4.0 FRONTAL H2.1;;;DF169;Subst. De Componente eletrônico;1
01/09/2020;COT1;Transfacil;EQ6;CCIT 4.0 FRONTAL H2.1;;;DF216;Subst. Do Módulo H2;7
01/09/2020;COT1;Transfacil;EQ6;CCIT 4.0 FRONTAL H2.1;;;DF238;Subst. Do Vidro CCIT V4.0;4
01/09/2020;COT16;Via Ouro;EQ3;CCIT 3.5;OP49;VIA OURO COLETIVOS LTDA;DF88;Reparo com formatação e reinst. FW/SW;3
01/09/2020;COT16;Via Ouro;EQ3;CCIT 3.5;OP49;VIA OURO COLETIVOS LTDA;DF108;Ressolda no circuito da placa-mãe;2
01/09/2020;COT16;Via Ouro;EQ3;CCIT 3.5;OP49;VIA OURO COLETIVOS LTDA;DF209;Subst. Do Display;2
01/09/2020;COT1;Transfacil;EQ14;DMX200 MOD H3.1;;;DF35;Defeito não encontrado / testes e liberação;1
01/09/2020;COT1;Transfacil;EQ14;DMX200 MOD H3.1;;;DF37;Defeito não encontrado e subst. FW/SW;7
01/09/2020;COT1;Transfacil;EQ14;DMX200 MOD H3.1;;;DF41;Envio para manutenção central-CTG;55
01/09/2020;COT1;Transfacil;EQ14;DMX200 MOD H3.1;;;DF88;Reparo com formatação e reinst. FW/SW;74
01/09/2020;COT1;Transfacil;EQ14;DMX200 MOD H3.1;;;DF135;Subst. Da Carcaça frontal;2
01/09/2020;COT1;Transfacil;EQ14;DMX200 MOD H3.1;;;DF169;Subst. De Componente eletrônico;7
01/09/2020;COT1;Transfacil;EQ14;DMX200 MOD H3.1;;;DF170;Subst. De Gorila Glass;4
01/09/2020;COT9;SINTRAM SEM DMX200;EQ16;PDM03;OP51;CONSÓRCIO ÓTIMO DE BILHETAGEM ELETRÔNICA ;DF88;Reparo com formatação e reinst. FW/SW;95
01/09/2020;COT9;SINTRAM SEM DMX200;EQ16;PDM03;OP51;CONSÓRCIO ÓTIMO DE BILHETAGEM ELETRÔNICA ;DF209;Subst. Do Display;3
01/09/2020;COT9;SINTRAM COM DMX200;EQ12;DMX200 MOD H3;OP51;CONSÓRCIO ÓTIMO DE BILHETAGEM ELETRÔNICA ;DF35;Defeito não encontrado / testes e liberação;2
01/09/2020;COT9;SINTRAM COM DMX200;EQ12;DMX200 MOD H3;OP51;CONSÓRCIO ÓTIMO DE BILHETAGEM ELETRÔNICA ;DF41;Envio para manutenção central-CTG;20
01/09/2020;COT9;SINTRAM COM DMX200;EQ12;DMX200 MOD H3;OP51;CONSÓRCIO ÓTIMO DE BILHETAGEM ELETRÔNICA ;DF88;Reparo com formatação e reinst. FW/SW;53
01/09/2020;COT9;SINTRAM COM DMX200;EQ12;DMX200 MOD H3;OP51;CONSÓRCIO ÓTIMO DE BILHETAGEM ELETRÔNICA ;DF135;Subst. Da Carcaça frontal;1
01/09/2020;COT9;SINTRAM COM DMX200;EQ12;DMX200 MOD H3;OP51;CONSÓRCIO ÓTIMO DE BILHETAGEM ELETRÔNICA ;DF169;Subst. De Componente eletrônico;6
01/09/2020;COT9;SINTRAM COM DMX200;EQ12;DMX200 MOD H3;OP51;CONSÓRCIO ÓTIMO DE BILHETAGEM ELETRÔNICA ;DF170;Subst. De Gorila Glass;1
01/09/2020;COT9;SINTRAM COM DMX200;EQ12;DMX200 MOD H3;OP51;CONSÓRCIO ÓTIMO DE BILHETAGEM ELETRÔNICA ;DF209;Subst. Do Display;1
01/09/2020;COT2;Transcard;EQ16;PDM03;;;DF9;Ajuste e aperto de conexão;1
01/09/2020;COT2;Transcard;EQ16;PDM03;;;DF22;Atualização de pacote;15
01/09/2020;COT2;Transcard;EQ16;PDM03;;;DF41;Envio para manutenção central-CTG;8
01/09/2020;COT2;Transcard;EQ16;PDM03;;;DF125;Subst. Botão on/off;4
01/09/2020;COT19;SÃO JOÃO;EQ39;DMX200L JI21 SEM BATERIA;OP67;SÃO JOÃO;DF41;Envio para manutenção central-CTG;10
01/09/2020;COT19;SÃO JOÃO;EQ39;DMX200L JI21 SEM BATERIA;OP67;SÃO JOÃO;DF97;Ressolda;8
01/09/2020;COT19;SÃO JOÃO;EQ39;DMX200L JI21 SEM BATERIA;OP67;SÃO JOÃO;DF115;Restauração da ROM via PC;7
01/09/2020;COT4;Setut;EQ14;DMX200 MOD H3.1;;;DF41;Envio para manutenção central-CTG;57
01/09/2020;COT4;Setut;EQ14;DMX200 MOD H3.1;;;DF87;Reparo com configuração Setup - Upex;2
01/09/2020;COT22;Taguatur PM NOVO;EQ39;DMX200L JI21 SEM BATERIA;OP82;TAGUATUR;DF41;Envio para manutenção central-CTG;20
01/09/2020;COT21;Araguarina;EQ13;DMX200L;OP81;VIAÇÃO ARAGUARINA;DF41;Envio para manutenção central-CTG;1
01/09/2020;COT3;TEU;EQ14;DMX200 MOD H3.1;;;DF21;Atualização de FW ;29
01/09/2020;COT3;TEU;EQ14;DMX200 MOD H3.1;;;DF41;Envio para manutenção central-CTG;7
01/09/2020;COT3;TEU;EQ14;DMX200 MOD H3.1;;;DF115;Restauração da ROM via PC;29
01/09/2020;COT24;GVBUS;EQ14;DMX200 MOD H3.1;;;DF41;Envio para manutenção central-CTG;33
01/09/2020;COT24;GVBUS;EQ14;DMX200 MOD H3.1;;;DF88;Reparo com formatação e reinst. FW/SW;30
01/09/2020;COT20;ROSA TURISMO;EQ39;DMX200L JI21 SEM BATERIA;OP66;ROSA TURISMO;DF41;Envio para manutenção central-CTG;8
01/09/2020;COT20;ROSA TURISMO;EQ39;DMX200L JI21 SEM BATERIA;OP66;ROSA TURISMO;DF97;Ressolda;5
01/09/2020;COT20;ROSA TURISMO;EQ39;DMX200L JI21 SEM BATERIA;OP66;ROSA TURISMO;DF115;Restauração da ROM via PC;9
01/09/2020;COT25;COOTRAPS - CE;EQ14;DMX200 MOD H3.1;OP129;COOTRAPS;DF39;Enviados para manutenção central CTG;4
01/09/2020;COT1;Transfacil;EQ10;CONNECTION CCIT 4.0;;;DF37;Defeito não encontrado e subst. FW/SW;2
01/09/2020;COT1;Transfacil;EQ10;CONNECTION CCIT 4.0;;;DF88;Reparo com formatação e reinst. FW/SW;9
01/09/2020;COT1;Transfacil;EQ10;CONNECTION CCIT 4.0;;;DF106;Ressolda na Placa Subbase;1
01/09/2020;COT1;Transfacil;EQ10;CONNECTION CCIT 4.0;;;DF136;Subst. Da Carcaça inferior;1
01/09/2020;COT1;Transfacil;EQ10;CONNECTION CCIT 4.0;;;DF169;Subst. De Componente eletrônico;2
01/09/2020;COT2;Transcard;EQ10;CONNECTION CCIT 4.0;;;DF41;Envio para manutenção central-CTG;21
01/09/2020;COT2;Transcard;EQ10;CONNECTION CCIT 4.0;;;DF59;Intervenções com Solda;11
01/09/2020;COT2;Transcard;EQ10;CONNECTION CCIT 4.0;;;DF88;Reparo com formatação e reinst. FW/SW;17
01/09/2020;COT2;Transcard;EQ10;CONNECTION CCIT 4.0;;;DF206;Subst. Do Conector USB;1
01/09/2020;COT10;Metropolitano-Bahia;EQ10;CONNECTION CCIT 4.0;OP64;METROPOLITANO SSA;DF59;Intervenções com Solda;4
01/09/2020;COT4;Setut;EQ10;CONNECTION CCIT 4.0;;;DF41;Envio para manutenção central-CTG;1
01/09/2020;COT3;TEU;EQ10;CONNECTION CCIT 4.0;;;DF41;Envio para manutenção central-CTG;22
01/09/2020;COT24;GVBUS;EQ10;CONNECTION CCIT 4.0;;;DF41;Envio para manutenção central-CTG;45
01/09/2020;COT24;GVBUS;EQ10;CONNECTION CCIT 4.0;;;DF88;Reparo com formatação e reinst. FW/SW;4
01/09/2020;COT3;TEU;EQ22;V3000M;;;DF21;Atualização de FW ;139
01/09/2020;COT3;TEU;EQ22;V3000M;;;DF41;Envio para manutenção central-CTG;17
01/09/2020;COT3;TEU;EQ22;V3000M;;;DF115;Restauração da ROM via PC;139
01/09/2020;COT3;TEU;EQ21;V3000L;;;DF21;Atualização de FW ;12
01/09/2020;COT3;TEU;EQ21;V3000L;;;DF115;Restauração da ROM via PC;12
01/09/2020;COT3;TEU;EQ26;V3000M DVR;;;DF21;Atualização de FW ;4
01/09/2020;COT3;TEU;EQ26;V3000M DVR;;;DF115;Restauração da ROM via PC;4
01/09/2020;COT3;TEU;EQ26;V3000M DVR;;;DF26;Atualização do PIC;2
01/09/2020;COT1;Transfacil;EQ27;UT (FTV 3000);;;DF35;Defeito não encontrado / testes e liberação;2
01/09/2020;COT1;Transfacil;EQ27;UT (FTV 3000);;;DF169;Subst. De Componente eletrônico;10
01/09/2020;COT24;GVBUS;EQ33;POS MOVE 2500;;;DF41;Envio para manutenção central-CTG;17
01/09/2020;COT20;Rosa Turismo;EQ31;POS 250;OP66;ROSA TURISMO;DF88;Reparo com formatação e reinst. FW/SW;1
01/09/2020;COT19;São João;EQ31;POS 250;OP67;SÃO JOÃO;DF41;Envio para manutenção central-CTG;1
01/09/2020;COT19;São João;EQ31;POS 250;OP67;SÃO JOÃO;DF88;Reparo com formatação e reinst. FW/SW;1
01/09/2020;COT2;Transcard;EQ31;POS 250;;;DF7;Ajuste do Módulo de Impressão;5
01/09/2020;COT2;Transcard;EQ31;POS 250;;;DF41;Envio para manutenção central-CTG;18
01/09/2020;COT2;Transcard;EQ31;POS 250;;;DF88;Reparo com formatação e reinst. FW/SW;3
01/09/2020;COT1;Transfacil;EQ31;POS 250;OP27;TRANSFÁCIL;DF41;Envio para manutenção central-CTG;1
01/09/2020;COT3;TEU;EQ17;FONTE PM;;;DF41;Envio para manutenção central-CTG;3
01/10/2020;COT7;Alagoinhas;EQ34;CCIT 4.0 FRONTAL H2.1 C SEM BATERIA;OP68;ALAGOINHAS;DF113;Restaura RAM via PC;2
01/10/2020;COT21;Araguarina;EQ35;CCIT 4.0 FRONTAL H2 COM BATERIA;OP81;VIAÇÃO ARAGUARINA;DF41;Envio para manutenção central-CTG;1
01/10/2020;COT8;CBTU;EQ1;CCIT 3.0;OP47;CBTU - COMPANHIA BRASILEIRA DE TRENS URBANOS;DF41;Envio para manutenção central-CTG;4
01/10/2020;COT8;CBTU;EQ1;CCIT 3.0;OP47;CBTU - COMPANHIA BRASILEIRA DE TRENS URBANOS;DF88;Reparo com formatação e reinst. FW/SW;2
01/10/2020;COT8;CBTU;EQ1;CCIT 3.0;OP47;CBTU - COMPANHIA BRASILEIRA DE TRENS URBANOS;DF108;Ressolda no circuito da placa-mãe;1
01/10/2020;COT8;CBTU;EQ1;CCIT 3.0;OP47;CBTU - COMPANHIA BRASILEIRA DE TRENS URBANOS;DF129;Subst. Da Antena Cless e adesivo frontal;1
01/10/2020;COT8;CBTU;EQ1;CCIT 3.0;OP47;CBTU - COMPANHIA BRASILEIRA DE TRENS URBANOS;DF135;Subst. Da Carcaça frontal;1
01/10/2020;COT8;CBTU;EQ1;CCIT 3.0;OP47;CBTU - COMPANHIA BRASILEIRA DE TRENS URBANOS;DF229;Subst. Do Piggy Back;1
01/10/2020;COT24;GVBUS;EQ28;ATM;OP108;GVBUS - SIND. DAS EMP. DE TRANP. METROP. DA GRANDE VITÓRIA;DF41;Envio para manutenção central-CTG;51
01/10/2020;COT24;GVBUS;EQ6;CCIT 4.0 FRONTAL H2.1;;;DF41;Envio para manutenção central-CTG;25
01/10/2020;COT24;GVBUS;EQ6;CCIT 4.0 FRONTAL H2.1;;;DF88;Reparo com formatação e reinst. FW/SW;95
01/10/2020;COT6;METRO-BAHIA;EQ28;ATM;OP63;METRO-BAHIA;DF141;Subst. Da Fonte do PDV ATM;1
01/10/2020;COT6;METRO-BAHIA;EQ28;ATM;OP63;METRO-BAHIA;DF143;Subst. da Impressora;2
01/10/2020;COT6;METRO-BAHIA;EQ28;ATM;OP63;METRO-BAHIA;DF179;Subst. Do Cabo de Comunicação da Impressora;2
01/10/2020;COT6;METRO-BAHIA;EQ28;ATM;OP63;METRO-BAHIA;DF209;Subst. Do Display;1
01/10/2020;COT6;METRO-BAHIA;EQ28;ATM;OP63;METRO-BAHIA;DF227;Subst. Do PC ATM;2
01/10/2020;COT6;METRO-BAHIA;EQ28;ATM;OP63;METRO-BAHIA;DF228;Subst. Do PDV ATM;3
01/10/2020;COT6;METRO-BAHIA;EQ28;ATM;OP63;METRO-BAHIA;DF237;Subst. Do Validador de Notas;6
01/10/2020;COT6;Metro-Bahia;EQ37;CCIT 3.13 BLOQUEIO;OP63;METRO-BAHIA;DF132;Subst. Da Bateria de Lithium;3
01/10/2020;COT5;METROFOR/ VLT FORTALEZA;EQ38;CCIT 4.0 METROFOR;OP105;METROFOR LINHA SUL;DF41;Envio para manutenção central-CTG;8
01/10/2020;COT10;Metropolitano-Bahia;EQ6;CCIT 4.0 FRONTAL H2.1;OP64;METROPOLITANO SSA;DF113;Restaura RAM via PC;4
01/10/2020;COT10;Metropolitano-Bahia;EQ6;CCIT 4.0 FRONTAL H2.1;OP64;METROPOLITANO SSA;DF114;Restaura RAM via pendrive;2
01/10/2020;COT10;Metropolitano-Bahia;EQ6;CCIT 4.0 FRONTAL H2.1;OP64;METROPOLITANO SSA;DF132;Subst. Da Bateria de Lithium;10
01/10/2020;COT10;Metropolitano-Bahia;EQ6;CCIT 4.0 FRONTAL H2.1;OP64;METROPOLITANO SSA;DF209;Subst. Do Display;18
01/10/2020;COT20;ROSA TURISMO;EQ36;CCIT 4.0 FRONTAL H1 COM BATERIA;OP66;ROSA TURISMO;DF132;Subst. Da Bateria de Lithium;2
01/10/2020;COT20;ROSA TURISMO;EQ36;CCIT 4.0 FRONTAL H1 COM BATERIA;OP66;ROSA TURISMO;DF113;Restaura RAM via PC;2
01/10/2020;COT20;ROSA TURISMO;EQ36;CCIT 4.0 FRONTAL H1 COM BATERIA;OP66;ROSA TURISMO;DF41;Envio para manutenção central-CTG;2
01/10/2020;COT19;SÃO JOÃO;EQ36;CCIT 4.0 FRONTAL H1 COM BATERIA;OP67;SÃO JOÃO;DF41;Envio para manutenção central-CTG;3
01/10/2020;COT19;SÃO JOÃO;EQ36;CCIT 4.0 FRONTAL H1 COM BATERIA;OP67;SÃO JOÃO;DF113;Restaura RAM via PC;2
01/10/2020;COT19;SÃO JOÃO;EQ36;CCIT 4.0 FRONTAL H1 COM BATERIA;OP67;SÃO JOÃO;DF132;Subst. Da Bateria de Lithium;3
01/10/2020;COT4;Setut;EQ6;CCIT 4.0 FRONTAL H2.1;;;DF41;Envio para manutenção central-CTG;9
01/10/2020;COT4;Setut;EQ6;CCIT 4.0 FRONTAL H2.1;;;DF60;Limpeza de cache;5
01/10/2020;COT18;Sindpautras;EQ6;CCIT 4.0 FRONTAL H2.1;OP48;SINDPAUTRAS-SIND. PERM. AUT. TRANSP. SU;DF35;Defeito não encontrado / testes e liberação;1
01/10/2020;COT18;Sindpautras;EQ6;CCIT 4.0 FRONTAL H2.1;OP48;SINDPAUTRAS-SIND. PERM. AUT. TRANSP. SU;DF37;Defeito não encontrado e subst. FW/SW;8
01/10/2020;COT18;Sindpautras;EQ6;CCIT 4.0 FRONTAL H2.1;OP48;SINDPAUTRAS-SIND. PERM. AUT. TRANSP. SU;DF88;Reparo com formatação e reinst. FW/SW;6
01/10/2020;COT22;Taguatur;EQ8;CCIT 4.0 FRONTAL JI21 SEM BATERIA;OP82;TAGUATUR;DF41;Envio para manutenção central-CTG;6
01/10/2020;COT3;TEU;EQ36;CCIT 4.0 FRONTAL H1 COM BATERIA;;;DF41;Envio para manutenção central-CTG;8
01/10/2020;COT3;TEU;EQ36;CCIT 4.0 FRONTAL H1 COM BATERIA;;;DF60;Limpeza de cache;146
01/10/2020;COT3;TEU;EQ36;CCIT 4.0 FRONTAL H1 COM BATERIA;;;DF115;Restauração da ROM via PC;157
01/10/2020;COT3;TEU;EQ36;CCIT 4.0 FRONTAL H1 COM BATERIA;;;DF132;Subst. Da Bateria de Lithium;6
01/10/2020;COT3;TEU;EQ36;CCIT 4.0 FRONTAL H1 COM BATERIA;;;DF136;Subst. Da Carcaça inferior;2
01/10/2020;COT2;TRANSCARD;EQ28;ATM;OP61;Setps (Transcard);DF7;Ajuste do Módulo de Impressão;2
01/10/2020;COT2;TRANSCARD;EQ28;ATM;OP61;Setps (Transcard);DF8;Ajuste do monitor;1
01/10/2020;COT2;TRANSCARD;EQ28;ATM;OP61;Setps (Transcard);DF66;Manutenção na Fechadura Eletrônica;2
01/10/2020;COT2;TRANSCARD;EQ28;ATM;OP61;Setps (Transcard);DF77;PC ATM Travado;3
01/10/2020;COT2;TRANSCARD;EQ28;ATM;OP61;Setps (Transcard);DF128;Subst. Da antena Cless;1
01/10/2020;COT2;TRANSCARD;EQ28;ATM;OP61;Setps (Transcard);DF142;Subst. Da Fonte Lambda ATM;3
01/10/2020;COT2;TRANSCARD;EQ28;ATM;OP61;Setps (Transcard);DF179;Subst. Do Cabo de Comunicação da Impressora;1
01/10/2020;COT2;TRANSCARD;EQ28;ATM;OP61;Setps (Transcard);DF228;Subst. Do PDV ATM;2
01/10/2020;COT2;TRANSCARD;EQ28;ATM;OP61;Setps (Transcard);DF231;Subst. Do PINpad;1
01/10/2020;COT2;TRANSCARD;EQ28;ATM;OP61;Setps (Transcard);DF237;Subst. Do Validador de Notas;6
01/10/2020;COT2;Transcard;EQ6;CCIT 4.0 FRONTAL H2.1;;;DF9;Ajuste e aperto de conexão;11
01/10/2020;COT2;Transcard;EQ6;CCIT 4.0 FRONTAL H2.1;;;DF41;Envio para manutenção central-CTG;12
01/10/2020;COT2;Transcard;EQ6;CCIT 4.0 FRONTAL H2.1;;;DF101;Ressolda Mbccit;3
01/10/2020;COT2;Transcard;EQ6;CCIT 4.0 FRONTAL H2.1;;;DF113;Restaura RAM via PC;21
01/10/2020;COT2;Transcard;EQ6;CCIT 4.0 FRONTAL H2.1;;;DF114;Restaura RAM via pendrive;7
01/10/2020;COT2;Transcard;EQ6;CCIT 4.0 FRONTAL H2.1;;;DF132;Subst. Da Bateria de Lithium;49
01/10/2020;COT2;Transcard;EQ6;CCIT 4.0 FRONTAL H2.1;;;DF209;Subst. Do Display;47
01/10/2020;COT2;Transcard;EQ6;CCIT 4.0 FRONTAL H2.1;;;DF238;Subst. Do Vidro CCIT V4.0;55
01/10/2020;COT1;TRANSFACIL;EQ28;ATM;OP27;TRANSFÁCIL;DF35;Defeito não encontrado / testes e liberação;5
01/10/2020;COT1;TRANSFACIL;EQ28;ATM;OP27;TRANSFÁCIL;DF41;Envio para manutenção central-CTG;17
01/10/2020;COT1;TRANSFACIL;EQ28;ATM;OP27;TRANSFÁCIL;DF45;Fixação do PC;1
01/10/2020;COT1;TRANSFACIL;EQ28;ATM;OP27;TRANSFÁCIL;DF49;Formatação e Reinstalação do PC;1
01/10/2020;COT1;TRANSFACIL;EQ28;ATM;OP27;TRANSFÁCIL;DF67;Manutenção na Impressora;3
01/10/2020;COT1;TRANSFACIL;EQ28;ATM;OP27;TRANSFÁCIL;DF81;Preventiva Validador de Notas;8
01/10/2020;COT1;TRANSFACIL;EQ28;ATM;OP27;TRANSFÁCIL;DF128;Subst. Da antena Cless;1
01/10/2020;COT1;TRANSFACIL;EQ28;ATM;OP27;TRANSFÁCIL;DF143;Subst. da Impressora;3
01/10/2020;COT1;TRANSFACIL;EQ28;ATM;OP27;TRANSFÁCIL;DF177;Subst. Do Cabeçote da Impressora;1
01/10/2020;COT1;TRANSFACIL;EQ28;ATM;OP27;TRANSFÁCIL;DF227;Subst. Do PC ATM;2
01/10/2020;COT1;TRANSFACIL;EQ28;ATM;OP27;TRANSFÁCIL;DF228;Subst. Do PDV ATM;2
01/10/2020;COT1;TRANSFACIL;EQ28;ATM;OP27;TRANSFÁCIL;DF237;Subst. Do Validador de Notas;7
01/10/2020;COT1;Transfacil;EQ6;CCIT 4.0 FRONTAL H2.1;;;DF37;Defeito não encontrado e subst. FW/SW;4
01/10/2020;COT1;Transfacil;EQ6;CCIT 4.0 FRONTAL H2.1;;;DF88;Reparo com formatação e reinst. FW/SW;45
01/10/2020;COT1;Transfacil;EQ6;CCIT 4.0 FRONTAL H2.1;;;DF169;Subst. De Componente eletrônico;1
01/10/2020;COT1;Transfacil;EQ6;CCIT 4.0 FRONTAL H2.1;;;DF209;Subst. Do Display;5
01/10/2020;COT1;Transfacil;EQ6;CCIT 4.0 FRONTAL H2.1;;;DF216;Subst. Do Módulo H2;3
01/10/2020;COT16;Via Ouro;EQ3;CCIT 3.5;OP49;VIA OURO COLETIVOS LTDA;DF88;Reparo com formatação e reinst. FW/SW;1
01/10/2020;COT16;Via Ouro;EQ3;CCIT 3.5;OP49;VIA OURO COLETIVOS LTDA;DF108;Ressolda no circuito da placa-mãe;1
01/10/2020;COT16;Via Ouro;EQ3;CCIT 3.5;OP49;VIA OURO COLETIVOS LTDA;DF156;Subst. Da Placa FTCIT;1
01/10/2020;COT9;SINTRAM SEM DMX200;EQ16;PDM03;OP51;CONSÓRCIO ÓTIMO DE BILHETAGEM ELETRÔNICA ;DF41;Envio para manutenção central-CTG;1
01/10/2020;COT9;SINTRAM SEM DMX200;EQ16;PDM03;OP51;CONSÓRCIO ÓTIMO DE BILHETAGEM ELETRÔNICA ;DF86;Reparo com configuração do setup;1
01/10/2020;COT9;SINTRAM SEM DMX200;EQ16;PDM03;OP51;CONSÓRCIO ÓTIMO DE BILHETAGEM ELETRÔNICA ;DF88;Reparo com formatação e reinst. FW/SW;94
01/10/2020;COT9;SINTRAM SEM DMX200;EQ16;PDM03;OP51;CONSÓRCIO ÓTIMO DE BILHETAGEM ELETRÔNICA ;DF209;Subst. Do Display;3
01/10/2020;COT9;SINTRAM COM DMX200;EQ12;DMX200 MOD H3;OP51;CONSÓRCIO ÓTIMO DE BILHETAGEM ELETRÔNICA ;DF41;Envio para manutenção central-CTG;10
01/10/2020;COT9;SINTRAM COM DMX200;EQ12;DMX200 MOD H3;OP51;CONSÓRCIO ÓTIMO DE BILHETAGEM ELETRÔNICA ;DF88;Reparo com formatação e reinst. FW/SW;47
01/10/2020;COT9;SINTRAM COM DMX200;EQ12;DMX200 MOD H3;OP51;CONSÓRCIO ÓTIMO DE BILHETAGEM ELETRÔNICA ;DF169;Subst. De Componente eletrônico;3
01/10/2020;COT9;SINTRAM COM DMX200;EQ12;DMX200 MOD H3;OP51;CONSÓRCIO ÓTIMO DE BILHETAGEM ELETRÔNICA ;DF170;Subst. De Gorila Glass;1
01/10/2020;COT2;Transcard;EQ16;PDM03;;;DF9;Ajuste e aperto de conexão;3
01/10/2020;COT2;Transcard;EQ16;PDM03;;;DF41;Envio para manutenção central-CTG;8
01/10/2020;COT2;Transcard;EQ16;PDM03;;;DF88;Reparo com formatação e reinst. FW/SW;11
01/10/2020;COT2;Transcard;EQ16;PDM03;;;DF125;Subst. Botão on/off;5
01/10/2020;COT19;SÃO JOÃO;EQ39;DMX200L JI21 SEM BATERIA;OP67;SÃO JOÃO;DF41;Envio para manutenção central-CTG;4
01/10/2020;COT19;SÃO JOÃO;EQ39;DMX200L JI21 SEM BATERIA;OP67;SÃO JOÃO;DF97;Ressolda;1
01/10/2020;COT19;SÃO JOÃO;EQ39;DMX200L JI21 SEM BATERIA;OP67;SÃO JOÃO;DF115;Restauração da ROM via PC;4
01/10/2020;COT4;Setut;EQ14;DMX200 MOD H3.1;;;DF41;Envio para manutenção central-CTG;16
01/10/2020;COT21;Araguarina;EQ13;DMX200L;OP81;VIAÇÃO ARAGUARINA;DF41;Envio para manutenção central-CTG;2
01/10/2020;COT3;TEU;EQ14;DMX200 MOD H3.1;;;DF21;Atualização de FW ;63
01/10/2020;COT3;TEU;EQ14;DMX200 MOD H3.1;;;DF41;Envio para manutenção central-CTG;15
01/10/2020;COT3;TEU;EQ14;DMX200 MOD H3.1;;;DF115;Restauração da ROM via PC;46
01/10/2020;COT24;GVBUS;EQ14;DMX200 MOD H3.1;;;DF41;Envio para manutenção central-CTG;35
01/10/2020;COT24;GVBUS;EQ14;DMX200 MOD H3.1;;;DF88;Reparo com formatação e reinst. FW/SW;60
01/10/2020;COT20;ROSA TURISMO;EQ39;DMX200L JI21 SEM BATERIA;OP66;ROSA TURISMO;DF41;Envio para manutenção central-CTG;4
01/10/2020;COT20;ROSA TURISMO;EQ39;DMX200L JI21 SEM BATERIA;OP66;ROSA TURISMO;DF97;Ressolda;2
01/10/2020;COT20;ROSA TURISMO;EQ39;DMX200L JI21 SEM BATERIA;OP66;ROSA TURISMO;DF115;Restauração da ROM via PC;6
01/10/2020;COT25;COOTRAPS - CE;EQ14;DMX200 MOD H3.1;OP129;COOTRAPS;DF39;Enviados para manutenção central CTG;8
01/10/2020;COT1;Transfacil;EQ10;CONNECTION CCIT 4.0;;;DF35;Defeito não encontrado / testes e liberação;1
01/10/2020;COT1;Transfacil;EQ10;CONNECTION CCIT 4.0;;;DF37;Defeito não encontrado e subst. FW/SW;1
01/10/2020;COT1;Transfacil;EQ10;CONNECTION CCIT 4.0;;;DF88;Reparo com formatação e reinst. FW/SW;12
01/10/2020;COT1;Transfacil;EQ10;CONNECTION CCIT 4.0;;;DF169;Subst. De Componente eletrônico;1
01/10/2020;COT2;Transcard;EQ10;CONNECTION CCIT 4.0;;;DF41;Envio para manutenção central-CTG;25
01/10/2020;COT2;Transcard;EQ10;CONNECTION CCIT 4.0;;;DF59;Intervenções com Solda;1
01/10/2020;COT2;Transcard;EQ10;CONNECTION CCIT 4.0;;;DF88;Reparo com formatação e reinst. FW/SW;16
01/10/2020;COT2;Transcard;EQ10;CONNECTION CCIT 4.0;;;DF206;Subst. Do Conector USB;5
01/10/2020;COT10;Metropolitano-Bahia;EQ10;CONNECTION CCIT 4.0;OP64;METROPOLITANO SSA;DF41;Envio para manutenção central-CTG;2
01/10/2020;COT10;Metropolitano-Bahia;EQ10;CONNECTION CCIT 4.0;OP64;METROPOLITANO SSA;DF59;Intervenções com Solda;4
01/10/2020;COT10;Metropolitano-Bahia;EQ10;CONNECTION CCIT 4.0;OP64;METROPOLITANO SSA;DF88;Reparo com formatação e reinst. FW/SW;1
01/10/2020;COT20;ROSA TURISMO;EQ10;CONNECTION CCIT 4.0;OP66;ROSA TURISMO;DF41;Envio para manutenção central-CTG;1
01/10/2020;COT19;SÃO JOÃO;EQ10;CONNECTION CCIT 4.0;OP67;SÃO JOÃO;DF59;Intervenções com Solda;4
01/10/2020;COT3;TEU;EQ10;CONNECTION CCIT 4.0;;;DF41;Envio para manutenção central-CTG;273
01/10/2020;COT24;GVBUS;EQ10;CONNECTION CCIT 4.0;;;DF41;Envio para manutenção central-CTG;40
01/10/2020;COT20;ROSA TURISMO;EQ10;CONNECTION CCIT 4.0;OP66;ROSA TURISMO;DF59;Intervenções com Solda;5
01/10/2020;COT20;ROSA TURISMO;EQ10;CONNECTION CCIT 4.0;OP66;ROSA TURISMO;DF256;Subst. de Fusível;4
01/10/2020;COT3;TEU;EQ22;V3000M;;;DF21;Atualização de FW ;103
01/10/2020;COT3;TEU;EQ22;V3000M;;;DF41;Envio para manutenção central-CTG;10
01/10/2020;COT3;TEU;EQ22;V3000M;;;DF115;Restauração da ROM via PC;77
01/10/2020;COT3;TEU;EQ21;V3000L;;;DF21;Atualização de FW ;15
01/10/2020;COT3;TEU;EQ21;V3000L;;;DF115;Restauração da ROM via PC;11
01/10/2020;COT3;TEU;EQ26;V3000M DVR;;;DF21;Atualização de FW ;6
01/10/2020;COT3;TEU;EQ26;V3000M DVR;;;DF115;Restauração da ROM via PC;5
01/10/2020;COT1;Transfacil;EQ27;UT (FTV 3000);;;DF88;Reparo com formatação e reinst. FW/SW;1
01/10/2020;COT1;Transfacil;EQ27;UT (FTV 3000);;;DF169;Subst. De Componente eletrônico;11
01/10/2020;COT24;GVBUS;EQ33;POS MOVE 2500;;;DF41;Envio para manutenção central-CTG;22
01/10/2020;COT20;Rosa Turismo;EQ31;POS 250;OP66;ROSA TURISMO;DF41;Envio para manutenção central-CTG;1
01/10/2020;COT20;Rosa Turismo;EQ31;POS 250;OP66;ROSA TURISMO;DF88;Reparo com formatação e reinst. FW/SW;1
01/10/2020;COT19;São João;EQ31;POS 250;OP67;SÃO JOÃO;DF41;Envio para manutenção central-CTG;1
01/10/2020;COT19;São João;EQ31;POS 250;OP67;SÃO JOÃO;DF88;Reparo com formatação e reinst. FW/SW;1
01/10/2020;COT2;Transcard;EQ31;POS 250;;;DF41;Envio para manutenção central-CTG;7
01/10/2020;COT2;Transcard;EQ31;POS 250;;;DF88;Reparo com formatação e reinst. FW/SW;5
01/10/2020;COT1;Transfacil;EQ31;POS 250;OP27;TRANSFÁCIL;DF41;Envio para manutenção central-CTG;1
01/10/2020;COT3;TEU;EQ17;FONTE PM;;;DF41;Envio para manutenção central-CTG;2
01/11/2020;COT7;Alagoinhas;EQ34;CCIT 4.0 FRONTAL H2.1 C SEM BATERIA;OP68;ALAGOINHAS;DF113;Restaura RAM via PC;2
01/11/2020;COT7;Alagoinhas;EQ34;CCIT 4.0 FRONTAL H2.1 C SEM BATERIA;OP68;ALAGOINHAS;DF209;Subst. Do Display;2
01/11/2020;COT21;Araguarina;EQ35;CCIT 4.0 FRONTAL H2 COM BATERIA;OP81;VIAÇÃO ARAGUARINA;DF41;Envio para manutenção central-CTG;1
01/11/2020;COT8;CBTU;EQ1;CCIT 3.0;OP47;CBTU - COMPANHIA BRASILEIRA DE TRENS URBANOS;DF88;Reparo com formatação e reinst. FW/SW;2
01/11/2020;COT24;GVBUS;EQ28;ATM;OP108;GVBUS - SIND. DAS EMP. DE TRANP. METROP. DA GRANDE VITÓRIA;DF41;Envio para manutenção central-CTG;51
01/11/2020;COT24;GVBUS;EQ6;CCIT 4.0 FRONTAL H2.1;;;DF41;Envio para manutenção central-CTG;23
01/11/2020;COT24;GVBUS;EQ6;CCIT 4.0 FRONTAL H2.1;;;DF88;Reparo com formatação e reinst. FW/SW;58
01/11/2020;COT6;METRO-BAHIA;EQ28;ATM;OP63;METRO-BAHIA;DF143;Subst. da Impressora;3
01/11/2020;COT6;METRO-BAHIA;EQ28;ATM;OP63;METRO-BAHIA;DF218;Subst. Do Monitor;1
01/11/2020;COT6;METRO-BAHIA;EQ28;ATM;OP63;METRO-BAHIA;DF227;Subst. Do PC ATM;2
01/11/2020;COT6;METRO-BAHIA;EQ28;ATM;OP63;METRO-BAHIA;DF237;Subst. Do Validador de Notas;12
01/11/2020;COT6;Metro-Bahia;EQ37;CCIT 3.13 BLOQUEIO;OP63;METRO-BAHIA;DF132;Subst. Da Bateria de Lithium;1
01/11/2020;COT5;METROFOR/ VLT FORTALEZA;EQ38;CCIT 4.0 METROFOR;OP105;METROFOR LINHA SUL;DF41;Envio para manutenção central-CTG;6
01/11/2020;COT5;METROFOR/ VLT FORTALEZA;EQ38;CCIT 4.0 METROFOR;OP105;METROFOR LINHA SUL;DF113;Restaura RAM via PC;6
01/11/2020;COT10;Metropolitano-Bahia;EQ6;CCIT 4.0 FRONTAL H2.1;OP64;METROPOLITANO SSA;DF41;Envio para manutenção central-CTG;7
01/11/2020;COT10;Metropolitano-Bahia;EQ6;CCIT 4.0 FRONTAL H2.1;OP64;METROPOLITANO SSA;DF113;Restaura RAM via PC;4
01/11/2020;COT10;Metropolitano-Bahia;EQ6;CCIT 4.0 FRONTAL H2.1;OP64;METROPOLITANO SSA;DF114;Restaura RAM via pendrive;2
01/11/2020;COT10;Metropolitano-Bahia;EQ6;CCIT 4.0 FRONTAL H2.1;OP64;METROPOLITANO SSA;DF132;Subst. Da Bateria de Lithium;5
01/11/2020;COT10;Metropolitano-Bahia;EQ6;CCIT 4.0 FRONTAL H2.1;OP64;METROPOLITANO SSA;DF209;Subst. Do Display;18
01/11/2020;COT20;ROSA TURISMO;EQ36;CCIT 4.0 FRONTAL H1 COM BATERIA;OP66;ROSA TURISMO;DF41;Envio para manutenção central-CTG;5
01/11/2020;COT20;ROSA TURISMO;EQ36;CCIT 4.0 FRONTAL H1 COM BATERIA;OP66;ROSA TURISMO;DF209;Subst. Do Display;1
01/11/2020;COT19;SÃO JOÃO;EQ36;CCIT 4.0 FRONTAL H1 COM BATERIA;OP67;SÃO JOÃO;DF41;Envio para manutenção central-CTG;5
01/11/2020;COT19;SÃO JOÃO;EQ36;CCIT 4.0 FRONTAL H1 COM BATERIA;OP67;SÃO JOÃO;DF113;Restaura RAM via PC;2
01/11/2020;COT19;SÃO JOÃO;EQ36;CCIT 4.0 FRONTAL H1 COM BATERIA;OP67;SÃO JOÃO;DF132;Subst. Da Bateria de Lithium;3
01/11/2020;COT19;SÃO JOÃO;EQ36;CCIT 4.0 FRONTAL H1 COM BATERIA;OP67;SÃO JOÃO;DF209;Subst. Do Display;1
01/11/2020;COT4;Setut;EQ6;CCIT 4.0 FRONTAL H2.1;;;DF41;Envio para manutenção central-CTG;9
01/11/2020;COT4;Setut;EQ6;CCIT 4.0 FRONTAL H2.1;;;DF113;Restaura RAM via PC;1
01/11/2020;COT18;Sindpautras;EQ6;CCIT 4.0 FRONTAL H2.1;OP48;SINDPAUTRAS-SIND. PERM. AUT. TRANSP. SU;DF35;Defeito não encontrado / testes e liberação;1
01/11/2020;COT18;Sindpautras;EQ6;CCIT 4.0 FRONTAL H2.1;OP48;SINDPAUTRAS-SIND. PERM. AUT. TRANSP. SU;DF37;Defeito não encontrado e subst. FW/SW;3
01/11/2020;COT18;Sindpautras;EQ6;CCIT 4.0 FRONTAL H2.1;OP48;SINDPAUTRAS-SIND. PERM. AUT. TRANSP. SU;DF88;Reparo com formatação e reinst. FW/SW;13
01/11/2020;COT22;Taguatur;EQ8;CCIT 4.0 FRONTAL JI21 SEM BATERIA;OP82;TAGUATUR;DF41;Envio para manutenção central-CTG;5
01/11/2020;COT3;TEU;EQ3;CCIT 3.5;;;DF21;Atualização de FW ;1
01/11/2020;COT3;TEU;EQ3;CCIT 3.5;;;DF41;Envio para manutenção central-CTG;2
01/11/2020;COT3;TEU;EQ3;CCIT 3.5;;;DF157;Subst. Da Placa FTCLess;1
01/11/2020;COT3;TEU;EQ36;CCIT 4.0 FRONTAL H1 COM BATERIA;;;DF41;Envio para manutenção central-CTG;12
01/11/2020;COT3;TEU;EQ36;CCIT 4.0 FRONTAL H1 COM BATERIA;;;DF60;Limpeza de cache;47
01/11/2020;COT3;TEU;EQ36;CCIT 4.0 FRONTAL H1 COM BATERIA;;;DF115;Restauração da ROM via PC;107
01/11/2020;COT3;TEU;EQ36;CCIT 4.0 FRONTAL H1 COM BATERIA;;;DF132;Subst. Da Bateria de Lithium;12
01/11/2020;COT3;TEU;EQ36;CCIT 4.0 FRONTAL H1 COM BATERIA;;;DF135;Subst. Da Carcaça frontal;1
01/11/2020;COT3;TEU;EQ36;CCIT 4.0 FRONTAL H1 COM BATERIA;;;DF136;Subst. Da Carcaça inferior;1
01/11/2020;COT2;TRANSCARD;EQ28;ATM;OP61;Setps (Transcard);DF9;Ajuste e aperto de conexão;2
01/11/2020;COT2;TRANSCARD;EQ28;ATM;OP61;Setps (Transcard);DF66;Manutenção na Fechadura Eletrônica;2
01/11/2020;COT2;TRANSCARD;EQ28;ATM;OP61;Setps (Transcard);DF128;Subst. Da antena Cless;1
01/11/2020;COT2;TRANSCARD;EQ28;ATM;OP61;Setps (Transcard);DF141;Subst. Da Fonte do PDV ATM;1
01/11/2020;COT2;TRANSCARD;EQ28;ATM;OP61;Setps (Transcard);DF143;Subst. da Impressora;1
01/11/2020;COT2;TRANSCARD;EQ28;ATM;OP61;Setps (Transcard);DF179;Subst. Do Cabo de Comunicação da Impressora;1
01/11/2020;COT2;TRANSCARD;EQ28;ATM;OP61;Setps (Transcard);DF227;Subst. Do PC ATM;1
01/11/2020;COT2;TRANSCARD;EQ28;ATM;OP61;Setps (Transcard);DF228;Subst. Do PDV ATM;2
01/11/2020;COT2;TRANSCARD;EQ28;ATM;OP61;Setps (Transcard);DF231;Subst. Do PINpad;1
01/11/2020;COT2;TRANSCARD;EQ28;ATM;OP61;Setps (Transcard);DF237;Subst. Do Validador de Notas;15
01/11/2020;COT2;Transcard;EQ6;CCIT 4.0 FRONTAL H2.1;;;DF9;Ajuste e aperto de conexão;2
01/11/2020;COT2;Transcard;EQ6;CCIT 4.0 FRONTAL H2.1;;;DF41;Envio para manutenção central-CTG;17
01/11/2020;COT2;Transcard;EQ6;CCIT 4.0 FRONTAL H2.1;;;DF113;Restaura RAM via PC;21
01/11/2020;COT2;Transcard;EQ6;CCIT 4.0 FRONTAL H2.1;;;DF114;Restaura RAM via pendrive;9
01/11/2020;COT2;Transcard;EQ6;CCIT 4.0 FRONTAL H2.1;;;DF132;Subst. Da Bateria de Lithium;47
01/11/2020;COT2;Transcard;EQ6;CCIT 4.0 FRONTAL H2.1;;;DF209;Subst. Do Display;53
01/11/2020;COT2;Transcard;EQ6;CCIT 4.0 FRONTAL H2.1;;;DF238;Subst. Do Vidro CCIT V4.0;21
01/11/2020;COT1;TRANSFACIL;EQ28;ATM;OP27;TRANSFÁCIL;DF32;Defeito não encontrado;6
01/11/2020;COT1;TRANSFACIL;EQ28;ATM;OP27;TRANSFÁCIL;DF41;Envio para manutenção central-CTG;8
01/11/2020;COT1;TRANSFACIL;EQ28;ATM;OP27;TRANSFÁCIL;DF65;Manutenção Cofre;1
01/11/2020;COT1;TRANSFACIL;EQ28;ATM;OP27;TRANSFÁCIL;DF67;Manutenção na Impressora;2
01/11/2020;COT1;TRANSFACIL;EQ28;ATM;OP27;TRANSFÁCIL;DF73;Monitor Queimado;1
01/11/2020;COT1;TRANSFACIL;EQ28;ATM;OP27;TRANSFÁCIL;DF81;Preventiva Validador de Notas;11
01/11/2020;COT1;TRANSFACIL;EQ28;ATM;OP27;TRANSFÁCIL;DF85;Reinstalação do Drive da Impressora;1
01/11/2020;COT1;TRANSFACIL;EQ28;ATM;OP27;TRANSFÁCIL;DF177;Subst. Do Cabeçote da Impressora;2
01/11/2020;COT1;TRANSFACIL;EQ28;ATM;OP27;TRANSFÁCIL;DF197;Subst. Do Cofre;1
01/11/2020;COT1;TRANSFACIL;EQ28;ATM;OP27;TRANSFÁCIL;DF207;Subst. Do Conversor Serial;1
01/11/2020;COT1;TRANSFACIL;EQ28;ATM;OP27;TRANSFÁCIL;DF208;Subst. Do Dispenser do cartão;1
01/11/2020;COT1;TRANSFACIL;EQ28;ATM;OP27;TRANSFÁCIL;DF227;Subst. Do PC ATM;1
01/11/2020;COT1;TRANSFACIL;EQ28;ATM;OP27;TRANSFÁCIL;DF228;Subst. Do PDV ATM;1
01/11/2020;COT1;TRANSFACIL;EQ28;ATM;OP27;TRANSFÁCIL;DF237;Subst. Do Validador de Notas;4
01/11/2020;COT1;Transfacil;EQ6;CCIT 4.0 FRONTAL H2.1;;;DF37;Defeito não encontrado e subst. FW/SW;2
01/11/2020;COT1;Transfacil;EQ6;CCIT 4.0 FRONTAL H2.1;;;DF88;Reparo com formatação e reinst. FW/SW;43
01/11/2020;COT1;Transfacil;EQ6;CCIT 4.0 FRONTAL H2.1;;;DF136;Subst. Da Carcaça inferior;4
01/11/2020;COT1;Transfacil;EQ6;CCIT 4.0 FRONTAL H2.1;;;DF216;Subst. Do Módulo H2;3
01/11/2020;COT1;Transfacil;EQ6;CCIT 4.0 FRONTAL H2.1;;;DF238;Subst. Do Vidro CCIT V4.0;12
01/11/2020;COT23;UTB;EQ6;CCIT 4.0 FRONTAL H2.1;OP83;UTB;DF41;Envio para manutenção central-CTG;9
01/11/2020;COT16;Via Ouro;EQ3;CCIT 3.5;OP49;VIA OURO COLETIVOS LTDA;DF88;Reparo com formatação e reinst. FW/SW;3
01/11/2020;COT16;Via Ouro;EQ3;CCIT 3.5;OP49;VIA OURO COLETIVOS LTDA;DF108;Ressolda no circuito da placa-mãe;1
01/11/2020;COT16;Via Ouro;EQ3;CCIT 3.5;OP49;VIA OURO COLETIVOS LTDA;DF162;Subst. Da Placa Mbccit;1
01/11/2020;COT1;Transfacil;EQ14;DMX200 MOD H3.1;;;DF35;Defeito não encontrado / testes e liberação;1
01/11/2020;COT1;Transfacil;EQ14;DMX200 MOD H3.1;;;DF41;Envio para manutenção central-CTG;35
01/11/2020;COT1;Transfacil;EQ14;DMX200 MOD H3.1;;;DF88;Reparo com formatação e reinst. FW/SW;106
01/11/2020;COT1;Transfacil;EQ14;DMX200 MOD H3.1;;;DF135;Subst. Da Carcaça frontal;3
01/11/2020;COT1;Transfacil;EQ14;DMX200 MOD H3.1;;;DF169;Subst. De Componente eletrônico;1
01/11/2020;COT1;Transfacil;EQ14;DMX200 MOD H3.1;;;DF170;Subst. De Gorila Glass;3
01/11/2020;COT9;SINTRAM SEM DMX200;EQ16;PDM03;OP51;CONSÓRCIO ÓTIMO DE BILHETAGEM ELETRÔNICA ;DF30;Chip danificado/bloqueado aguardando chip Trans.;1
01/11/2020;COT9;SINTRAM SEM DMX200;EQ16;PDM03;OP51;CONSÓRCIO ÓTIMO DE BILHETAGEM ELETRÔNICA ;DF88;Reparo com formatação e reinst. FW/SW;124
01/11/2020;COT9;SINTRAM SEM DMX200;EQ16;PDM03;OP51;CONSÓRCIO ÓTIMO DE BILHETAGEM ELETRÔNICA ;DF209;Subst. Do Display;2
01/11/2020;COT9;SINTRAM COM DMX200;EQ12;DMX200 MOD H3;OP51;CONSÓRCIO ÓTIMO DE BILHETAGEM ELETRÔNICA ;DF41;Envio para manutenção central-CTG;11
01/11/2020;COT9;SINTRAM COM DMX200;EQ12;DMX200 MOD H3;OP51;CONSÓRCIO ÓTIMO DE BILHETAGEM ELETRÔNICA ;DF88;Reparo com formatação e reinst. FW/SW;56
01/11/2020;COT9;SINTRAM COM DMX200;EQ12;DMX200 MOD H3;OP51;CONSÓRCIO ÓTIMO DE BILHETAGEM ELETRÔNICA ;DF169;Subst. De Componente eletrônico;1
01/11/2020;COT9;SINTRAM COM DMX200;EQ12;DMX200 MOD H3;OP51;CONSÓRCIO ÓTIMO DE BILHETAGEM ELETRÔNICA ;DF170;Subst. De Gorila Glass;1
01/11/2020;COT2;Transcard;EQ16;PDM03;;;DF9;Ajuste e aperto de conexão;3
01/11/2020;COT2;Transcard;EQ16;PDM03;;;DF41;Envio para manutenção central-CTG;7
01/11/2020;COT2;Transcard;EQ16;PDM03;;;DF88;Reparo com formatação e reinst. FW/SW;4
01/11/2020;COT2;Transcard;EQ16;PDM03;;;DF125;Subst. Botão on/off;3
01/11/2020;COT19;SÃO JOÃO;EQ39;DMX200L JI21 SEM BATERIA;OP67;SÃO JOÃO;DF41;Envio para manutenção central-CTG;11
01/11/2020;COT20;ROSA TURISMO;EQ39;DMX200L JI21 SEM BATERIA;OP66;ROSA TURISMO;DF98;Ressolda conector DB25;2
01/11/2020;COT4;Setut;EQ14;DMX200 MOD H3.1;;;DF41;Envio para manutenção central-CTG;17
01/11/2020;COT22;Taguatur PM NOVO;EQ39;DMX200L JI21 SEM BATERIA;OP82;TAGUATUR;DF41;Envio para manutenção central-CTG;74
01/11/2020;COT3;TEU;EQ14;DMX200 MOD H3.1;;;DF21;Atualização de FW ;27
01/11/2020;COT3;TEU;EQ14;DMX200 MOD H3.1;;;DF41;Envio para manutenção central-CTG;5
01/11/2020;COT3;TEU;EQ14;DMX200 MOD H3.1;;;DF115;Restauração da ROM via PC;24
01/11/2020;COT24;GVBUS;EQ14;DMX200 MOD H3.1;;;DF41;Envio para manutenção central-CTG;34
01/11/2020;COT24;GVBUS;EQ14;DMX200 MOD H3.1;;;DF88;Reparo com formatação e reinst. FW/SW;41
01/11/2020;COT20;ROSA TURISMO;EQ39;DMX200L JI21 SEM BATERIA;OP66;ROSA TURISMO;DF41;Envio para manutenção central-CTG;13
01/11/2020;COT25;COOTRAPS - CE;EQ14;DMX200 MOD H3.1;OP129;COOTRAPS;DF39;Enviados para manutenção central CTG;16
01/11/2020;COT1;Transfacil;EQ10;CONNECTION CCIT 4.0;;;DF37;Defeito não encontrado e subst. FW/SW;3
01/11/2020;COT1;Transfacil;EQ10;CONNECTION CCIT 4.0;;;DF88;Reparo com formatação e reinst. FW/SW;10
01/11/2020;COT1;Transfacil;EQ10;CONNECTION CCIT 4.0;;;DF169;Subst. De Componente eletrônico;3
01/11/2020;COT2;Transcard;EQ10;CONNECTION CCIT 4.0;;;DF41;Envio para manutenção central-CTG;29
01/11/2020;COT2;Transcard;EQ10;CONNECTION CCIT 4.0;;;DF88;Reparo com formatação e reinst. FW/SW;21
01/11/2020;COT2;Transcard;EQ10;CONNECTION CCIT 4.0;;;DF206;Subst. Do Conector USB;4
01/11/2020;COT10;Metropolitano-Bahia;EQ10;CONNECTION CCIT 4.0;OP64;METROPOLITANO SSA;DF41;Envio para manutenção central-CTG;1
01/11/2020;COT20;ROSA TURISMO;EQ10;CONNECTION CCIT 4.0;OP66;ROSA TURISMO;DF59;Intervenções com Solda;1
01/11/2020;COT19;SÃO JOÃO;EQ10;CONNECTION CCIT 4.0;OP67;SÃO JOÃO;DF59;Intervenções com Solda;1
01/11/2020;COT3;TEU;EQ10;CONNECTION CCIT 4.0;;;DF41;Envio para manutenção central-CTG;43
01/11/2020;COT24;GVBUS;EQ10;CONNECTION CCIT 4.0;;;DF41;Envio para manutenção central-CTG;25
01/11/2020;COT20;ROSA TURISMO;EQ10;CONNECTION CCIT 4.0;OP66;ROSA TURISMO;DF256;Subst. de Fusível;2
01/11/2020;COT3;TEU;EQ22;V3000M;;;DF21;Atualização de FW ;47
01/11/2020;COT3;TEU;EQ22;V3000M;;;DF41;Envio para manutenção central-CTG;15
01/11/2020;COT3;TEU;EQ22;V3000M;;;DF115;Restauração da ROM via PC;45
01/11/2020;COT3;TEU;EQ22;V3000M;;;DF232;Subst. Do SDCard;2
01/11/2020;COT3;TEU;EQ21;V3000L;;;DF21;Atualização de FW ;1
01/11/2020;COT3;TEU;EQ21;V3000L;;;DF115;Restauração da ROM via PC;1
01/11/2020;COT3;TEU;EQ26;V3000M DVR;;;DF21;Atualização de FW ;10
01/11/2020;COT3;TEU;EQ26;V3000M DVR;;;DF115;Restauração da ROM via PC;9
01/11/2020;COT3;TEU;EQ26;V3000M DVR;;;DF26;Atualização do PIC;2
01/11/2020;COT1;Transfacil;EQ27;UT (FTV 3000);;;DF88;Reparo com formatação e reinst. FW/SW;5
01/11/2020;COT1;Transfacil;EQ27;UT (FTV 3000);;;DF169;Subst. De Componente eletrônico;6
01/11/2020;COT24;GVBUS;EQ33;POS MOVE 2500;;;DF41;Envio para manutenção central-CTG;18
01/11/2020;COT20;Rosa Turismo;EQ31;POS 250;OP66;ROSA TURISMO;DF88;Reparo com formatação e reinst. FW/SW;1
01/11/2020;COT19;São João;EQ31;POS 250;OP67;SÃO JOÃO;DF41;Envio para manutenção central-CTG;1
01/11/2020;COT19;São João;EQ31;POS 250;OP67;SÃO JOÃO;DF88;Reparo com formatação e reinst. FW/SW;1
01/11/2020;COT2;Transcard;EQ31;POS 250;;;DF41;Envio para manutenção central-CTG;11
01/11/2020;COT2;Transcard;EQ31;POS 250;;;DF88;Reparo com formatação e reinst. FW/SW;3
01/11/2020;COT1;Transfacil;EQ31;POS 250;OP27;TRANSFÁCIL;DF41;Envio para manutenção central-CTG;3
01/11/2020;COT3;TEU;EQ17;FONTE PM;;;DF41;Envio para manutenção central-CTG;4
01/12/2020;COT7;Alagoinhas;EQ34;CCIT 4.0 FRONTAL H2.1 C SEM BATERIA;OP68;ALAGOINHAS;DF113;Restaura RAM via PC;3
01/12/2020;COT8;CBTU;EQ1;CCIT 3.0;OP47;CBTU - COMPANHIA BRASILEIRA DE TRENS URBANOS;DF37;Defeito não encontrado e subst. FW/SW;2
01/12/2020;COT8;CBTU;EQ1;CCIT 3.0;OP47;CBTU - COMPANHIA BRASILEIRA DE TRENS URBANOS;DF41;Envio para manutenção central-CTG;4
01/12/2020;COT8;CBTU;EQ1;CCIT 3.0;OP47;CBTU - COMPANHIA BRASILEIRA DE TRENS URBANOS;DF88;Reparo com formatação e reinst. FW/SW;2
01/12/2020;COT24;GVBUS;EQ28;ATM;OP108;GVBUS - SIND. DAS EMP. DE TRANP. METROP. DA GRANDE VITÓRIA;DF41;Envio para manutenção central-CTG;34
01/12/2020;COT24;GVBUS;EQ6;CCIT 4.0 FRONTAL H2.1;;;DF41;Envio para manutenção central-CTG;21
01/12/2020;COT24;GVBUS;EQ6;CCIT 4.0 FRONTAL H2.1;;;DF88;Reparo com formatação e reinst. FW/SW;83
01/12/2020;COT6;METRO-BAHIA;EQ28;ATM;OP63;METRO-BAHIA;DF7;Ajuste do Módulo de Impressão;2
01/12/2020;COT6;METRO-BAHIA;EQ28;ATM;OP63;METRO-BAHIA;DF41;Envio para manutenção central-CTG;2
01/12/2020;COT6;METRO-BAHIA;EQ28;ATM;OP63;METRO-BAHIA;DF66;Manutenção na Fechadura Eletrônica;1
01/12/2020;COT6;METRO-BAHIA;EQ28;ATM;OP63;METRO-BAHIA;DF143;Subst. da Impressora;6
01/12/2020;COT6;METRO-BAHIA;EQ28;ATM;OP63;METRO-BAHIA;DF218;Subst. Do Monitor;1
01/12/2020;COT6;METRO-BAHIA;EQ28;ATM;OP63;METRO-BAHIA;DF227;Subst. Do PC ATM;2
01/12/2020;COT6;METRO-BAHIA;EQ28;ATM;OP63;METRO-BAHIA;DF237;Subst. Do Validador de Notas;13
01/12/2020;COT6;Metro-Bahia;EQ37;CCIT 3.13 BLOQUEIO;OP63;METRO-BAHIA;DF41;Envio para manutenção central-CTG;1
01/12/2020;COT6;Metro-Bahia;EQ37;CCIT 3.13 BLOQUEIO;OP63;METRO-BAHIA;DF132;Subst. Da Bateria de Lithium;2
01/12/2020;COT6;Metro-Bahia;EQ9;CCIT 4.0 (BLOQUEIO) FRONTAL H1;OP63;METRO-BAHIA;DF41;Envio para manutenção central-CTG;1
01/12/2020;COT6;Metro-Bahia;EQ9;CCIT 4.0 (BLOQUEIO) FRONTAL H1;OP63;METRO-BAHIA;DF113;Restaura RAM via PC;1
01/12/2020;COT5;METROFOR/ VLT FORTALEZA;EQ38;CCIT 4.0 METROFOR;OP105;METROFOR LINHA SUL;DF41;Envio para manutenção central-CTG;11
01/12/2020;COT10;Metropolitano-Bahia;EQ6;CCIT 4.0 FRONTAL H2.1;OP64;METROPOLITANO SSA;DF41;Envio para manutenção central-CTG;2
01/12/2020;COT10;Metropolitano-Bahia;EQ6;CCIT 4.0 FRONTAL H2.1;OP64;METROPOLITANO SSA;DF113;Restaura RAM via PC;4
01/12/2020;COT10;Metropolitano-Bahia;EQ6;CCIT 4.0 FRONTAL H2.1;OP64;METROPOLITANO SSA;DF132;Subst. Da Bateria de Lithium;4
01/12/2020;COT10;Metropolitano-Bahia;EQ6;CCIT 4.0 FRONTAL H2.1;OP64;METROPOLITANO SSA;DF209;Subst. Do Display;10
01/12/2020;COT20;ROSA TURISMO;EQ36;CCIT 4.0 FRONTAL H1 COM BATERIA;OP66;ROSA TURISMO;DF132;Subst. Da Bateria de Lithium;3
01/12/2020;COT20;ROSA TURISMO;EQ36;CCIT 4.0 FRONTAL H1 COM BATERIA;OP66;ROSA TURISMO;DF41;Envio para manutenção central-CTG;2
01/12/2020;COT19;SÃO JOÃO;EQ36;CCIT 4.0 FRONTAL H1 COM BATERIA;OP67;SÃO JOÃO;DF41;Envio para manutenção central-CTG;4
01/12/2020;COT19;SÃO JOÃO;EQ36;CCIT 4.0 FRONTAL H1 COM BATERIA;OP67;SÃO JOÃO;DF113;Restaura RAM via PC;2
01/12/2020;COT19;SÃO JOÃO;EQ36;CCIT 4.0 FRONTAL H1 COM BATERIA;OP67;SÃO JOÃO;DF132;Subst. Da Bateria de Lithium;5
01/12/2020;COT19;SÃO JOÃO;EQ36;CCIT 4.0 FRONTAL H1 COM BATERIA;OP67;SÃO JOÃO;DF209;Subst. Do Display;1
01/12/2020;COT4;Setut;EQ6;CCIT 4.0 FRONTAL H2.1;;;DF41;Envio para manutenção central-CTG;12
01/12/2020;COT4;Setut;EQ6;CCIT 4.0 FRONTAL H2.1;;;DF60;Limpeza de cache;3
01/12/2020;COT18;Sindpautras;EQ6;CCIT 4.0 FRONTAL H2.1;OP48;SINDPAUTRAS-SIND. PERM. AUT. TRANSP. SU;DF37;Defeito não encontrado e subst. FW/SW;1
01/12/2020;COT18;Sindpautras;EQ6;CCIT 4.0 FRONTAL H2.1;OP48;SINDPAUTRAS-SIND. PERM. AUT. TRANSP. SU;DF88;Reparo com formatação e reinst. FW/SW;19
01/12/2020;COT18;Sindpautras;EQ6;CCIT 4.0 FRONTAL H2.1;OP48;SINDPAUTRAS-SIND. PERM. AUT. TRANSP. SU;DF169;Subst. De Componente eletrônico;1
01/12/2020;COT18;Sindpautras;EQ6;CCIT 4.0 FRONTAL H2.1;OP48;SINDPAUTRAS-SIND. PERM. AUT. TRANSP. SU;DF238;Subst. Do Vidro CCIT V4.0;1
01/12/2020;COT22;Taguatur;EQ8;CCIT 4.0 FRONTAL JI21 SEM BATERIA;OP82;TAGUATUR;DF41;Envio para manutenção central-CTG;11
01/12/2020;COT3;TEU;EQ3;CCIT 3.5;;;DF21;Atualização de FW ;1
01/12/2020;COT3;TEU;EQ3;CCIT 3.5;;;DF135;Subst. Da Carcaça frontal;1
01/12/2020;COT3;TEU;EQ36;CCIT 4.0 FRONTAL H1 COM BATERIA;;;DF41;Envio para manutenção central-CTG;8
01/12/2020;COT3;TEU;EQ36;CCIT 4.0 FRONTAL H1 COM BATERIA;;;DF60;Limpeza de cache;72
01/12/2020;COT3;TEU;EQ36;CCIT 4.0 FRONTAL H1 COM BATERIA;;;DF115;Restauração da ROM via PC;152
01/12/2020;COT3;TEU;EQ36;CCIT 4.0 FRONTAL H1 COM BATERIA;;;DF132;Subst. Da Bateria de Lithium;10
01/12/2020;COT3;TEU;EQ36;CCIT 4.0 FRONTAL H1 COM BATERIA;;;DF135;Subst. Da Carcaça frontal;1
01/12/2020;COT3;TEU;EQ36;CCIT 4.0 FRONTAL H1 COM BATERIA;;;DF136;Subst. Da Carcaça inferior;1
01/12/2020;COT2;TRANSCARD;EQ28;ATM;OP61;Setps (Transcard);DF66;Manutenção na Fechadura Eletrônica;1
01/12/2020;COT2;TRANSCARD;EQ28;ATM;OP61;Setps (Transcard);DF69;Manutenção no Sensor de Porta;1
01/12/2020;COT2;TRANSCARD;EQ28;ATM;OP61;Setps (Transcard);DF143;Subst. da Impressora;2
01/12/2020;COT2;TRANSCARD;EQ28;ATM;OP61;Setps (Transcard);DF227;Subst. Do PC ATM;4
01/12/2020;COT2;TRANSCARD;EQ28;ATM;OP61;Setps (Transcard);DF231;Subst. Do PINpad;1
01/12/2020;COT2;TRANSCARD;EQ28;ATM;OP61;Setps (Transcard);DF237;Subst. Do Validador de Notas;7
01/12/2020;COT2;Transcard;EQ6;CCIT 4.0 FRONTAL H2.1;;;DF41;Envio para manutenção central-CTG;15
01/12/2020;COT2;Transcard;EQ6;CCIT 4.0 FRONTAL H2.1;;;DF47;Formatação de SDCARD;18
01/12/2020;COT2;Transcard;EQ6;CCIT 4.0 FRONTAL H2.1;;;DF151;Subst. Da placa DVR;7
01/12/2020;COT2;Transcard;EQ6;CCIT 4.0 FRONTAL H2.1;;;DF187;Subst. Do cartão SD/HD;17
01/12/2020;COT1;TRANSFACIL;EQ28;ATM;OP27;TRANSFÁCIL;DF19;ATM - defeito não confirmado;10
01/12/2020;COT1;TRANSFACIL;EQ28;ATM;OP27;TRANSFÁCIL;DF41;Envio para manutenção central-CTG;5
01/12/2020;COT1;TRANSFACIL;EQ28;ATM;OP27;TRANSFÁCIL;DF67;Manutenção na Impressora;2
01/12/2020;COT1;TRANSFACIL;EQ28;ATM;OP27;TRANSFÁCIL;DF73;Monitor Queimado;1
01/12/2020;COT1;TRANSFACIL;EQ28;ATM;OP27;TRANSFÁCIL;DF81;Preventiva Validador de Notas;3
01/12/2020;COT1;TRANSFACIL;EQ28;ATM;OP27;TRANSFÁCIL;DF128;Subst. Da antena Cless;1
01/12/2020;COT1;TRANSFACIL;EQ28;ATM;OP27;TRANSFÁCIL;DF143;Subst. da Impressora;1
01/12/2020;COT1;TRANSFACIL;EQ28;ATM;OP27;TRANSFÁCIL;DF177;Subst. Do Cabeçote da Impressora;1
01/12/2020;COT1;TRANSFACIL;EQ28;ATM;OP27;TRANSFÁCIL;DF208;Subst. Do Dispenser do cartão;1
01/12/2020;COT1;TRANSFACIL;EQ28;ATM;OP27;TRANSFÁCIL;DF237;Subst. Do Validador de Notas;7
01/12/2020;COT1;Transfacil;EQ6;CCIT 4.0 FRONTAL H2.1;;;DF37;Defeito não encontrado e subst. FW/SW;3
01/12/2020;COT1;Transfacil;EQ6;CCIT 4.0 FRONTAL H2.1;;;DF88;Reparo com formatação e reinst. FW/SW;79
01/12/2020;COT1;Transfacil;EQ6;CCIT 4.0 FRONTAL H2.1;;;DF238;Subst. Do Vidro CCIT V4.0;8
01/12/2020;COT23;UTB;EQ6;CCIT 4.0 FRONTAL H2.1;OP83;UTB;DF41;Envio para manutenção central-CTG;11
01/12/2020;COT16;Via Ouro;EQ3;CCIT 3.5;OP49;VIA OURO COLETIVOS LTDA;DF37;Defeito não encontrado e subst. FW/SW;1
01/12/2020;COT16;Via Ouro;EQ3;CCIT 3.5;OP49;VIA OURO COLETIVOS LTDA;DF88;Reparo com formatação e reinst. FW/SW;1
01/12/2020;COT1;Transfacil;EQ14;DMX200 MOD H3.1;;;DF37;Defeito não encontrado e subst. FW/SW;2
01/12/2020;COT1;Transfacil;EQ14;DMX200 MOD H3.1;;;DF41;Envio para manutenção central-CTG;29
01/12/2020;COT1;Transfacil;EQ14;DMX200 MOD H3.1;;;DF88;Reparo com formatação e reinst. FW/SW;89
01/12/2020;COT1;Transfacil;EQ14;DMX200 MOD H3.1;;;DF135;Subst. Da Carcaça frontal;1
01/12/2020;COT1;Transfacil;EQ14;DMX200 MOD H3.1;;;DF169;Subst. De Componente eletrônico;4
01/12/2020;COT1;Transfacil;EQ14;DMX200 MOD H3.1;;;DF170;Subst. De Gorila Glass;1
01/12/2020;COT9;SINTRAM SEM DMX200;EQ16;PDM03;OP51;CONSÓRCIO ÓTIMO DE BILHETAGEM ELETRÔNICA ;DF88;Reparo com formatação e reinst. FW/SW;69
01/12/2020;COT9;SINTRAM SEM DMX200;EQ16;PDM03;OP51;CONSÓRCIO ÓTIMO DE BILHETAGEM ELETRÔNICA ;DF209;Subst. Do Display;1
01/12/2020;COT9;SINTRAM COM DMX200;EQ12;DMX200 MOD H3;OP51;CONSÓRCIO ÓTIMO DE BILHETAGEM ELETRÔNICA ;DF37;Defeito não encontrado e subst. FW/SW;1
01/12/2020;COT9;SINTRAM COM DMX200;EQ12;DMX200 MOD H3;OP51;CONSÓRCIO ÓTIMO DE BILHETAGEM ELETRÔNICA ;DF41;Envio para manutenção central-CTG;19
01/12/2020;COT9;SINTRAM COM DMX200;EQ12;DMX200 MOD H3;OP51;CONSÓRCIO ÓTIMO DE BILHETAGEM ELETRÔNICA ;DF88;Reparo com formatação e reinst. FW/SW;66
01/12/2020;COT9;SINTRAM COM DMX200;EQ12;DMX200 MOD H3;OP51;CONSÓRCIO ÓTIMO DE BILHETAGEM ELETRÔNICA ;DF135;Subst. Da Carcaça frontal;1
01/12/2020;COT9;SINTRAM COM DMX200;EQ12;DMX200 MOD H3;OP51;CONSÓRCIO ÓTIMO DE BILHETAGEM ELETRÔNICA ;DF170;Subst. De Gorila Glass;1
01/12/2020;COT2;Transcard;EQ16;PDM03;;;DF9;Ajuste e aperto de conexão;2
01/12/2020;COT2;Transcard;EQ16;PDM03;;;DF22;Atualização de pacote;5
01/12/2020;COT2;Transcard;EQ16;PDM03;;;DF41;Envio para manutenção central-CTG;11
01/12/2020;COT2;Transcard;EQ16;PDM03;;;DF125;Subst. Botão on/off;4
01/12/2020;COT19;SÃO JOÃO;EQ39;DMX200L JI21 SEM BATERIA;OP67;SÃO JOÃO;DF41;Envio para manutenção central-CTG;6
01/12/2020;COT19;SÃO JOÃO;EQ39;DMX200L JI21 SEM BATERIA;OP67;SÃO JOÃO;DF115;Restauração da ROM via PC;6
01/12/2020;COT4;Setut;EQ14;DMX200 MOD H3.1;;;DF41;Envio para manutenção central-CTG;38
01/12/2020;COT4;Setut;EQ14;DMX200 MOD H3.1;;;DF88;Reparo com formatação e reinst. FW/SW;2
01/12/2020;COT4;Setut;EQ14;DMX200 MOD H3.1;;;DF97;Ressolda;4
01/12/2020;COT22;Taguatur PM NOVO;EQ39;DMX200L JI21 SEM BATERIA;OP82;TAGUATUR;DF41;Envio para manutenção central-CTG;50
01/12/2020;COT3;TEU;EQ14;DMX200 MOD H3.1;;;DF21;Atualização de FW ;37
01/12/2020;COT3;TEU;EQ14;DMX200 MOD H3.1;;;DF41;Envio para manutenção central-CTG;10
01/12/2020;COT3;TEU;EQ14;DMX200 MOD H3.1;;;DF115;Restauração da ROM via PC;37
01/12/2020;COT24;GVBUS;EQ14;DMX200 MOD H3.1;;;DF41;Envio para manutenção central-CTG;47
01/12/2020;COT24;GVBUS;EQ14;DMX200 MOD H3.1;;;DF88;Reparo com formatação e reinst. FW/SW;55
01/12/2020;COT20;ROSA TURISMO;EQ39;DMX200L JI21 SEM BATERIA;OP66;ROSA TURISMO;DF41;Envio para manutenção central-CTG;5
01/12/2020;COT20;ROSA TURISMO;EQ39;DMX200L JI21 SEM BATERIA;OP66;ROSA TURISMO;DF115;Restauração da ROM via PC;5
01/12/2020;COT25;COOTRAPS - CE;EQ14;DMX200 MOD H3.1;OP129;COOTRAPS;DF39;Enviados para manutenção central CTG;20
01/12/2020;COT25;COOTRAPS - CE;EQ14;DMX200 MOD H3.1;OP129;COOTRAPS;DF90;Reparo com formatação e subst. FW/SW;2
01/12/2020;COT25;COOTRAPS - CE;EQ14;DMX200 MOD H3.1;OP129;COOTRAPS;DF97;Ressolda;4
01/12/2020;COT1;Transfacil;EQ10;CONNECTION CCIT 4.0;;;DF37;Defeito não encontrado e subst. FW/SW;5
01/12/2020;COT1;Transfacil;EQ10;CONNECTION CCIT 4.0;;;DF88;Reparo com formatação e reinst. FW/SW;11
01/12/2020;COT2;Transcard;EQ10;CONNECTION CCIT 4.0;;;DF41;Envio para manutenção central-CTG;21
01/12/2020;COT2;Transcard;EQ10;CONNECTION CCIT 4.0;;;DF88;Reparo com formatação e reinst. FW/SW;32
01/12/2020;COT2;Transcard;EQ10;CONNECTION CCIT 4.0;;;DF206;Subst. Do Conector USB;4
01/12/2020;COT2;Transcard;EQ10;CONNECTION CCIT 4.0;;;DF245;Subst. Terminal Block;2
01/12/2020;COT10;Metropolitano-Bahia;EQ10;CONNECTION CCIT 4.0;OP64;METROPOLITANO SSA;DF41;Envio para manutenção central-CTG;3
01/12/2020;COT10;Metropolitano-Bahia;EQ10;CONNECTION CCIT 4.0;OP64;METROPOLITANO SSA;DF88;Reparo com formatação e reinst. FW/SW;6
01/12/2020;COT10;Metropolitano-Bahia;EQ10;CONNECTION CCIT 4.0;OP64;METROPOLITANO SSA;DF206;Subst. Do Conector USB;1
01/12/2020;COT19;SÃO JOÃO;EQ10;CONNECTION CCIT 4.0;OP67;SÃO JOÃO;DF41;Envio para manutenção central-CTG;1
01/12/2020;COT19;SÃO JOÃO;EQ10;CONNECTION CCIT 4.0;OP67;SÃO JOÃO;DF59;Intervenções com Solda;3
01/12/2020;COT19;SÃO JOÃO;EQ10;CONNECTION CCIT 4.0;OP67;SÃO JOÃO;DF206;Subst. Do Conector USB;1
01/12/2020;COT3;TEU;EQ10;CONNECTION CCIT 4.0;;;DF41;Envio para manutenção central-CTG;19
01/12/2020;COT24;GVBUS;EQ10;CONNECTION CCIT 4.0;;;DF41;Envio para manutenção central-CTG;47
01/12/2020;COT20;ROSA TURISMO;EQ10;CONNECTION CCIT 4.0;OP66;ROSA TURISMO;DF59;Intervenções com Solda;2
01/12/2020;COT20;ROSA TURISMO;EQ10;CONNECTION CCIT 4.0;OP66;ROSA TURISMO;DF256;Subst. de Fusível;2
01/12/2020;COT19;SÃO JOÃO;EQ10;CONNECTION CCIT 4.0;OP67;SÃO JOÃO;DF256;Subst. de Fusível;3
01/12/2020;COT3;TEU;EQ22;V3000M;;;DF21;Atualização de FW ;76
01/12/2020;COT3;TEU;EQ22;V3000M;;;DF41;Envio para manutenção central-CTG;4
01/12/2020;COT3;TEU;EQ22;V3000M;;;DF115;Restauração da ROM via PC;76
01/12/2020;COT3;TEU;EQ21;V3000L;;;DF21;Atualização de FW ;3
01/12/2020;COT3;TEU;EQ21;V3000L;;;DF115;Restauração da ROM via PC;3
01/12/2020;COT3;TEU;EQ26;V3000M DVR;;;DF21;Atualização de FW ;8
01/12/2020;COT3;TEU;EQ26;V3000M DVR;;;DF115;Restauração da ROM via PC;8
01/12/2020;COT3;TEU;EQ26;V3000M DVR;;;DF41;Envio para manutenção central-CTG;1
01/12/2020;COT1;Transfacil;EQ27;UT (FTV 3000);;;DF35;Defeito não encontrado / testes e liberação;5
01/12/2020;COT1;Transfacil;EQ27;UT (FTV 3000);;;DF37;Defeito não encontrado e subst. FW/SW;1
01/12/2020;COT1;Transfacil;EQ27;UT (FTV 3000);;;DF88;Reparo com formatação e reinst. FW/SW;1
01/12/2020;COT1;Transfacil;EQ27;UT (FTV 3000);;;DF169;Subst. De Componente eletrônico;8
01/12/2020;COT24;GVBUS;EQ33;POS MOVE 2500;;;DF41;Envio para manutenção central-CTG;20
01/12/2020;COT20;Rosa Turismo;EQ31;POS 250;OP66;ROSA TURISMO;DF41;Envio para manutenção central-CTG;1
01/12/2020;COT20;Rosa Turismo;EQ31;POS 250;OP66;ROSA TURISMO;DF88;Reparo com formatação e reinst. FW/SW;1
01/12/2020;COT19;São João;EQ31;POS 250;OP67;SÃO JOÃO;DF9;Ajuste e aperto de conexão;1
01/12/2020;COT19;São João;EQ31;POS 250;OP67;SÃO JOÃO;DF88;Reparo com formatação e reinst. FW/SW;2
01/12/2020;COT2;Transcard;EQ32;POS 280;;;DF7;Ajuste do Módulo de Impressão;3
01/12/2020;COT2;Transcard;EQ31;POS 250;;;DF41;Envio para manutenção central-CTG;6
01/12/2020;COT2;Transcard;EQ31;POS 250;;;DF88;Reparo com formatação e reinst. FW/SW;8
01/12/2020;COT2;Transcard;EQ33;POS MOVE 2500;;;DF41;Envio para manutenção central-CTG;3
01/12/2020;COT1;Transfacil;EQ31;POS 250;OP27;TRANSFÁCIL;DF41;Envio para manutenção central-CTG;4
01/01/2021;COT7;Alagoinhas;EQ34;CCIT 4.0 FRONTAL H2.1 C SEM BATERIA;OP68;ALAGOINHAS;DF113;Restaura RAM via PC;4
01/01/2021;COT8;CBTU;EQ1;CCIT 3.0;OP47;CBTU - COMPANHIA BRASILEIRA DE TRENS URBANOS;DF35;Defeito não encontrado / testes e liberação;1
01/01/2021;COT8;CBTU;EQ1;CCIT 3.0;OP47;CBTU - COMPANHIA BRASILEIRA DE TRENS URBANOS;DF37;Defeito não encontrado e subst. FW/SW;4
01/01/2021;COT8;CBTU;EQ1;CCIT 3.0;OP47;CBTU - COMPANHIA BRASILEIRA DE TRENS URBANOS;DF108;Ressolda no circuito da placa-mãe;1
01/01/2021;COT8;CBTU;EQ1;CCIT 3.0;OP47;CBTU - COMPANHIA BRASILEIRA DE TRENS URBANOS;DF129;Subst. Da Antena Cless e adesivo frontal;1
01/01/2021;COT8;CBTU;EQ1;CCIT 3.0;OP47;CBTU - COMPANHIA BRASILEIRA DE TRENS URBANOS;DF159;Subst. Da placa FtctlessGPS;1
01/01/2021;COT24;GVBUS;EQ28;ATM;OP108;GVBUS - SIND. DAS EMP. DE TRANP. METROP. DA GRANDE VITÓRIA;DF17;Aplicação Travando;2
01/01/2021;COT24;GVBUS;EQ28;ATM;OP108;GVBUS - SIND. DAS EMP. DE TRANP. METROP. DA GRANDE VITÓRIA;DF65;Manutenção Cofre;25
01/01/2021;COT24;GVBUS;EQ28;ATM;OP108;GVBUS - SIND. DAS EMP. DE TRANP. METROP. DA GRANDE VITÓRIA;DF67;Manutenção na Impressora;2
01/01/2021;COT24;GVBUS;EQ28;ATM;OP108;GVBUS - SIND. DAS EMP. DE TRANP. METROP. DA GRANDE VITÓRIA;DF86;Reparo com configuração do setup;3
01/01/2021;COT24;GVBUS;EQ6;CCIT 4.0 FRONTAL H2.1;;;DF37;Defeito não encontrado e subst. FW/SW;7
01/01/2021;COT24;GVBUS;EQ6;CCIT 4.0 FRONTAL H2.1;;;DF41;Envio para manutenção central-CTG;24
01/01/2021;COT24;GVBUS;EQ6;CCIT 4.0 FRONTAL H2.1;;;DF117;Restauração de módulos via PC e/ou SdCard;39
01/01/2021;COT24;GVBUS;EQ6;CCIT 4.0 FRONTAL H2.1;;;DF230;Subst. Do pino conector;1
01/01/2021;COT6;Metro-Bahia;EQ28;ATM;OP63;METRO-BAHIA;DF128;Subst. Da antena Cless;1
01/01/2021;COT6;Metro-Bahia;EQ28;ATM;OP63;METRO-BAHIA;DF143;Subst. da Impressora;6
01/01/2021;COT6;Metro-Bahia;EQ28;ATM;OP63;METRO-BAHIA;DF218;Subst. Do Monitor;3
01/01/2021;COT6;Metro-Bahia;EQ28;ATM;OP63;METRO-BAHIA;DF237;Subst. Do Validador de Notas;15
01/01/2021;COT6;Metro-Bahia;EQ37;CCIT 3.13 BLOQUEIO;OP63;METRO-BAHIA;DF132;Subst. Da Bateria de Lithium;3
01/01/2021;COT6;Metro-Bahia;EQ9;CCIT 4.0 (BLOQUEIO) FRONTAL H1;OP63;METRO-BAHIA;DF41;Envio para manutenção central-CTG;1
01/01/2021;COT6;Metro-Bahia;EQ9;CCIT 4.0 (BLOQUEIO) FRONTAL H1;OP63;METRO-BAHIA;DF113;Restaura RAM via PC;2
01/01/2021;COT5;METROFOR/ VLT FORTALEZA;EQ38;CCIT 4.0 METROFOR;OP105;METROFOR LINHA SUL;DF41;Envio para manutenção central-CTG;3
01/01/2021;COT5;METROFOR/ VLT FORTALEZA;EQ38;CCIT 4.0 METROFOR;OP105;METROFOR LINHA SUL;DF41;Envio para manutenção central-CTG;4
01/01/2021;COT5;METROFOR/ VLT FORTALEZA;EQ38;CCIT 4.0 METROFOR;OP105;METROFOR LINHA SUL;DF88;Reparo com formatação e reinst. FW/SW;4
01/01/2021;COT5;METROFOR/ VLT FORTALEZA;EQ38;CCIT 4.0 METROFOR;OP105;METROFOR LINHA SUL;DF1;Adaptação da solenóide;0
01/01/2021;COT10;Metropolitano-Bahia;EQ6;CCIT 4.0 FRONTAL H2.1;OP64;METROPOLITANO SSA;DF41;Envio para manutenção central-CTG;3
01/01/2021;COT10;Metropolitano-Bahia;EQ6;CCIT 4.0 FRONTAL H2.1;OP64;METROPOLITANO SSA;DF113;Restaura RAM via PC;8
01/01/2021;COT10;Metropolitano-Bahia;EQ6;CCIT 4.0 FRONTAL H2.1;OP64;METROPOLITANO SSA;DF209;Subst. Do Display;19
01/01/2021;COT20;ROSA TURISMO;EQ36;CCIT 4.0 FRONTAL H1 COM BATERIA;OP66;ROSA TURISMO;DF209;Subst. Do Display;6
01/01/2021;COT19;SÃO JOÃO;EQ36;CCIT 4.0 FRONTAL H1 COM BATERIA;OP67;SÃO JOÃO;DF41;Envio para manutenção central-CTG;7
01/01/2021;COT19;SÃO JOÃO;EQ36;CCIT 4.0 FRONTAL H1 COM BATERIA;OP67;SÃO JOÃO;DF113;Restaura RAM via PC;4
01/01/2021;COT4;Setut;EQ6;CCIT 4.0 FRONTAL H2.1;;;DF41;Envio para manutenção central-CTG;22
01/01/2021;COT4;Setut;EQ6;CCIT 4.0 FRONTAL H2.1;;;DF60;Limpeza de cache;1
01/01/2021;COT18;Sindpautras;EQ6;CCIT 4.0 FRONTAL H2.1;OP48;SINDPAUTRAS-SIND. PERM. AUT. TRANSP. SU;DF35;Defeito não encontrado / testes e liberação;2
01/01/2021;COT18;Sindpautras;EQ6;CCIT 4.0 FRONTAL H2.1;OP48;SINDPAUTRAS-SIND. PERM. AUT. TRANSP. SU;DF37;Defeito não encontrado e subst. FW/SW;8
01/01/2021;COT18;Sindpautras;EQ6;CCIT 4.0 FRONTAL H2.1;OP48;SINDPAUTRAS-SIND. PERM. AUT. TRANSP. SU;DF88;Reparo com formatação e reinst. FW/SW;14
01/01/2021;COT18;Sindpautras;EQ6;CCIT 4.0 FRONTAL H2.1;OP48;SINDPAUTRAS-SIND. PERM. AUT. TRANSP. SU;DF216;Subst. Do Módulo H2;1
01/01/2021;COT18;Sindpautras;EQ6;CCIT 4.0 FRONTAL H2.1;OP48;SINDPAUTRAS-SIND. PERM. AUT. TRANSP. SU;DF238;Subst. Do Vidro CCIT V4.0;1
01/01/2021;COT22;Taguatur;EQ8;CCIT 4.0 FRONTAL JI21 SEM BATERIA;OP82;TAGUATUR;DF41;Envio para manutenção central-CTG;9
01/01/2021;COT3;TEU;EQ3;CCIT 3.5;;;DF157;Subst. Da Placa FTCLess;2
01/01/2021;COT3;TEU;EQ3;CCIT 3.5;;;DF162;Subst. Da Placa Mbccit;2
01/01/2021;COT3;TEU;EQ36;CCIT 4.0 FRONTAL H1 COM BATERIA;;;DF41;Envio para manutenção central-CTG;19
01/01/2021;COT3;TEU;EQ36;CCIT 4.0 FRONTAL H1 COM BATERIA;;;DF60;Limpeza de cache;22
01/01/2021;COT3;TEU;EQ36;CCIT 4.0 FRONTAL H1 COM BATERIA;;;DF115;Restauração da ROM via PC;143
01/01/2021;COT3;TEU;EQ36;CCIT 4.0 FRONTAL H1 COM BATERIA;;;DF132;Subst. Da Bateria de Lithium;15
01/01/2021;COT2;Transcard;EQ28;ATM;OP61;Setps (Transcard);DF78;PC Reiniciado;1
01/01/2021;COT2;Transcard;EQ28;ATM;OP61;Setps (Transcard);DF143;Subst. da Impressora;2
01/01/2021;COT2;Transcard;EQ28;ATM;OP61;Setps (Transcard);DF153;Subst. Da Placa Fonte;1
01/01/2021;COT2;Transcard;EQ28;ATM;OP61;Setps (Transcard);DF207;Subst. Do Conversor Serial;2
01/01/2021;COT2;Transcard;EQ28;ATM;OP61;Setps (Transcard);DF237;Subst. Do Validador de Notas;9
01/01/2021;COT2;Transcard;EQ6;CCIT 4.0 FRONTAL H2.1;;;DF9;Ajuste e aperto de conexão;5
01/01/2021;COT2;Transcard;EQ6;CCIT 4.0 FRONTAL H2.1;;;DF41;Envio para manutenção central-CTG;77
01/01/2021;COT2;Transcard;EQ6;CCIT 4.0 FRONTAL H2.1;;;DF101;Ressolda Mbccit;2
01/01/2021;COT2;Transcard;EQ6;CCIT 4.0 FRONTAL H2.1;;;DF113;Restaura RAM via PC;43
01/01/2021;COT2;Transcard;EQ6;CCIT 4.0 FRONTAL H2.1;;;DF114;Restaura RAM via pendrive;22
01/01/2021;COT2;Transcard;EQ6;CCIT 4.0 FRONTAL H2.1;;;DF132;Subst. Da Bateria de Lithium;7
01/01/2021;COT2;Transcard;EQ6;CCIT 4.0 FRONTAL H2.1;;;DF209;Subst. Do Display;13
01/01/2021;COT1;Transfacil;EQ28;ATM;OP27;TRANSFÁCIL;DF5;Ajuste da porta Externa;1
01/01/2021;COT1;Transfacil;EQ28;ATM;OP27;TRANSFÁCIL;DF32;Defeito não encontrado;3
01/01/2021;COT1;Transfacil;EQ28;ATM;OP27;TRANSFÁCIL;DF67;Manutenção na Impressora;1
01/01/2021;COT1;Transfacil;EQ28;ATM;OP27;TRANSFÁCIL;DF81;Preventiva Validador de Notas;7
01/01/2021;COT1;Transfacil;EQ28;ATM;OP27;TRANSFÁCIL;DF143;Subst. da Impressora;1
01/01/2021;COT1;Transfacil;EQ28;ATM;OP27;TRANSFÁCIL;DF153;Subst. Da Placa Fonte;1
01/01/2021;COT1;Transfacil;EQ28;ATM;OP27;TRANSFÁCIL;DF208;Subst. Do Dispenser do cartão;3
01/01/2021;COT1;Transfacil;EQ28;ATM;OP27;TRANSFÁCIL;DF227;Subst. Do PC ATM;1
01/01/2021;COT1;Transfacil;EQ28;ATM;OP27;TRANSFÁCIL;DF228;Subst. Do PDV ATM;1
01/01/2021;COT1;Transfacil;EQ28;ATM;OP27;TRANSFÁCIL;DF237;Subst. Do Validador de Notas;11
01/01/2021;COT1;Transfacil;EQ3;CCIT 3.5;;;DF88;Reparo com formatação e reinst. FW/SW;6
01/01/2021;COT1;Transfacil;EQ6;CCIT 4.0 FRONTAL H2.1;;;DF37;Defeito não encontrado e subst. FW/SW;15
01/01/2021;COT1;Transfacil;EQ6;CCIT 4.0 FRONTAL H2.1;;;DF88;Reparo com formatação e reinst. FW/SW;80
01/01/2021;COT1;Transfacil;EQ6;CCIT 4.0 FRONTAL H2.1;;;DF136;Subst. Da Carcaça inferior;1
01/01/2021;COT1;Transfacil;EQ6;CCIT 4.0 FRONTAL H2.1;;;DF238;Subst. Do Vidro CCIT V4.0;8
01/01/2021;COT23;UTB;EQ6;CCIT 4.0 FRONTAL H2.1;OP83;UTB;DF41;Envio para manutenção central-CTG;16
01/01/2021;COT16;Via Ouro;EQ3;CCIT 3.5;OP49;VIA OURO COLETIVOS LTDA;DF9;Ajuste e aperto de conexão;1
01/01/2021;COT16;Via Ouro;EQ3;CCIT 3.5;OP49;VIA OURO COLETIVOS LTDA;DF33;Defeito não encontrado - testes e liberação;1
01/01/2021;COT16;Via Ouro;EQ3;CCIT 3.5;OP49;VIA OURO COLETIVOS LTDA;DF37;Defeito não encontrado e subst. FW/SW;1
01/01/2021;COT16;Via Ouro;EQ3;CCIT 3.5;OP49;VIA OURO COLETIVOS LTDA;DF88;Reparo com formatação e reinst. FW/SW;1
01/01/2021;COT16;Via Ouro;EQ3;CCIT 3.5;OP49;VIA OURO COLETIVOS LTDA;DF108;Ressolda no circuito da placa-mãe;1
01/01/2021;COT16;Via Ouro;EQ3;CCIT 3.5;OP49;VIA OURO COLETIVOS LTDA;DF159;Subst. Da placa FtctlessGPS;1
01/01/2021;COT1;Transfacil;EQ14;DMX200 MOD H3.1;;;DF37;Defeito não encontrado e subst. FW/SW;2
01/01/2021;COT1;Transfacil;EQ14;DMX200 MOD H3.1;;;DF41;Envio para manutenção central-CTG;32
01/01/2021;COT1;Transfacil;EQ14;DMX200 MOD H3.1;;;DF88;Reparo com formatação e reinst. FW/SW;106
01/01/2021;COT9;SINTRAM SEM DMX200;EQ16;PDM03;OP51;CONSÓRCIO ÓTIMO DE BILHETAGEM ELETRÔNICA ;DF35;Defeito não encontrado / testes e liberação;24
01/01/2021;COT9;SINTRAM SEM DMX200;EQ16;PDM03;OP51;CONSÓRCIO ÓTIMO DE BILHETAGEM ELETRÔNICA ;DF37;Defeito não encontrado e subst. FW/SW;7
01/01/2021;COT9;SINTRAM SEM DMX200;EQ16;PDM03;OP51;CONSÓRCIO ÓTIMO DE BILHETAGEM ELETRÔNICA ;DF86;Reparo com configuração do setup;1
01/01/2021;COT9;SINTRAM SEM DMX200;EQ16;PDM03;OP51;CONSÓRCIO ÓTIMO DE BILHETAGEM ELETRÔNICA ;DF88;Reparo com formatação e reinst. FW/SW;106
01/01/2021;COT9;SINTRAM SEM DMX200;EQ16;PDM03;OP51;CONSÓRCIO ÓTIMO DE BILHETAGEM ELETRÔNICA ;DF209;Subst. Do Display;6
01/01/2021;COT9;SINTRAM COM DMX200;EQ12;DMX200 MOD H3;OP51;CONSÓRCIO ÓTIMO DE BILHETAGEM ELETRÔNICA ;DF37;Defeito não encontrado e subst. FW/SW;6
01/01/2021;COT9;SINTRAM COM DMX200;EQ12;DMX200 MOD H3;OP51;CONSÓRCIO ÓTIMO DE BILHETAGEM ELETRÔNICA ;DF41;Envio para manutenção central-CTG;7
01/01/2021;COT9;SINTRAM COM DMX200;EQ12;DMX200 MOD H3;OP51;CONSÓRCIO ÓTIMO DE BILHETAGEM ELETRÔNICA ;DF88;Reparo com formatação e reinst. FW/SW;25
01/01/2021;COT9;SINTRAM COM DMX200;EQ12;DMX200 MOD H3;OP51;CONSÓRCIO ÓTIMO DE BILHETAGEM ELETRÔNICA ;DF135;Subst. Da Carcaça frontal;1
01/01/2021;COT9;SINTRAM COM DMX200;EQ12;DMX200 MOD H3;OP51;CONSÓRCIO ÓTIMO DE BILHETAGEM ELETRÔNICA ;DF170;Subst. De Gorila Glass;3
01/01/2021;COT9;SINTRAM COM DMX200;EQ12;DMX200 MOD H3;OP51;CONSÓRCIO ÓTIMO DE BILHETAGEM ELETRÔNICA ;DF169;Subst. De Componente eletrônico;1
01/01/2021;COT2;Transcard;EQ16;PDM03;;;DF9;Ajuste e aperto de conexão;3
01/01/2021;COT2;Transcard;EQ16;PDM03;;;DF41;Envio para manutenção central-CTG;12
01/01/2021;COT2;Transcard;EQ16;PDM03;;;DF46;Formatação da memória e subst. FW;7
01/01/2021;COT2;Transcard;EQ16;PDM03;;;DF125;Subst. Botão on/off;4
01/01/2021;COT19;SÃO JOÃO;EQ39;DMX200L JI21 SEM BATERIA;OP67;SÃO JOÃO;DF41;Envio para manutenção central-CTG;3
01/01/2021;COT20;ROSA TURISMO;EQ39;DMX200L JI21 SEM BATERIA;OP66;ROSA TURISMO;DF115;Restauração da ROM via PC;13
01/01/2021;COT4;Setut;EQ14;DMX200 MOD H3.1;;;DF41;Envio para manutenção central-CTG;26
01/01/2021;COT22;Taguatur PM NOVO;EQ39;DMX200L JI21 SEM BATERIA;OP82;TAGUATUR;DF41;Envio para manutenção central-CTG;0
01/01/2021;COT22;Taguatur PM NOVO;EQ39;DMX200L JI21 SEM BATERIA;OP82;TAGUATUR;DF41;Envio para manutenção central-CTG;58
01/01/2021;COT3;TEU;EQ14;DMX200 MOD H3.1;;;DF37;Defeito não encontrado e subst. FW/SW;19
01/01/2021;COT3;TEU;EQ14;DMX200 MOD H3.1;;;DF41;Envio para manutenção central-CTG;9
01/01/2021;COT3;TEU;EQ14;DMX200 MOD H3.1;;;DF115;Restauração da ROM via PC;14
01/01/2021;COT24;GVBUS;EQ14;DMX200 MOD H3.1;;;DF37;Defeito não encontrado e subst. FW/SW;14
01/01/2021;COT24;GVBUS;EQ14;DMX200 MOD H3.1;;;DF41;Envio para manutenção central-CTG;64
01/01/2021;COT24;GVBUS;EQ14;DMX200 MOD H3.1;;;DF111;Ressolda ou solda fria;13
01/01/2021;COT24;GVBUS;EQ14;DMX200 MOD H3.1;;;DF117;Restauração de módulos via PC e/ou SdCard;13
01/01/2021;COT24;GVBUS;EQ14;DMX200 MOD H3.1;;;DF172;Subst. De Simcard (Chip GPRS);108
01/01/2021;COT25;COOTRAPS - CE;EQ14;DMX200 MOD H3.1;OP129;COOTRAPS;DF39;Enviados para manutenção central CTG;7
01/01/2021;COT25;COOTRAPS - CE;EQ14;DMX200 MOD H3.1;OP129;COOTRAPS;DF90;Reparo com formatação e subst. FW/SW;19
01/01/2021;COT19;SÃO JOÃO;EQ10;CONNECTION CCIT 4.0;OP67;SÃO JOÃO;DF59;Intervenções com Solda;6
01/01/2021;COT20;ROSA TURISMO;EQ10;CONNECTION CCIT 4.0;OP66;ROSA TURISMO;DF59;Intervenções com Solda;2
01/01/2021;COT1;Transfacil;EQ10;CONNECTION CCIT 4.0;;;DF37;Defeito não encontrado e subst. FW/SW;5
01/01/2021;COT1;Transfacil;EQ10;CONNECTION CCIT 4.0;;;DF88;Reparo com formatação e reinst. FW/SW;11
01/01/2021;COT1;Transfacil;EQ10;CONNECTION CCIT 4.0;;;DF169;Subst. De Componente eletrônico;1
01/01/2021;COT1;Transfacil;EQ10;CONNECTION CCIT 4.0;;;DF211;Subst. Do Equipamento completo;1
01/01/2021;COT2;Transcard;EQ10;CONNECTION CCIT 4.0;;;DF41;Envio para manutenção central-CTG;29
01/01/2021;COT2;Transcard;EQ10;CONNECTION CCIT 4.0;;;DF46;Formatação da memória e subst. FW;18
01/01/2021;COT2;Transcard;EQ10;CONNECTION CCIT 4.0;;;DF198;Subst. Do componente eletrônico;7
01/01/2021;COT2;Transcard;EQ10;CONNECTION CCIT 4.0;;;DF205;Subst. Do Conector Mini HDMI;2
01/01/2021;COT2;Transcard;EQ10;CONNECTION CCIT 4.0;;;DF206;Subst. Do Conector USB;1
01/01/2021;COT10;Metropolitano-Bahia;EQ10;CONNECTION CCIT 4.0;OP64;METROPOLITANO SSA;DF41;Envio para manutenção central-CTG;1
01/01/2021;COT10;Metropolitano-Bahia;EQ10;CONNECTION CCIT 4.0;OP64;METROPOLITANO SSA;DF88;Reparo com formatação e reinst. FW/SW;1
01/01/2021;COT19;SÃO JOÃO;EQ10;CONNECTION CCIT 4.0;OP67;SÃO JOÃO;DF59;Intervenções com Solda;3
01/01/2021;COT20;ROSA TURISMO;EQ10;CONNECTION CCIT 4.0;OP66;ROSA TURISMO;DF169;Subst. De Componente eletrônico;3
01/01/2021;COT24;GVBUS;EQ10;CONNECTION CCIT 4.0;;;DF41;Envio para manutenção central-CTG;31
01/01/2021;COT3;TEU;EQ22;V3000M;;;DF21;Atualização de FW ;1
01/01/2021;COT3;TEU;EQ22;V3000M;;;DF37;Defeito não encontrado e subst. FW/SW;66
01/01/2021;COT3;TEU;EQ22;V3000M;;;DF115;Restauração da ROM via PC;49
01/01/2021;COT3;TEU;EQ22;V3000M;;;DF232;Subst. Do SDCard;5
01/01/2021;COT3;TEU;EQ21;V3000L;;;DF21;Atualização de FW ;1
01/01/2021;COT3;TEU;EQ21;V3000L;;;DF115;Restauração da ROM via PC;1
01/01/2021;COT3;TEU;EQ26;V3000M DVR;;;DF21;Atualização de FW ;14
01/01/2021;COT3;TEU;EQ26;V3000M DVR;;;DF115;Restauração da ROM via PC;14
01/01/2021;COT1;Transfacil;EQ27;UT (FTV 3000);;;DF35;Defeito não encontrado / testes e liberação;5
01/01/2021;COT1;Transfacil;EQ27;UT (FTV 3000);;;DF37;Defeito não encontrado e subst. FW/SW;1
01/01/2021;COT1;Transfacil;EQ27;UT (FTV 3000);;;DF88;Reparo com formatação e reinst. FW/SW;1
01/01/2021;COT1;Transfacil;EQ27;UT (FTV 3000);;;DF169;Subst. De Componente eletrônico;8
01/01/2021;COT24;GVBUS;EQ33;POS MOVE 2500;;;DF41;Envio para manutenção central-CTG;17
01/01/2021;COT2;Transcard;EQ33;POS MOVE 2500;;;DF7;Ajuste do Módulo de Impressão;2
01/01/2021;COT2;Transcard;EQ33;POS MOVE 2500;;;DF41;Envio para manutenção central-CTG;11
01/01/2021;COT2;Transcard;EQ33;POS MOVE 2500;;;DF46;Formatação da memória e subst. FW;1
01/02/2021;COT7;Alagoinhas;EQ34;CCIT 4.0 FRONTAL H2.1 C SEM BATERIA;OP68;ALAGOINHAS;DF39;Enviados para manutenção central CTG;2
01/02/2021;COT7;Alagoinhas;EQ34;CCIT 4.0 FRONTAL H2.1 C SEM BATERIA;OP68;ALAGOINHAS;DF113;Restaura RAM via PC;11
01/02/2021;COT21;Araguarina;EQ35;CCIT 4.0 FRONTAL H2 COM BATERIA;OP81;VIAÇÃO ARAGUARINA;DF41;Envio para manutenção central-CTG;1
01/02/2021;COT12;DIVPASS;EQ6;CCIT 4.0 FRONTAL H2.1;OP124;DIVPASS;DF35;Defeito não encontrado / testes e liberação;1
01/02/2021;COT12;DIVPASS;EQ6;CCIT 4.0 FRONTAL H2.1;OP124;DIVPASS;DF37;Defeito não encontrado e subst. FW/SW;4
01/02/2021;COT11;Gov. Valadares;EQ6;CCIT 4.0 FRONTAL H2.1;OP53;VIAÇÃO MOBI;DF37;Defeito não encontrado e subst. FW/SW;5
01/02/2021;COT24;GVBUS;EQ28;ATM;OP108;GVBUS - SIND. DAS EMP. DE TRANP. METROP. DA GRANDE VITÓRIA;DF62;Limpeza no recolhedor de notas e no cash box;22
01/02/2021;COT24;GVBUS;EQ28;ATM;OP108;GVBUS - SIND. DAS EMP. DE TRANP. METROP. DA GRANDE VITÓRIA;DF65;Manutenção Cofre;2
01/02/2021;COT24;GVBUS;EQ28;ATM;OP108;GVBUS - SIND. DAS EMP. DE TRANP. METROP. DA GRANDE VITÓRIA;DF236;Subst. Do Teclado de Metal Frontal;1
01/02/2021;COT24;GVBUS;EQ6;CCIT 4.0 FRONTAL H2.1;;;DF41;Envio para manutenção central-CTG;8
01/02/2021;COT24;GVBUS;EQ6;CCIT 4.0 FRONTAL H2.1;;;DF46;Formatação da memória e subst. FW;26
01/02/2021;COT24;GVBUS;EQ6;CCIT 4.0 FRONTAL H2.1;;;DF88;Reparo com formatação e reinst. FW/SW;68
01/02/2021;COT24;GVBUS;EQ6;CCIT 4.0 FRONTAL H2.1;;;DF97;Ressolda;4
01/02/2021;COT24;GVBUS;EQ6;CCIT 4.0 FRONTAL H2.1;;;DF211;Subst. Do Equipamento completo;10
01/02/2021;COT6;Metro-Bahia;EQ28;ATM;OP63;METRO-BAHIA;DF4;Ajuste da Porta do Cofre;1
01/02/2021;COT6;Metro-Bahia;EQ28;ATM;OP63;METRO-BAHIA;DF143;Subst. da Impressora;4
01/02/2021;COT6;Metro-Bahia;EQ28;ATM;OP63;METRO-BAHIA;DF218;Subst. Do Monitor;1
01/02/2021;COT6;Metro-Bahia;EQ28;ATM;OP63;METRO-BAHIA;DF231;Subst. Do PINpad;1
01/02/2021;COT6;Metro-Bahia;EQ28;ATM;OP63;METRO-BAHIA;DF237;Subst. Do Validador de Notas;15
01/02/2021;COT6;Metro-Bahia;EQ37;CCIT 3.13 BLOQUEIO;OP63;METRO-BAHIA;DF132;Subst. Da Bateria de Lithium;2
01/02/2021;COT6;Metro-Bahia;EQ9;CCIT 4.0 (BLOQUEIO) FRONTAL H1;OP63;METRO-BAHIA;DF113;Restaura RAM via PC;1
01/02/2021;COT5;METROFOR/ VLT FORTALEZA;EQ38;CCIT 4.0 METROFOR;OP105;METROFOR LINHA SUL;DF41;Envio para manutenção central-CTG;5
01/02/2021;COT10;Metropolitano-Bahia;EQ6;CCIT 4.0 FRONTAL H2.1;OP64;METROPOLITANO SSA;DF41;Envio para manutenção central-CTG;3
01/02/2021;COT10;Metropolitano-Bahia;EQ6;CCIT 4.0 FRONTAL H2.1;OP64;METROPOLITANO SSA;DF113;Restaura RAM via PC;7
01/02/2021;COT10;Metropolitano-Bahia;EQ6;CCIT 4.0 FRONTAL H2.1;OP64;METROPOLITANO SSA;DF209;Subst. Do Display;7
01/02/2021;COT20;ROSA TURISMO;EQ36;CCIT 4.0 FRONTAL H1 COM BATERIA;OP66;ROSA TURISMO;DF113;Restaura RAM via PC;8
01/02/2021;COT20;ROSA TURISMO;EQ36;CCIT 4.0 FRONTAL H1 COM BATERIA;OP66;ROSA TURISMO;DF101;Ressolda no circuito da placa MBCCIT;1
01/02/2021;COT20;ROSA TURISMO;EQ36;CCIT 4.0 FRONTAL H1 COM BATERIA;OP66;ROSA TURISMO;DF41;Envio para manutenção central-CTG;2
01/02/2021;COT19;SÃO JOÃO;EQ36;CCIT 4.0 FRONTAL H1 COM BATERIA;OP67;SÃO JOÃO;DF113;Restaura RAM via PC;7
01/02/2021;COT19;SÃO JOÃO;EQ36;CCIT 4.0 FRONTAL H1 COM BATERIA;OP67;SÃO JOÃO;DF41;Envio para manutenção central-CTG;2
01/02/2021;COT4;Setut;EQ6;CCIT 4.0 FRONTAL H2.1;;;DF41;Envio para manutenção central-CTG;4
01/02/2021;COT4;Setut;EQ6;CCIT 4.0 FRONTAL H2.1;;;DF60;Limpeza de cache;4
01/02/2021;COT18;Sindpautras;EQ6;CCIT 4.0 FRONTAL H2.1;OP48;SINDPAUTRAS-SIND. PERM. AUT. TRANSP. SU;DF37;Defeito não encontrado e subst. FW/SW;4
01/02/2021;COT18;Sindpautras;EQ6;CCIT 4.0 FRONTAL H2.1;OP48;SINDPAUTRAS-SIND. PERM. AUT. TRANSP. SU;DF88;Reparo com formatação e reinst. FW/SW;19
01/02/2021;COT18;Sindpautras;EQ6;CCIT 4.0 FRONTAL H2.1;OP48;SINDPAUTRAS-SIND. PERM. AUT. TRANSP. SU;DF169;Subst. De Componente eletrônico;1
01/02/2021;COT22;Taguatur;EQ8;CCIT 4.0 FRONTAL JI21 SEM BATERIA;OP82;TAGUATUR;DF41;Envio para manutenção central-CTG;12
01/02/2021;COT3;TEU;EQ3;CCIT 3.5;;;DF157;Subst. Da Placa FTCLess;1
01/02/2021;COT3;TEU;EQ36;CCIT 4.0 FRONTAL H1 COM BATERIA;;;DF41;Envio para manutenção central-CTG;9
01/02/2021;COT3;TEU;EQ36;CCIT 4.0 FRONTAL H1 COM BATERIA;;;DF60;Limpeza de cache;12
01/02/2021;COT3;TEU;EQ36;CCIT 4.0 FRONTAL H1 COM BATERIA;;;DF115;Restauração da ROM via PC;149
01/02/2021;COT3;TEU;EQ36;CCIT 4.0 FRONTAL H1 COM BATERIA;;;DF132;Subst. Da Bateria de Lithium;38
01/02/2021;COT2;Transcard;EQ28;ATM;OP61;Setps (Transcard);DF78;PC Reiniciado;2
01/02/2021;COT2;Transcard;EQ28;ATM;OP61;Setps (Transcard);DF143;Subst. da Impressora;1
01/02/2021;COT2;Transcard;EQ28;ATM;OP61;Setps (Transcard);DF153;Subst. Da Placa Fonte;2
01/02/2021;COT2;Transcard;EQ28;ATM;OP61;Setps (Transcard);DF228;Subst. Do PDV ATM;2
01/02/2021;COT2;Transcard;EQ28;ATM;OP61;Setps (Transcard);DF237;Subst. Do Validador de Notas;7
01/02/2021;COT2;Transcard;EQ6;CCIT 4.0 FRONTAL H2.1;;;DF41;Envio para manutenção central-CTG;44
01/02/2021;COT2;Transcard;EQ6;CCIT 4.0 FRONTAL H2.1;;;DF113;Restaura RAM via PC;43
01/02/2021;COT2;Transcard;EQ6;CCIT 4.0 FRONTAL H2.1;;;DF114;Restaura RAM via pendrive;8
01/02/2021;COT2;Transcard;EQ6;CCIT 4.0 FRONTAL H2.1;;;DF132;Subst. Da Bateria de Lithium;15
01/02/2021;COT2;Transcard;EQ6;CCIT 4.0 FRONTAL H2.1;;;DF211;Subst. Do Equipamento completo;45
01/02/2021;COT1;Transfacil;EQ28;ATM;OP27;TRANSFÁCIL;DF3;Ajuste da Cabeça de Impressão;1
01/02/2021;COT1;Transfacil;EQ28;ATM;OP27;TRANSFÁCIL;DF5;Ajuste da porta Externa;2
01/02/2021;COT1;Transfacil;EQ28;ATM;OP27;TRANSFÁCIL;DF37;Defeito não encontrado e subst. FW/SW;2
01/02/2021;COT1;Transfacil;EQ28;ATM;OP27;TRANSFÁCIL;DF66;Manutenção na Fechadura Eletrônica;1
01/02/2021;COT1;Transfacil;EQ28;ATM;OP27;TRANSFÁCIL;DF81;Preventiva Validador de Notas;1
01/02/2021;COT1;Transfacil;EQ28;ATM;OP27;TRANSFÁCIL;DF85;Reinstalação do Drive da Impressora;1
01/02/2021;COT1;Transfacil;EQ28;ATM;OP27;TRANSFÁCIL;DF128;Subst. Da antena Cless;2
01/02/2021;COT1;Transfacil;EQ28;ATM;OP27;TRANSFÁCIL;DF143;Subst. da Impressora;2
01/02/2021;COT1;Transfacil;EQ28;ATM;OP27;TRANSFÁCIL;DF153;Subst. Da Placa Fonte;1
01/02/2021;COT1;Transfacil;EQ28;ATM;OP27;TRANSFÁCIL;DF197;Subst. Do Cofre;3
01/02/2021;COT1;Transfacil;EQ28;ATM;OP27;TRANSFÁCIL;DF218;Subst. Do Monitor;1
01/02/2021;COT1;Transfacil;EQ28;ATM;OP27;TRANSFÁCIL;DF228;Subst. Do PDV ATM;1
01/02/2021;COT1;Transfacil;EQ28;ATM;OP27;TRANSFÁCIL;DF237;Subst. Do Validador de Notas;3
01/02/2021;COT1;Transfacil;EQ6;CCIT 4.0 FRONTAL H2.1;;;DF9;Ajuste e aperto de conexão;2
01/02/2021;COT1;Transfacil;EQ6;CCIT 4.0 FRONTAL H2.1;;;DF35;Defeito não encontrado / testes e liberação;1
01/02/2021;COT1;Transfacil;EQ6;CCIT 4.0 FRONTAL H2.1;;;DF37;Defeito não encontrado e subst. FW/SW;5
01/02/2021;COT1;Transfacil;EQ6;CCIT 4.0 FRONTAL H2.1;;;DF88;Reparo com formatação e reinst. FW/SW;82
01/02/2021;COT1;Transfacil;EQ6;CCIT 4.0 FRONTAL H2.1;;;DF108;Ressolda no circuito da placa-mãe;1
01/02/2021;COT1;Transfacil;EQ6;CCIT 4.0 FRONTAL H2.1;;;DF136;Subst. Da Carcaça inferior;1
01/02/2021;COT1;Transfacil;EQ6;CCIT 4.0 FRONTAL H2.1;;;DF238;Subst. Do Vidro CCIT V4.0;11
01/02/2021;COT23;UTB;EQ6;CCIT 4.0 FRONTAL H2.1;OP83;UTB;DF41;Envio para manutenção central-CTG;16
01/02/2021;COT16;Via Ouro;EQ3;CCIT 3.5;OP49;VIA OURO COLETIVOS LTDA;DF88;Reparo com formatação e reinst. FW/SW;2
01/02/2021;COT1;Transfacil;EQ14;DMX200 MOD H3.1;;;DF37;Defeito não encontrado e subst. FW/SW;2
01/02/2021;COT1;Transfacil;EQ14;DMX200 MOD H3.1;;;DF41;Envio para manutenção central-CTG;30
01/02/2021;COT1;Transfacil;EQ14;DMX200 MOD H3.1;;;DF88;Reparo com formatação e reinst. FW/SW;116
01/02/2021;COT9;SINTRAM SEM DMX200;EQ16;PDM03;OP51;CONSÓRCIO ÓTIMO DE BILHETAGEM ELETRÔNICA ;DF35;Defeito não encontrado / testes e liberação;1
01/02/2021;COT9;SINTRAM SEM DMX200;EQ16;PDM03;OP51;CONSÓRCIO ÓTIMO DE BILHETAGEM ELETRÔNICA ;DF37;Defeito não encontrado e subst. FW/SW;3
01/02/2021;COT9;SINTRAM SEM DMX200;EQ16;PDM03;OP51;CONSÓRCIO ÓTIMO DE BILHETAGEM ELETRÔNICA ;DF88;Reparo com formatação e reinst. FW/SW;64
01/02/2021;COT9;SINTRAM SEM DMX200;EQ16;PDM03;OP51;CONSÓRCIO ÓTIMO DE BILHETAGEM ELETRÔNICA ;DF135;Subst. Da Carcaça frontal;1
01/02/2021;COT9;SINTRAM SEM DMX200;EQ16;PDM03;OP51;CONSÓRCIO ÓTIMO DE BILHETAGEM ELETRÔNICA ;DF169;Subst. De Componente eletrônico;6
01/02/2021;COT9;SINTRAM SEM DMX200;EQ16;PDM03;OP51;CONSÓRCIO ÓTIMO DE BILHETAGEM ELETRÔNICA ;DF209;Subst. Do Display;2
01/02/2021;COT9;SINTRAM SEM DMX200;EQ16;PDM03;OP51;CONSÓRCIO ÓTIMO DE BILHETAGEM ELETRÔNICA ;DF211;Subst. Do Equipamento completo;1
01/02/2021;COT9;SINTRAM COM DMX200;EQ12;DMX200 MOD H3;OP51;CONSÓRCIO ÓTIMO DE BILHETAGEM ELETRÔNICA ;DF35;Defeito não encontrado / testes e liberação;1
01/02/2021;COT9;SINTRAM COM DMX200;EQ12;DMX200 MOD H3;OP51;CONSÓRCIO ÓTIMO DE BILHETAGEM ELETRÔNICA ;DF37;Defeito não encontrado e subst. FW/SW;1
01/02/2021;COT9;SINTRAM COM DMX200;EQ12;DMX200 MOD H3;OP51;CONSÓRCIO ÓTIMO DE BILHETAGEM ELETRÔNICA ;DF41;Envio para manutenção central-CTG;15
01/02/2021;COT9;SINTRAM COM DMX200;EQ12;DMX200 MOD H3;OP51;CONSÓRCIO ÓTIMO DE BILHETAGEM ELETRÔNICA ;DF88;Reparo com formatação e reinst. FW/SW;59
01/02/2021;COT2;Transcard;EQ16;PDM03;;;DF9;Ajuste e aperto de conexão;3
01/02/2021;COT2;Transcard;EQ16;PDM03;;;DF22;Atualização de pacote;14
01/02/2021;COT2;Transcard;EQ16;PDM03;;;DF41;Envio para manutenção central-CTG;4
01/02/2021;COT2;Transcard;EQ16;PDM03;;;DF125;Subst. Botão on/off;5
01/02/2021;COT19;SÃO JOÃO;EQ39;DMX200L JI21 SEM BATERIA;OP67;SÃO JOÃO;DF115;Restauração da ROM via PC;2
01/02/2021;COT19;SÃO JOÃO;EQ39;DMX200L JI21 SEM BATERIA;OP67;SÃO JOÃO;DF41;Envio para manutenção central-CTG;7
01/02/2021;COT20;ROSA TURISMO;EQ39;DMX200L JI21 SEM BATERIA;OP66;ROSA TURISMO;DF115;Restauração da ROM via PC;4
01/02/2021;COT20;ROSA TURISMO;EQ39;DMX200L JI21 SEM BATERIA;OP66;ROSA TURISMO;DF41;Envio para manutenção central-CTG;8
01/02/2021;COT22;Taguatur PM NOVO;EQ39;DMX200L JI21 SEM BATERIA;OP82;TAGUATUR;DF41;Envio para manutenção central-CTG;11
01/02/2021;COT3;TEU;EQ14;DMX200 MOD H3.1;;;DF21;Atualização de FW ;12
01/02/2021;COT3;TEU;EQ14;DMX200 MOD H3.1;;;DF41;Envio para manutenção central-CTG;6
01/02/2021;COT3;TEU;EQ14;DMX200 MOD H3.1;;;DF115;Restauração da ROM via PC;10
01/02/2021;COT24;GVBUS;EQ14;DMX200 MOD H3.1;;;DF8;Ajuste do monitor;4
01/02/2021;COT24;GVBUS;EQ14;DMX200 MOD H3.1;;;DF41;Envio para manutenção central-CTG;147
01/02/2021;COT24;GVBUS;EQ14;DMX200 MOD H3.1;;;DF46;Formatação da memória e subst. FW;366
01/02/2021;COT24;GVBUS;EQ14;DMX200 MOD H3.1;;;DF97;Ressolda;17
01/02/2021;COT24;GVBUS;EQ14;DMX200 MOD H3.1;;;DF117;Restauração de módulos via PC e/ou SdCard;29
01/02/2021;COT12;DIVPASS;EQ13;DMX200L;OP124;DIVPASS;DF90;Reparo com formatação e subst. FW/SW;3
01/02/2021;COT12;DIVPASS;EQ13;DMX200L;OP124;DIVPASS;DF169;Subst. De Componente eletrônico;4
01/02/2021;COT11;Gov. Valadares;EQ13;DMX200L;OP53;VIAÇÃO MOBI;DF88;Reparo com formatação e reinst. FW/SW;14
01/02/2021;COT11;Gov. Valadares;EQ13;DMX200L;OP53;VIAÇÃO MOBI;DF209;Subst. Do Display;9
01/02/2021;COT25;COOTRAPS - CE;EQ14;DMX200 MOD H3.1;OP129;COOTRAPS;DF39;Enviados para manutenção central CTG;20
01/02/2021;COT25;COOTRAPS - CE;EQ14;DMX200 MOD H3.1;OP129;COOTRAPS;DF90;Reparo com formatação e subst. FW/SW;47
01/02/2021;COT1;Transfacil;EQ10;CONNECTION CCIT 4.0;;;DF88;Reparo com formatação e reinst. FW/SW;22
01/02/2021;COT1;Transfacil;EQ10;CONNECTION CCIT 4.0;;;DF102;Ressolda na Placa Connection;1
01/02/2021;COT1;Transfacil;EQ10;CONNECTION CCIT 4.0;;;DF169;Subst. De Componente eletrônico;1
01/02/2021;COT2;Transcard;EQ10;CONNECTION CCIT 4.0;;;DF21;Atualização de FW ;26
01/02/2021;COT2;Transcard;EQ10;CONNECTION CCIT 4.0;;;DF41;Envio para manutenção central-CTG;14
01/02/2021;COT2;Transcard;EQ10;CONNECTION CCIT 4.0;;;DF127;Subst. Conector USB;3
01/02/2021;COT10;Metropolitano-Bahia;EQ10;CONNECTION CCIT 4.0;OP64;METROPOLITANO SSA;DF21;Atualização de FW ;4
01/02/2021;COT10;Metropolitano-Bahia;EQ10;CONNECTION CCIT 4.0;OP64;METROPOLITANO SSA;DF41;Envio para manutenção central-CTG;1
01/02/2021;COT10;Metropolitano-Bahia;EQ10;CONNECTION CCIT 4.0;OP64;METROPOLITANO SSA;DF206;Subst. Do Conector USB;1
01/02/2021;COT19;SÃO JOÃO;EQ10;CONNECTION CCIT 4.0;OP67;SÃO JOÃO;DF41;Envio para manutenção central-CTG;2
01/02/2021;COT19;SÃO JOÃO;EQ10;CONNECTION CCIT 4.0;OP67;SÃO JOÃO;DF256;Subst. de Fusível;2
01/02/2021;COT19;SÃO JOÃO;EQ10;CONNECTION CCIT 4.0;OP67;SÃO JOÃO;DF59;Intervenções com Solda;1
01/02/2021;COT20;ROSA TURISMO;EQ10;CONNECTION CCIT 4.0;OP66;ROSA TURISMO;DF46;Formatação da memória e subst. FW;1
01/02/2021;COT20;ROSA TURISMO;EQ10;CONNECTION CCIT 4.0;OP66;ROSA TURISMO;DF256;Subst. de Fusível;3
01/02/2021;COT20;ROSA TURISMO;EQ10;CONNECTION CCIT 4.0;OP66;ROSA TURISMO;DF59;Intervenções com Solda;1
01/02/2021;COT24;GVBUS;EQ10;CONNECTION CCIT 4.0;;;DF41;Envio para manutenção central-CTG;1
01/02/2021;COT24;GVBUS;EQ10;CONNECTION CCIT 4.0;;;DF46;Formatação da memória e subst. FW;16
01/02/2021;COT24;GVBUS;EQ10;CONNECTION CCIT 4.0;;;DF211;Subst. Do Equipamento completo;1
01/02/2021;COT3;TEU;EQ22;V3000M;;;DF21;Atualização de FW ;63
01/02/2021;COT3;TEU;EQ22;V3000M;;;DF41;Envio para manutenção central-CTG;7
01/02/2021;COT3;TEU;EQ22;V3000M;;;DF115;Restauração da ROM via PC;61
01/02/2021;COT3;TEU;EQ22;V3000M;;;DF232;Subst. Do SDCard;1
01/02/2021;COT3;TEU;EQ21;V3000L;;;DF21;Atualização de FW ;14
01/02/2021;COT3;TEU;EQ21;V3000L;;;DF115;Restauração da ROM via PC;14
01/02/2021;COT3;TEU;EQ21;V3000L;;;DF232;Subst. Do SDCard;1
01/02/2021;COT3;TEU;EQ26;V3000M DVR;;;DF21;Atualização de FW ;2
01/02/2021;COT3;TEU;EQ26;V3000M DVR;;;DF115;Restauração da ROM via PC;2
01/02/2021;COT3;TEU;EQ26;V3000M DVR;;;DF41;Envio para manutenção central-CTG;1
01/02/2021;COT1;Transfacil;EQ27;UT (FTV 3000);;;DF1;Adaptação da solenóide;1
01/02/2021;COT1;Transfacil;EQ27;UT (FTV 3000);;;DF35;Defeito não encontrado / testes e liberação;2
01/02/2021;COT1;Transfacil;EQ27;UT (FTV 3000);;;DF88;Reparo com formatação e reinst. FW/SW;1
01/02/2021;COT1;Transfacil;EQ27;UT (FTV 3000);;;DF169;Subst. De Componente eletrônico;2
01/02/2021;COT24;GVBUS;EQ33;POS MOVE 2500;;;DF41;Envio para manutenção central-CTG;22
01/02/2021;COT10;Metropolitano-Bahia;EQ31;POS 250;OP64;METROPOLITANO SSA;DF7;Ajuste do Módulo de Impressão;3
01/02/2021;COT10;Metropolitano-Bahia;EQ31;POS 250;OP64;METROPOLITANO SSA;DF41;Envio para manutenção central-CTG;1
01/02/2021;COT10;Metropolitano-Bahia;EQ31;POS 250;OP64;METROPOLITANO SSA;DF46;Formatação da memória e subst. FW;3
01/02/2021;COT2;Transcard;EQ31;POS 250;;;DF7;Ajuste do Módulo de Impressão;4
01/02/2021;COT2;Transcard;EQ31;POS 250;;;DF41;Envio para manutenção central-CTG;5
01/02/2021;COT2;Transcard;EQ31;POS 250;;;DF46;Formatação da memória e subst. FW;9
01/03/2021;COT7;Alagoinhas;EQ34;CCIT 4.0 FRONTAL H2.1 C SEM BATERIA;OP68;ALAGOINHAS;DF39;Enviados para manutenção central CTG;1
01/03/2021;COT7;Alagoinhas;EQ34;CCIT 4.0 FRONTAL H2.1 C SEM BATERIA;OP68;ALAGOINHAS;DF113;Restaura RAM via PC;5
01/03/2021;COT21;Araguarina;EQ35;CCIT 4.0 FRONTAL H2 COM BATERIA;OP81;VIAÇÃO ARAGUARINA;DF41;Envio para manutenção central-CTG;1
01/03/2021;COT8;CBTU;EQ1;CCIT 3.0;OP47;CBTU - COMPANHIA BRASILEIRA DE TRENS URBANOS;DF88;Reparo com formatação e reinst. FW/SW;1
01/03/2021;COT8;CBTU;EQ1;CCIT 3.0;OP47;CBTU - COMPANHIA BRASILEIRA DE TRENS URBANOS;DF108;Ressolda no circuito da placa-mãe;3
01/03/2021;COT8;CBTU;EQ1;CCIT 3.0;OP47;CBTU - COMPANHIA BRASILEIRA DE TRENS URBANOS;DF129;Subst. Da Antena Cless e adesivo frontal;1
01/03/2021;COT8;CBTU;EQ1;CCIT 3.0;OP47;CBTU - COMPANHIA BRASILEIRA DE TRENS URBANOS;DF159;Subst. Da placa FtctlessGPS;1
01/03/2021;COT8;CBTU;EQ1;CCIT 3.0;OP47;CBTU - COMPANHIA BRASILEIRA DE TRENS URBANOS;DF169;Subst. De Componente eletrônico;1
01/03/2021;COT8;CBTU;EQ1;CCIT 3.0;OP47;CBTU - COMPANHIA BRASILEIRA DE TRENS URBANOS;DF211;Subst. Do Equipamento completo;2
01/03/2021;COT12;DIVPASS;EQ6;CCIT 4.0 FRONTAL H2.1;OP124;DIVPASS;DF35;Defeito não encontrado / testes e liberação;1
01/03/2021;COT12;DIVPASS;EQ6;CCIT 4.0 FRONTAL H2.1;OP124;DIVPASS;DF37;Defeito não encontrado e subst. FW/SW;9
01/03/2021;COT12;DIVPASS;EQ6;CCIT 4.0 FRONTAL H2.1;OP124;DIVPASS;DF117;Restauração de módulos via PC e/ou SdCard;6
01/03/2021;COT12;DIVPASS;EQ6;CCIT 4.0 FRONTAL H2.1;OP124;DIVPASS;DF169;Subst. De Componente eletrônico;1
01/03/2021;COT12;DIVPASS;EQ6;CCIT 4.0 FRONTAL H2.1;OP124;DIVPASS;DF209;Subst. Do Display;2
01/03/2021;COT11;Gov. Valadares;EQ6;CCIT 4.0 FRONTAL H2.1;OP53;VIAÇÃO MOBI;DF37;Defeito não encontrado e subst. FW/SW;5
01/03/2021;COT24;GVBUS;EQ28;ATM;OP108;GVBUS - SIND. DAS EMP. DE TRANP. METROP. DA GRANDE VITÓRIA;DF68;Manutenção no Dispenser;3
01/03/2021;COT24;GVBUS;EQ28;ATM;OP108;GVBUS - SIND. DAS EMP. DE TRANP. METROP. DA GRANDE VITÓRIA;DF81;Preventiva Validador de Notas;7
01/03/2021;COT24;GVBUS;EQ28;ATM;OP108;GVBUS - SIND. DAS EMP. DE TRANP. METROP. DA GRANDE VITÓRIA;DF143;Subst. da Impressora;2
01/03/2021;COT24;GVBUS;EQ28;ATM;OP108;GVBUS - SIND. DAS EMP. DE TRANP. METROP. DA GRANDE VITÓRIA;DF237;Subst. Do Validador de Notas;3
01/03/2021;COT24;GVBUS;EQ6;CCIT 4.0 FRONTAL H2.1;;;DF41;Envio para manutenção central-CTG;7
01/03/2021;COT24;GVBUS;EQ6;CCIT 4.0 FRONTAL H2.1;;;DF117;Restauração de módulos via PC e/ou SdCard;40
01/03/2021;COT24;GVBUS;EQ6;CCIT 4.0 FRONTAL H2.1;;;DF211;Subst. Do Equipamento completo;6
01/03/2021;COT6;Metro-Bahia;EQ28;ATM;OP63;METRO-BAHIA;DF7;Ajuste do Módulo de Impressão;1
01/03/2021;COT6;Metro-Bahia;EQ28;ATM;OP63;METRO-BAHIA;DF143;Subst. da Impressora;3
01/03/2021;COT6;Metro-Bahia;EQ28;ATM;OP63;METRO-BAHIA;DF237;Subst. Do Validador de Notas;21
01/03/2021;COT6;Metro-Bahia;EQ9;CCIT 4.0 (BLOQUEIO) FRONTAL H1;OP63;METRO-BAHIA;DF41;Envio para manutenção central-CTG;2
01/03/2021;COT6;Metro-Bahia;EQ9;CCIT 4.0 (BLOQUEIO) FRONTAL H1;OP63;METRO-BAHIA;DF113;Restaura RAM via PC;3
01/03/2021;COT5;METROFOR/ VLT FORTALEZA;EQ38;CCIT 4.0 METROFOR;OP105;METROFOR LINHA SUL;DF41;Envio para manutenção central-CTG;10
01/03/2021;COT5;METROFOR/ VLT FORTALEZA;EQ38;CCIT 4.0 METROFOR;OP105;METROFOR LINHA SUL;DF113;Restaura RAM via PC;2
01/03/2021;COT10;Metropolitano-Bahia;EQ6;CCIT 4.0 FRONTAL H2.1;OP64;METROPOLITANO SSA;DF41;Envio para manutenção central-CTG;4
01/03/2021;COT10;Metropolitano-Bahia;EQ6;CCIT 4.0 FRONTAL H2.1;OP64;METROPOLITANO SSA;DF113;Restaura RAM via PC;14
01/03/2021;COT10;Metropolitano-Bahia;EQ6;CCIT 4.0 FRONTAL H2.1;OP64;METROPOLITANO SSA;DF114;Restaura RAM via pendrive;4
01/03/2021;COT20;ROSA TURISMO;EQ36;CCIT 4.0 FRONTAL H1 COM BATERIA;OP66;ROSA TURISMO;DF41;Envio para manutenção central-CTG;3
01/03/2021;COT20;ROSA TURISMO;EQ36;CCIT 4.0 FRONTAL H1 COM BATERIA;OP66;ROSA TURISMO;DF101;Ressolda Mbccit;1
01/03/2021;COT20;ROSA TURISMO;EQ36;CCIT 4.0 FRONTAL H1 COM BATERIA;OP66;ROSA TURISMO;DF113;Restaura RAM via PC;7
01/03/2021;COT19;SÃO JOÃO;EQ36;CCIT 4.0 FRONTAL H1 COM BATERIA;OP67;SÃO JOÃO;DF41;Envio para manutenção central-CTG;2
01/03/2021;COT19;SÃO JOÃO;EQ36;CCIT 4.0 FRONTAL H1 COM BATERIA;OP67;SÃO JOÃO;DF113;Restaura RAM via PC;7
01/03/2021;COT19;SÃO JOÃO;EQ36;CCIT 4.0 FRONTAL H1 COM BATERIA;OP67;SÃO JOÃO;DF209;Subst. Do Display;2
01/03/2021;COT4;Setut;EQ6;CCIT 4.0 FRONTAL H2.1;;;DF41;Envio para manutenção central-CTG;18
01/03/2021;COT4;Setut;EQ6;CCIT 4.0 FRONTAL H2.1;;;DF60;Limpeza de cache;2
01/03/2021;COT4;Setut;EQ6;CCIT 4.0 FRONTAL H2.1;;;DF113;Restaura RAM via PC;1
01/03/2021;COT18;Sindpautras;EQ6;CCIT 4.0 FRONTAL H2.1;OP48;SINDPAUTRAS-SIND. PERM. AUT. TRANSP. SU;DF9;Ajuste e aperto de conexão;1
01/03/2021;COT18;Sindpautras;EQ6;CCIT 4.0 FRONTAL H2.1;OP48;SINDPAUTRAS-SIND. PERM. AUT. TRANSP. SU;DF35;Defeito não encontrado / testes e liberação;1
01/03/2021;COT18;Sindpautras;EQ6;CCIT 4.0 FRONTAL H2.1;OP48;SINDPAUTRAS-SIND. PERM. AUT. TRANSP. SU;DF37;Defeito não encontrado e subst. FW/SW;3
01/03/2021;COT18;Sindpautras;EQ6;CCIT 4.0 FRONTAL H2.1;OP48;SINDPAUTRAS-SIND. PERM. AUT. TRANSP. SU;DF88;Reparo com formatação e reinst. FW/SW;12
01/03/2021;COT18;Sindpautras;EQ6;CCIT 4.0 FRONTAL H2.1;OP48;SINDPAUTRAS-SIND. PERM. AUT. TRANSP. SU;DF169;Subst. De Componente eletrônico;1
01/03/2021;COT18;Sindpautras;EQ6;CCIT 4.0 FRONTAL H2.1;OP48;SINDPAUTRAS-SIND. PERM. AUT. TRANSP. SU;DF216;Subst. Do Módulo H2;1
01/03/2021;COT22;Taguatur;EQ8;CCIT 4.0 FRONTAL JI21 SEM BATERIA;OP82;TAGUATUR;DF41;Envio para manutenção central-CTG;2
01/03/2021;COT3;TEU;EQ3;CCIT 3.5;;;DF21;Atualização de FW ;3
01/03/2021;COT3;TEU;EQ3;CCIT 3.5;;;DF157;Subst. Da Placa FTCLess;1
01/03/2021;COT3;TEU;EQ36;CCIT 4.0 FRONTAL H1 COM BATERIA;;;DF41;Envio para manutenção central-CTG;10
01/03/2021;COT3;TEU;EQ36;CCIT 4.0 FRONTAL H1 COM BATERIA;;;DF60;Limpeza de cache;11
01/03/2021;COT3;TEU;EQ36;CCIT 4.0 FRONTAL H1 COM BATERIA;;;DF115;Restauração da ROM via PC;173
01/03/2021;COT3;TEU;EQ36;CCIT 4.0 FRONTAL H1 COM BATERIA;;;DF132;Subst. Da Bateria de Lithium;21
01/03/2021;COT3;TEU;EQ36;CCIT 4.0 FRONTAL H1 COM BATERIA;;;DF136;Subst. Da Carcaça inferior;1
01/03/2021;COT2;Transcard;EQ28;ATM;OP61;Setps (Transcard);DF77;PC ATM Travado;3
01/03/2021;COT2;Transcard;EQ28;ATM;OP61;Setps (Transcard);DF143;Subst. da Impressora;1
01/03/2021;COT2;Transcard;EQ28;ATM;OP61;Setps (Transcard);DF228;Subst. Do PDV ATM;1
01/03/2021;COT2;Transcard;EQ28;ATM;OP61;Setps (Transcard);DF231;Subst. Do PINpad;1
01/03/2021;COT2;Transcard;EQ28;ATM;OP61;Setps (Transcard);DF237;Subst. Do Validador de Notas;15
01/03/2021;COT2;Transcard;EQ6;CCIT 4.0 FRONTAL H2.1;;;DF41;Envio para manutenção central-CTG;32
01/03/2021;COT2;Transcard;EQ6;CCIT 4.0 FRONTAL H2.1;;;DF113;Restaura RAM via PC;51
01/03/2021;COT2;Transcard;EQ6;CCIT 4.0 FRONTAL H2.1;;;DF114;Restaura RAM via pendrive;12
01/03/2021;COT2;Transcard;EQ6;CCIT 4.0 FRONTAL H2.1;;;DF132;Subst. Da Bateria de Lithium;15
01/03/2021;COT2;Transcard;EQ6;CCIT 4.0 FRONTAL H2.1;;;DF216;Subst. Do Módulo H2;11
01/03/2021;COT1;Transfacil;EQ28;ATM;OP27;TRANSFÁCIL;DF5;Ajuste da porta Externa;2
01/03/2021;COT1;Transfacil;EQ28;ATM;OP27;TRANSFÁCIL;DF37;Defeito não encontrado e subst. FW/SW;2
01/03/2021;COT1;Transfacil;EQ28;ATM;OP27;TRANSFÁCIL;DF65;Manutenção Cofre;2
01/03/2021;COT1;Transfacil;EQ28;ATM;OP27;TRANSFÁCIL;DF67;Manutenção na Impressora;2
01/03/2021;COT1;Transfacil;EQ28;ATM;OP27;TRANSFÁCIL;DF68;Manutenção no Dispenser;1
01/03/2021;COT1;Transfacil;EQ28;ATM;OP27;TRANSFÁCIL;DF69;Manutenção no Sensor de Porta;2
01/03/2021;COT1;Transfacil;EQ28;ATM;OP27;TRANSFÁCIL;DF81;Preventiva Validador de Notas;9
01/03/2021;COT1;Transfacil;EQ28;ATM;OP27;TRANSFÁCIL;DF85;Reinstalação do Drive da Impressora;1
01/03/2021;COT1;Transfacil;EQ28;ATM;OP27;TRANSFÁCIL;DF128;Subst. Da antena Cless;3
01/03/2021;COT1;Transfacil;EQ28;ATM;OP27;TRANSFÁCIL;DF143;Subst. da Impressora;1
01/03/2021;COT1;Transfacil;EQ28;ATM;OP27;TRANSFÁCIL;DF165;Subst. Da Placa-mãe;1
01/03/2021;COT1;Transfacil;EQ28;ATM;OP27;TRANSFÁCIL;DF177;Subst. Do Cabeçote da Impressora;3
01/03/2021;COT1;Transfacil;EQ28;ATM;OP27;TRANSFÁCIL;DF197;Subst. Do Cofre;1
01/03/2021;COT1;Transfacil;EQ28;ATM;OP27;TRANSFÁCIL;DF208;Subst. Do Dispenser do cartão;1
01/03/2021;COT1;Transfacil;EQ28;ATM;OP27;TRANSFÁCIL;DF212;Subst. Do HD;1
01/03/2021;COT1;Transfacil;EQ28;ATM;OP27;TRANSFÁCIL;DF218;Subst. Do Monitor;1
01/03/2021;COT1;Transfacil;EQ28;ATM;OP27;TRANSFÁCIL;DF227;Subst. Do PC ATM;1
01/03/2021;COT1;Transfacil;EQ28;ATM;OP27;TRANSFÁCIL;DF228;Subst. Do PDV ATM;2
01/03/2021;COT1;Transfacil;EQ28;ATM;OP27;TRANSFÁCIL;DF236;Subst. Do Teclado de Metal Frontal;2
01/03/2021;COT1;Transfacil;EQ28;ATM;OP27;TRANSFÁCIL;DF237;Subst. Do Validador de Notas;9
01/03/2021;COT1;Transfacil;EQ6;CCIT 4.0 FRONTAL H2.1;;;DF9;Ajuste e aperto de conexão;2
01/03/2021;COT1;Transfacil;EQ6;CCIT 4.0 FRONTAL H2.1;;;DF35;Defeito não encontrado / testes e liberação;1
01/03/2021;COT1;Transfacil;EQ6;CCIT 4.0 FRONTAL H2.1;;;DF37;Defeito não encontrado e subst. FW/SW;4
01/03/2021;COT1;Transfacil;EQ6;CCIT 4.0 FRONTAL H2.1;;;DF88;Reparo com formatação e reinst. FW/SW;80
01/03/2021;COT1;Transfacil;EQ6;CCIT 4.0 FRONTAL H2.1;;;DF108;Ressolda no circuito da placa-mãe;1
01/03/2021;COT1;Transfacil;EQ6;CCIT 4.0 FRONTAL H2.1;;;DF136;Subst. Da Carcaça inferior;1
01/03/2021;COT1;Transfacil;EQ6;CCIT 4.0 FRONTAL H2.1;;;DF238;Subst. Do Vidro CCIT V4.0;11
01/03/2021;COT23;UTB;EQ6;CCIT 4.0 FRONTAL H2.1;OP83;UTB;DF41;Envio para manutenção central-CTG;14
01/03/2021;COT16;Via Ouro;EQ3;CCIT 3.5;OP49;VIA OURO COLETIVOS LTDA;DF88;Reparo com formatação e reinst. FW/SW;2
01/03/2021;COT16;Via Ouro;EQ3;CCIT 3.5;OP49;VIA OURO COLETIVOS LTDA;DF108;Ressolda no circuito da placa-mãe;1
01/03/2021;COT1;Transfacil;EQ14;DMX200 MOD H3.1;;;DF35;Defeito não encontrado / testes e liberação;1
01/03/2021;COT1;Transfacil;EQ14;DMX200 MOD H3.1;;;DF41;Envio para manutenção central-CTG;15
01/03/2021;COT1;Transfacil;EQ14;DMX200 MOD H3.1;;;DF88;Reparo com formatação e reinst. FW/SW;114
01/03/2021;COT9;SINTRAM SEM DMX200;EQ16;PDM03;OP51;CONSÓRCIO ÓTIMO DE BILHETAGEM ELETRÔNICA ;DF37;Defeito não encontrado e subst. FW/SW;2
01/03/2021;COT9;SINTRAM SEM DMX200;EQ16;PDM03;OP51;CONSÓRCIO ÓTIMO DE BILHETAGEM ELETRÔNICA ;DF88;Reparo com formatação e reinst. FW/SW;27
01/03/2021;COT9;SINTRAM SEM DMX200;EQ16;PDM03;OP51;CONSÓRCIO ÓTIMO DE BILHETAGEM ELETRÔNICA ;DF169;Subst. De Componente eletrônico;45
01/03/2021;COT9;SINTRAM COM DMX200;EQ12;DMX200 MOD H3;OP51;CONSÓRCIO ÓTIMO DE BILHETAGEM ELETRÔNICA ;DF41;Envio para manutenção central-CTG;2
01/03/2021;COT9;SINTRAM COM DMX200;EQ12;DMX200 MOD H3;OP51;CONSÓRCIO ÓTIMO DE BILHETAGEM ELETRÔNICA ;DF88;Reparo com formatação e reinst. FW/SW;14
01/03/2021;COT2;Transcard;EQ16;PDM03;;;DF9;Ajuste e aperto de conexão;3
01/03/2021;COT2;Transcard;EQ16;PDM03;;;DF41;Envio para manutenção central-CTG;6
01/03/2021;COT2;Transcard;EQ16;PDM03;;;DF46;Formatação da memória e subst. FW;13
01/03/2021;COT2;Transcard;EQ16;PDM03;;;DF125;Subst. Botão on/off;4
01/03/2021;COT19;SÃO JOÃO;EQ39;DMX200L JI21 SEM BATERIA;OP67;SÃO JOÃO;DF41;Envio para manutenção central-CTG;7
01/03/2021;COT19;SÃO JOÃO;EQ39;DMX200L JI21 SEM BATERIA;OP67;SÃO JOÃO;DF97;Ressolda;10
01/03/2021;COT19;SÃO JOÃO;EQ39;DMX200L JI21 SEM BATERIA;OP67;SÃO JOÃO;DF115;Restauração da ROM via PC;2
01/03/2021;COT20;ROSA TURISMO;EQ39;DMX200L JI21 SEM BATERIA;OP66;ROSA TURISMO;DF41;Envio para manutenção central-CTG;6
01/03/2021;COT20;ROSA TURISMO;EQ39;DMX200L JI21 SEM BATERIA;OP66;ROSA TURISMO;DF97;Ressolda;10
01/03/2021;COT20;ROSA TURISMO;EQ39;DMX200L JI21 SEM BATERIA;OP66;ROSA TURISMO;DF115;Restauração da ROM via PC;6
01/03/2021;COT22;Taguatur PM NOVO;EQ39;DMX200L JI21 SEM BATERIA;OP82;TAGUATUR;DF41;Envio para manutenção central-CTG;55
01/03/2021;COT3;TEU;EQ14;DMX200 MOD H3.1;;;DF21;Atualização de FW ;32
01/03/2021;COT3;TEU;EQ14;DMX200 MOD H3.1;;;DF41;Envio para manutenção central-CTG;2
01/03/2021;COT3;TEU;EQ14;DMX200 MOD H3.1;;;DF115;Restauração da ROM via PC;25
01/03/2021;COT24;GVBUS;EQ14;DMX200 MOD H3.1;;;DF21;Atualização de FW ;4
01/03/2021;COT24;GVBUS;EQ14;DMX200 MOD H3.1;;;DF41;Envio para manutenção central-CTG;182
01/03/2021;COT24;GVBUS;EQ14;DMX200 MOD H3.1;;;DF46;Formatação da memória e subst. FW;88
01/03/2021;COT24;GVBUS;EQ14;DMX200 MOD H3.1;;;DF97;Ressolda;35
01/03/2021;COT24;GVBUS;EQ14;DMX200 MOD H3.1;;;DF172;Subst. De Simcard (Chip GPRS);204
01/03/2021;COT24;GVBUS;EQ14;DMX200 MOD H3.1;;;DF172;Subst. De Simcard (Chip GPRS);48
01/03/2021;COT12;DIVPASS;EQ13;DMX200L;OP124;DIVPASS;DF86;Reparo com configuração Setup;1
01/03/2021;COT12;DIVPASS;EQ13;DMX200L;OP124;DIVPASS;DF90;Reparo com formatação e subst. FW/SW;17
01/03/2021;COT11;Gov. Valadares;EQ13;DMX200L;OP53;VIAÇÃO MOBI;DF86;Reparo com configuração Setup;1
01/03/2021;COT11;Gov. Valadares;EQ13;DMX200L;OP53;VIAÇÃO MOBI;DF88;Reparo com formatação e reinst. FW/SW;19
01/03/2021;COT25;COOTRAPS - CE;EQ14;DMX200 MOD H3.1;OP129;COOTRAPS;DF39;Enviados para manutenção central CTG;14
01/03/2021;COT25;COOTRAPS - CE;EQ14;DMX200 MOD H3.1;OP129;COOTRAPS;DF90;Reparo com formatação e subst. FW/SW;30
01/03/2021;COT1;Transfacil;EQ10;CONNECTION CCIT 4.0;;;DF37;Defeito não encontrado e subst. FW/SW;4
01/03/2021;COT1;Transfacil;EQ10;CONNECTION CCIT 4.0;;;DF88;Reparo com formatação e reinst. FW/SW;18
01/03/2021;COT1;Transfacil;EQ10;CONNECTION CCIT 4.0;;;DF92;Reparo na Connection;1
01/03/2021;COT1;Transfacil;EQ10;CONNECTION CCIT 4.0;;;DF136;Subst. Da Carcaça inferior;1
01/03/2021;COT1;Transfacil;EQ10;CONNECTION CCIT 4.0;;;DF169;Subst. De Componente eletrônico;4
01/03/2021;COT2;Transcard;EQ10;CONNECTION CCIT 4.0;;;DF41;Envio para manutenção central-CTG;14
01/03/2021;COT2;Transcard;EQ10;CONNECTION CCIT 4.0;;;DF88;Reparo com formatação e reinst. FW/SW;25
01/03/2021;COT19;SÃO JOÃO;EQ10;CONNECTION CCIT 4.0;OP67;SÃO JOÃO;DF58;Intervenção com solda e/ou subst. Componente (4.0);1
01/03/2021;COT19;SÃO JOÃO;EQ10;CONNECTION CCIT 4.0;OP67;SÃO JOÃO;DF256;Subst. de Fusível;1
01/03/2021;COT20;ROSA TURISMO;EQ10;CONNECTION CCIT 4.0;OP66;ROSA TURISMO;DF256;Reparo com formatação e reinst. FW/SW;2
01/03/2021;COT4;Setut;EQ10;CONNECTION CCIT 4.0;;;DF256;Subst. de Fusível;1
01/03/2021;COT3;TEU;EQ10;CONNECTION CCIT 4.0;;;DF21;Atualização de FW ;24
01/03/2021;COT24;GVBUS;EQ10;CONNECTION CCIT 4.0;;;DF21;Atualização de FW ;11
01/03/2021;COT3;TEU;EQ22;V3000M;;;DF21;Atualização de FW ;64
01/03/2021;COT3;TEU;EQ22;V3000M;;;DF41;Envio para manutenção central-CTG;4
01/03/2021;COT3;TEU;EQ22;V3000M;;;DF115;Restauração da ROM via PC;63
01/03/2021;COT3;TEU;EQ21;V3000L;;;DF21;Atualização de FW ;1
01/03/2021;COT3;TEU;EQ21;V3000L;;;DF115;Restauração da ROM via PC;1
01/03/2021;COT3;TEU;EQ26;V3000M DVR;;;DF21;Atualização de FW ;8
01/03/2021;COT3;TEU;EQ26;V3000M DVR;;;DF115;Restauração da ROM via PC;8
01/03/2021;COT1;Transfacil;EQ27;UT (FTV 3000);;;DF37;Defeito não encontrado e subst. FW/SW;1
01/03/2021;COT1;Transfacil;EQ27;UT (FTV 3000);;;DF169;Subst. De Componente eletrônico;2
01/03/2021;COT24;GVBUS;EQ33;POS MOVE 2500;;;DF3;Ajuste da Cabeça de Impressão;1
01/03/2021;COT24;GVBUS;EQ33;POS MOVE 2500;;;DF7;Ajuste do Módulo de Impressão;2
01/03/2021;COT24;GVBUS;EQ33;POS MOVE 2500;;;DF46;Formatação da memória e subst. FW;6
01/03/2021;COT24;GVBUS;EQ33;POS MOVE 2500;;;DF211;Subst. Do Equipamento completo;1
01/03/2021;COT20;Rosa Turismo;EQ31;POS 250;OP66;ROSA TURISMO;DF46;Formatação da memória e subst. FW;1
01/03/2021;COT20;Rosa Turismo;EQ31;POS 250;OP66;ROSA TURISMO;DF46;Formatação da memória e subst. FW;1
01/03/2021;COT19;São João;EQ31;POS 250;OP67;SÃO JOÃO;DF41;Envio para manutenção central-CTG;4
01/03/2021;COT2;Transcard;EQ31;POS 250;;;DF7;Ajuste do Módulo de Impressão;4
01/03/2021;COT2;Transcard;EQ31;POS 250;;;DF41;Envio para manutenção central-CTG;1
01/03/2021;COT2;Transcard;EQ31;POS 250;;;DF46;Formatação da memória e subst. FW;4
01/04/2021;COT7;Alagoinhas;EQ34;CCIT 4.0 FRONTAL H2.1 C SEM BATERIA;OP68;ALAGOINHAS;DF39;Enviados para manutenção central CTG;2
01/04/2021;COT7;Alagoinhas;EQ34;CCIT 4.0 FRONTAL H2.1 C SEM BATERIA;OP68;ALAGOINHAS;DF113;Restaura RAM via PC;2
01/04/2021;COT8;CBTU;EQ1;CCIT 3.0;OP47;CBTU - COMPANHIA BRASILEIRA DE TRENS URBANOS;DF163;Subst. Da Placa Smartmedia;1
01/04/2021;COT12;DIVPASS;EQ6;CCIT 4.0 FRONTAL H2.1;OP124;DIVPASS;DF37;Defeito não encontrado e subst. FW/SW;1
01/04/2021;COT11;Gov. Valadares;EQ6;CCIT 4.0 FRONTAL H2.1;OP53;VIAÇÃO MOBI;DF37;Defeito não encontrado e subst. FW/SW;5
01/04/2021;COT24;GVBUS;EQ6;CCIT 4.0 FRONTAL H2.1;;;DF41;Envio para manutenção central-CTG;16
01/04/2021;COT24;GVBUS;EQ6;CCIT 4.0 FRONTAL H2.1;;;DF46;Formatação da memória e subst. FW;129
01/04/2021;COT24;GVBUS;EQ6;CCIT 4.0 FRONTAL H2.1;;;DF211;Subst. Do Equipamento completo;4
01/04/2021;COT6;Metro-Bahia;EQ28;ATM;OP63;METRO-BAHIA;DF7;Ajuste do Módulo de Impressão;1
01/04/2021;COT6;Metro-Bahia;EQ28;ATM;OP63;METRO-BAHIA;DF143;Subst. da Impressora;7
01/04/2021;COT6;Metro-Bahia;EQ28;ATM;OP63;METRO-BAHIA;DF237;Subst. Do Validador de Notas;21
01/04/2021;COT6;Metro-Bahia;EQ37;CCIT 3.13 BLOQUEIO;OP63;METRO-BAHIA;DF132;Subst. Da Bateria de Lithium;2
01/04/2021;COT6;Metro-Bahia;EQ37;CCIT 3.13 BLOQUEIO;OP63;METRO-BAHIA;DF213;Subst. Do Max483/Pollyswitch;1
01/04/2021;COT6;Metro-Bahia;EQ9;CCIT 4.0 (BLOQUEIO) FRONTAL H1;OP63;METRO-BAHIA;DF113;Restaura RAM via PC;3
01/04/2021;COT5;METROFOR/ VLT FORTALEZA;EQ38;CCIT 4.0 METROFOR;OP105;METROFOR LINHA SUL;DF41;Envio para manutenção central-CTG;18
01/04/2021;COT5;METROFOR/ VLT FORTALEZA;EQ38;CCIT 4.0 METROFOR;OP105;METROFOR LINHA SUL;DF46;Formatação da memória e subst. FW;17
01/04/2021;COT5;METROFOR/ VLT FORTALEZA;EQ38;CCIT 4.0 METROFOR;OP105;METROFOR LINHA SUL;DF113;Restaura RAM via PC;1
01/04/2021;COT10;Metropolitano-Bahia;EQ28;ATM;OP64;METROPOLITANO SSA;DF237;Subst. Do Validador de Notas;1
01/04/2021;COT10;Metropolitano-Bahia;EQ6;CCIT 4.0 FRONTAL H2.1;OP64;METROPOLITANO SSA;DF41;Envio para manutenção central-CTG;8
01/04/2021;COT10;Metropolitano-Bahia;EQ6;CCIT 4.0 FRONTAL H2.1;OP64;METROPOLITANO SSA;DF113;Restaura RAM via PC;16
01/04/2021;COT10;Metropolitano-Bahia;EQ6;CCIT 4.0 FRONTAL H2.1;OP64;METROPOLITANO SSA;DF114;Restaura RAM via pendrive;5
01/04/2021;COT20;ROSA TURISMO;EQ36;CCIT 4.0 FRONTAL H1 COM BATERIA;OP66;ROSA TURISMO;DF41;Envio para manutenção central-CTG;2
01/04/2021;COT20;ROSA TURISMO;EQ36;CCIT 4.0 FRONTAL H1 COM BATERIA;OP66;ROSA TURISMO;DF101;Ressolda Mbccit;1
01/04/2021;COT20;ROSA TURISMO;EQ36;CCIT 4.0 FRONTAL H1 COM BATERIA;OP66;ROSA TURISMO;DF113;Restaura RAM via PC;7
01/04/2021;COT19;SÃO JOÃO;EQ36;CCIT 4.0 FRONTAL H1 COM BATERIA;OP67;SÃO JOÃO;DF41;Envio para manutenção central-CTG;3
01/04/2021;COT19;SÃO JOÃO;EQ36;CCIT 4.0 FRONTAL H1 COM BATERIA;OP67;SÃO JOÃO;DF113;Restaura RAM via PC;8
01/04/2021;COT4;Setut;EQ6;CCIT 4.0 FRONTAL H2.1;;;DF41;Envio para manutenção central-CTG;8
01/04/2021;COT18;Sindpautras;EQ6;CCIT 4.0 FRONTAL H2.1;OP48;SINDPAUTRAS-SIND. PERM. AUT. TRANSP. SU;DF88;Reparo com formatação e reinst. FW/SW;8
01/04/2021;COT18;Sindpautras;EQ6;CCIT 4.0 FRONTAL H2.1;OP48;SINDPAUTRAS-SIND. PERM. AUT. TRANSP. SU;DF169;Subst. De Componente eletrônico;1
01/04/2021;COT18;Sindpautras;EQ6;CCIT 4.0 FRONTAL H2.1;OP48;SINDPAUTRAS-SIND. PERM. AUT. TRANSP. SU;DF216;Subst. Do Módulo H2;3
01/04/2021;COT22;Taguatur;EQ8;CCIT 4.0 FRONTAL JI21 SEM BATERIA;OP82;TAGUATUR;DF41;Envio para manutenção central-CTG;5
01/04/2021;COT3;TEU;EQ3;CCIT 3.5;;;DF21;Atualização de FW ;1
01/04/2021;COT3;TEU;EQ3;CCIT 3.5;;;DF157;Subst. Da Placa FTCLess;1
01/04/2021;COT3;TEU;EQ36;CCIT 4.0 FRONTAL H1 COM BATERIA;;;DF41;Envio para manutenção central-CTG;11
01/04/2021;COT3;TEU;EQ36;CCIT 4.0 FRONTAL H1 COM BATERIA;;;DF60;Limpeza de cache;25
01/04/2021;COT3;TEU;EQ36;CCIT 4.0 FRONTAL H1 COM BATERIA;;;DF115;Restauração da ROM via PC;165
01/04/2021;COT3;TEU;EQ36;CCIT 4.0 FRONTAL H1 COM BATERIA;;;DF132;Subst. Da Bateria de Lithium;22
01/04/2021;COT3;TEU;EQ36;CCIT 4.0 FRONTAL H1 COM BATERIA;;;DF136;Subst. Da Carcaça inferior;12
01/04/2021;COT2;Transcard;EQ28;ATM;OP61;Setps (Transcard);DF49;Formatação e Reinstalação do PC;1
01/04/2021;COT2;Transcard;EQ28;ATM;OP61;Setps (Transcard);DF143;Subst. da Impressora;2
01/04/2021;COT2;Transcard;EQ6;CCIT 4.0 FRONTAL H2.1;;;DF41;Envio para manutenção central-CTG;63
01/04/2021;COT2;Transcard;EQ6;CCIT 4.0 FRONTAL H2.1;;;DF113;Restaura RAM via PC;59
01/04/2021;COT2;Transcard;EQ6;CCIT 4.0 FRONTAL H2.1;;;DF114;Restaura RAM via pendrive;15
01/04/2021;COT1;Transfacil;EQ28;ATM;OP27;TRANSFÁCIL;DF32;Defeito não encontrado;3
01/04/2021;COT1;Transfacil;EQ28;ATM;OP27;TRANSFÁCIL;DF65;Manutenção Cofre;1
01/04/2021;COT1;Transfacil;EQ28;ATM;OP27;TRANSFÁCIL;DF67;Manutenção na Impressora;2
01/04/2021;COT1;Transfacil;EQ28;ATM;OP27;TRANSFÁCIL;DF71;Mau contato no conector antena WLAN;1
01/04/2021;COT1;Transfacil;EQ28;ATM;OP27;TRANSFÁCIL;DF77;PC ATM Travado;1
01/04/2021;COT1;Transfacil;EQ28;ATM;OP27;TRANSFÁCIL;DF128;Subst. Da antena Cless;2
01/04/2021;COT1;Transfacil;EQ28;ATM;OP27;TRANSFÁCIL;DF140;Subst. Da Fechadura Tetra Chave;1
01/04/2021;COT1;Transfacil;EQ28;ATM;OP27;TRANSFÁCIL;DF143;Subst. da Impressora;1
01/04/2021;COT1;Transfacil;EQ28;ATM;OP27;TRANSFÁCIL;DF177;Subst. Do Cabeçote da Impressora;1
01/04/2021;COT1;Transfacil;EQ28;ATM;OP27;TRANSFÁCIL;DF197;Subst. Do Cofre;2
01/04/2021;COT1;Transfacil;EQ28;ATM;OP27;TRANSFÁCIL;DF208;Subst. Do Dispenser do cartão;1
01/04/2021;COT1;Transfacil;EQ28;ATM;OP27;TRANSFÁCIL;DF228;Subst. Do PDV ATM;1
01/04/2021;COT1;Transfacil;EQ28;ATM;OP27;TRANSFÁCIL;DF237;Subst. Do Validador de Notas;5
01/04/2021;COT1;Transfacil;EQ6;CCIT 4.0 FRONTAL H2.1;;;DF9;Ajuste e aperto de conexão;1
01/04/2021;COT1;Transfacil;EQ6;CCIT 4.0 FRONTAL H2.1;;;DF37;Defeito não encontrado e subst. FW/SW;10
01/04/2021;COT1;Transfacil;EQ6;CCIT 4.0 FRONTAL H2.1;;;DF88;Reparo com formatação e reinst. FW/SW;132
01/04/2021;COT1;Transfacil;EQ6;CCIT 4.0 FRONTAL H2.1;;;DF130;Subst. Da Antena WLAN;1
01/04/2021;COT1;Transfacil;EQ6;CCIT 4.0 FRONTAL H2.1;;;DF136;Subst. Da Carcaça inferior;2
01/04/2021;COT1;Transfacil;EQ6;CCIT 4.0 FRONTAL H2.1;;;DF158;Subst. Da placa FTCTLess V3.2;1
01/04/2021;COT1;Transfacil;EQ6;CCIT 4.0 FRONTAL H2.1;;;DF174;Subst. do Adesivo frontal Cless;1
01/04/2021;COT1;Transfacil;EQ6;CCIT 4.0 FRONTAL H2.1;;;DF198;Subst. Do componente eletrônico;1
01/04/2021;COT1;Transfacil;EQ6;CCIT 4.0 FRONTAL H2.1;;;DF216;Subst. Do Módulo H2;13
01/04/2021;COT1;Transfacil;EQ6;CCIT 4.0 FRONTAL H2.1;;;DF238;Subst. Do Vidro CCIT V4.0;7
01/04/2021;COT16;Via Ouro;EQ3;CCIT 3.5;OP49;VIA OURO COLETIVOS LTDA;DF88;Reparo com formatação e reinst. FW/SW;2
01/04/2021;COT16;Via Ouro;EQ3;CCIT 3.5;OP49;VIA OURO COLETIVOS LTDA;DF108;Ressolda no circuito da placa-mãe;1
01/04/2021;COT1;Transfacil;EQ14;DMX200 MOD H3.1;;;DF37;Defeito não encontrado e subst. FW/SW;3
01/04/2021;COT1;Transfacil;EQ14;DMX200 MOD H3.1;;;DF41;Envio para manutenção central-CTG;26
01/04/2021;COT1;Transfacil;EQ14;DMX200 MOD H3.1;;;DF86;Reparo com configuração do setup;1
01/04/2021;COT1;Transfacil;EQ14;DMX200 MOD H3.1;;;DF88;Reparo com formatação e reinst. FW/SW;117
01/04/2021;COT1;Transfacil;EQ14;DMX200 MOD H3.1;;;DF170;Subst. De Gorila Glass;1
01/04/2021;COT9;SINTRAM SEM DMX200;EQ16;PDM03;OP51;CONSÓRCIO ÓTIMO DE BILHETAGEM ELETRÔNICA ;DF41;Envio para manutenção central-CTG;7
01/04/2021;COT9;SINTRAM SEM DMX200;EQ16;PDM03;OP51;CONSÓRCIO ÓTIMO DE BILHETAGEM ELETRÔNICA ;DF88;Reparo com formatação e reinst. FW/SW;15
01/04/2021;COT9;SINTRAM COM DMX200;EQ12;DMX200 MOD H3;OP51;CONSÓRCIO ÓTIMO DE BILHETAGEM ELETRÔNICA ;DF41;Envio para manutenção central-CTG;7
01/04/2021;COT9;SINTRAM COM DMX200;EQ12;DMX200 MOD H3;OP51;CONSÓRCIO ÓTIMO DE BILHETAGEM ELETRÔNICA ;DF88;Reparo com formatação e reinst. FW/SW;15
01/04/2021;COT2;Transcard;EQ16;PDM03;;;DF22;Atualização de pacote;3
01/04/2021;COT2;Transcard;EQ16;PDM03;;;DF41;Envio para manutenção central-CTG;4
01/04/2021;COT4;Setut;EQ14;DMX200 MOD H3.1;;;DF41;Envio para manutenção central-CTG;18
01/04/2021;COT3;TEU;EQ14;DMX200 MOD H3.1;;;DF21;Atualização de FW ;20
01/04/2021;COT3;TEU;EQ14;DMX200 MOD H3.1;;;DF41;Envio para manutenção central-CTG;3
01/04/2021;COT3;TEU;EQ14;DMX200 MOD H3.1;;;DF115;Restauração da ROM via PC;20
01/04/2021;COT24;GVBUS;EQ14;DMX200 MOD H3.1;;;DF21;Atualização de FW ;5
01/04/2021;COT24;GVBUS;EQ14;DMX200 MOD H3.1;;;DF41;Envio para manutenção central-CTG;118
01/04/2021;COT24;GVBUS;EQ14;DMX200 MOD H3.1;;;DF111;Ressolda ou solda fria;6
01/04/2021;COT24;GVBUS;EQ14;DMX200 MOD H3.1;;;DF117;Restauração de módulos via PC e/ou SdCard;191
01/04/2021;COT24;GVBUS;EQ14;DMX200 MOD H3.1;;;DF127;Subst. Conector USB;2
01/04/2021;COT24;GVBUS;EQ14;DMX200 MOD H3.1;;;DF132;Subst. Da Bateria de Lithium;24
01/04/2021;COT11;Gov. Valadares;EQ13;DMX200L;OP53;VIAÇÃO MOBI;DF88;Reparo com formatação e reinst. FW/SW;15
01/04/2021;COT11;Gov. Valadares;EQ13;DMX200L;OP53;VIAÇÃO MOBI;DF169;Subst. De Componente eletrônico;5
01/04/2021;COT22;Taguatur PM NOVO;EQ39;DMX200L JI21 SEM BATERIA;OP82;TAGUATUR;DF41;Envio para manutenção central-CTG;56
01/04/2021;COT12;DIVPASS;EQ13;DMX200L;OP124;DIVPASS;DF90;Reparo com formatação e subst. FW/SW;18
01/04/2021;COT12;DIVPASS;EQ13;DMX200L;OP124;DIVPASS;DF169;Subst. De Componente eletrônico;1
01/04/2021;COT25;COOTRAPS - CE;EQ14;DMX200 MOD H3.1;OP129;COOTRAPS;DF39;Enviados para manutenção central CTG;23
01/04/2021;COT25;COOTRAPS - CE;EQ14;DMX200 MOD H3.1;OP129;COOTRAPS;DF90;Reparo com formatação e subst. FW/SW;25
01/04/2021;COT1;Transfacil;EQ10;CONNECTION CCIT 4.0;;;DF37;Defeito não encontrado e subst. FW/SW;1
01/04/2021;COT1;Transfacil;EQ10;CONNECTION CCIT 4.0;;;DF88;Reparo com formatação e reinst. FW/SW;17
01/04/2021;COT1;Transfacil;EQ10;CONNECTION CCIT 4.0;;;DF169;Subst. De Componente eletrônico;5
01/04/2021;COT2;Transcard;EQ10;CONNECTION CCIT 4.0;;;DF41;Envio para manutenção central-CTG;16
01/04/2021;COT2;Transcard;EQ10;CONNECTION CCIT 4.0;;;DF46;Formatação da memória e subst. FW;26
01/04/2021;COT2;Transcard;EQ10;CONNECTION CCIT 4.0;;;DF206;Subst. Do Conector USB;3
01/04/2021;COT20;ROSA TURISMO;EQ10;CONNECTION CCIT 4.0;OP66;ROSA TURISMO;DF21;Atualização de FW ;2
01/04/2021;COT19;SÃO JOÃO;EQ10;CONNECTION CCIT 4.0;OP67;SÃO JOÃO;DF21;Atualização de FW ;3
01/04/2021;COT20;ROSA TURISMO;EQ10;CONNECTION CCIT 4.0;OP66;ROSA TURISMO;DF41;Envio para manutenção central-CTG;1
01/04/2021;COT19;SÃO JOÃO;EQ10;CONNECTION CCIT 4.0;OP67;SÃO JOÃO;DF41;Envio para manutenção central-CTG;1
01/04/2021;COT20;ROSA TURISMO;EQ10;CONNECTION CCIT 4.0;OP66;ROSA TURISMO;DF256;Subst. de Fusível;1
01/04/2021;COT19;SÃO JOÃO;EQ10;CONNECTION CCIT 4.0;OP67;SÃO JOÃO;DF256;Subst. de Fusível;1
01/04/2021;COT4;Setut;EQ10;CONNECTION CCIT 4.0;;;DF41;Envio para manutenção central-CTG;1
01/04/2021;COT24;GVBUS;EQ10;CONNECTION CCIT 4.0;;;DF21;Atualização de FW ;2
01/04/2021;COT24;GVBUS;EQ10;CONNECTION CCIT 4.0;;;DF41;Envio para manutenção central-CTG;2
01/04/2021;COT24;GVBUS;EQ10;CONNECTION CCIT 4.0;;;DF46;Formatação da memória e subst. FW;2
01/04/2021;COT24;GVBUS;EQ10;CONNECTION CCIT 4.0;;;DF169;Subst. De Componente eletrônico;15
01/04/2021;COT3;TEU;EQ22;V3000M;;;DF21;Atualização de FW ;78
01/04/2021;COT3;TEU;EQ22;V3000M;;;DF41;Envio para manutenção central-CTG;9
01/04/2021;COT3;TEU;EQ22;V3000M;;;DF84;Regravação da EPLD;2
01/04/2021;COT3;TEU;EQ22;V3000M;;;DF115;Restauração da ROM via PC;71
01/04/2021;COT3;TEU;EQ22;V3000M;;;DF232;Subst. Do SDCard;3
01/04/2021;COT3;TEU;EQ21;V3000L;;;DF115;Restauração da ROM via PC;1
01/04/2021;COT3;TEU;EQ21;V3000L;;;DF41;Envio para manutenção central-CTG;1
01/04/2021;COT3;TEU;EQ26;V3000M DVR;;;DF21;Atualização de FW ;13
01/04/2021;COT3;TEU;EQ26;V3000M DVR;;;DF115;Restauração da ROM via PC;13
01/04/2021;COT3;TEU;EQ26;V3000M DVR;;;DF41;Envio para manutenção central-CTG;1
01/04/2021;COT1;Transfacil;EQ27;UT (FTV 3000);;;DF35;Defeito não encontrado / testes e liberação;1
01/04/2021;COT1;Transfacil;EQ27;UT (FTV 3000);;;DF88;Reparo com formatação e reinst. FW/SW;4
01/04/2021;COT1;Transfacil;EQ27;UT (FTV 3000);;;DF169;Subst. De Componente eletrônico;4
01/04/2021;COT24;GVBUS;EQ33;POS MOVE 2500;;;DF41;Envio para manutenção central-CTG;9
01/04/2021;COT20;Rosa Turismo;EQ31;POS 250;OP66;ROSA TURISMO;DF41;Envio para manutenção central-CTG;2
01/04/2021;COT19;São João;EQ31;POS 250;OP67;SÃO JOÃO;DF46;Formatação da memória e subst. FW;1
01/04/2021;COT2;Transcard;EQ31;POS 250;;;DF7;Ajuste do Módulo de Impressão;2
01/04/2021;COT2;Transcard;EQ31;POS 250;;;DF41;Envio para manutenção central-CTG;5
01/04/2021;COT2;Transcard;EQ31;POS 250;;;DF46;Formatação da memória e subst. FW;3
01/04/2021;COT1;Transfacil;EQ31;POS 250;OP27;TRANSFÁCIL;DF41;Envio para manutenção central-CTG;1
01/05/2021;COT7;Alagoinhas;EQ34;CCIT 4.0 FRONTAL H2.1 C SEM BATERIA;OP68;ALAGOINHAS;DF39;Enviados para manutenção central CTG;2
01/05/2021;COT7;Alagoinhas;EQ34;CCIT 4.0 FRONTAL H2.1 C SEM BATERIA;OP68;ALAGOINHAS;DF113;Restaura RAM via PC;1
01/05/2021;COT21;Araguarina;EQ35;CCIT 4.0 FRONTAL H2 COM BATERIA;OP81;VIAÇÃO ARAGUARINA;DF41;Envio para manutenção central-CTG;1
01/05/2021;COT8;CBTU;EQ1;CCIT 3.0;OP47;CBTU - COMPANHIA BRASILEIRA DE TRENS URBANOS;DF37;Defeito não encontrado e subst. FW/SW;1
01/05/2021;COT8;CBTU;EQ1;CCIT 3.0;OP47;CBTU - COMPANHIA BRASILEIRA DE TRENS URBANOS;DF88;Reparo com formatação e reinst. FW/SW;4
01/05/2021;COT8;CBTU;EQ1;CCIT 3.0;OP47;CBTU - COMPANHIA BRASILEIRA DE TRENS URBANOS;DF129;Subst. Da Antena Cless e adesivo frontal;1
01/05/2021;COT8;CBTU;EQ1;CCIT 3.0;OP47;CBTU - COMPANHIA BRASILEIRA DE TRENS URBANOS;DF181;Subst. Do Cabo Flat;1
01/05/2021;COT8;CBTU;EQ1;CCIT 3.0;OP47;CBTU - COMPANHIA BRASILEIRA DE TRENS URBANOS;DF209;Subst. Do Display;2
01/05/2021;COT12;DIVPASS;EQ6;CCIT 4.0 FRONTAL H2.1;OP124;DIVPASS;DF90;Reparo com formatação e subst. FW/SW;10
01/05/2021;COT11;Gov. Valadares;EQ6;CCIT 4.0 FRONTAL H2.1;OP53;VIAÇÃO MOBI;DF37;Defeito não encontrado e subst. FW/SW;14
01/05/2021;COT24;GVBUS;EQ28;ATM;OP108;GVBUS - SIND. DAS EMP. DE TRANP. METROP. DA GRANDE VITÓRIA;DF62;Limpeza no recolhedor de notas e no cash box;5
01/05/2021;COT24;GVBUS;EQ28;ATM;OP108;GVBUS - SIND. DAS EMP. DE TRANP. METROP. DA GRANDE VITÓRIA;DF78;PC Reiniciado;2
01/05/2021;COT24;GVBUS;EQ6;CCIT 4.0 FRONTAL H2.1;;;DF15;Ajustes de parafusos e conexões;1
01/05/2021;COT24;GVBUS;EQ6;CCIT 4.0 FRONTAL H2.1;;;DF23;Atualização de pacote (CCIT 4);3
01/05/2021;COT24;GVBUS;EQ6;CCIT 4.0 FRONTAL H2.1;;;DF41;Envio para manutenção central-CTG;25
01/05/2021;COT24;GVBUS;EQ6;CCIT 4.0 FRONTAL H2.1;;;DF46;Formatação da memória e subst. FW;14
01/05/2021;COT24;GVBUS;EQ6;CCIT 4.0 FRONTAL H2.1;;;DF88;Reparo com formatação e reinst. FW/SW;3
01/05/2021;COT24;GVBUS;EQ6;CCIT 4.0 FRONTAL H2.1;;;DF93;Reparo no módulo;73
01/05/2021;COT6;Metro-Bahia;EQ28;ATM;OP63;METRO-BAHIA;DF7;Ajuste do Módulo de Impressão;1
01/05/2021;COT6;Metro-Bahia;EQ28;ATM;OP63;METRO-BAHIA;DF142;Subst. Da Fonte Lambda ATM;1
01/05/2021;COT6;Metro-Bahia;EQ28;ATM;OP63;METRO-BAHIA;DF143;Subst. da Impressora;2
01/05/2021;COT6;Metro-Bahia;EQ28;ATM;OP63;METRO-BAHIA;DF218;Subst. Do Monitor;3
01/05/2021;COT6;Metro-Bahia;EQ28;ATM;OP63;METRO-BAHIA;DF227;Subst. Do PC ATM;1
01/05/2021;COT6;Metro-Bahia;EQ28;ATM;OP63;METRO-BAHIA;DF228;Subst. Do PDV ATM;1
01/05/2021;COT6;Metro-Bahia;EQ28;ATM;OP63;METRO-BAHIA;DF237;Subst. Do Validador de Notas;36
01/05/2021;COT6;Metro-Bahia;EQ9;CCIT 4.0 (BLOQUEIO) FRONTAL H1;OP63;METRO-BAHIA;DF113;Restaura RAM via PC;2
01/05/2021;COT5;METROFOR/ VLT FORTALEZA;EQ38;CCIT 4.0 METROFOR;OP105;METROFOR LINHA SUL;DF41;Envio para manutenção central-CTG;14
01/05/2021;COT5;METROFOR/ VLT FORTALEZA;EQ38;CCIT 4.0 METROFOR;OP105;METROFOR LINHA SUL;DF88;Reparo com formatação e reinst. FW/SW;10
01/05/2021;COT10;Metropolitano-Bahia;EQ6;CCIT 4.0 FRONTAL H2.1;OP64;METROPOLITANO SSA;DF41;Envio para manutenção central-CTG;3
01/05/2021;COT10;Metropolitano-Bahia;EQ6;CCIT 4.0 FRONTAL H2.1;OP64;METROPOLITANO SSA;DF113;Restaura RAM via PC;22
01/05/2021;COT10;Metropolitano-Bahia;EQ6;CCIT 4.0 FRONTAL H2.1;OP64;METROPOLITANO SSA;DF114;Restaura RAM via pendrive;5
01/05/2021;COT20;ROSA TURISMO;EQ36;CCIT 4.0 FRONTAL H1 COM BATERIA;OP66;ROSA TURISMO;DF113;Restaura RAM via PC;6
01/05/2021;COT20;ROSA TURISMO;EQ36;CCIT 4.0 FRONTAL H1 COM BATERIA;OP66;ROSA TURISMO;DF41;Envio para manutenção central-CTG;2
01/05/2021;COT19;SÃO JOÃO;EQ36;CCIT 4.0 FRONTAL H1 COM BATERIA;OP67;SÃO JOÃO;DF113;Restaura RAM via PC;13
01/05/2021;COT19;SÃO JOÃO;EQ36;CCIT 4.0 FRONTAL H1 COM BATERIA;OP67;SÃO JOÃO;DF41;Envio para manutenção central-CTG;3
01/05/2021;COT4;Setut;EQ6;CCIT 4.0 FRONTAL H2.1;;;DF41;Envio para manutenção central-CTG;12
01/05/2021;COT4;Setut;EQ6;CCIT 4.0 FRONTAL H2.1;;;DF60;Limpeza de cache;1
01/05/2021;COT4;Setut;EQ6;CCIT 4.0 FRONTAL H2.1;;;DF113;Restaura RAM via PC;1
01/05/2021;COT18;Sindpautras;EQ6;CCIT 4.0 FRONTAL H2.1;OP48;SINDPAUTRAS-SIND. PERM. AUT. TRANSP. SU;DF37;Defeito não encontrado e subst. FW/SW;5
01/05/2021;COT18;Sindpautras;EQ6;CCIT 4.0 FRONTAL H2.1;OP48;SINDPAUTRAS-SIND. PERM. AUT. TRANSP. SU;DF88;Reparo com formatação e reinst. FW/SW;12
01/05/2021;COT18;Sindpautras;EQ6;CCIT 4.0 FRONTAL H2.1;OP48;SINDPAUTRAS-SIND. PERM. AUT. TRANSP. SU;DF169;Subst. De Componente eletrônico;1
01/05/2021;COT18;Sindpautras;EQ6;CCIT 4.0 FRONTAL H2.1;OP48;SINDPAUTRAS-SIND. PERM. AUT. TRANSP. SU;DF216;Subst. Do Módulo H2;2
01/05/2021;COT22;Taguatur;EQ8;CCIT 4.0 FRONTAL JI21 SEM BATERIA;OP82;TAGUATUR;DF41;Envio para manutenção central-CTG;11
01/05/2021;COT3;TEU;EQ3;CCIT 3.5;;;DF147;Subst. Da Placa CLESS;1
01/05/2021;COT3;TEU;EQ3;CCIT 3.5;;;DF158;Subst. Da placa FTCTLess V3.2;1
01/05/2021;COT3;TEU;EQ3;CCIT 3.5;;;DF162;Subst. Da Placa Mbccit;2
01/05/2021;COT3;TEU;EQ36;CCIT 4.0 FRONTAL H1 COM BATERIA;;;DF41;Envio para manutenção central-CTG;13
01/05/2021;COT3;TEU;EQ36;CCIT 4.0 FRONTAL H1 COM BATERIA;;;DF60;Limpeza de cache;58
01/05/2021;COT3;TEU;EQ36;CCIT 4.0 FRONTAL H1 COM BATERIA;;;DF115;Restauração da ROM via PC;143
01/05/2021;COT3;TEU;EQ36;CCIT 4.0 FRONTAL H1 COM BATERIA;;;DF132;Subst. Da Bateria de Lithium;28
01/05/2021;COT3;TEU;EQ36;CCIT 4.0 FRONTAL H1 COM BATERIA;;;DF136;Subst. Da Carcaça inferior;18
01/05/2021;COT2;Transcard;EQ28;ATM;OP61;Setps (Transcard);DF66;Manutenção na Fechadura Eletrônica;1
01/05/2021;COT2;Transcard;EQ28;ATM;OP61;Setps (Transcard);DF77;PC ATM Travado;1
01/05/2021;COT2;Transcard;EQ28;ATM;OP61;Setps (Transcard);DF82;Reconfiguração do Setup;1
01/05/2021;COT2;Transcard;EQ28;ATM;OP61;Setps (Transcard);DF142;Subst. Da Fonte Lambda ATM;2
01/05/2021;COT2;Transcard;EQ28;ATM;OP61;Setps (Transcard);DF143;Subst. da Impressora;2
01/05/2021;COT2;Transcard;EQ28;ATM;OP61;Setps (Transcard);DF228;Subst. Do PDV ATM;2
01/05/2021;COT2;Transcard;EQ28;ATM;OP61;Setps (Transcard);DF231;Subst. Do PINpad;2
01/05/2021;COT2;Transcard;EQ28;ATM;OP61;Setps (Transcard);DF237;Subst. Do Validador de Notas;4
01/05/2021;COT2;Transcard;EQ6;CCIT 4.0 FRONTAL H2.1;;;DF41;Envio para manutenção central-CTG;46
01/05/2021;COT2;Transcard;EQ6;CCIT 4.0 FRONTAL H2.1;;;DF101;Ressolda Mbccit;5
01/05/2021;COT2;Transcard;EQ6;CCIT 4.0 FRONTAL H2.1;;;DF113;Restaura RAM via PC;61
01/05/2021;COT2;Transcard;EQ6;CCIT 4.0 FRONTAL H2.1;;;DF114;Restaura RAM via pendrive;8
01/05/2021;COT1;Transfacil;EQ28;ATM;OP27;TRANSFÁCIL;DF5;Ajuste da porta Externa;1
01/05/2021;COT1;Transfacil;EQ28;ATM;OP27;TRANSFÁCIL;DF10;Ajuste mecânico fechadura Porta Interna;1
01/05/2021;COT1;Transfacil;EQ28;ATM;OP27;TRANSFÁCIL;DF32;Defeito não encontrado;3
01/05/2021;COT1;Transfacil;EQ28;ATM;OP27;TRANSFÁCIL;DF64;Mal contato - Filtro de Linha com Defeito;1
01/05/2021;COT1;Transfacil;EQ28;ATM;OP27;TRANSFÁCIL;DF65;Manutenção Cofre;3
01/05/2021;COT1;Transfacil;EQ28;ATM;OP27;TRANSFÁCIL;DF67;Manutenção na Impressora;1
01/05/2021;COT1;Transfacil;EQ28;ATM;OP27;TRANSFÁCIL;DF68;Manutenção no Dispenser;1
01/05/2021;COT1;Transfacil;EQ28;ATM;OP27;TRANSFÁCIL;DF78;PC Reiniciado;1
01/05/2021;COT1;Transfacil;EQ28;ATM;OP27;TRANSFÁCIL;DF143;Subst. da Impressora;4
01/05/2021;COT1;Transfacil;EQ28;ATM;OP27;TRANSFÁCIL;DF197;Subst. Do Cofre;1
01/05/2021;COT1;Transfacil;EQ28;ATM;OP27;TRANSFÁCIL;DF228;Subst. Do PDV ATM;1
01/05/2021;COT1;Transfacil;EQ28;ATM;OP27;TRANSFÁCIL;DF237;Subst. Do Validador de Notas;8
01/05/2021;COT1;Transfacil;EQ28;ATM;OP27;TRANSFÁCIL;DF239;Subst. Dos Orings do Validador  de Notas;3
01/05/2021;COT1;Transfacil;EQ6;CCIT 4.0 FRONTAL H2.1;;;DF9;Ajuste e aperto de conexão;1
01/05/2021;COT1;Transfacil;EQ6;CCIT 4.0 FRONTAL H2.1;;;DF35;Defeito não encontrado / testes e liberação;1
01/05/2021;COT1;Transfacil;EQ6;CCIT 4.0 FRONTAL H2.1;;;DF37;Defeito não encontrado e subst. FW/SW;4
01/05/2021;COT1;Transfacil;EQ6;CCIT 4.0 FRONTAL H2.1;;;DF88;Reparo com formatação e reinst. FW/SW;115
01/05/2021;COT1;Transfacil;EQ6;CCIT 4.0 FRONTAL H2.1;;;DF136;Subst. Da Carcaça inferior;3
01/05/2021;COT1;Transfacil;EQ6;CCIT 4.0 FRONTAL H2.1;;;DF169;Subst. De Componente eletrônico;4
01/05/2021;COT1;Transfacil;EQ6;CCIT 4.0 FRONTAL H2.1;;;DF211;Subst. Do Equipamento completo;18
01/05/2021;COT1;Transfacil;EQ6;CCIT 4.0 FRONTAL H2.1;;;DF216;Subst. Do Módulo H2;13
01/05/2021;COT1;Transfacil;EQ6;CCIT 4.0 FRONTAL H2.1;;;DF238;Subst. Do Vidro CCIT V4.0;10
01/05/2021;COT23;UTB;EQ6;CCIT 4.0 FRONTAL H2.1;OP83;UTB;DF41;Envio para manutenção central-CTG;14
01/05/2021;COT16;Via Ouro;EQ3;CCIT 3.5;OP49;VIA OURO COLETIVOS LTDA;DF88;Reparo com formatação e reinst. FW/SW;7
01/05/2021;COT16;Via Ouro;EQ3;CCIT 3.5;OP49;VIA OURO COLETIVOS LTDA;DF183;Subst. Do Cabo trançado antena Cless;1
01/05/2021;COT1;Transfacil;EQ14;DMX200 MOD H3.1;;;DF41;Envio para manutenção central-CTG;9
01/05/2021;COT1;Transfacil;EQ14;DMX200 MOD H3.1;;;DF86;Reparo com configuração do setup;1
01/05/2021;COT1;Transfacil;EQ14;DMX200 MOD H3.1;;;DF88;Reparo com formatação e reinst. FW/SW;95
01/05/2021;COT1;Transfacil;EQ14;DMX200 MOD H3.1;;;DF170;Subst. De Gorila Glass;1
01/05/2021;COT9;SINTRAM SEM DMX200;EQ16;PDM03;OP51;CONSÓRCIO ÓTIMO DE BILHETAGEM ELETRÔNICA ;DF37;Defeito não encontrado e subst. FW/SW;2
01/05/2021;COT9;SINTRAM SEM DMX200;EQ16;PDM03;OP51;CONSÓRCIO ÓTIMO DE BILHETAGEM ELETRÔNICA ;DF88;Reparo com formatação e reinst. FW/SW;62
01/05/2021;COT9;SINTRAM COM DMX200;EQ12;DMX200 MOD H3;OP51;CONSÓRCIO ÓTIMO DE BILHETAGEM ELETRÔNICA ;DF41;Envio para manutenção central-CTG;7
01/05/2021;COT9;SINTRAM COM DMX200;EQ12;DMX200 MOD H3;OP51;CONSÓRCIO ÓTIMO DE BILHETAGEM ELETRÔNICA ;DF88;Reparo com formatação e reinst. FW/SW;15
01/05/2021;COT2;Transcard;EQ16;PDM03;;;DF22;Atualização de pacote;3
01/05/2021;COT2;Transcard;EQ16;PDM03;;;DF41;Envio para manutenção central-CTG;11
01/05/2021;COT2;Transcard;EQ16;PDM03;;;DF125;Subst. Botão on/off;1
01/05/2021;COT19;SÃO JOÃO;EQ39;DMX200L JI21 SEM BATERIA;OP67;SÃO JOÃO;DF115;Restauração da ROM via PC;6
01/05/2021;COT19;SÃO JOÃO;EQ39;DMX200L JI21 SEM BATERIA;OP67;SÃO JOÃO;DF41;Envio para manutenção central-CTG;11
01/05/2021;COT19;SÃO JOÃO;EQ39;DMX200L JI21 SEM BATERIA;OP67;SÃO JOÃO;DF97;Ressolda;2
01/05/2021;COT19;SÃO JOÃO;EQ39;DMX200L JI21 SEM BATERIA;OP67;SÃO JOÃO;DF97;Ressolda;3
01/05/2021;COT20;ROSA TURISMO;EQ39;DMX200L JI21 SEM BATERIA;OP66;ROSA TURISMO;DF115;Restauração da ROM via PC;4
01/05/2021;COT20;ROSA TURISMO;EQ39;DMX200L JI21 SEM BATERIA;OP66;ROSA TURISMO;DF41;Envio para manutenção central-CTG;11
01/05/2021;COT4;Setut;EQ14;DMX200 MOD H3.1;;;DF41;Envio para manutenção central-CTG;6
01/05/2021;COT4;Setut;EQ14;DMX200 MOD H3.1;;;DF113;Restaura RAM via PC;3
01/05/2021;COT22;Taguatur PM NOVO;EQ39;DMX200L JI21 SEM BATERIA;OP82;TAGUATUR;DF41;Envio para manutenção central-CTG;25
01/05/2021;COT3;TEU;EQ14;DMX200 MOD H3.1;;;DF21;Atualização de FW ;27
01/05/2021;COT3;TEU;EQ14;DMX200 MOD H3.1;;;DF41;Envio para manutenção central-CTG;8
01/05/2021;COT3;TEU;EQ14;DMX200 MOD H3.1;;;DF115;Restauração da ROM via PC;27
01/05/2021;COT24;GVBUS;EQ14;DMX200 MOD H3.1;;;DF21;Atualização de FW ;11
01/05/2021;COT24;GVBUS;EQ14;DMX200 MOD H3.1;;;DF41;Envio para manutenção central-CTG;96
01/05/2021;COT24;GVBUS;EQ14;DMX200 MOD H3.1;;;DF46;Formatação da memória e subst. FW;2
01/05/2021;COT24;GVBUS;EQ14;DMX200 MOD H3.1;;;DF97;Ressolda;10
01/05/2021;COT24;GVBUS;EQ14;DMX200 MOD H3.1;;;DF117;Restauração de módulos via PC e/ou SdCard;97
01/05/2021;COT24;GVBUS;EQ14;DMX200 MOD H3.1;;;DF132;Subst. Da Bateria de Lithium;1
01/05/2021;COT11;Gov. Valadares;EQ13;DMX200L;OP53;VIAÇÃO MOBI;DF88;Reparo com formatação e reinst. FW/SW;7
01/05/2021;COT12;DIVPASS;EQ13;DMX200L;OP124;DIVPASS;DF90;Reparo com formatação e subst. FW/SW;18
01/05/2021;COT12;DIVPASS;EQ13;DMX200L;OP124;DIVPASS;DF169;Subst. De Componente eletrônico;1
01/05/2021;COT25;COOTRAPS - CE;EQ14;DMX200 MOD H3.1;OP129;COOTRAPS;DF39;Enviados para manutenção central CTG;13
01/05/2021;COT25;COOTRAPS - CE;EQ14;DMX200 MOD H3.1;OP129;COOTRAPS;DF90;Reparo com formatação e subst. FW/SW;13
01/05/2021;COT1;Transfacil;EQ10;CONNECTION CCIT 4.0;;;DF37;Defeito não encontrado e subst. FW/SW;3
01/05/2021;COT1;Transfacil;EQ10;CONNECTION CCIT 4.0;;;DF88;Reparo com formatação e reinst. FW/SW;21
01/05/2021;COT1;Transfacil;EQ10;CONNECTION CCIT 4.0;;;DF102;Ressolda na Placa Connection;1
01/05/2021;COT1;Transfacil;EQ10;CONNECTION CCIT 4.0;;;DF136;Subst. Da Carcaça inferior;1
01/05/2021;COT1;Transfacil;EQ10;CONNECTION CCIT 4.0;;;DF169;Subst. De Componente eletrônico;7
01/05/2021;COT1;Transfacil;EQ10;CONNECTION CCIT 4.0;;;DF206;Subst. Do Conector USB;1
01/05/2021;COT1;Transcard;EQ10;CONNECTION CCIT 4.0;;;DF41;Envio para manutenção central-CTG;18
01/05/2021;COT1;Transcard;EQ10;CONNECTION CCIT 4.0;;;DF84;Regravação da EPLD;18
01/05/2021;COT1;Transcard;EQ10;CONNECTION CCIT 4.0;;;DF127;Subst. Conector USB;2
01/05/2021;COT1;Transcard;EQ10;CONNECTION CCIT 4.0;;;DF169;Subst. De Componente eletrônico;2
01/05/2021;COT19;SÃO JOÃO;EQ10;CONNECTION CCIT 4.0;OP67;SÃO JOÃO;DF21;Atualização de FW ;3
01/05/2021;COT19;SÃO JOÃO;EQ10;CONNECTION CCIT 4.0;OP67;SÃO JOÃO;DF41;Envio para manutenção central-CTG;1
01/05/2021;COT19;SÃO JOÃO;EQ10;CONNECTION CCIT 4.0;OP67;SÃO JOÃO;DF256;Subst. de Fusível;1
01/05/2021;COT20;ROSA TURISMO;EQ10;CONNECTION CCIT 4.0;OP66;ROSA TURISMO;DF21;Atualização de FW ;2
01/05/2021;COT20;ROSA TURISMO;EQ10;CONNECTION CCIT 4.0;OP66;ROSA TURISMO;DF41;Envio para manutenção central-CTG;1
01/05/2021;COT20;ROSA TURISMO;EQ10;CONNECTION CCIT 4.0;OP66;ROSA TURISMO;DF256;Subst. de Fusível;1
01/05/2021;COT24;GVBUS;EQ10;CONNECTION CCIT 4.0;;;DF23;Atualização de pacote (CCIT 4);14
01/05/2021;COT24;GVBUS;EQ10;CONNECTION CCIT 4.0;;;DF41;Envio para manutenção central-CTG;3
01/05/2021;COT24;GVBUS;EQ10;CONNECTION CCIT 4.0;;;DF92;Reparo na Connection;23
01/05/2021;COT3;TEU;EQ22;V3000M;;;DF21;Atualização de FW ;63
01/05/2021;COT3;TEU;EQ22;V3000M;;;DF41;Envio para manutenção central-CTG;11
01/05/2021;COT3;TEU;EQ22;V3000M;;;DF115;Restauração da ROM via PC;63
01/05/2021;COT3;TEU;EQ22;V3000M;;;DF232;Subst. Do SDCard;1
01/05/2021;COT3;TEU;EQ21;V3000L;;;DF21;Atualização de FW ;10
01/05/2021;COT3;TEU;EQ21;V3000L;;;DF115;Restauração da ROM via PC;10
01/05/2021;COT3;TEU;EQ21;V3000L;;;DF41;Envio para manutenção central-CTG;2
01/05/2021;COT3;TEU;EQ21;V3000L;;;DF232;Subst. Do SDCard;1
01/05/2021;COT3;TEU;EQ26;V3000M DVR;;;DF21;Atualização de FW ;12
01/05/2021;COT3;TEU;EQ26;V3000M DVR;;;DF115;Restauração da ROM via PC;12
01/05/2021;COT3;TEU;EQ26;V3000M DVR;;;DF41;Envio para manutenção central-CTG;2
01/05/2021;COT1;Transfacil;EQ27;UT (FTV 3000);;;DF35;Defeito não encontrado / testes e liberação;3
01/05/2021;COT1;Transfacil;EQ27;UT (FTV 3000);;;DF37;Defeito não encontrado e subst. FW/SW;2
01/05/2021;COT1;Transfacil;EQ27;UT (FTV 3000);;;DF88;Reparo com formatação e reinst. FW/SW;1
01/05/2021;COT1;Transfacil;EQ27;UT (FTV 3000);;;DF169;Subst. De Componente eletrônico;3
01/05/2021;COT24;GVBUS;EQ33;POS MOVE 2500;;;DF211;Subst. Do Equipamento completo;2
01/05/2021;COT2;Transcard;EQ31;POS 250;;;DF7;Ajuste do Módulo de Impressão;2
01/05/2021;COT2;Transcard;EQ31;POS 250;;;DF41;Envio para manutenção central-CTG;2
01/05/2021;COT2;Transcard;EQ31;POS 250;;;DF46;Formatação da memória e subst. FW;2
01/06/2021;COT7;Alagoinhas;EQ34;CCIT 4.0 FRONTAL H2.1 C SEM BATERIA;OP68;ALAGOINHAS;DF113;Restaura RAM via PC;3
01/06/2021;COT12;DIVPASS;EQ6;CCIT 4.0 FRONTAL H2.1;OP124;DIVPASS;DF37;Defeito não encontrado e subst. FW/SW;1
01/06/2021;COT12;DIVPASS;EQ6;CCIT 4.0 FRONTAL H2.1;OP124;DIVPASS;DF117;Restauração de módulos via PC e/ou SdCard;12
01/06/2021;COT11;Gov. Valadares;EQ6;CCIT 4.0 FRONTAL H2.1;OP53;VIAÇÃO MOBI;DF37;Defeito não encontrado e subst. FW/SW;5
01/06/2021;COT24;GVBUS;EQ28;ATM;OP108;GVBUS - SIND. DAS EMP. DE TRANP. METROP. DA GRANDE VITÓRIA;DF262;Retirada de nota ATM e testes;5
01/06/2021;COT24;GVBUS;EQ28;ATM;OP108;GVBUS - SIND. DAS EMP. DE TRANP. METROP. DA GRANDE VITÓRIA;DF263;Pinpad ATM - Mudança de Porta e Aperto USB;1
01/06/2021;COT24;GVBUS;EQ28;ATM;OP108;GVBUS - SIND. DAS EMP. DE TRANP. METROP. DA GRANDE VITÓRIA;DF218;Subst. Do Monitor;1
01/06/2021;COT24;GVBUS;EQ28;ATM;OP108;GVBUS - SIND. DAS EMP. DE TRANP. METROP. DA GRANDE VITÓRIA;DF9;Ajuste e aperto de conexão;1
01/06/2021;COT24;GVBUS;EQ6;CCIT 4.0 FRONTAL H2.1;;;DF15;Ajustes de parafusos e conexões;1
01/06/2021;COT24;GVBUS;EQ6;CCIT 4.0 FRONTAL H2.1;;;DF41;Envio para manutenção central-CTG;8
01/06/2021;COT24;GVBUS;EQ6;CCIT 4.0 FRONTAL H2.1;;;DF93;Reparo no módulo;86
01/06/2021;COT6;Metro-Bahia;EQ28;ATM;OP63;METRO-BAHIA;DF7;Ajuste do Módulo de Impressão;1
01/06/2021;COT6;Metro-Bahia;EQ28;ATM;OP63;METRO-BAHIA;DF66;Manutenção na Fechadura Eletrônica;1
01/06/2021;COT6;Metro-Bahia;EQ28;ATM;OP63;METRO-BAHIA;DF143;Subst. da Impressora;3
01/06/2021;COT6;Metro-Bahia;EQ28;ATM;OP63;METRO-BAHIA;DF218;Subst. Do Monitor;2
01/06/2021;COT6;Metro-Bahia;EQ28;ATM;OP63;METRO-BAHIA;DF260;Subst. HUB Serial;2
01/06/2021;COT6;Metro-Bahia;EQ28;ATM;OP63;METRO-BAHIA;DF236;Subst. Do Teclado de Metal Frontal;2
01/06/2021;COT6;Metro-Bahia;EQ28;ATM;OP63;METRO-BAHIA;DF237;Subst. Do Validador de Notas;22
01/06/2021;COT6;Metro-Bahia;EQ28;ATM;OP63;METRO-BAHIA;DF65;Manutenção Cofre;1
01/06/2021;COT6;Metro-Bahia;EQ37;CCIT 3.13 BLOQUEIO;OP63;METRO-BAHIA;DF248;Substituição MAX232;1
01/06/2021;COT6;Metro-Bahia;EQ37;CCIT 3.13 BLOQUEIO;OP63;METRO-BAHIA;DF259;Subst. MAX 485 Serial ;1
01/06/2021;COT6;Metro-Bahia;EQ9;CCIT 4.0 (BLOQUEIO) FRONTAL H1;OP63;METRO-BAHIA;DF113;Restaura RAM via PC;2
01/06/2021;COT5;METROFOR/ VLT FORTALEZA;EQ38;CCIT 4.0 METROFOR;OP105;METROFOR LINHA SUL;DF41;Envio para manutenção central-CTG;9
01/06/2021;COT5;METROFOR/ VLT FORTALEZA;EQ38;CCIT 4.0 METROFOR;OP105;METROFOR LINHA SUL;DF88;Reparo com formatação e reinst. FW/SW;18
01/06/2021;COT10;Metropolitano-Bahia;EQ6;CCIT 4.0 FRONTAL H2.1;OP64;METROPOLITANO SSA;DF41;Envio para manutenção central-CTG;2
01/06/2021;COT10;Metropolitano-Bahia;EQ6;CCIT 4.0 FRONTAL H2.1;OP64;METROPOLITANO SSA;DF113;Restaura RAM via PC;24
01/06/2021;COT10;Metropolitano-Bahia;EQ6;CCIT 4.0 FRONTAL H2.1;OP64;METROPOLITANO SSA;DF114;Restaura RAM via pendrive;7
01/06/2021;COT20;ROSA TURISMO;EQ36;CCIT 4.0 FRONTAL H1 COM BATERIA;OP66;ROSA TURISMO;DF113;Restaura RAM via PC;7
01/06/2021;COT20;ROSA TURISMO;EQ36;CCIT 4.0 FRONTAL H1 COM BATERIA;OP66;ROSA TURISMO;DF41;Envio para manutenção central-CTG;2
01/06/2021;COT19;SÃO JOÃO;EQ36;CCIT 4.0 FRONTAL H1 COM BATERIA;OP67;SÃO JOÃO;DF113;Restaura RAM via PC;13
01/06/2021;COT19;SÃO JOÃO;EQ36;CCIT 4.0 FRONTAL H1 COM BATERIA;OP67;SÃO JOÃO;DF41;Envio para manutenção central-CTG;6
01/06/2021;COT4;Setut;EQ6;CCIT 4.0 FRONTAL H2.1;;;DF41;Envio para manutenção central-CTG;7
01/06/2021;COT18;Sindpautras;EQ6;CCIT 4.0 FRONTAL H2.1;OP48;SINDPAUTRAS-SIND. PERM. AUT. TRANSP. SU;DF37;Defeito não encontrado e subst. FW/SW;5
01/06/2021;COT18;Sindpautras;EQ6;CCIT 4.0 FRONTAL H2.1;OP48;SINDPAUTRAS-SIND. PERM. AUT. TRANSP. SU;DF88;Reparo com formatação e reinst. FW/SW;9
01/06/2021;COT18;Sindpautras;EQ6;CCIT 4.0 FRONTAL H2.1;OP48;SINDPAUTRAS-SIND. PERM. AUT. TRANSP. SU;DF238;Subst. Do Vidro CCIT V4.0;1
01/06/2021;COT22;Taguatur;EQ8;CCIT 4.0 FRONTAL JI21 SEM BATERIA;OP82;TAGUATUR;DF41;Envio para manutenção central-CTG;17
01/06/2021;COT3;TEU;EQ3;CCIT 3.5;;;DF147;Subst. Da Placa CLESS;1
01/06/2021;COT3;TEU;EQ3;CCIT 3.5;;;DF162;Subst. Da Placa Mbccit;2
01/06/2021;COT3;TEU;EQ36;CCIT 4.0 FRONTAL H1 COM BATERIA;;;DF41;Envio para manutenção central-CTG;6
01/06/2021;COT3;TEU;EQ36;CCIT 4.0 FRONTAL H1 COM BATERIA;;;DF60;Limpeza de cache;26
01/06/2021;COT3;TEU;EQ36;CCIT 4.0 FRONTAL H1 COM BATERIA;;;DF115;Restauração da ROM via PC;145
01/06/2021;COT3;TEU;EQ36;CCIT 4.0 FRONTAL H1 COM BATERIA;;;DF132;Subst. Da Bateria de Lithium;19
01/06/2021;COT3;TEU;EQ36;CCIT 4.0 FRONTAL H1 COM BATERIA;;;DF136;Subst. Da Carcaça inferior;17
01/06/2021;COT3;TEU;EQ36;CCIT 4.0 FRONTAL H1 COM BATERIA;;;DF135;Subst. Da Carcaça frontal;1
01/06/2021;COT2;Transcard;EQ28;ATM;OP61;Setps (Transcard);DF66;Manutenção na Fechadura Eletrônica;2
01/06/2021;COT2;Transcard;EQ28;ATM;OP61;Setps (Transcard);DF142;Subst. Da Fonte Lambda ATM;1
01/06/2021;COT2;Transcard;EQ28;ATM;OP61;Setps (Transcard);DF153;Subst. Da Placa Fonte;1
01/06/2021;COT2;Transcard;EQ28;ATM;OP61;Setps (Transcard);DF231;Subst. Do PINpad;1
01/06/2021;COT2;Transcard;EQ28;ATM;OP61;Setps (Transcard);DF237;Subst. Do Validador de Notas;7
01/06/2021;COT2;Transcard;EQ6;CCIT 4.0 FRONTAL H2.1;;;DF41;Envio para manutenção central-CTG;24
01/06/2021;COT2;Transcard;EQ6;CCIT 4.0 FRONTAL H2.1;;;DF101;Ressolda Mbccit;7
01/06/2021;COT2;Transcard;EQ6;CCIT 4.0 FRONTAL H2.1;;;DF113;Restaura RAM via PC;50
01/06/2021;COT2;Transcard;EQ6;CCIT 4.0 FRONTAL H2.1;;;DF114;Restaura RAM via pendrive;10
01/06/2021;COT1;Transfacil;EQ28;ATM;OP27;TRANSFÁCIL;DF5;Ajuste da porta Externa;1
01/06/2021;COT1;Transfacil;EQ28;ATM;OP27;TRANSFÁCIL;DF10;Ajuste mecânico fechadura Porta Interna;1
01/06/2021;COT1;Transfacil;EQ28;ATM;OP27;TRANSFÁCIL;DF32;Defeito não encontrado;3
01/06/2021;COT1;Transfacil;EQ28;ATM;OP27;TRANSFÁCIL;DF64;Mal contato - Filtro de Linha com Defeito;1
01/06/2021;COT1;Transfacil;EQ28;ATM;OP27;TRANSFÁCIL;DF65;Manutenção Cofre;5
01/06/2021;COT1;Transfacil;EQ28;ATM;OP27;TRANSFÁCIL;DF67;Manutenção na Impressora;1
01/06/2021;COT1;Transfacil;EQ28;ATM;OP27;TRANSFÁCIL;DF68;Manutenção no Dispenser;1
01/06/2021;COT1;Transfacil;EQ28;ATM;OP27;TRANSFÁCIL;DF78;PC Reiniciado;1
01/06/2021;COT1;Transfacil;EQ28;ATM;OP27;TRANSFÁCIL;DF197;Subst. Do Cofre;1
01/06/2021;COT1;Transfacil;EQ28;ATM;OP27;TRANSFÁCIL;DF228;Subst. Do PDV ATM;1
01/06/2021;COT1;Transfacil;EQ28;ATM;OP27;TRANSFÁCIL;DF237;Subst. Do Validador de Notas;8
01/06/2021;COT1;Transfacil;EQ28;ATM;OP27;TRANSFÁCIL;DF257;Manut. No Validador de Notas;3
01/06/2021;COT1;Transfacil;EQ28;ATM;OP27;TRANSFÁCIL;DF258;Subst. Da Cabeça de Impressão;3
01/06/2021;COT1;Transfacil;EQ6;CCIT 4.0 FRONTAL H2.1;;;DF37;Defeito não encontrado e subst. FW/SW;4
01/06/2021;COT1;Transfacil;EQ6;CCIT 4.0 FRONTAL H2.1;;;DF88;Reparo com formatação e reinst. FW/SW;128
01/06/2021;COT1;Transfacil;EQ6;CCIT 4.0 FRONTAL H2.1;;;DF136;Subst. Da Carcaça inferior;1
01/06/2021;COT1;Transfacil;EQ6;CCIT 4.0 FRONTAL H2.1;;;DF169;Subst. De Componente eletrônico;2
01/06/2021;COT1;Transfacil;EQ6;CCIT 4.0 FRONTAL H2.1;;;DF135;Subst. Da Carcaça frontal;1
01/06/2021;COT1;Transfacil;EQ6;CCIT 4.0 FRONTAL H2.1;;;DF216;Subst. Do Módulo H2;1
01/06/2021;COT1;Transfacil;EQ6;CCIT 4.0 FRONTAL H2.1;;;DF238;Subst. Do Vidro CCIT V4.0;10
01/06/2021;COT1;Transfacil;EQ6;CCIT 4.0 FRONTAL H2.1;OP13;Estações BRT Move;DF88;Reparo com formatação e reinst. FW/SW;10
01/06/2021;COT1;Transfacil;EQ6;CCIT 4.0 FRONTAL H2.1;OP13;Estações BRT Move;DF216;Subst. Do Módulo H2;1
01/06/2021;COT16;Via Ouro;EQ3;CCIT 3.5;OP49;VIA OURO COLETIVOS LTDA;DF108;Ressolda no circuito da placa-mãe;3
01/06/2021;COT16;Via Ouro;EQ3;CCIT 3.5;OP49;VIA OURO COLETIVOS LTDA;DF211;Subst. Do Equipamento completo;2
01/06/2021;COT16;Via Ouro;EQ3;CCIT 3.5;OP49;VIA OURO COLETIVOS LTDA;DF242;Subst. Placa Mbccit;2
01/06/2021;COT16;Via Ouro;EQ3;CCIT 3.5;OP49;VIA OURO COLETIVOS LTDA;DF88;Reparo com formatação e reinst. FW/SW;2
01/06/2021;COT16;Via Ouro;EQ3;CCIT 3.5;OP49;VIA OURO COLETIVOS LTDA;DF129;Subst. Da Antena Cless e adesivo frontal;1
01/06/2021;COT1;Transfacil;EQ14;DMX200 MOD H3.1;;;DF41;Envio para manutenção central-CTG;10
01/06/2021;COT1;Transfacil;EQ14;DMX200 MOD H3.1;;;DF86;Reparo com configuração do setup;1
01/06/2021;COT1;Transfacil;EQ14;DMX200 MOD H3.1;;;DF88;Reparo com formatação e reinst. FW/SW;73
01/06/2021;COT1;Transfacil;EQ14;DMX200 MOD H3.1;;;DF170;Subst. De Gorila Glass;2
01/06/2021;COT9;SINTRAM SEM DMX200;EQ16;PDM03;OP51;CONSÓRCIO ÓTIMO DE BILHETAGEM ELETRÔNICA ;DF88;Reparo com formatação e reinst. FW/SW;3
01/06/2021;COT9;SINTRAM COM DMX200;EQ12;DMX200 MOD H3;OP51;CONSÓRCIO ÓTIMO DE BILHETAGEM ELETRÔNICA ;DF88;Reparo com formatação e reinst. FW/SW;17
01/06/2021;COT9;SINTRAM COM DMX200;EQ12;DMX200 MOD H3;OP51;CONSÓRCIO ÓTIMO DE BILHETAGEM ELETRÔNICA ;DF41;Envio para manutenção central-CTG;4
01/06/2021;COT9;SINTRAM COM DMX200;EQ12;DMX200 MOD H3;OP51;CONSÓRCIO ÓTIMO DE BILHETAGEM ELETRÔNICA ;DF86;Reparo com configuração do setup;1
01/06/2021;COT11;Gov. Valadares;EQ13;DMX200L;OP53;VIAÇÃO MOBI;DF88;Reparo com formatação e reinst. FW/SW;11
01/06/2021;COT12;DIVPASS;EQ13;DMX200L;OP124;DIVPASS;DF90;Reparo com formatação e subst. FW/SW;27
01/06/2021;COT20;ROSA TURISMO;EQ39;DMX200L JI21 SEM BATERIA;OP66;ROSA TURISMO;DF115;Restauração da ROM via PC;15
01/06/2021;COT20;ROSA TURISMO;EQ39;DMX200L JI21 SEM BATERIA;OP66;ROSA TURISMO;DF41;Envio para manutenção central-CTG;5
01/06/2021;COT20;ROSA TURISMO;EQ39;DMX200L JI21 SEM BATERIA;OP66;ROSA TURISMO;DF97;Ressolda;4
01/06/2021;COT19;SÃO JOÃO;EQ39;DMX200L JI21 SEM BATERIA;OP67;SÃO JOÃO;DF115;Restauração da ROM via PC;5
01/06/2021;COT19;SÃO JOÃO;EQ39;DMX200L JI21 SEM BATERIA;OP67;SÃO JOÃO;DF41;Envio para manutenção central-CTG;5
01/06/2021;COT19;SÃO JOÃO;EQ39;DMX200L JI21 SEM BATERIA;OP67;SÃO JOÃO;DF97;Ressolda;2
01/06/2021;COT25;COOTRAPS - CE;EQ14;DMX200 MOD H3.1;OP129;COOTRAPS;DF39;Enviados para manutenção central CTG;17
01/06/2021;COT25;COOTRAPS - CE;EQ14;DMX200 MOD H3.1;OP129;COOTRAPS;DF90;Reparo com formatação e subst. FW/SW;17
01/06/2021;COT3;TEU;EQ14;DMX200 MOD H3.1;;;DF21;Atualização de FW ;28
01/06/2021;COT3;TEU;EQ14;DMX200 MOD H3.1;;;DF41;Envio para manutenção central-CTG;8
01/06/2021;COT3;TEU;EQ14;DMX200 MOD H3.1;;;DF115;Restauração da ROM via PC;28
01/06/2021;COT24;GVBUS;EQ14;DMX200 MOD H3.1;;;DF9;Ajuste e aperto de conexão;1
01/06/2021;COT24;GVBUS;EQ14;DMX200 MOD H3.1;;;DF41;Envio para manutenção central-CTG;72
01/06/2021;COT24;GVBUS;EQ14;DMX200 MOD H3.1;;;DF97;Ressolda;33
01/06/2021;COT24;GVBUS;EQ14;DMX200 MOD H3.1;;;DF117;Restauração de módulos via PC e/ou SdCard;216
01/06/2021;COT22;Taguatur PM NOVO;EQ39;DMX200L JI21 SEM BATERIA;OP82;TAGUATUR;DF41;Envio para manutenção central-CTG;42
01/06/2021;COT1;Transfacil;EQ10;CONNECTION CCIT 4.0;;;DF37;Defeito não encontrado e subst. FW/SW;1
01/06/2021;COT1;Transfacil;EQ10;CONNECTION CCIT 4.0;;;DF88;Reparo com formatação e reinst. FW/SW;10
01/06/2021;COT1;Transfacil;EQ10;CONNECTION CCIT 4.0;;;DF102;Ressolda na Placa Connection;3
01/06/2021;COT1;Transfacil;EQ10;CONNECTION CCIT 4.0;;;DF169;Subst. De Componente eletrônico;5
01/06/2021;COT1;Transfacil;EQ10;CONNECTION CCIT 4.0;;;DF206;Subst. Do Conector USB;1
01/06/2021;COT2;Transcard;EQ10;CONNECTION CCIT 4.0;;;DF41;Envio para manutenção central-CTG;9
01/06/2021;COT2;Transcard;EQ10;CONNECTION CCIT 4.0;;;DF46;Formatação da memória e subst. FW;11
01/06/2021;COT2;Transcard;EQ10;CONNECTION CCIT 4.0;;;DF206;Subst. Do Conector USB;2
01/06/2021;COT10;Metropolitano-Bahia;EQ10;CONNECTION CCIT 4.0;OP64;METROPOLITANO SSA;DF21;Atualização de FW ;8
01/06/2021;COT10;Metropolitano-Bahia;EQ10;CONNECTION CCIT 4.0;OP64;METROPOLITANO SSA;DF206;Subst. Do Conector USB;1
01/06/2021;COT20;ROSA TURISMO;EQ10;CONNECTION CCIT 4.0;OP66;ROSA TURISMO;DF21;Atualização de FW ;2
01/06/2021;COT19;SÃO JOÃO;EQ10;CONNECTION CCIT 4.0;OP67;SÃO JOÃO;DF21;Atualização de FW ;3
01/06/2021;COT24;GVBUS;EQ10;CONNECTION CCIT 4.0;;;DF46;Formatação da memória e subst. FW;1
01/06/2021;COT24;GVBUS;EQ10;CONNECTION CCIT 4.0;;;DF261;Inst. Da Placa ADP Input Rev02;4
01/06/2021;COT3;TEU;EQ22;V3000M;;;DF21;Atualização de FW ;26
01/06/2021;COT3;TEU;EQ22;V3000M;;;DF41;Envio para manutenção central-CTG;2
01/06/2021;COT3;TEU;EQ22;V3000M;;;DF115;Restauração da ROM via PC;27
01/06/2021;COT3;TEU;EQ22;V3000M;;;DF232;Subst. Do SDCard;8
01/06/2021;COT3;TEU;EQ21;V3000L;;;DF21;Atualização de FW ;1
01/06/2021;COT3;TEU;EQ21;V3000L;;;DF115;Restauração da ROM via PC;1
01/06/2021;COT3;TEU;EQ26;V3000M DVR;;;DF21;Atualização de FW ;7
01/06/2021;COT3;TEU;EQ26;V3000M DVR;;;DF115;Restauração da ROM via PC;7
01/06/2021;COT3;TEU;EQ26;V3000M DVR;;;DF41;Envio para manutenção central-CTG;1
01/06/2021;COT3;TEU;EQ26;V3000M DVR;;;DF232;Subst. Do SDCard;5
01/06/2021;COT1;Transfacil;EQ27;UT (FTV 3000);;;DF37;Defeito não encontrado e subst. FW/SW;3
01/06/2021;COT1;Transfacil;EQ27;UT (FTV 3000);;;DF88;Reparo com formatação e reinst. FW/SW;1
01/06/2021;COT1;Transfacil;EQ27;UT (FTV 3000);;;DF169;Subst. De Componente eletrônico;2
01/06/2021;COT24;GVBUS;EQ33;POS MOVE 2500;;;DF41;Envio para manutenção central-CTG;11
01/06/2021;COT20;Rosa Turismo;EQ31;POS 250;OP66;ROSA TURISMO;DF46;Formatação da memória e subst. FW;2
01/06/2021;COT19;São João;EQ31;POS 250;OP67;SÃO JOÃO;DF46;Formatação da memória e subst. FW;1
01/06/2021;COT19;São João;EQ31;POS 250;OP67;SÃO JOÃO;DF41;Envio para manutenção central-CTG;1
01/06/2021;COT2;Transcard;EQ31;POS 250;;;DF7;Ajuste do Módulo de Impressão;2
01/06/2021;COT2;Transcard;EQ31;POS 250;;;DF41;Envio para manutenção central-CTG;7
01/06/2021;COT2;Transcard;EQ31;POS 250;;;DF46;Formatação da memória e subst. FW;4
01/06/2021;COT1;Transfacil;EQ31;POS 250;OP27;TRANSFÁCIL;DF41;Envio para manutenção central-CTG;3
01/07/2021;COT7;Alagoinhas;EQ34;CCIT 4.0 FRONTAL H2.1 C SEM BATERIA;OP68;ALAGOINHAS;DF113;Restaura RAM via PC;3
01/07/2021;COT7;Alagoinhas;EQ34;CCIT 4.0 FRONTAL H2.1 C SEM BATERIA;OP68;ALAGOINHAS;DF114;Restaura RAM via pendrive;2
01/07/2021;COT7;Alagoinhas;EQ34;CCIT 4.0 FRONTAL H2.1 C SEM BATERIA;OP68;ALAGOINHAS;DF41;Envio para manutenção central-CTG;2
01/07/2021;COT21;Araguarina;EQ35;CCIT 4.0 FRONTAL H2 COM BATERIA;OP81;VIAÇÃO ARAGUARINA;DF41;Envio para manutenção central-CTG;6
01/07/2021;COT8;CBTU;EQ1;CCIT 3.0;OP47;CBTU - COMPANHIA BRASILEIRA DE TRENS URBANOS;DF209;Subst. Do Adesivo Frontal;1
01/07/2021;COT8;CBTU;EQ1;CCIT 3.0;OP47;CBTU - COMPANHIA BRASILEIRA DE TRENS URBANOS;DF108;Ressolda no circuito da placa-mãe;1
01/07/2021;COT24;GVBUS;EQ28;ATM;OP108;GVBUS - SIND. DAS EMP. DE TRANP. METROP. DA GRANDE VITÓRIA;DF262;Retirada de nota ATM e testes;1
01/07/2021;COT24;GVBUS;EQ28;ATM;OP108;GVBUS - SIND. DAS EMP. DE TRANP. METROP. DA GRANDE VITÓRIA;DF218;Subst. Do Monitor;2
01/07/2021;COT24;GVBUS;EQ28;ATM;OP108;GVBUS - SIND. DAS EMP. DE TRANP. METROP. DA GRANDE VITÓRIA;DF67;Manutenção na Impressora;3
01/07/2021;COT24;GVBUS;EQ28;ATM;OP108;GVBUS - SIND. DAS EMP. DE TRANP. METROP. DA GRANDE VITÓRIA;DF86;Reparo com configuração do setup;4
01/07/2021;COT24;GVBUS;EQ28;ATM;OP108;GVBUS - SIND. DAS EMP. DE TRANP. METROP. DA GRANDE VITÓRIA;DF68;Manutenção no Dispenser;1
01/07/2021;COT24;GVBUS;EQ28;ATM;OP108;GVBUS - SIND. DAS EMP. DE TRANP. METROP. DA GRANDE VITÓRIA;DF265;Subst. Do cabo do Validador de Notas;1
01/07/2021;COT24;GVBUS;EQ6;CCIT 4.0 FRONTAL H2.1;;;DF15;Ajustes de parafusos e conexões;2
01/07/2021;COT24;GVBUS;EQ6;CCIT 4.0 FRONTAL H2.1;;;DF93;Reparo no módulo;73
01/07/2021;COT24;GVBUS;EQ6;CCIT 4.0 FRONTAL H2.1;;;DF132;Subst. Da Bateria de Lithium;1
01/07/2021;COT24;GVBUS;EQ6;CCIT 4.0 FRONTAL H2.1;;;DF272;Subst. Do Touchscreen do módulo;1
01/07/2021;COT24;GVBUS;EQ6;CCIT 4.0 FRONTAL H2.1;;;DF217;Subst. Do Módulo H3.1;4
01/07/2021;COT24;GVBUS;EQ6;CCIT 4.0 FRONTAL H2.1;;;DF170;Subst. De Gorila Glass;1
01/07/2021;COT24;GVBUS;EQ6;CCIT 4.0 FRONTAL H2.1;;;DF276;Subst. Placa do Módulo;2
01/07/2021;COT6;Metro-Bahia;EQ28;ATM;OP63;METRO-BAHIA;DF143;Subst. da Impressora;1
01/07/2021;COT6;Metro-Bahia;EQ28;ATM;OP63;METRO-BAHIA;DF237;Subst. Do Validador de Notas;6
01/07/2021;COT6;Metro-Bahia;EQ28;ATM;OP63;METRO-BAHIA;DF66;Manutenção na Fechadura Eletrônica;1
01/07/2021;COT6;Metro-Bahia;EQ28;ATM;OP63;METRO-BAHIA;DF260;Subst. HUB Serial;2
01/07/2021;COT6;METRO-BAHIA;EQ28;ATM;OP63;METRO-BAHIA;DF179;Subst. Do Cabo de Comunicação da Impressora;1
01/07/2021;COT6;Metro-Bahia;EQ28;ATM;OP63;METRO-BAHIA;DF227;Subst. Do PC ATM;1
01/07/2021;COT6;Metro-Bahia;EQ28;ATM;OP63;METRO-BAHIA;DF218;Subst. Do Monitor;4
01/07/2021;COT6;Metro-Bahia;EQ9;CCIT 4.0 (BLOQUEIO) FRONTAL H1;OP63;METRO-BAHIA;DF113;Restaura RAM via PC;2
01/07/2021;COT5;METROFOR/ VLT FORTALEZA;EQ38;CCIT 4.0 METROFOR;OP105;METROFOR LINHA SUL;DF93;Reparo no módulo;3
01/07/2021;COT5;METROFOR/ VLT FORTALEZA;EQ38;CCIT 4.0 METROFOR;OP105;METROFOR LINHA SUL;DF132;Subst. Da Bateria de Lithium;9
01/07/2021;COT10;Metropolitano-Bahia;EQ6;CCIT 4.0 FRONTAL H2.1;OP64;METROPOLITANO SSA;DF113;Restaura RAM via PC;17
01/07/2021;COT10;Metropolitano-Bahia;EQ6;CCIT 4.0 FRONTAL H2.1;OP64;METROPOLITANO SSA;DF114;Restaura RAM via pendrive;4
01/07/2021;COT10;Metropolitano-Bahia;EQ6;CCIT 4.0 FRONTAL H2.1;OP64;METROPOLITANO SSA;DF41;Envio para manutenção central-CTG;1
01/07/2021;COT20;ROSA TURISMO;EQ36;CCIT 4.0 FRONTAL H1 COM BATERIA;OP66;ROSA TURISMO;DF113;Restaura RAM via PC;10
01/07/2021;COT20;ROSA TURISMO;EQ36;CCIT 4.0 FRONTAL H1 COM BATERIA;OP66;ROSA TURISMO;DF272;Subst. Do Touchscreen do módulo;2
01/07/2021;COT20;ROSA TURISMO;EQ36;CCIT 4.0 FRONTAL H1 COM BATERIA;OP66;ROSA TURISMO;DF272;Troca de Memória;6
01/07/2021;COT20;ROSA TURISMO;EQ36;CCIT 4.0 FRONTAL H1 COM BATERIA;OP66;ROSA TURISMO;DF51;Gravação BootLoader;6
01/07/2021;COT19;SÃO JOÃO;EQ36;CCIT 4.0 FRONTAL H1 COM BATERIA;OP67;SÃO JOÃO;DF113;Restaura RAM via PC;27
01/07/2021;COT19;SÃO JOÃO;EQ36;CCIT 4.0 FRONTAL H1 COM BATERIA;OP67;SÃO JOÃO;DF272;Subst. Do Touchscreen do módulo;1
01/07/2021;COT19;SÃO JOÃO;EQ36;CCIT 4.0 FRONTAL H1 COM BATERIA;OP67;SÃO JOÃO;DF209;Subst. Do Display;1
01/07/2021;COT19;SÃO JOÃO;EQ36;CCIT 4.0 FRONTAL H1 COM BATERIA;OP67;SÃO JOÃO;DF209;Troca de Memória;7
01/07/2021;COT19;SÃO JOÃO;EQ36;CCIT 4.0 FRONTAL H1 COM BATERIA;OP67;SÃO JOÃO;DF51;Gravação BootLoader;6
01/07/2021;COT17;SÃO JORGE - PONTE NOVA;EQ2;CCIT 3.2;OP50;SÃO JORGE AUTO ONIBUS;DF169;Subst. De Componente eletrônico;2
01/07/2021;COT17;SÃO JORGE - PONTE NOVA;EQ2;CCIT 3.2;OP50;SÃO JORGE AUTO ONIBUS;DF129;Subst. Da Antena Cless e adesivo frontal;1
01/07/2021;COT17;SÃO JORGE - PONTE NOVA;EQ2;CCIT 3.2;OP50;SÃO JORGE AUTO ONIBUS;DF132;Subst. Da Bateria de Lithium;1
01/07/2021;COT4;Setut;EQ6;CCIT 4.0 FRONTAL H2.1;;;DF60;Limpeza de cache;1
01/07/2021;COT4;Setut;EQ6;CCIT 4.0 FRONTAL H2.1;;;DF41;Envio para manutenção central-CTG;10
01/07/2021;COT18;Sindpautras;EQ6;CCIT 4.0 FRONTAL H2.1;OP48;SINDPAUTRAS-SIND. PERM. AUT. TRANSP. SU;DF88;Reparo com formatação e reinst. FW/SW;3
01/07/2021;COT22;Taguatur;EQ8;CCIT 4.0 FRONTAL JI21 SEM BATERIA;OP82;TAGUATUR;DF93;Reparo no módulo;2
01/07/2021;COT22;Taguatur;EQ8;CCIT 4.0 FRONTAL JI21 SEM BATERIA;OP82;TAGUATUR;DF101;Ressolda Mbccit;1
01/07/2021;COT22;Taguatur;EQ8;CCIT 4.0 FRONTAL JI21 SEM BATERIA;OP82;TAGUATUR;DF21;Atualização de FW ;1
01/07/2021;COT22;Taguatur;EQ8;CCIT 4.0 FRONTAL JI21 SEM BATERIA;OP82;TAGUATUR;DF169;Subst. De Componente eletrônico;2
01/07/2021;COT22;Taguatur;EQ8;CCIT 4.0 FRONTAL JI21 SEM BATERIA;OP82;TAGUATUR;DF90;Reparo com formatação e subst. FW/SW;21
01/07/2021;COT22;Taguatur;EQ8;CCIT 4.0 FRONTAL JI21 SEM BATERIA;OP82;TAGUATUR;DF267;Ressolda USB Interface;8
01/07/2021;COT22;Taguatur;EQ8;CCIT 4.0 FRONTAL JI21 SEM BATERIA;OP82;TAGUATUR;DF209;Subst. Do Display;1
01/07/2021;COT22;Taguatur;EQ8;CCIT 4.0 FRONTAL JI21 SEM BATERIA;OP82;TAGUATUR;DF217;Subst. Do Módulo H3.1;2
01/07/2021;COT22;Taguatur;EQ8;CCIT 4.0 FRONTAL JI21 SEM BATERIA;OP82;TAGUATUR;DF170;Subst. De Gorila Glass;1
01/07/2021;COT22;Taguatur;EQ8;CCIT 4.0 FRONTAL JI21 SEM BATERIA;OP82;TAGUATUR;DF268;Subst. Placa em EVA adesivado espessura 20mm;20
01/07/2021;COT22;Taguatur;EQ8;CCIT 4.0 FRONTAL JI21 SEM BATERIA;OP82;TAGUATUR;DF269;Subst. Placa em EVA adesivado espessura 16mm;20
01/07/2021;COT3;TEU;EQ36;CCIT 4.0 FRONTAL H1 COM BATERIA;;;DF115;Restauração da ROM via PC;167
01/07/2021;COT3;TEU;EQ36;CCIT 4.0 FRONTAL H1 COM BATERIA;;;DF60;Limpeza de cache;45
01/07/2021;COT3;TEU;EQ36;CCIT 4.0 FRONTAL H1 COM BATERIA;;;DF132;Subst. Da Bateria de Lithium;33
01/07/2021;COT3;TEU;EQ36;CCIT 4.0 FRONTAL H1 COM BATERIA;;;DF136;Subst. Da Carcaça inferior;28
01/07/2021;COT3;TEU;EQ36;CCIT 4.0 FRONTAL H1 COM BATERIA;;;DF93;Reparo no módulo;14
01/07/2021;COT3;TEU;EQ36;CCIT 4.0 FRONTAL H1 COM BATERIA;;;DF91;Reparo com Gravação de PIC e reinst. Do FW;8
01/07/2021;COT3;TEU;EQ36;CCIT 4.0 FRONTAL H1 COM BATERIA;;;DF144;Subst. Da Memória;1
01/07/2021;COT2;Transcard;EQ28;ATM;OP61;Setps (Transcard);DF143;Subst. da Impressora;2
01/07/2021;COT2;Transcard;EQ28;ATM;OP61;Setps (Transcard);DF237;Subst. Do Validador de Notas;39
01/07/2021;COT2;Transcard;EQ28;ATM;OP61;Setps (Transcard);DF66;Manutenção na Fechadura Eletrônica;1
01/07/2021;COT2;Transcard;EQ28;ATM;OP61;Setps (Transcard);DF231;Subst. Do PINpad;1
01/07/2021;COT2;Transcard;EQ28;ATM;OP61;Setps (Transcard);DF142;Subst. Da Fonte Lambda ATM;4
01/07/2021;COT2;Transcard;EQ28;ATM;OP61;Setps (Transcard);DF218;Subst. Do Monitor;3
01/07/2021;COT2;Transcard;EQ28;ATM;OP61;Setps (Transcard);DF280;Manutenção no Validador de Notas;2
01/07/2021;COT2;Transcard;EQ28;ATM;OP61;Setps (Transcard);DF179;Subst. Do Cabo de Comunicação da Impressora;1
01/07/2021;COT2;Transcard;EQ28;ATM;OP61;Setps (Transcard);DF281;Subst. Fechadura Digital;2
01/07/2021;COT2;Transcard;EQ6;CCIT 4.0 FRONTAL H2.1;;;DF113;Restaura RAM via PC;59
01/07/2021;COT2;Transcard;EQ6;CCIT 4.0 FRONTAL H2.1;;;DF114;Restaura RAM via pendrive;9
01/07/2021;COT2;Transcard;EQ6;CCIT 4.0 FRONTAL H2.1;;;DF101;Ressolda Mbccit;3
01/07/2021;COT2;Transcard;EQ6;CCIT 4.0 FRONTAL H2.1;;;DF93;Reparo no módulo;5
01/07/2021;COT2;Transcard;EQ6;CCIT 4.0 FRONTAL H2.1;;;DF272;Subst. Do Touchscreen do módulo;1
01/07/2021;COT2;Transcard;EQ6;CCIT 4.0 FRONTAL H2.1;;;DF209;Subst. Do Display;1
01/07/2021;COT2;Transcard;EQ6;CCIT 4.0 FRONTAL H2.1;;;DF279;Modificado para Módulo JI21;9
01/07/2021;COT2;Transcard;EQ6;CCIT 4.0 FRONTAL H2.1;;;DF216;Subst. Do Módulo H2;15
01/07/2021;COT2;Transcard;EQ6;CCIT 4.0 FRONTAL H2.1;;;DF170;Subst. De Gorila Glass;10
01/07/2021;COT2;Transcard;EQ6;CCIT 4.0 FRONTAL H2.1;;;DF198;Subst. Do componente eletrônico;10
01/07/2021;COT2;Transcard;EQ6;CCIT 4.0 FRONTAL H2.1;;;DF274;Subst. Tampa;5
01/07/2021;COT2;Transcard;EQ6;CCIT 4.0 FRONTAL H2.1;;;DF51;Gravação BootLoader;11
01/07/2021;COT1;Transfacil;EQ28;ATM;OP27;TRANSFÁCIL;DF197;Subst. Do Cofre;4
01/07/2021;COT1;Transfacil;EQ28;ATM;OP27;TRANSFÁCIL;DF65;Manutenção Cofre;3
01/07/2021;COT1;Transfacil;EQ28;ATM;OP27;TRANSFÁCIL;DF237;Subst. Do Validador de Notas;4
01/07/2021;COT1;Transfacil;EQ28;ATM;OP27;TRANSFÁCIL;DF32;Defeito não encontrado;4
01/07/2021;COT1;Transfacil;EQ28;ATM;OP27;TRANSFÁCIL;DF258;Subst. Da Cabeça de Impressão;3
01/07/2021;COT1;Transfacil;EQ28;ATM;OP27;TRANSFÁCIL;DF143;Subst. da Impressora;1
01/07/2021;COT1;Transfacil;EQ28;ATM;OP27;TRANSFÁCIL;DF128;Subst. Da antena Cless;2
01/07/2021;COT1;Transfacil;EQ28;ATM;OP27;TRANSFÁCIL;DF257;Manut. No Validador de Notas;1
01/07/2021;COT1;Transfacil;EQ28;ATM;OP27;TRANSFÁCIL;DF212;Subst. Do HD;1
01/07/2021;COT1;Transfacil;EQ6;CCIT 4.0 FRONTAL H2.1;;;DF88;Reparo com formatação e reinst. FW/SW;75
01/07/2021;COT1;Transfacil;EQ6;CCIT 4.0 FRONTAL H2.1;;;DF238;Subst. Do Vidro CCIT V4.0;6
01/07/2021;COT1;Transfacil;EQ6;CCIT 4.0 FRONTAL H2.1;;;DF216;Subst. Do Módulo H2;5
01/07/2021;COT1;Transfacil;EQ6;CCIT 4.0 FRONTAL H2.1;;;DF37;Defeito não encontrado e subst. FW/SW;2
01/07/2021;COT1;Transfacil;EQ6;CCIT 4.0 FRONTAL H2.1;;;DF169;Subst. De Componente eletrônico;1
01/07/2021;COT1;Transfacil;EQ6;CCIT 4.0 FRONTAL H2.1;;;DF136;Subst. Da Carcaça inferior;1
01/07/2021;COT1;Transfacil;EQ6;CCIT 4.0 FRONTAL H2.1;OP13;Estações BRT Move;DF88;Reparo com formatação e reinst. FW/SW;5
01/07/2021;COT1;Transfacil;EQ6;CCIT 4.0 FRONTAL H2.1;OP13;Estações BRT Move;DF238;Subst. Do Vidro CCIT V4.0;1
01/07/2021;COT23;UTB;EQ6;CCIT 4.0 FRONTAL H2.1;OP83;UTB;DF93;Reparo no módulo;11
01/07/2021;COT23;UTB;EQ6;CCIT 4.0 FRONTAL H2.1;OP83;UTB;DF132;Subst. Da Bateria de Lithium;6
01/07/2021;COT23;UTB;EQ6;CCIT 4.0 FRONTAL H2.1;OP83;UTB;DF46;Formatação da memória e subst. FW;8
01/07/2021;COT23;UTB;EQ6;CCIT 4.0 FRONTAL H2.1;OP83;UTB;DF272;Subst. Do Touchscreen do módulo;2
01/07/2021;COT23;UTB;EQ6;CCIT 4.0 FRONTAL H2.1;OP83;UTB;DF209;Subst. Do Display;2
01/07/2021;COT23;UTB;EQ6;CCIT 4.0 FRONTAL H2.1;OP83;UTB;DF216;Subst. Do Módulo H2;8
01/07/2021;COT23;UTB;EQ6;CCIT 4.0 FRONTAL H2.1;OP83;UTB;DF170;Subst. De Gorila Glass;8
01/07/2021;COT23;UTB;EQ6;CCIT 4.0 FRONTAL H2.1;OP83;UTB;DF169;Subst. De Componente eletrônico;8
01/07/2021;COT16;Via Ouro;EQ3;CCIT 3.5;OP49;VIA OURO COLETIVOS LTDA;DF88;Reparo com formatação e reinst. FW/SW;2
01/07/2021;COT1;Transfacil;EQ14;DMX200 MOD H3.1;;;DF41;Envio para manutenção central-CTG;11
01/07/2021;COT1;Transfacil;EQ14;DMX200 MOD H3.1;;;DF88;Reparo com formatação e reinst. FW/SW;86
01/07/2021;COT1;Transfacil;EQ14;DMX200 MOD H3.1;;;DF170;Subst. De Gorila Glass;3
01/07/2021;COT21;Araguarina;EQ13;DMX200L;OP81;VIAÇÃO ARAGUARINA;DF41;Envio para manutenção central-CTG;1
01/07/2021;COT22;Taguatur PM NOVO;EQ39;DMX200L JI21 SEM BATERIA;OP82;TAGUATUR;DF41;Envio para manutenção central-CTG;68
01/07/2021;COT19;SÃO JOÃO;EQ39;DMX200L JI21 SEM BATERIA;OP67;SÃO JOÃO;DF115;Restauração da ROM via PC;9
01/07/2021;COT19;SÃO JOÃO;EQ39;DMX200L JI21 SEM BATERIA;OP67;SÃO JOÃO;DF97;Ressolda;10
01/07/2021;COT20;ROSA TURISMO;EQ39;DMX200L JI21 SEM BATERIA;OP66;ROSA TURISMO;DF115;Restauração da ROM via PC;12
01/07/2021;COT4;Setut;EQ14;DMX200 MOD H3.1;;;DF41;Envio para manutenção central-CTG;12
01/07/2021;COT25;COOTRAPS - CE;EQ14;DMX200 MOD H3.1;OP129;COOTRAPS;DF39;Enviados para manutenção central CTG;20
01/07/2021;COT25;COOTRAPS - CE;EQ14;DMX200 MOD H3.1;OP129;COOTRAPS;DF90;Reparo com formatação e subst. FW/SW;16
01/07/2021;COT25;COOTRAPS - CE;EQ14;DMX200 MOD H3.1;OP129;COOTRAPS;DF264;Testado Track;10
01/07/2021;COT3;TEU;EQ14;DMX200 MOD H3.1;;;DF21;Atualização de FW ;21
01/07/2021;COT3;TEU;EQ14;DMX200 MOD H3.1;;;DF115;Restauração da ROM via PC;21
01/07/2021;COT3;TEU;EQ14;DMX200 MOD H3.1;;;DF267;Ressolda USB Interface;3
01/07/2021;COT24;GVBUS;EQ14;DMX200 MOD H3.1;;;DF9;Ajuste e aperto de conexão;1
01/07/2021;COT24;GVBUS;EQ14;DMX200 MOD H3.1;;;DF97;Ressolda;99
01/07/2021;COT24;GVBUS;EQ14;DMX200 MOD H3.1;;;DF117;Restauração de módulos via PC e/ou SdCard;181
01/07/2021;COT24;GVBUS;EQ14;DMX200 MOD H3.1;;;DF46;Formatação da memória e subst. FW;75
01/07/2021;COT3;TEU;EQ14;DMX200 MOD H3.1;;;DF46;Formatação da memória e subst. FW;5
01/07/2021;COT3;TEU;EQ14;DMX200 MOD H3.1;;;DF268;Subst. Placa em EVA adesivado espessura 20mm;3
01/07/2021;COT3;TEU;EQ14;DMX200 MOD H3.1;;;DF269;Subst. Placa em EVA adesivado espessura 16mm;3
01/07/2021;COT3;TEU;EQ14;DMX200 MOD H3.1;;;DF144;Subst. Da Memória;1
01/07/2021;COT3;TEU;EQ14;DMX200 MOD H3.1;;;DF270;Gravação do IMEI;1
01/07/2021;COT3;TEU;EQ14;DMX200 MOD H3.1;;;DF217;Subst. Do Módulo H3.1;1
01/07/2021;COT3;TEU;EQ14;DMX200 MOD H3.1;;;DF271;Subst. Do Vidro;1
01/07/2021;COT3;TEU;EQ14;DMX200 MOD H3.1;;;DF170;Subst. De Gorila Glass;1
01/07/2021;COT24;GVBUS;EQ14;DMX200 MOD H3.1;;;DF61;Limpeza e testes;58
01/07/2021;COT24;GVBUS;EQ14;DMX200 MOD H3.1;;;DF271;Subst. Do Vidro;13
01/07/2021;COT24;GVBUS;EQ14;DMX200 MOD H3.1;;;DF272;Subst. Do Touchscreen do módulo;15
01/07/2021;COT24;GVBUS;EQ14;DMX200 MOD H3.1;;;DF127;Subst. Conector USB;10
01/07/2021;COT24;GVBUS;EQ14;DMX200 MOD H3.1;;;DF217;Subst. Do Módulo H3.1;13
01/07/2021;COT24;GVBUS;EQ14;DMX200 MOD H3.1;;;DF170;Subst. De Gorila Glass;20
01/07/2021;COT24;GVBUS;EQ14;DMX200 MOD H3.1;;;DF268;Subst. Placa em EVA adesivado espessura 20mm;9
01/07/2021;COT24;GVBUS;EQ14;DMX200 MOD H3.1;;;DF269;Subst. Placa em EVA adesivado espessura 16mm;9
01/07/2021;COT24;GVBUS;EQ14;DMX200 MOD H3.1;;;DF165;Subst. Da Placa-mãe;5
01/07/2021;COT24;GVBUS;EQ14;DMX200 MOD H3.1;;;DF270;Gravação do IMEI;19
01/07/2021;COT24;GVBUS;EQ14;DMX200 MOD H3.1;;;DF273;Subst. Cabo USB;5
01/07/2021;COT24;GVBUS;EQ14;DMX200 MOD H3.1;;;DF274;Subst. Tampa;2
01/07/2021;COT24;GVBUS;EQ14;DMX200 MOD H3.1;;;DF275;Subst. Placa Montada Interface PM;2
01/07/2021;COT24;GVBUS;EQ14;DMX200 MOD H3.1;;;DF169;Subst. De Componente eletrônico;12
01/07/2021;COT24;GVBUS;EQ14;DMX200 MOD H3.1;;;DF214;Subst. Do Módulo do GPRS;5
01/07/2021;COT24;GVBUS;EQ14;DMX200 MOD H3.1;;;DF268;Subst. Placa em EVA adesivado espessura 20mm;1
01/07/2021;COT24;GVBUS;EQ14;DMX200 MOD H3.1;;;DF269;Subst. Placa em EVA adesivado espessura 16mm;1
01/07/2021;COT24;GVBUS;EQ14;DMX200 MOD H3.1;;;DF144;Subst. Da Memória;10
01/07/2021;COT20;ROSA TURISMO;EQ39;DMX200L JI21 SEM BATERIA;OP66;ROSA TURISMO;DF46;Formatação da memória e subst. FW;7
01/07/2021;COT19;SÃO JOÃO;EQ39;DMX200L JI21 SEM BATERIA;OP67;SÃO JOÃO;DF46;Formatação da memória e subst. FW;6
01/07/2021;COT20;ROSA TURISMO;EQ39;DMX200L JI21 SEM BATERIA;OP66;ROSA TURISMO;DF217;Subst. Do Módulo H3.1;3
01/07/2021;COT19;SÃO JOÃO;EQ39;DMX200L JI21 SEM BATERIA;OP67;SÃO JOÃO;DF217;Subst. Do Módulo H3.1;2
01/07/2021;COT20;ROSA TURISMO;EQ39;DMX200L JI21 SEM BATERIA;OP66;ROSA TURISMO;DF170;Subst. De Gorila Glass;5
01/07/2021;COT19;SÃO JOÃO;EQ39;DMX200L JI21 SEM BATERIA;OP67;SÃO JOÃO;DF170;Subst. De Gorila Glass;4
01/07/2021;COT20;ROSA TURISMO;EQ39;DMX200L JI21 SEM BATERIA;OP66;ROSA TURISMO;DF209;Subst. Do Display;5
01/07/2021;COT19;SÃO JOÃO;EQ39;DMX200L JI21 SEM BATERIA;OP67;SÃO JOÃO;DF209;Subst. Do Display;4
01/07/2021;COT20;ROSA TURISMO;EQ39;DMX200L JI21 SEM BATERIA;OP66;ROSA TURISMO;DF273;Subst. Cabo USB;5
01/07/2021;COT19;SÃO JOÃO;EQ39;DMX200L JI21 SEM BATERIA;OP67;SÃO JOÃO;DF273;Subst. Cabo USB;4
01/07/2021;COT20;ROSA TURISMO;EQ39;DMX200L JI21 SEM BATERIA;OP66;ROSA TURISMO;DF268;Subst. Placa em EVA adesivado espessura 20mm;7
01/07/2021;COT19;SÃO JOÃO;EQ39;DMX200L JI21 SEM BATERIA;OP67;SÃO JOÃO;DF269;Subst. Placa em EVA adesivado espessura 16mm;6
01/07/2021;COT20;ROSA TURISMO;EQ39;DMX200L JI21 SEM BATERIA;OP66;ROSA TURISMO;DF268;Subst. Placa em EVA adesivado espessura 20mm;7
01/07/2021;COT19;SÃO JOÃO;EQ39;DMX200L JI21 SEM BATERIA;OP67;SÃO JOÃO;DF269;Subst. Placa em EVA adesivado espessura 16mm;6
01/07/2021;COT9;SINTRAM COM DMX200;EQ12;DMX200 MOD H3;OP51;CONSÓRCIO ÓTIMO DE BILHETAGEM ELETRÔNICA ;DF88;Reparo com formatação e reinst. FW/SW;9
01/07/2021;COT9;SINTRAM COM DMX200;EQ12;DMX200 MOD H3;OP51;CONSÓRCIO ÓTIMO DE BILHETAGEM ELETRÔNICA ;DF211;Subst. Do Equipamento completo;1
01/07/2021;COT9;SINTRAM COM DMX200;EQ12;DMX200 MOD H3;OP51;CONSÓRCIO ÓTIMO DE BILHETAGEM ELETRÔNICA ;DF252;Troca de Memória;8
01/07/2021;COT9;SINTRAM COM DMX200;EQ12;DMX200 MOD H3;OP51;CONSÓRCIO ÓTIMO DE BILHETAGEM ELETRÔNICA ;DF61;Limpeza e testes;4
01/07/2021;COT9;SINTRAM COM DMX200;EQ12;DMX200 MOD H3;OP51;CONSÓRCIO ÓTIMO DE BILHETAGEM ELETRÔNICA ;DF169;Subst. De Componente eletrônico;5
01/07/2021;COT1;Transfacil;EQ10;CONNECTION CCIT 4.0;;;DF37;Defeito não encontrado e subst. FW/SW;4
01/07/2021;COT1;Transfacil;EQ10;CONNECTION CCIT 4.0;;;DF88;Reparo com formatação e reinst. FW/SW;12
01/07/2021;COT1;Transfacil;EQ10;CONNECTION CCIT 4.0;;;DF169;Subst. De Componente eletrônico;1
01/07/2021;COT2;Transcard;EQ10;CONNECTION CCIT 4.0;;;DF46;Formatação da memória e subst. FW;7
01/07/2021;COT2;Transcard;EQ10;CONNECTION CCIT 4.0;;;DF41;Envio para manutenção central-CTG;3
01/07/2021;COT19;SÃO JOÃO;EQ10;CONNECTION CCIT 4.0;OP67;SÃO JOÃO;DF21;Atualização de FW ;2
01/07/2021;COT19;SÃO JOÃO;EQ10;CONNECTION CCIT 4.0;OP67;SÃO JOÃO;DF41;Envio para manutenção central-CTG;1
01/07/2021;COT20;ROSA TURISMO;EQ10;CONNECTION CCIT 4.0;OP66;ROSA TURISMO;DF21;Atualização de FW ;4
01/07/2021;COT20;ROSA TURISMO;EQ10;CONNECTION CCIT 4.0;OP66;ROSA TURISMO;DF41;Envio para manutenção central-CTG;2
01/07/2021;COT20;ROSA TURISMO;EQ10;CONNECTION CCIT 4.0;OP66;ROSA TURISMO;DF256;Subst. de Fusível;1
01/07/2021;COT20;ROSA TURISMO;EQ10;CONNECTION CCIT 4.0;OP66;ROSA TURISMO;DF206;Subst. Do Conector USB;1
01/07/2021;COT24;GVBUS;EQ10;CONNECTION CCIT 4.0;;;DF277;Subst. Da Connections;3
01/07/2021;COT24;GVBUS;EQ10;CONNECTION CCIT 4.0;;;DF278;Modificação circuito catraca;32
01/07/2021;COT24;GVBUS;EQ10;CONNECTION CCIT 4.0;;;DF51;Gravação BootLoader;9
01/07/2021;COT24;GVBUS;EQ10;CONNECTION CCIT 4.0;;;DF256;Substituição de fusível;23
01/07/2021;COT24;GVBUS;EQ10;CONNECTION CCIT 4.0;;;DF137;Subst. Da Carcaça Traseira;5
01/07/2021;COT24;GVBUS;EQ10;CONNECTION CCIT 4.0;;;DF169;Subst. De Componente eletrônico;14
01/07/2021;COT3;TEU;EQ22;V3000M;;;DF21;Atualização de FW ;51
01/07/2021;COT3;TEU;EQ22;V3000M;;;DF41;Envio para manutenção central-CTG;8
01/07/2021;COT3;TEU;EQ22;V3000M;;;DF115;Restauração da ROM via PC;51
01/07/2021;COT3;TEU;EQ22;V3000M;;;DF232;Subst. Do SDCard;12
01/07/2021;COT3;TEU;EQ21;V3000L;;;DF115;Restauração da ROM via PC;4
01/07/2021;COT3;TEU;EQ21;V3000L;;;DF21;Atualização de FW ;25
01/07/2021;COT3;TEU;EQ26;V3000M DVR;;;DF21;Atualização de FW ;15
01/07/2021;COT3;TEU;EQ26;V3000M DVR;;;DF151;Subst. Da placa DVR;1
01/07/2021;COT3;TEU;EQ22;V3000M;;;DF169;Subst. De Componente eletrônico;2
01/07/2021;COT1;Transfacil;EQ27;UT (FTV 3000);;;DF37;Defeito não encontrado e subst. FW/SW;4
01/07/2021;COT1;Transfacil;EQ27;UT (FTV 3000);;;DF88;Reparo com formatação e reinst. FW/SW;1
01/07/2021;COT1;Transfacil;EQ27;UT (FTV 3000);;;DF169;Subst. De Componente eletrônico;1
01/07/2021;COT24;GVBUS;EQ33;POS MOVE 2500;;;DF21;Atualização de FW ;4
01/07/2021;COT24;GVBUS;EQ33;POS MOVE 2500;;;DF132;Subst. Da Bateria de Lithium;1
01/07/2021;COT24;GVBUS;EQ33;POS MOVE 2500;;;DF173;Subst. Do Adesivo Frontal;1
01/07/2021;COT10;Metropolitano-Bahia;EQ31;POS 250;OP64;METROPOLITANO SSA;DF41;Envio para manutenção central-CTG;2
01/07/2021;COT2;Transcard;EQ31;POS 250;;;DF46;Formatação da memória e subst. FW;3
01/07/2021;COT2;Transcard;EQ31;POS 250;;;DF132;Subst. Da Bateria de Lithium;4
01/07/2021;COT2;Transcard;EQ31;POS 250;;;DF7;Ajuste do Módulo de Impressão;2
01/07/2021;COT2;Transcard;EQ31;POS 250;;;DF41;Envio para manutenção central-CTG;6
01/08/2021;COT7;Alagoinhas;EQ34;CCIT 4.0 FRONTAL H2.1 C SEM BATERIA;OP68;ALAGOINHAS;DF113;Restaura RAM via PC;7
01/08/2021;COT7;Alagoinhas;EQ34;CCIT 4.0 FRONTAL H2.1 C SEM BATERIA;OP68;ALAGOINHAS;DF114;Restaura RAM via pendrive;2
01/08/2021;COT21;Araguarina;EQ35;CCIT 4.0 FRONTAL H2 COM BATERIA;OP81;VIAÇÃO ARAGUARINA;DF41;Envio para manutenção central-CTG;3
01/08/2021;COT8;CBTU;EQ1;CCIT 3.0;OP47;CBTU - COMPANHIA BRASILEIRA DE TRENS URBANOS;DF129;Subst. Da Antena Cless e adesivo frontal;1
01/08/2021;COT8;CBTU;EQ1;CCIT 3.0;OP47;CBTU - COMPANHIA BRASILEIRA DE TRENS URBANOS;DF88;Reparo com formatação e reinst. FW/SW;2
01/08/2021;COT8;CBTU;EQ1;CCIT 3.0;OP47;CBTU - COMPANHIA BRASILEIRA DE TRENS URBANOS;DF162;Subst. Da Placa Mbccit;1
01/08/2021;COT8;CBTU;EQ1;CCIT 3.0;OP47;CBTU - COMPANHIA BRASILEIRA DE TRENS URBANOS;DF159;Subst. Da placa FtctlessGPS;1
01/08/2021;COT12;DIVPASS;EQ6;CCIT 4.0 FRONTAL H2.1;OP124;DIVPASS;DF37;Defeito não encontrado e subst. FW/SW;11
01/08/2021;COT12;DIVPASS;EQ6;CCIT 4.0 FRONTAL H2.1;OP124;DIVPASS;DF117;Restauração de módulos via PC e/ou SdCard;2
01/08/2021;COT24;GVBUS;EQ28;ATM;OP108;GVBUS - SIND. DAS EMP. DE TRANP. METROP. DA GRANDE VITÓRIA;DF262;Retirada de nota ATM e testes;9
01/08/2021;COT24;GVBUS;EQ28;ATM;OP108;GVBUS - SIND. DAS EMP. DE TRANP. METROP. DA GRANDE VITÓRIA;DF231;Subst. Do PINpad;3
01/08/2021;COT24;GVBUS;EQ28;ATM;OP108;GVBUS - SIND. DAS EMP. DE TRANP. METROP. DA GRANDE VITÓRIA;DF67;Manutenção na Impressora;2
01/08/2021;COT24;GVBUS;EQ28;ATM;OP108;GVBUS - SIND. DAS EMP. DE TRANP. METROP. DA GRANDE VITÓRIA;DF86;Reparo com configuração do setup;6
01/08/2021;COT24;GVBUS;EQ28;ATM;OP108;GVBUS - SIND. DAS EMP. DE TRANP. METROP. DA GRANDE VITÓRIA;DF68;Manutenção no Dispenser;5
01/08/2021;COT24;GVBUS;EQ28;ATM;OP108;GVBUS - SIND. DAS EMP. DE TRANP. METROP. DA GRANDE VITÓRIA;DF65;Manutenção Cofre;1
01/08/2021;COT24;GVBUS;EQ28;ATM;OP108;GVBUS - SIND. DAS EMP. DE TRANP. METROP. DA GRANDE VITÓRIA;DF19;ATM - defeito não confirmado;1
01/08/2021;COT24;GVBUS;EQ6;CCIT 4.0 FRONTAL H2.1;;;DF93;Reparo no módulo;38
01/08/2021;COT24;GVBUS;EQ6;CCIT 4.0 FRONTAL H2.1;;;DF41;Envio para manutenção central-CTG;4
01/08/2021;COT6;Metro-Bahia;EQ28;ATM;OP63;METRO-BAHIA;DF143;Subst. da Impressora;3
01/08/2021;COT6;Metro-Bahia;EQ28;ATM;OP63;METRO-BAHIA;DF237;Subst. Do Validador de Notas;17
01/08/2021;COT6;Metro-Bahia;EQ28;ATM;OP63;METRO-BAHIA;DF236;Subst. Do Teclado de Metal Frontal;1
01/08/2021;COT6;METRO-BAHIA;EQ28;ATM;OP63;METRO-BAHIA;DF179;Subst. Do Cabo de Comunicação da Impressora;1
01/08/2021;COT6;Metro-Bahia;EQ28;ATM;OP63;METRO-BAHIA;DF227;Subst. Do PC ATM;1
01/08/2021;COT6;Metro-Bahia;EQ28;ATM;OP63;METRO-BAHIA;DF218;Subst. Do Monitor;3
01/08/2021;COT5;METROFOR/ VLT FORTALEZA;EQ38;CCIT 4.0 METROFOR;OP105;METROFOR LINHA SUL;DF41;Envio para manutenção central-CTG;6
01/08/2021;COT5;METROFOR/ VLT FORTALEZA;EQ38;CCIT 4.0 METROFOR;OP105;METROFOR LINHA SUL;DF88;Reparo com formatação e reinst. FW/SW;3
01/08/2021;COT10;Metropolitano-Bahia;EQ6;CCIT 4.0 FRONTAL H2.1;OP64;METROPOLITANO SSA;DF113;Restaura RAM via PC;25
01/08/2021;COT10;Metropolitano-Bahia;EQ6;CCIT 4.0 FRONTAL H2.1;OP64;METROPOLITANO SSA;DF114;Restaura RAM via pendrive;1
01/08/2021;COT10;Metropolitano-Bahia;EQ6;CCIT 4.0 FRONTAL H2.1;OP64;METROPOLITANO SSA;DF41;Envio para manutenção central-CTG;3
01/08/2021;COT20;ROSA TURISMO;EQ36;CCIT 4.0 FRONTAL H1 COM BATERIA;OP66;ROSA TURISMO;DF113;Restaura RAM via PC;6
01/08/2021;COT20;ROSA TURISMO;EQ36;CCIT 4.0 FRONTAL H1 COM BATERIA;OP66;ROSA TURISMO;DF41;Envio para manutenção central-CTG;3
01/08/2021;COT19;SÃO JOÃO;EQ36;CCIT 4.0 FRONTAL H1 COM BATERIA;OP67;SÃO JOÃO;DF113;Restaura RAM via PC;14
01/08/2021;COT19;SÃO JOÃO;EQ36;CCIT 4.0 FRONTAL H1 COM BATERIA;OP67;SÃO JOÃO;DF41;Envio para manutenção central-CTG;6
01/08/2021;COT17;SÃO JORGE - PONTE NOVA;EQ2;CCIT 3.2;OP50;SÃO JORGE AUTO ONIBUS;DF169;Subst. De Componente eletrônico;3
01/08/2021;COT17;SÃO JORGE - PONTE NOVA;EQ2;CCIT 3.2;OP50;SÃO JORGE AUTO ONIBUS;DF129;Subst. Da Antena Cless e adesivo frontal;2
01/08/2021;COT17;SÃO JORGE - PONTE NOVA;EQ2;CCIT 3.2;OP50;SÃO JORGE AUTO ONIBUS;DF132;Subst. Da Bateria de Lithium;2
01/08/2021;COT17;SÃO JORGE - PONTE NOVA;EQ2;CCIT 3.2;OP50;SÃO JORGE AUTO ONIBUS;DF202;Subst. Do Conector DB15;7
01/08/2021;COT4;Setut;EQ6;CCIT 4.0 FRONTAL H2.1;;;DF60;Limpeza de cache;2
01/08/2021;COT4;Setut;EQ6;CCIT 4.0 FRONTAL H2.1;;;DF113;Restaura RAM via PC;4
01/08/2021;COT4;Setut;EQ6;CCIT 4.0 FRONTAL H2.1;;;DF41;Envio para manutenção central-CTG;12
01/08/2021;COT18;Sindpautras;EQ6;CCIT 4.0 FRONTAL H2.1;OP48;SINDPAUTRAS-SIND. PERM. AUT. TRANSP. SU;DF88;Reparo com formatação e reinst. FW/SW;20
01/08/2021;COT18;Sindpautras;EQ6;CCIT 4.0 FRONTAL H2.1;OP48;SINDPAUTRAS-SIND. PERM. AUT. TRANSP. SU;DF37;Defeito não encontrado e subst. FW/SW;3
01/08/2021;COT18;Sindpautras;EQ6;CCIT 4.0 FRONTAL H2.1;OP48;SINDPAUTRAS-SIND. PERM. AUT. TRANSP. SU;DF216;Subst. Do Módulo H2;1
01/08/2021;COT18;Sindpautras;EQ6;CCIT 4.0 FRONTAL H2.1;OP48;SINDPAUTRAS-SIND. PERM. AUT. TRANSP. SU;DF133;Subst. Da Campainha CCIT;1
01/08/2021;COT22;Taguatur;EQ8;CCIT 4.0 FRONTAL JI21 SEM BATERIA;OP82;TAGUATUR;DF41;Envio para manutenção central-CTG;8
01/08/2021;COT3;TEU;EQ3;CCIT 3.5;;;DF147;Subst. Da Placa CLESS;1
01/08/2021;COT3;TEU;EQ3;CCIT 3.5;;;DF21;Atualização de FW ;1
01/08/2021;COT3;TEU;EQ36;CCIT 4.0 FRONTAL H1 COM BATERIA;;;DF115;Restauração da ROM via PC;137
01/08/2021;COT3;TEU;EQ36;CCIT 4.0 FRONTAL H1 COM BATERIA;;;DF60;Limpeza de cache;54
01/08/2021;COT3;TEU;EQ36;CCIT 4.0 FRONTAL H1 COM BATERIA;;;DF132;Subst. Da Bateria de Lithium;36
01/08/2021;COT3;TEU;EQ36;CCIT 4.0 FRONTAL H1 COM BATERIA;;;DF136;Subst. Da Carcaça inferior;25
01/08/2021;COT3;TEU;EQ36;CCIT 4.0 FRONTAL H1 COM BATERIA;;;DF41;Envio para manutenção central-CTG;21
01/08/2021;COT2;Transcard;EQ28;ATM;OP61;Setps (Transcard);DF143;Subst. da Impressora;2
01/08/2021;COT2;Transcard;EQ28;ATM;OP61;Setps (Transcard);DF237;Subst. Do Validador de Notas;18
01/08/2021;COT2;Transcard;EQ28;ATM;OP61;Setps (Transcard);DF66;Manutenção na Fechadura Eletrônica;3
01/08/2021;COT2;Transcard;EQ28;ATM;OP61;Setps (Transcard);DF231;Subst. Do PINpad;1
01/08/2021;COT2;Transcard;EQ28;ATM;OP61;Setps (Transcard);DF142;Subst. Da Fonte Lambda ATM;1
01/08/2021;COT2;Transcard;EQ6;CCIT 4.0 FRONTAL H2.1;;;DF113;Restaura RAM via PC;95
01/08/2021;COT2;Transcard;EQ6;CCIT 4.0 FRONTAL H2.1;;;DF114;Restaura RAM via pendrive;28
01/08/2021;COT2;Transcard;EQ6;CCIT 4.0 FRONTAL H2.1;;;DF101;Ressolda Mbccit;1
01/08/2021;COT2;Transcard;EQ6;CCIT 4.0 FRONTAL H2.1;;;DF41;Enviados para manutenção central CTG;41
01/08/2021;COT1;Transfacil;EQ28;ATM;OP27;TRANSFÁCIL;DF197;Subst. Do Cofre;6
01/08/2021;COT1;Transfacil;EQ28;ATM;OP27;TRANSFÁCIL;DF237;Subst. Do Validador de Notas;4
01/08/2021;COT1;Transfacil;EQ28;ATM;OP27;TRANSFÁCIL;DF258;Subst. Da Cabeça de Impressão;2
01/08/2021;COT1;Transfacil;EQ28;ATM;OP27;TRANSFÁCIL;DF212;Subst. Do HD;1
01/08/2021;COT1;Transfacil;EQ28;ATM;OP27;TRANSFÁCIL;DF85;Reinstalação do Drive da Impressora;1
01/08/2021;COT1;Transfacil;EQ28;ATM;OP27;TRANSFÁCIL;DF228;Subst. Do PDV ATM;1
01/08/2021;COT1;Transfacil;EQ28;ATM;OP27;TRANSFÁCIL;DF240;Subst. Placa do Monitor ATM;1
01/08/2021;COT1;Transfacil;EQ28;ATM;OP27;TRANSFÁCIL;DF10;Ajuste mecânico fechadura Porta Interna;1
01/08/2021;COT1;Transfacil;EQ28;ATM;OP27;TRANSFÁCIL;DF208;Subst. Do Dispenser do cartão;1
01/08/2021;COT1;Transfacil;EQ28;ATM;OP27;TRANSFÁCIL;DF283;Subst. Tampa Plastico Validador de Notas;1
01/08/2021;COT1;Transfacil;EQ6;CCIT 4.0 FRONTAL H2.1;;;DF88;Reparo com formatação e reinst. FW/SW;194
01/08/2021;COT1;Transfacil;EQ6;CCIT 4.0 FRONTAL H2.1;;;DF238;Subst. Do Vidro CCIT V4.0;12
01/08/2021;COT1;Transfacil;EQ6;CCIT 4.0 FRONTAL H2.1;;;DF216;Subst. Do Módulo H2;6
01/08/2021;COT1;Transfacil;EQ6;CCIT 4.0 FRONTAL H2.1;;;DF37;Defeito não encontrado e subst. FW/SW;5
01/08/2021;COT1;Transfacil;EQ6;CCIT 4.0 FRONTAL H2.1;;;DF169;Subst. De Componente eletrônico;3
01/08/2021;COT1;Transfacil;EQ6;CCIT 4.0 FRONTAL H2.1;;;DF136;Subst. Da Carcaça inferior;7
01/08/2021;COT1;Transfacil;EQ6;CCIT 4.0 FRONTAL H2.1;OP13;Estações BRT Move;DF88;Reparo com formatação e reinst. FW/SW;9
01/08/2021;COT1;Transfacil;EQ6;CCIT 4.0 FRONTAL H2.1;OP13;Estações BRT Move;DF216;Subst. Do Módulo H2;1
01/08/2021;COT1;Transfacil;EQ6;CCIT 4.0 FRONTAL H2.1;;;DF132;Subst. Da Bateria de Lithium;1
01/08/2021;COT1;Transfacil;EQ6;CCIT 4.0 FRONTAL H2.1;;;DF130;Subst. Da Antena WLAN;4
01/08/2021;COT23;UTB;EQ6;CCIT 4.0 FRONTAL H2.1;OP83;UTB;DF41;Envio para manutenção central-CTG;8
01/08/2021;COT16;Via Ouro;EQ3;CCIT 3.5;OP49;VIA OURO COLETIVOS LTDA;DF88;Reparo com formatação e reinst. FW/SW;2
01/08/2021;COT1;Transfacil;EQ14;DMX200 MOD H3.1;;;DF41;Envio para manutenção central-CTG;15
01/08/2021;COT1;Transfacil;EQ14;DMX200 MOD H3.1;;;DF88;Reparo com formatação e reinst. FW/SW;95
01/08/2021;COT1;Transfacil;EQ14;DMX200 MOD H3.1;;;DF170;Subst. De Gorila Glass;1
01/08/2021;COT12;DIVPASS;EQ13;DMX200L;OP124;DIVPASS;DF90;Reparo com formatação e subst. FW/SW;12
01/08/2021;COT12;DIVPASS;EQ13;DMX200L;OP124;DIVPASS;DF169;Subst. De Componente eletrônico;1
01/08/2021;COT3;TEU;EQ14;DMX200 MOD H3.1;;;DF21;Atualização de FW ;38
01/08/2021;COT3;TEU;EQ14;DMX200 MOD H3.1;;;DF115;Restauração da ROM via PC;36
01/08/2021;COT3;TEU;EQ14;DMX200 MOD H3.1;;;DF41;Envio para manutenção central-CTG;11
01/08/2021;COT24;GVBUS;EQ14;DMX200 MOD H3.1;;;DF97;Ressolda;61
01/08/2021;COT24;GVBUS;EQ14;DMX200 MOD H3.1;;;DF117;Restauração de módulos via PC e/ou SdCard;199
01/08/2021;COT24;GVBUS;EQ14;DMX200 MOD H3.1;;;DF46;Formatação da memória e subst. FW;273
01/08/2021;COT24;GVBUS;EQ14;DMX200 MOD H3.1;;;DF270;Gravação do IMEI;18
01/08/2021;COT24;GVBUS;EQ14;DMX200 MOD H3.1;;;DF9;Ajuste e aperto de conexão;6
01/08/2021;COT24;GVBUS;EQ14;DMX200 MOD H3.1;;;DF169;Subst. De Componente eletrônico;3
01/08/2021;COT24;GVBUS;EQ14;DMX200 MOD H3.1;;;DF41;Envio para manutenção central-CTG;139
01/08/2021;COT24;GVBUS;EQ14;DMX200 MOD H3.1;;;DF211;Subst. Do Equipamento completo;18
01/08/2021;COT22;Taguatur PM NOVO;EQ39;DMX200L JI21 SEM BATERIA;OP82;TAGUATUR;DF41;Envio para manutenção central-CTG;34
01/08/2021;COT19;SÃO JOÃO;EQ39;DMX200L JI21 SEM BATERIA;OP67;SÃO JOÃO;DF115;Restauração da ROM via PC;9
01/08/2021;COT19;SÃO JOÃO;EQ39;DMX200L JI21 SEM BATERIA;OP67;SÃO JOÃO;DF97;Ressolda;2
01/08/2021;COT19;SÃO JOÃO;EQ39;DMX200L JI21 SEM BATERIA;OP67;SÃO JOÃO;DF41;Envio para manutenção central-CTG;13
01/08/2021;COT20;ROSA TURISMO;EQ39;DMX200L JI21 SEM BATERIA;OP66;ROSA TURISMO;DF115;Restauração da ROM via PC;8
01/08/2021;COT20;ROSA TURISMO;EQ39;DMX200L JI21 SEM BATERIA;OP66;ROSA TURISMO;DF41;Envio para manutenção central-CTG;10
01/08/2021;COT4;Setut;EQ14;DMX200 MOD H3.1;;;DF113;Restaura RAM via PC;5
01/08/2021;COT4;Setut;EQ14;DMX200 MOD H3.1;;;DF41;Envio para manutenção central-CTG;11
01/08/2021;COT25;COOTRAPS - CE;EQ14;DMX200 MOD H3.1;OP129;COOTRAPS;DF39;Enviados para manutenção central CTG;15
01/08/2021;COT25;COOTRAPS - CE;EQ14;DMX200 MOD H3.1;OP129;COOTRAPS;DF90;Reparo com formatação e subst. FW/SW;13
01/08/2021;COT25;COOTRAPS - CE;EQ14;DMX200 MOD H3.1;OP129;COOTRAPS;DF264;Testado Track;4
01/08/2021;COT1;Transfacil;EQ10;CONNECTION CCIT 4.0;;;DF37;Defeito não encontrado e subst. FW/SW;1
01/08/2021;COT1;Transfacil;EQ10;CONNECTION CCIT 4.0;;;DF88;Reparo com formatação e reinst. FW/SW;22
01/08/2021;COT1;Transfacil;EQ10;CONNECTION CCIT 4.0;;;DF169;Subst. De Componente eletrônico;2
01/08/2021;COT1;Transfacil;EQ10;CONNECTION CCIT 4.0;;;DF136;Subst. Da Carcaça inferior;3
01/08/2021;COT1;Transfacil;EQ10;CONNECTION CCIT 4.0;;;DF102;Ressolda na Placa Connection;2
01/08/2021;COT1;Transfacil;EQ10;CONNECTION CCIT 4.0;;;DF106;Ressolda na Placa Subbase;1
01/08/2021;COT1;Transfacil;EQ10;CONNECTION CCIT 4.0;;;DF230;Subst. Do pino conector;1
01/08/2021;COT24;GVBUS;EQ10;CONNECTION CCIT 4.0;;;DF278;Modificação circuito catraca;75
01/08/2021;COT24;GVBUS;EQ10;CONNECTION CCIT 4.0;;;DF21;Atualização de FW ;2
01/08/2021;COT24;GVBUS;EQ10;CONNECTION CCIT 4.0;;;DF41;Envio para manutenção central-CTG;1
01/08/2021;COT24;GVBUS;EQ10;CONNECTION CCIT 4.0;;;DF127;Subst. Conector USB;1
01/08/2021;COT2;Transcard;EQ10;CONNECTION CCIT 4.0;;;DF46;Formatação da memória e subst. FW;23
01/08/2021;COT2;Transcard;EQ10;CONNECTION CCIT 4.0;;;DF41;Envio para manutenção central-CTG;6
01/08/2021;COT2;Transcard;EQ10;CONNECTION CCIT 4.0;;;DF256;Substituição de fusível;2
01/08/2021;COT2;Transcard;EQ10;CONNECTION CCIT 4.0;;;DF206;Subst. Do Conector USB;2
01/08/2021;COT10;Metropolitano-Bahia;EQ10;CONNECTION CCIT 4.0;OP64;METROPOLITANO SSA;DF21;Atualização de FW ;8
01/08/2021;COT10;Metropolitano-Bahia;EQ10;CONNECTION CCIT 4.0;OP64;METROPOLITANO SSA;DF41;Envio para manutenção central-CTG;1
01/08/2021;COT19;SÃO JOÃO;EQ10;CONNECTION CCIT 4.0;OP67;SÃO JOÃO;DF21;Atualização de FW ;6
01/08/2021;COT19;SÃO JOÃO;EQ10;CONNECTION CCIT 4.0;OP67;SÃO JOÃO;DF41;Envio para manutenção central-CTG;1
01/08/2021;COT20;ROSA TURISMO;EQ10;CONNECTION CCIT 4.0;OP66;ROSA TURISMO;DF21;Atualização de FW ;6
01/08/2021;COT20;ROSA TURISMO;EQ10;CONNECTION CCIT 4.0;OP66;ROSA TURISMO;DF41;Envio para manutenção central-CTG;1
01/08/2021;COT20;ROSA TURISMO;EQ10;CONNECTION CCIT 4.0;OP66;ROSA TURISMO;DF206;Subst. Do Conector USB;1
01/08/2021;COT3;TEU;EQ22;V3000M;;;DF21;Atualização de FW ;43
01/08/2021;COT3;TEU;EQ22;V3000M;;;DF115;Restauração da ROM via PC;38
01/08/2021;COT3;TEU;EQ22;V3000M;;;DF26;Atualização do PIC;1
01/08/2021;COT3;TEU;EQ21;V3000L;;;DF115;Restauração da ROM via PC;23
01/08/2021;COT3;TEU;EQ21;V3000L;;;DF21;Atualização de FW ;17
01/08/2021;COT3;TEU;EQ26;V3000M DVR;;;DF21;Atualização de FW ;13
01/08/2021;COT3;TEU;EQ26;V3000M DVR;;;DF115;Restauração da ROM via PC;13
01/08/2021;COT3;TEU;EQ26;V3000M DVR;;;DF26;Atualização do PIC;2
01/08/2021;COT3;TEU;EQ26;V3000M DVR;;;DF232;Subst. Do SDCard;5
01/08/2021;COT1;Transfacil;EQ27;UT (FTV 3000);;;DF37;Defeito não encontrado e subst. FW/SW;3
01/08/2021;COT1;Transfacil;EQ27;UT (FTV 3000);;;DF88;Reparo com formatação e reinst. FW/SW;2
01/08/2021;COT1;Transfacil;EQ27;UT (FTV 3000);;;DF169;Subst. De Componente eletrônico;2
01/08/2021;COT24;GVBUS;EQ33;POS MOVE 2500;;;DF21;Atualização de FW ;6
01/08/2021;COT24;GVBUS;EQ33;POS MOVE 2500;;;DF132;Subst. Da Bateria de Lithium;1
01/08/2021;COT24;GVBUS;EQ33;POS MOVE 2500;;;DF82;Reconfiguração do Setup;1
01/08/2021;COT24;GVBUS;EQ33;POS MOVE 2500;;;DF211;Subst. Do Equipamento completo;2
01/08/2021;COT20;Rosa Turismo;EQ31;POS 250;OP66;ROSA TURISMO;DF46;Formatação da memória e subst. FW;1
01/08/2021;COT20;Rosa Turismo;EQ31;POS 250;OP66;ROSA TURISMO;DF41;Envio para manutenção central-CTG;3
01/08/2021;COT19;São João;EQ31;POS 250;OP67;SÃO JOÃO;DF46;Formatação da memória e subst. FW;5
01/08/2021;COT19;São João;EQ31;POS 250;OP67;SÃO JOÃO;DF46;Formatação da memória e subst. FW;2
01/08/2021;COT2;Transcard;EQ31;POS 250;;;DF46;Formatação da memória e subst. FW;3
01/08/2021;COT2;Transcard;EQ31;POS 250;;;DF132;Subst. Da Bateria de Lithium;3
01/08/2021;COT2;Transcard;EQ31;POS 250;;;DF7;Ajuste do Módulo de Impressão;3
01/08/2021;COT2;Transcard;EQ31;POS 250;;;DF41;Envio para manutenção central-CTG;7
01/09/2021;COT7;Alagoinhas;EQ34;CCIT 4.0 FRONTAL H2.1 C SEM BATERIA;OP68;ALAGOINHAS;DF113;Restaura RAM via PC;8
01/09/2021;COT7;Alagoinhas;EQ34;CCIT 4.0 FRONTAL H2.1 C SEM BATERIA;OP68;ALAGOINHAS;DF114;Restaura RAM via pendrive;2
01/09/2021;COT21;Araguarina;EQ35;CCIT 4.0 FRONTAL H2 COM BATERIA;OP81;VIAÇÃO ARAGUARINA;DF41;Envio para manutenção central-CTG;4
01/09/2021;COT8;CBTU;EQ1;CCIT 3.0;OP47;CBTU - COMPANHIA BRASILEIRA DE TRENS URBANOS;DF88;Reparo com formatação e reinst. FW/SW;2
01/09/2021;COT8;CBTU;EQ1;CCIT 3.0;OP47;CBTU - COMPANHIA BRASILEIRA DE TRENS URBANOS;DF210;Subst. Do Display CCIT;1
01/09/2021;COT27;Cidade das Águas;EQ6;CCIT 4.0 FRONTAL H2.1;OP128;VIAÇÃO CIDADE DAS ÁGUAS;DF113;Restaura RAM via PC;2
01/09/2021;COT12;DIVPASS;EQ6;CCIT 4.0 FRONTAL H2.1;OP124;DIVPASS;DF37;Defeito não encontrado e subst. FW/SW;12
01/09/2021;COT12;DIVPASS;EQ6;CCIT 4.0 FRONTAL H2.1;OP124;DIVPASS;DF117;Restauração de módulos via PC e/ou SdCard;3
01/09/2021;COT11;Gov. Valadares;EQ6;CCIT 4.0 FRONTAL H2.1;OP53;VIAÇÃO MOBI;DF37;Defeito não encontrado e subst. FW/SW;5
01/09/2021;COT11;Gov. Valadares;EQ6;CCIT 4.0 FRONTAL H2.1;OP53;VIAÇÃO MOBI;DF117;Restauração de módulos via PC e/ou SdCard;2
01/09/2021;COT24;GVBUS;EQ28;ATM;OP108;GVBUS - SIND. DAS EMP. DE TRANP. METROP. DA GRANDE VITÓRIA;DF262;Retirada de nota ATM e testes;2
01/09/2021;COT24;GVBUS;EQ28;ATM;OP108;GVBUS - SIND. DAS EMP. DE TRANP. METROP. DA GRANDE VITÓRIA;DF67;Manutenção na Impressora;2
01/09/2021;COT24;GVBUS;EQ28;ATM;OP108;GVBUS - SIND. DAS EMP. DE TRANP. METROP. DA GRANDE VITÓRIA;DF86;Reparo com configuração do setup;1
01/09/2021;COT24;GVBUS;EQ28;ATM;OP108;GVBUS - SIND. DAS EMP. DE TRANP. METROP. DA GRANDE VITÓRIA;DF68;Manutenção no Dispenser;1
01/09/2021;COT24;GVBUS;EQ28;ATM;OP108;GVBUS - SIND. DAS EMP. DE TRANP. METROP. DA GRANDE VITÓRIA;DF19;ATM - defeito não confirmado;2
01/09/2021;COT24;GVBUS;EQ6;CCIT 4.0 FRONTAL H2.1;;;DF93;Reparo no módulo;52
01/09/2021;COT24;GVBUS;EQ6;CCIT 4.0 FRONTAL H2.1;;;DF41;Envio para manutenção central-CTG;14
01/09/2021;COT24;GVBUS;EQ6;CCIT 4.0 FRONTAL H2.1;;;DF46;Formatação da memória e subst. FW;16
01/09/2021;COT6;Metro-Bahia;EQ28;ATM;OP63;METRO-BAHIA;DF143;Subst. da Impressora;3
01/09/2021;COT6;Metro-Bahia;EQ28;ATM;OP63;METRO-BAHIA;DF237;Subst. Do Validador de Notas;8
01/09/2021;COT6;METRO-BAHIA;EQ28;ATM;OP63;METRO-BAHIA;DF179;Subst. Do Cabo de Comunicação da Impressora;1
01/09/2021;COT6;Metro-Bahia;EQ28;ATM;OP63;METRO-BAHIA;DF227;Subst. Do PC ATM;2
01/09/2021;COT6;Metro-Bahia;EQ28;ATM;OP63;METRO-BAHIA;DF218;Subst. Do Monitor;2
01/09/2021;COT6;Metro-Bahia;EQ37;CCIT 3.13 BLOQUEIO;OP63;METRO-BAHIA;DF248;Substituição MAX232;1
01/09/2021;COT6;Metro-Bahia;EQ37;CCIT 3.13 BLOQUEIO;OP63;METRO-BAHIA;DF259;Subst. MAX 485 Serial ;1
01/09/2021;COT6;Metro-Bahia;EQ37;CCIT 3.13 BLOQUEIO;OP63;METRO-BAHIA;DF132;Subst. Da Bateria de Lithium;2
01/09/2021;COT6;Metro-Bahia;EQ9;CCIT 4.0 (BLOQUEIO) FRONTAL H1;OP63;METRO-BAHIA;DF113;Restaura RAM via PC;4
01/09/2021;COT5;METROFOR/ VLT FORTALEZA;EQ38;CCIT 4.0 METROFOR;OP105;METROFOR LINHA SUL;DF41;Envio para manutenção central-CTG;11
01/09/2021;COT5;METROFOR/ VLT FORTALEZA;EQ38;CCIT 4.0 METROFOR;OP105;METROFOR LINHA SUL;DF88;Reparo com formatação e reinst. FW/SW;6
01/09/2021;COT10;Metropolitano-Bahia;EQ6;CCIT 4.0 FRONTAL H2.1;OP64;METROPOLITANO SSA;DF113;Restaura RAM via PC;32
01/09/2021;COT10;Metropolitano-Bahia;EQ6;CCIT 4.0 FRONTAL H2.1;OP64;METROPOLITANO SSA;DF114;Restaura RAM via pendrive;3
01/09/2021;COT10;Metropolitano-Bahia;EQ6;CCIT 4.0 FRONTAL H2.1;OP64;METROPOLITANO SSA;DF41;Envio para manutenção central-CTG;3
01/09/2021;COT10;Metropolitano-Bahia;EQ6;CCIT 4.0 FRONTAL H2.1;OP64;METROPOLITANO SSA;DF272;Subst. Do Touchscreen do módulo;5
01/09/2021;COT20;ROSA TURISMO;EQ36;CCIT 4.0 FRONTAL H1 COM BATERIA;OP66;ROSA TURISMO;DF113;Restaura RAM via PC;2
01/09/2021;COT20;ROSA TURISMO;EQ36;CCIT 4.0 FRONTAL H1 COM BATERIA;OP66;ROSA TURISMO;DF41;Envio para manutenção central-CTG;3
01/09/2021;COT19;SÃO JOÃO;EQ36;CCIT 4.0 FRONTAL H1 COM BATERIA;OP67;SÃO JOÃO;DF113;Restaura RAM via PC;11
01/09/2021;COT19;SÃO JOÃO;EQ36;CCIT 4.0 FRONTAL H1 COM BATERIA;OP67;SÃO JOÃO;DF41;Envio para manutenção central-CTG;5
01/09/2021;COT17;SÃO JORGE - PONTE NOVA;EQ2;CCIT 3.2;OP50;SÃO JORGE AUTO ONIBUS;DF169;Subst. De Componente eletrônico;3
01/09/2021;COT17;SÃO JORGE - PONTE NOVA;EQ2;CCIT 3.2;OP50;SÃO JORGE AUTO ONIBUS;DF129;Subst. Da Antena Cless e adesivo frontal;1
01/09/2021;COT17;SÃO JORGE - PONTE NOVA;EQ2;CCIT 3.2;OP50;SÃO JORGE AUTO ONIBUS;DF108;Ressolda no circuito da placa-mãe;2
01/09/2021;COT17;SÃO JORGE - PONTE NOVA;EQ2;CCIT 3.2;OP50;SÃO JORGE AUTO ONIBUS;DF173;Subst. Do Adesivo Frontal;1
01/09/2021;COT17;SÃO JORGE - PONTE NOVA;EQ2;CCIT 3.2;OP50;SÃO JORGE AUTO ONIBUS;DF129;Subst. Da Antena Cless e adesivo frontal;1
01/09/2021;COT17;SÃO JORGE - PONTE NOVA;EQ2;CCIT 3.2;OP50;SÃO JORGE AUTO ONIBUS;DF203;Subst. Do Conector DB25;1
01/09/2021;COT4;Setut;EQ6;CCIT 4.0 FRONTAL H2.1;;;DF60;Limpeza de cache;1
01/09/2021;COT4;Setut;EQ6;CCIT 4.0 FRONTAL H2.1;;;DF41;Envio para manutenção central-CTG;10
01/09/2021;COT18;Sindpautras;EQ6;CCIT 4.0 FRONTAL H2.1;OP48;SINDPAUTRAS-SIND. PERM. AUT. TRANSP. SU;DF88;Reparo com formatação e reinst. FW/SW;2
01/09/2021;COT18;Sindpautras;EQ6;CCIT 4.0 FRONTAL H2.1;OP48;SINDPAUTRAS-SIND. PERM. AUT. TRANSP. SU;DF216;Subst. Do Módulo H2;8
01/09/2021;COT22;Taguatur;EQ8;CCIT 4.0 FRONTAL JI21 SEM BATERIA;OP82;TAGUATUR;DF41;Envio para manutenção central-CTG;12
01/09/2021;COT3;TEU;EQ3;CCIT 3.5;;;DF147;Subst. Da Placa CLESS;2
01/09/2021;COT3;TEU;EQ3;CCIT 3.5;;;DF162;Subst. Da Placa Mbccit;2
01/09/2021;COT3;TEU;EQ36;CCIT 4.0 FRONTAL H1 COM BATERIA;;;DF115;Restauração da ROM via PC;149
01/09/2021;COT3;TEU;EQ36;CCIT 4.0 FRONTAL H1 COM BATERIA;;;DF60;Limpeza de cache;6
01/09/2021;COT3;TEU;EQ36;CCIT 4.0 FRONTAL H1 COM BATERIA;;;DF132;Subst. Da Bateria de Lithium;17
01/09/2021;COT3;TEU;EQ36;CCIT 4.0 FRONTAL H1 COM BATERIA;;;DF136;Subst. Da Carcaça inferior;14
01/09/2021;COT3;TEU;EQ36;CCIT 4.0 FRONTAL H1 COM BATERIA;;;DF41;Envio para manutenção central-CTG;8
01/09/2021;COT2;Transcard;EQ28;ATM;OP61;Setps (Transcard);DF143;Subst. da Impressora;1
01/09/2021;COT2;Transcard;EQ28;ATM;OP61;Setps (Transcard);DF237;Subst. Do Validador de Notas;4
01/09/2021;COT2;Transcard;EQ28;ATM;OP61;Setps (Transcard);DF231;Subst. Do PINpad;2
01/09/2021;COT2;Transcard;EQ28;ATM;OP61;Setps (Transcard);DF260;Subst. HUB Serial;2
01/09/2021;COT2;Transcard;EQ28;ATM;OP61;Setps (Transcard);DF218;Subst. Do Monitor;1
01/09/2021;COT2;Transcard;EQ28;ATM;OP61;Setps (Transcard);DF284;Manutenção PC ATM;2
01/09/2021;COT2;Transcard;EQ6;CCIT 4.0 FRONTAL H2.1;;;DF113;Restaura RAM via PC;71
01/09/2021;COT2;Transcard;EQ6;CCIT 4.0 FRONTAL H2.1;;;DF114;Restaura RAM via pendrive;22
01/09/2021;COT2;Transcard;EQ6;CCIT 4.0 FRONTAL H2.1;;;DF101;Ressolda Mbccit;5
01/09/2021;COT2;Transcard;EQ6;CCIT 4.0 FRONTAL H2.1;;;DF41;Enviados para manutenção central CTG;7
01/09/2021;COT1;Transfacil;EQ28;ATM;OP27;TRANSFÁCIL;DF197;Subst. Do Cofre;3
01/09/2021;COT1;Transfacil;EQ28;ATM;OP27;TRANSFÁCIL;DF237;Subst. Do Validador de Notas;1
01/09/2021;COT1;Transfacil;EQ28;ATM;OP27;TRANSFÁCIL;DF258;Subst. Da Cabeça de Impressão;4
01/09/2021;COT1;Transfacil;EQ28;ATM;OP27;TRANSFÁCIL;DF212;Subst. Do HD;1
01/09/2021;COT1;Transfacil;EQ28;ATM;OP27;TRANSFÁCIL;DF228;Subst. Do PDV ATM;3
01/09/2021;COT1;Transfacil;EQ28;ATM;OP27;TRANSFÁCIL;DF240;Subst. Placa do Monitor ATM;1
01/09/2021;COT1;Transfacil;EQ28;ATM;OP27;TRANSFÁCIL;DF65;Manutenção Cofre;13
01/09/2021;COT1;Transfacil;EQ28;ATM;OP27;TRANSFÁCIL;DF280;Manutenção no Validador de Notas;7
01/09/2021;COT1;Transfacil;EQ28;ATM;OP27;TRANSFÁCIL;DF165;Subst. Da Placa-mãe;1
01/09/2021;COT1;Transfacil;EQ28;ATM;OP27;TRANSFÁCIL;DF284;Manutenção PC ATM;1
01/09/2021;COT1;Transfacil;EQ28;ATM;OP27;TRANSFÁCIL;DF67;Manutenção na Impressora;1
01/09/2021;COT1;Transfacil;EQ28;ATM;OP27;TRANSFÁCIL;DF19;ATM - defeito não confirmado;1
01/09/2021;COT1;Transfacil;EQ28;ATM;OP27;TRANSFÁCIL;DF143;Subst. da Impressora;1
01/09/2021;COT1;Transfacil;EQ28;ATM;OP27;TRANSFÁCIL;DF227;Subst. Do PC ATM;1
01/09/2021;COT1;Transfacil;EQ28;ATM;OP27;TRANSFÁCIL;DF285;Retirado Mal Contato;1
01/09/2021;COT1;Transfacil;EQ6;CCIT 4.0 FRONTAL H2.1;;;DF88;Reparo com formatação e reinst. FW/SW;115
01/09/2021;COT1;Transfacil;EQ6;CCIT 4.0 FRONTAL H2.1;;;DF238;Subst. Do Vidro CCIT V4.0;7
01/09/2021;COT1;Transfacil;EQ6;CCIT 4.0 FRONTAL H2.1;;;DF216;Subst. Do Módulo H2;41
01/09/2021;COT1;Transfacil;EQ6;CCIT 4.0 FRONTAL H2.1;;;DF37;Defeito não encontrado e subst. FW/SW;4
01/09/2021;COT1;Transfacil;EQ6;CCIT 4.0 FRONTAL H2.1;;;DF169;Subst. De Componente eletrônico;3
01/09/2021;COT1;Transfacil;EQ6;CCIT 4.0 FRONTAL H2.1;;;DF136;Subst. Da Carcaça inferior;11
01/09/2021;COT1;Transfacil;EQ6;CCIT 4.0 FRONTAL H2.1;OP13;Estações BRT Move;DF88;Reparo com formatação e reinst. FW/SW;11
01/09/2021;COT1;Transfacil;EQ6;CCIT 4.0 FRONTAL H2.1;OP13;Estações BRT Move;DF216;Subst. Do Módulo H2;4
01/09/2021;COT1;Transfacil;EQ6;CCIT 4.0 FRONTAL H2.1;;;DF130;Subst. Da Antena WLAN;2
01/09/2021;COT1;Transfacil;EQ6;CCIT 4.0 FRONTAL H2.1;;;DF15;Ajustes de parafusos e conexões;1
01/09/2021;COT1;Transfacil;EQ6;CCIT 4.0 FRONTAL H2.1;;;DF135;Subst. Da Carcaça frontal;1
01/09/2021;COT23;UTB;EQ6;CCIT 4.0 FRONTAL H2.1;OP83;UTB;DF41;Envio para manutenção central-CTG;12
01/09/2021;COT16;Via Ouro;EQ3;CCIT 3.5;OP49;VIA OURO COLETIVOS LTDA;DF88;Reparo com formatação e reinst. FW/SW;5
01/09/2021;COT16;Via Ouro;EQ3;CCIT 3.5;OP49;VIA OURO COLETIVOS LTDA;DF159;Subst. Da placa FtctlessGPS;1
01/09/2021;COT21;Araguarina;EQ13;DMX200L;OP81;VIAÇÃO ARAGUARINA;DF41;Envio para manutenção central-CTG;3
01/09/2021;COT22;Taguatur PM NOVO;EQ39;DMX200L JI21 SEM BATERIA;OP82;TAGUATUR;DF41;Envio para manutenção central-CTG;106
01/09/2021;COT24;GVBUS;EQ14;DMX200 MOD H3.1;;;DF97;Ressolda;26
01/09/2021;COT24;GVBUS;EQ14;DMX200 MOD H3.1;;;DF46;Formatação da memória e subst. FW;9
01/09/2021;COT24;GVBUS;EQ14;DMX200 MOD H3.1;;;DF209;Subst. Do Display;1
01/09/2021;COT24;GVBUS;EQ14;DMX200 MOD H3.1;;;DF41;Envio para manutenção central-CTG;151
01/09/2021;COT1;Transfacil;EQ14;DMX200 MOD H3.1;;;DF41;Envio para manutenção central-CTG;21
01/09/2021;COT1;Transfacil;EQ14;DMX200 MOD H3.1;;;DF88;Reparo com formatação e reinst. FW/SW;100
01/09/2021;COT1;Transfacil;EQ14;DMX200 MOD H3.1;;;DF170;Subst. De Gorila Glass;3
01/09/2021;COT1;Transfacil;EQ14;DMX200 MOD H3.1;;;DF86;Reparo com configuração do setup;1
01/09/2021;COT9;SINTRAM COM DMX200;EQ12;DMX200 MOD H3;OP51;CONSÓRCIO ÓTIMO DE BILHETAGEM ELETRÔNICA ;DF88;Reparo com formatação e reinst. FW/SW;2
01/09/2021;COT9;SINTRAM COM DMX200;EQ12;DMX200 MOD H3;OP51;CONSÓRCIO ÓTIMO DE BILHETAGEM ELETRÔNICA ;DF41;Envio para manutenção central-CTG;1
01/09/2021;COT11;Gov. Valadares;EQ13;DMX200L;OP53;VIAÇÃO MOBI;DF88;Reparo com formatação e reinst. FW/SW;15
01/09/2021;COT11;Gov. Valadares;EQ13;DMX200L;OP53;VIAÇÃO MOBI;DF86;Reparo com configuração Setup;3
01/09/2021;COT12;DIVPASS;EQ13;DMX200L;OP124;DIVPASS;DF90;Reparo com formatação e subst. FW/SW;10
01/09/2021;COT12;DIVPASS;EQ13;DMX200L;OP124;DIVPASS;DF169;Subst. De Componente eletrônico;15
01/09/2021;COT19;SÃO JOÃO;EQ39;DMX200L JI21 SEM BATERIA;OP67;SÃO JOÃO;DF115;Restauração da ROM via PC;11
01/09/2021;COT19;SÃO JOÃO;EQ39;DMX200L JI21 SEM BATERIA;OP67;SÃO JOÃO;DF97;Ressolda;11
01/09/2021;COT19;SÃO JOÃO;EQ39;DMX200L JI21 SEM BATERIA;OP67;SÃO JOÃO;DF41;Envio para manutenção central-CTG;7
01/09/2021;COT20;ROSA TURISMO;EQ39;DMX200L JI21 SEM BATERIA;OP66;ROSA TURISMO;DF115;Restauração da ROM via PC;6
01/09/2021;COT20;ROSA TURISMO;EQ39;DMX200L JI21 SEM BATERIA;OP66;ROSA TURISMO;DF41;Envio para manutenção central-CTG;2
01/09/2021;COT20;ROSA TURISMO;EQ39;DMX200L JI21 SEM BATERIA;OP66;ROSA TURISMO;DF97;Ressolda;6
01/09/2021;COT4;Setut;EQ14;DMX200 MOD H3.1;;;DF113;Restaura RAM via PC;1
01/09/2021;COT4;Setut;EQ14;DMX200 MOD H3.1;;;DF41;Envio para manutenção central-CTG;8
01/09/2021;COT4;Setut;EQ14;DMX200 MOD H3.1;;;DF90;Reparo com formatação e subst. FW/SW;2
01/09/2021;COT25;COOTRAPS - CE;EQ14;DMX200 MOD H3.1;OP129;COOTRAPS;DF39;Enviados para manutenção central CTG;24
01/09/2021;COT25;COOTRAPS - CE;EQ14;DMX200 MOD H3.1;OP129;COOTRAPS;DF90;Reparo com formatação e subst. FW/SW;37
01/09/2021;COT3;TEU;EQ14;DMX200 MOD H3.1;;;DF21;Atualização de FW ;27
01/09/2021;COT3;TEU;EQ14;DMX200 MOD H3.1;;;DF115;Restauração da ROM via PC;27
01/09/2021;COT3;TEU;EQ14;DMX200 MOD H3.1;;;DF41;Envio para manutenção central-CTG;5
01/09/2021;COT21;Araguarina;EQ13;DMX200L;OP81;VIAÇÃO ARAGUARINA;DF41;Envio para manutenção central-CTG;2
01/09/2021;COT24;GVBUS;EQ10;CONNECTION CCIT 4.0;;;DF278;Modificação circuito catraca;5
01/09/2021;COT24;GVBUS;EQ10;CONNECTION CCIT 4.0;;;DF21;Atualização de FW ;6
01/09/2021;COT1;Transfacil;EQ10;CONNECTION CCIT 4.0;;;DF37;Defeito não encontrado e subst. FW/SW;5
01/09/2021;COT1;Transfacil;EQ10;CONNECTION CCIT 4.0;;;DF88;Reparo com formatação e reinst. FW/SW;22
01/09/2021;COT1;Transfacil;EQ10;CONNECTION CCIT 4.0;;;DF169;Subst. De Componente eletrônico;3
01/09/2021;COT1;Transfacil;EQ10;CONNECTION CCIT 4.0;;;DF136;Subst. Da Carcaça inferior;2
01/09/2021;COT2;Transcard;EQ10;CONNECTION CCIT 4.0;;;DF46;Formatação da memória e subst. FW;22
01/09/2021;COT2;Transcard;EQ10;CONNECTION CCIT 4.0;;;DF256;Substituição de fusível;2
01/09/2021;COT2;Transcard;EQ10;CONNECTION CCIT 4.0;;;DF206;Subst. Do Conector USB;2
01/09/2021;COT10;Metropolitano-Bahia;EQ10;CONNECTION CCIT 4.0;OP64;METROPOLITANO SSA;DF21;Atualização de FW ;4
01/09/2021;COT19;SÃO JOÃO;EQ10;CONNECTION CCIT 4.0;OP67;SÃO JOÃO;DF21;Atualização de FW ;7
01/09/2021;COT20;ROSA TURISMO;EQ10;CONNECTION CCIT 4.0;OP66;ROSA TURISMO;DF21;Atualização de FW ;2
01/09/2021;COT20;ROSA TURISMO;EQ10;CONNECTION CCIT 4.0;OP66;ROSA TURISMO;DF41;Envio para manutenção central-CTG;1
01/09/2021;COT10;Metropolitano-Bahia;EQ10;CONNECTION CCIT 4.0;OP64;METROPOLITANO SSA;DF206;Subst. Do Conector USB;1
01/09/2021;COT10;Metropolitano-Bahia;EQ10;CONNECTION CCIT 4.0;OP64;METROPOLITANO SSA;DF21;Atualização de FW ;5
01/09/2021;COT10;Metropolitano-Bahia;EQ10;CONNECTION CCIT 4.0;OP64;METROPOLITANO SSA;DF256;Substituição de fusível;1
01/09/2021;COT10;Metropolitano-Bahia;EQ10;CONNECTION CCIT 4.0;OP64;METROPOLITANO SSA;DF41;Envio para manutenção central-CTG;1
01/09/2021;COT10;Metropolitano-Bahia;EQ10;CONNECTION CCIT 4.0;OP64;METROPOLITANO SSA;DF58;Intervenção com solda e/ou subst. Componente (4.0);1
01/09/2021;COT3;TEU;EQ22;V3000M;;;DF21;Atualização de FW ;15
01/09/2021;COT3;TEU;EQ22;V3000M;;;DF115;Restauração da ROM via PC;15
01/09/2021;COT3;TEU;EQ26;V3000M DVR;;;DF21;Atualização de FW ;14
01/09/2021;COT3;TEU;EQ26;V3000M DVR;;;DF115;Restauração da ROM via PC;14
01/09/2021;COT3;TEU;EQ22;V3000M;;;DF41;Envio para manutenção central-CTG;5
01/09/2021;COT3;TEU;EQ22;V3000M;;;DF186;Subst. Do cartão SD 32 GB;1
01/09/2021;COT3;TEU;EQ26;V3000M DVR;;;DF41;Envio para manutenção central-CTG;1
01/09/2021;COT1;Transfacil;EQ27;UT (FTV 3000);;;DF169;Subst. De Componente eletrônico;9
01/09/2021;COT24;GVBUS;EQ33;POS MOVE 2500;;;DF41;Envio para manutenção central-CTG;14
01/09/2021;COT20;Rosa Turismo;EQ31;POS 250;OP66;ROSA TURISMO;DF46;Formatação da memória e subst. FW;2
01/09/2021;COT20;Rosa Turismo;EQ31;POS 250;OP66;ROSA TURISMO;DF41;Envio para manutenção central-CTG;2
01/09/2021;COT20;Rosa Turismo;EQ31;POS 250;OP66;ROSA TURISMO;DF41;Envio para manutenção central-CTG;2
01/09/2021;COT2;Transcard;EQ31;POS 250;;;DF46;Formatação da memória e subst. FW;2
01/09/2021;COT2;Transcard;EQ31;POS 250;;;DF132;Subst. Da Bateria de Lithium;3
01/09/2021;COT2;Transcard;EQ31;POS 250;;;DF7;Ajuste do Módulo de Impressão;3
01/09/2021;COT2;Transcard;EQ31;POS 250;;;DF41;Envio para manutenção central-CTG;5
01/10/2021;COT7;Alagoinhas;EQ34;CCIT 4.0 FRONTAL H2.1 C SEM BATERIA;OP68;ALAGOINHAS;DF113;Restaura RAM via PC;2
01/10/2021;COT21;Araguarina;EQ35;CCIT 4.0 FRONTAL H2 COM BATERIA;OP81;VIAÇÃO ARAGUARINA;DF128;Subst. Da antena Cless;1
01/10/2021;COT21;Araguarina;EQ35;CCIT 4.0 FRONTAL H2 COM BATERIA;OP81;VIAÇÃO ARAGUARINA;DF21;Atualização de FW ;1
01/10/2021;COT8;CBTU;EQ1;CCIT 3.0;OP47;CBTU - COMPANHIA BRASILEIRA DE TRENS URBANOS;DF129;Subst. Da Antena Cless e adesivo frontal;1
01/10/2021;COT8;CBTU;EQ1;CCIT 3.0;OP47;CBTU - COMPANHIA BRASILEIRA DE TRENS URBANOS;DF88;Reparo com formatação e reinst. FW/SW;3
01/10/2021;COT8;CBTU;EQ1;CCIT 3.0;OP47;CBTU - COMPANHIA BRASILEIRA DE TRENS URBANOS;DF183;Subst. Do Cabo trançado antena Cless;1
01/10/2021;COT8;CBTU;EQ1;CCIT 3.0;OP47;CBTU - COMPANHIA BRASILEIRA DE TRENS URBANOS;DF159;Subst. Da placa FtctlessGPS;1
01/10/2021;COT27;Cidade das Águas;EQ6;CCIT 4.0 FRONTAL H2.1;OP128;VIAÇÃO CIDADE DAS ÁGUAS;DF113;Restaura RAM via PC;1
01/10/2021;COT12;DIVPASS;EQ6;CCIT 4.0 FRONTAL H2.1;OP124;DIVPASS;DF117;Restauração de módulos via PC e/ou SdCard;8
01/10/2021;COT12;DIVPASS;EQ6;CCIT 4.0 FRONTAL H2.1;OP124;DIVPASS;DF37;Defeito não encontrado e subst. FW/SW;6
01/10/2021;COT11;Gov. Valadares;EQ6;CCIT 4.0 FRONTAL H2.1;OP53;VIAÇÃO MOBI;DF117;Restauração de módulos via PC e/ou SdCard;4
01/10/2021;COT24;GVBUS;EQ28;ATM;OP108;GVBUS - SIND. DAS EMP. DE TRANP. METROP. DA GRANDE VITÓRIA;DF262;Retirada de nota ATM e testes;14
01/10/2021;COT24;GVBUS;EQ28;ATM;OP108;GVBUS - SIND. DAS EMP. DE TRANP. METROP. DA GRANDE VITÓRIA;DF67;Manutenção na Impressora;2
01/10/2021;COT24;GVBUS;EQ28;ATM;OP108;GVBUS - SIND. DAS EMP. DE TRANP. METROP. DA GRANDE VITÓRIA;DF86;Reparo com configuração do setup;3
01/10/2021;COT24;GVBUS;EQ28;ATM;OP108;GVBUS - SIND. DAS EMP. DE TRANP. METROP. DA GRANDE VITÓRIA;DF68;Manutenção no Dispenser;1
01/10/2021;COT24;GVBUS;EQ28;ATM;OP108;GVBUS - SIND. DAS EMP. DE TRANP. METROP. DA GRANDE VITÓRIA;DF19;ATM - defeito não confirmado;2
01/10/2021;COT24;GVBUS;EQ28;ATM;OP108;GVBUS - SIND. DAS EMP. DE TRANP. METROP. DA GRANDE VITÓRIA;DF65;Manutenção Cofre;6
01/10/2021;COT24;GVBUS;EQ6;CCIT 4.0 FRONTAL H2.1;;;DF93;Reparo no módulo;1
01/10/2021;COT24;GVBUS;EQ6;CCIT 4.0 FRONTAL H2.1;;;DF221;Subst. do Painel Frontal;1
01/10/2021;COT24;GVBUS;EQ6;CCIT 4.0 FRONTAL H2.1;;;DF276;Subst. Placa do Módulo;1
01/10/2021;COT24;GVBUS;EQ6;CCIT 4.0 FRONTAL H2.1;;;DF272;Subst. Do Touchscreen do módulo;3
01/10/2021;COT24;GVBUS;EQ6;CCIT 4.0 FRONTAL H2.1;;;DF289;Subst. Do Fundo do Validador;3
01/10/2021;COT24;GVBUS;EQ6;CCIT 4.0 FRONTAL H2.1;;;DF169;Subst. De Componente eletrônico;1
01/10/2021;COT24;GVBUS;EQ6;CCIT 4.0 FRONTAL H2.1;;;DF93;Reparo no módulo;7
01/10/2021;COT24;GVBUS;EQ6;CCIT 4.0 FRONTAL H2.1;;;DF21;Atualização de FW ;8
01/10/2021;COT6;Metro-Bahia;EQ28;ATM;OP63;METRO-BAHIA;DF143;Subst. da Impressora;4
01/10/2021;COT6;Metro-Bahia;EQ28;ATM;OP63;METRO-BAHIA;DF237;Subst. Do Validador de Notas;15
01/10/2021;COT6;METRO-BAHIA;EQ28;ATM;OP63;METRO-BAHIA;DF179;Subst. Do Cabo de Comunicação da Impressora;1
01/10/2021;COT6;Metro-Bahia;EQ28;ATM;OP63;METRO-BAHIA;DF227;Subst. Do PC ATM;2
01/10/2021;COT6;Metro-Bahia;EQ28;ATM;OP63;METRO-BAHIA;DF218;Subst. Do Monitor;2
01/10/2021;COT6;Metro-Bahia;EQ28;ATM;OP63;METRO-BAHIA;DF236;Subst. Do Teclado de Metal Frontal;1
01/10/2021;COT6;Metro-Bahia;EQ9;CCIT 4.0 (BLOQUEIO) FRONTAL H1;OP63;METRO-BAHIA;DF113;Restaura RAM via PC;2
01/10/2021;COT5;METROFOR/ VLT FORTALEZA;EQ38;CCIT 4.0 METROFOR;OP105;METROFOR LINHA SUL;DF41;Envio para manutenção central-CTG;8
01/10/2021;COT10;Metropolitano-Bahia;EQ6;CCIT 4.0 FRONTAL H2.1;OP64;METROPOLITANO SSA;DF113;Restaura RAM via PC;18
01/10/2021;COT10;Metropolitano-Bahia;EQ6;CCIT 4.0 FRONTAL H2.1;OP64;METROPOLITANO SSA;DF272;Subst. Do Touchscreen do módulo;6
01/10/2021;COT10;Metropolitano-Bahia;EQ6;CCIT 4.0 FRONTAL H2.1;OP64;METROPOLITANO SSA;DF238;Subst. Do Vidro CCIT V4.0;1
01/10/2021;COT10;Metropolitano-Bahia;EQ6;CCIT 4.0 FRONTAL H2.1;OP64;METROPOLITANO SSA;DF279;Modificado para Módulo JI21;1
01/10/2021;COT10;Metropolitano-Bahia;EQ6;CCIT 4.0 FRONTAL H2.1;OP64;METROPOLITANO SSA;DF217;Subst. Do Módulo H3.1;1
01/10/2021;COT20;ROSA TURISMO;EQ36;CCIT 4.0 FRONTAL H1 COM BATERIA;OP66;ROSA TURISMO;DF113;Restaura RAM via PC;4
01/10/2021;COT20;ROSA TURISMO;EQ36;CCIT 4.0 FRONTAL H1 COM BATERIA;OP66;ROSA TURISMO;DF286;Subst. Tela;1
01/10/2021;COT20;ROSA TURISMO;EQ36;CCIT 4.0 FRONTAL H1 COM BATERIA;OP66;ROSA TURISMO;DF272;Subst. Do Touchscreen do módulo;2
01/10/2021;COT20;ROSA TURISMO;EQ36;CCIT 4.0 FRONTAL H1 COM BATERIA;OP66;ROSA TURISMO;DF117;Restauração de módulos via PC e/ou SdCard;3
01/10/2021;COT20;ROSA TURISMO;EQ36;CCIT 4.0 FRONTAL H1 COM BATERIA;OP66;ROSA TURISMO;DF21;Atualização de FW ;3
01/10/2021;COT19;SÃO JOÃO;EQ36;CCIT 4.0 FRONTAL H1 COM BATERIA;OP67;SÃO JOÃO;DF113;Restaura RAM via PC;11
01/10/2021;COT19;SÃO JOÃO;EQ36;CCIT 4.0 FRONTAL H1 COM BATERIA;OP67;SÃO JOÃO;DF272;Subst. Do Touchscreen do módulo;2
01/10/2021;COT19;SÃO JOÃO;EQ36;CCIT 4.0 FRONTAL H1 COM BATERIA;OP67;SÃO JOÃO;DF117;Restauração de módulos via PC e/ou SdCard;3
01/10/2021;COT19;SÃO JOÃO;EQ36;CCIT 4.0 FRONTAL H1 COM BATERIA;OP67;SÃO JOÃO;DF21;Atualização de FW ;3
01/10/2021;COT4;Setut;EQ6;CCIT 4.0 FRONTAL H2.1;;;DF60;Limpeza de cache;1
01/10/2021;COT4;Setut;EQ6;CCIT 4.0 FRONTAL H2.1;;;DF113;Restaura RAM via PC;2
01/10/2021;COT4;Setut;EQ6;CCIT 4.0 FRONTAL H2.1;;;DF216;Subst. Do Módulo H2;22
01/10/2021;COT4;Setut;EQ6;CCIT 4.0 FRONTAL H2.1;;;DF279;Modificado para Módulo JI21;21
01/10/2021;COT4;Setut;EQ6;CCIT 4.0 FRONTAL H2.1;;;DF273;Subst. Cabo USB;6
01/10/2021;COT4;Setut;EQ6;CCIT 4.0 FRONTAL H2.1;;;DF169;Subst. De Componente eletrônico;22
01/10/2021;COT18;Sindpautras;EQ6;CCIT 4.0 FRONTAL H2.1;OP48;SINDPAUTRAS-SIND. PERM. AUT. TRANSP. SU;DF216;Subst. Do Módulo H2;10
01/10/2021;COT22;Taguatur;EQ8;CCIT 4.0 FRONTAL JI21 SEM BATERIA;OP82;TAGUATUR;DF279;Modificado para Módulo JI21;1
01/10/2021;COT22;Taguatur;EQ8;CCIT 4.0 FRONTAL JI21 SEM BATERIA;OP82;TAGUATUR;DF26;Atualização do PIC;2
01/10/2021;COT22;Taguatur;EQ8;CCIT 4.0 FRONTAL JI21 SEM BATERIA;OP82;TAGUATUR;DF93;Reparo no módulo;3
01/10/2021;COT22;Taguatur;EQ8;CCIT 4.0 FRONTAL JI21 SEM BATERIA;OP82;TAGUATUR;DF238;Subst. Do Vidro CCIT V4.0;1
01/10/2021;COT22;Taguatur;EQ8;CCIT 4.0 FRONTAL JI21 SEM BATERIA;OP82;TAGUATUR;DF169;Subst. De Componente eletrônico;2
01/10/2021;COT3;TEU;EQ3;CCIT 3.5;;;DF221;Subst. do Painel Frontal;1
01/10/2021;COT3;TEU;EQ3;CCIT 3.5;;;DF157;Subst. Da Placa FTCLess;1
01/10/2021;COT3;TEU;EQ36;CCIT 4.0 FRONTAL H1 COM BATERIA;;;DF115;Restauração da ROM via PC;168
01/10/2021;COT3;TEU;EQ36;CCIT 4.0 FRONTAL H1 COM BATERIA;;;DF60;Limpeza de cache;7
01/10/2021;COT3;TEU;EQ36;CCIT 4.0 FRONTAL H1 COM BATERIA;;;DF132;Subst. Da Bateria de Lithium;17
01/10/2021;COT3;TEU;EQ36;CCIT 4.0 FRONTAL H1 COM BATERIA;;;DF136;Subst. Da Carcaça inferior;12
01/10/2021;COT2;Transcard;EQ28;ATM;OP61;Setps (Transcard);DF143;Subst. da Impressora;2
01/10/2021;COT2;Transcard;EQ28;ATM;OP61;Setps (Transcard);DF237;Subst. Do Validador de Notas;4
01/10/2021;COT2;Transcard;EQ28;ATM;OP61;Setps (Transcard);DF231;Subst. Do PINpad;1
01/10/2021;COT2;Transcard;EQ28;ATM;OP61;Setps (Transcard);DF228;Subst. Do PDV ATM;2
01/10/2021;COT2;Transcard;EQ6;CCIT 4.0 FRONTAL H2.1;;;DF113;Restaura RAM via PC;67
01/10/2021;COT2;Transcard;EQ6;CCIT 4.0 FRONTAL H2.1;;;DF114;Restaura RAM via pendrive;12
01/10/2021;COT2;Transcard;EQ6;CCIT 4.0 FRONTAL H2.1;;;DF101;Ressolda Mbccit;3
01/10/2021;COT2;Transcard;EQ6;CCIT 4.0 FRONTAL H2.1;;;DF216;Subst. Do Módulo H2;24
01/10/2021;COT2;Transcard;EQ6;CCIT 4.0 FRONTAL H2.1;;;DF272;Subst. Do Touchscreen do módulo;3
01/10/2021;COT1;Transfacil;EQ28;ATM;OP27;TRANSFÁCIL;DF197;Subst. Do Cofre;1
01/10/2021;COT1;Transfacil;EQ28;ATM;OP27;TRANSFÁCIL;DF237;Subst. Do Validador de Notas;2
01/10/2021;COT1;Transfacil;EQ28;ATM;OP27;TRANSFÁCIL;DF258;Subst. Da Cabeça de Impressão;2
01/10/2021;COT1;Transfacil;EQ28;ATM;OP27;TRANSFÁCIL;DF228;Subst. Do PDV ATM;1
01/10/2021;COT1;Transfacil;EQ28;ATM;OP27;TRANSFÁCIL;DF280;Manutenção no Validador de Notas;1
01/10/2021;COT1;Transfacil;EQ28;ATM;OP27;TRANSFÁCIL;DF67;Manutenção na Impressora;1
01/10/2021;COT1;Transfacil;EQ28;ATM;OP27;TRANSFÁCIL;DF19;ATM - defeito não confirmado;1
01/10/2021;COT1;Transfacil;EQ28;ATM;OP27;TRANSFÁCIL;DF143;Subst. da Impressora;1
01/10/2021;COT1;Transfacil;EQ28;ATM;OP27;TRANSFÁCIL;DF208;Subst. Do Dispenser do cartão;1
01/10/2021;COT1;Transfacil;EQ6;CCIT 4.0 FRONTAL H2.1;;;DF88;Reparo com formatação e reinst. FW/SW;126
01/10/2021;COT1;Transfacil;EQ6;CCIT 4.0 FRONTAL H2.1;;;DF238;Subst. Do Vidro CCIT V4.0;11
01/10/2021;COT1;Transfacil;EQ6;CCIT 4.0 FRONTAL H2.1;;;DF216;Subst. Do Módulo H2;74
01/10/2021;COT1;Transfacil;EQ6;CCIT 4.0 FRONTAL H2.1;;;DF37;Defeito não encontrado e subst. FW/SW;8
01/10/2021;COT1;Transfacil;EQ6;CCIT 4.0 FRONTAL H2.1;;;DF169;Subst. De Componente eletrônico;4
01/10/2021;COT1;Transfacil;EQ6;CCIT 4.0 FRONTAL H2.1;;;DF136;Subst. Da Carcaça inferior;6
01/10/2021;COT1;Transfacil;EQ6;CCIT 4.0 FRONTAL H2.1;OP13;Estações BRT Move;DF88;Reparo com formatação e reinst. FW/SW;8
01/10/2021;COT1;Transfacil;EQ6;CCIT 4.0 FRONTAL H2.1;OP13;Estações BRT Move;DF216;Subst. Do Módulo H2;5
01/10/2021;COT1;Transfacil;EQ6;CCIT 4.0 FRONTAL H2.1;;;DF130;Subst. Da Antena WLAN;2
01/10/2021;COT1;Transfacil;EQ6;CCIT 4.0 FRONTAL H2.1;;;DF133;Subst. Da Campainha CCIT;1
01/10/2021;COT1;Transfacil;EQ6;CCIT 4.0 FRONTAL H2.1;;;DF135;Subst. Da Carcaça frontal;1
01/10/2021;COT1;Transfacil;EQ6;CCIT 4.0 FRONTAL H2.1;OP13;Estações BRT Move;DF133;Subst. Da Campainha CCIT;1
01/10/2021;COT15;TURIN OURO BRANCO;EQ6;CCIT 4.0 FRONTAL H2.1;OP127;TURIN OURO BRANCO MG;DF216;Subst. Do Módulo H2;3
01/10/2021;COT16;Via Ouro;EQ3;CCIT 3.5;OP49;VIA OURO COLETIVOS LTDA;DF88;Reparo com formatação e reinst. FW/SW;1
01/10/2021;COT1;Transfacil;EQ14;DMX200 MOD H3.1;;;DF88;Reparo com formatação e reinst. FW/SW;89
01/10/2021;COT1;Transfacil;EQ14;DMX200 MOD H3.1;;;DF170;Subst. De Gorila Glass;1
01/10/2021;COT1;Transfacil;EQ14;DMX200 MOD H3.1;;;DF169;Subst. De Componente eletrônico;15
01/10/2021;COT1;Transfacil;EQ14;DMX200 MOD H3.1;;;DF211;Subst. Do Equipamento completo;1
01/10/2021;COT11;Gov. Valadares;EQ13;DMX200L;OP53;VIAÇÃO MOBI;DF88;Reparo com formatação e reinst. FW/SW;7
01/10/2021;COT12;DIVPASS;EQ13;DMX200L;OP124;DIVPASS;DF90;Reparo com formatação e subst. FW/SW;14
01/10/2021;COT19;SÃO JOÃO;EQ39;DMX200L JI21 SEM BATERIA;OP67;SÃO JOÃO;DF115;Restauração da ROM via PC;4
01/10/2021;COT19;SÃO JOÃO;EQ39;DMX200L JI21 SEM BATERIA;OP67;SÃO JOÃO;DF97;Ressolda;4
01/10/2021;COT20;ROSA TURISMO;EQ39;DMX200L JI21 SEM BATERIA;OP66;ROSA TURISMO;DF115;Restauração da ROM via PC;6
01/10/2021;COT20;ROSA TURISMO;EQ39;DMX200L JI21 SEM BATERIA;OP66;ROSA TURISMO;DF41;Envio para manutenção central-CTG;6
01/10/2021;COT20;ROSA TURISMO;EQ39;DMX200L JI21 SEM BATERIA;OP66;ROSA TURISMO;DF97;Ressolda;7
01/10/2021;COT4;Setut;EQ14;DMX200 MOD H3.1;;;DF113;Restaura RAM via PC;1
01/10/2021;COT4;Setut;EQ14;DMX200 MOD H3.1;;;DF90;Reparo com formatação e subst. FW/SW;38
01/10/2021;COT25;COOTRAPS - CE;EQ14;DMX200 MOD H3.1;OP129;COOTRAPS;DF90;Reparo com formatação e subst. FW/SW;16
01/10/2021;COT3;TEU;EQ14;DMX200 MOD H3.1;;;DF21;Atualização de FW ;17
01/10/2021;COT3;TEU;EQ14;DMX200 MOD H3.1;;;DF115;Restauração da ROM via PC;17
01/10/2021;COT24;GVBUS;EQ14;DMX200 MOD H3.1;;;DF97;Ressolda;167
01/10/2021;COT24;GVBUS;EQ14;DMX200 MOD H3.1;;;DF270;Gravação do IMEI;119
01/10/2021;COT24;GVBUS;EQ14;DMX200 MOD H3.1;;;DF287;Regravação de IP;41
01/10/2021;COT24;GVBUS;EQ14;DMX200 MOD H3.1;;;DF93;Reparo no módulo;10
01/10/2021;COT24;GVBUS;EQ14;DMX200 MOD H3.1;;;DF21;Atualização de FW ;7
01/10/2021;COT24;GVBUS;EQ14;DMX200 MOD H3.1;;;DF46;Formatação da memória e subst. FW;138
01/10/2021;COT24;GVBUS;EQ14;DMX200 MOD H3.1;;;DF127;Subst. Conector USB;25
01/10/2021;COT3;TEU;EQ14;DMX200 MOD H3.1;;;DF209;Subst. Do Display;2
01/10/2021;COT3;TEU;EQ14;DMX200 MOD H3.1;;;DF165;Subst. Da Placa-mãe;1
01/10/2021;COT3;TEU;EQ14;DMX200 MOD H3.1;;;DF169;Subst. De Componente eletrônico;11
01/10/2021;COT1;Transfacil;EQ14;DMX200 MOD H3.1;;;DF144;Subst. Da Memória;22
01/10/2021;COT1;Transfacil;EQ14;DMX200 MOD H3.1;;;DF165;Subst. Da Placa-mãe;19
01/10/2021;COT1;Transfacil;EQ14;DMX200 MOD H3.1;;;DF206;Subst. Do Conector USB;11
01/10/2021;COT1;Transfacil;EQ14;DMX200 MOD H3.1;;;DF221;Subst. do Painel Frontal;4
01/10/2021;COT1;Transfacil;EQ14;DMX200 MOD H3.1;;;DF273;Subst. Cabo USB;17
01/10/2021;COT25;COOTRAPS - CE;EQ14;DMX200 MOD H3.1;OP129;COOTRAPS;DF272;Subst. Do Touchscreen do módulo;8
01/10/2021;COT25;COOTRAPS - CE;EQ14;DMX200 MOD H3.1;OP129;COOTRAPS;DF268;Subst. Placa em EVA adesivado espessura 20mm;28
01/10/2021;COT25;COOTRAPS - CE;EQ14;DMX200 MOD H3.1;OP129;COOTRAPS;DF269;Subst. Placa em EVA adesivado espessura 16mm;28
01/10/2021;COT25;COOTRAPS - CE;EQ14;DMX200 MOD H3.1;OP129;COOTRAPS;DF288;Subst. Auto Adesivo para Vidro;24
01/10/2021;COT25;COOTRAPS - CE;EQ14;DMX200 MOD H3.1;OP129;COOTRAPS;DF169;Subst. De Componente eletrônico;2
01/10/2021;COT25;COOTRAPS - CE;EQ14;DMX200 MOD H3.1;OP129;COOTRAPS;DF217;Subst. Do Módulo H3.1;5
01/10/2021;COT25;COOTRAPS - CE;EQ14;DMX200 MOD H3.1;OP129;COOTRAPS;DF271;Subst. Do Vidro;24
01/10/2021;COT25;COOTRAPS - CE;EQ14;DMX200 MOD H3.1;OP129;COOTRAPS;DF267;Ressolda USB Interface;8
01/10/2021;COT25;COOTRAPS - CE;EQ14;DMX200 MOD H3.1;OP129;COOTRAPS;DF97;Ressolda;3
01/10/2021;COT25;COOTRAPS - CE;EQ14;DMX200 MOD H3.1;OP129;COOTRAPS;DF46;Formatação da memória e subst. FW;30
01/10/2021;COT24;GVBUS;EQ14;DMX200 MOD H3.1;;;DF165;Subst. Da Placa-mãe;2
01/10/2021;COT24;GVBUS;EQ14;DMX200 MOD H3.1;;;DF268;Subst. Placa em EVA adesivado espessura 20mm;12
01/10/2021;COT24;GVBUS;EQ14;DMX200 MOD H3.1;;;DF269;Subst. Placa em EVA adesivado espessura 16mm;12
01/10/2021;COT24;GVBUS;EQ14;DMX200 MOD H3.1;;;DF290;Subst. Da Antena 3G/GPRS para módulo JI21;11
01/10/2021;COT24;GVBUS;EQ14;DMX200 MOD H3.1;;;DF288;Subst. Auto Adesivo para Vidro;68
01/10/2021;COT24;GVBUS;EQ14;DMX200 MOD H3.1;;;DF217;Subst. Do Módulo H3.1;6
01/10/2021;COT24;GVBUS;EQ14;DMX200 MOD H3.1;;;DF144;Subst. Da Memória;34
01/10/2021;COT24;GVBUS;EQ14;DMX200 MOD H3.1;;;DF209;Subst. Do Display;27
01/10/2021;COT24;GVBUS;EQ14;DMX200 MOD H3.1;;;DF272;Subst. Do Touchscreen do módulo;2
01/10/2021;COT24;GVBUS;EQ14;DMX200 MOD H3.1;;;DF273;Subst. Cabo USB;12
01/10/2021;COT24;GVBUS;EQ14;DMX200 MOD H3.1;;;DF275;Subst. Placa Montada Interface PM;7
01/10/2021;COT24;GVBUS;EQ14;DMX200 MOD H3.1;;;DF135;Subst. Da Carcaça frontal;11
01/10/2021;COT24;GVBUS;EQ14;DMX200 MOD H3.1;;;DF271;Subst. Do Vidro;70
01/10/2021;COT24;GVBUS;EQ14;DMX200 MOD H3.1;;;DF169;Subst. De Componente eletrônico;57
01/10/2021;COT24;GVBUS;EQ14;DMX200 MOD H3.1;;;DF267;Ressolda USB Interface;11
01/10/2021;COT24;GVBUS;EQ14;DMX200 MOD H3.1;;;DF97;Ressolda;6
01/10/2021;COT19;SÃO JOÃO;EQ39;DMX200L JI21 SEM BATERIA;OP67;SÃO JOÃO;DF272;Subst. Do Touchscreen do módulo;12
01/10/2021;COT19;SÃO JOÃO;EQ39;DMX200L JI21 SEM BATERIA;OP67;SÃO JOÃO;DF209;Subst. Do Display;4
01/10/2021;COT19;SÃO JOÃO;EQ39;DMX200L JI21 SEM BATERIA;OP67;SÃO JOÃO;DF165;Subst. Da Placa-mãe;7
01/10/2021;COT19;SÃO JOÃO;EQ39;DMX200L JI21 SEM BATERIA;OP67;SÃO JOÃO;DF288;Subst. Auto Adesivo para Vidro;14
01/10/2021;COT19;SÃO JOÃO;EQ39;DMX200L JI21 SEM BATERIA;OP67;SÃO JOÃO;DF127;Subst. Conector USB;3
01/10/2021;COT19;SÃO JOÃO;EQ39;DMX200L JI21 SEM BATERIA;OP67;SÃO JOÃO;DF271;Subst. Do Vidro;14
01/10/2021;COT19;SÃO JOÃO;EQ39;DMX200L JI21 SEM BATERIA;OP67;SÃO JOÃO;DF46;Formatação da memória e subst. FW;19
01/10/2021;COT4;Setut;EQ14;DMX200 MOD H3.1;;;DF209;Subst. Do Display;2
01/10/2021;COT4;Setut;EQ14;DMX200 MOD H3.1;;;DF271;Subst. Do Vidro;34
01/10/2021;COT4;Setut;EQ14;DMX200 MOD H3.1;;;DF272;Subst. Do Touchscreen do módulo;34
01/10/2021;COT4;Setut;EQ14;DMX200 MOD H3.1;;;DF268;Subst. Placa em EVA adesivado espessura 20mm;43
01/10/2021;COT4;Setut;EQ14;DMX200 MOD H3.1;;;DF269;Subst. Placa em EVA adesivado espessura 16mm;43
01/10/2021;COT4;Setut;EQ14;DMX200 MOD H3.1;;;DF290;Subst. Da Antena 3G/GPRS para módulo JI21;9
01/10/2021;COT4;Setut;EQ14;DMX200 MOD H3.1;;;DF288;Subst. Auto Adesivo para Vidro;34
01/10/2021;COT4;Setut;EQ14;DMX200 MOD H3.1;;;DF127;Subst. Conector USB;4
01/10/2021;COT4;Setut;EQ14;DMX200 MOD H3.1;;;DF270;Gravação do IMEI;41
01/10/2021;COT4;Setut;EQ14;DMX200 MOD H3.1;;;DF287;Regravação de IP;42
01/10/2021;COT22;Taguatur PM NOVO;EQ39;DMX200L JI21 SEM BATERIA;OP82;TAGUATUR;DF209;Subst. Do Display;1
01/10/2021;COT22;Taguatur PM NOVO;EQ39;DMX200L JI21 SEM BATERIA;OP82;TAGUATUR;DF272;Subst. Do Touchscreen do módulo;4
01/10/2021;COT22;Taguatur PM NOVO;EQ39;DMX200L JI21 SEM BATERIA;OP82;TAGUATUR;DF268;Subst. Placa em EVA adesivado espessura 20mm;47
01/10/2021;COT22;Taguatur PM NOVO;EQ39;DMX200L JI21 SEM BATERIA;OP82;TAGUATUR;DF269;Subst. Placa em EVA adesivado espessura 16mm;47
01/10/2021;COT22;Taguatur PM NOVO;EQ39;DMX200L JI21 SEM BATERIA;OP82;TAGUATUR;DF288;Subst. Auto Adesivo para Vidro;16
01/10/2021;COT22;Taguatur PM NOVO;EQ39;DMX200L JI21 SEM BATERIA;OP82;TAGUATUR;DF271;Subst. Do Vidro;15
01/10/2021;COT22;Taguatur PM NOVO;EQ39;DMX200L JI21 SEM BATERIA;OP82;TAGUATUR;DF90;Reparo com formatação e subst. FW/SW;47
01/10/2021;COT1;Transfacil;EQ10;CONNECTION CCIT 4.0;;;DF37;Defeito não encontrado e subst. FW/SW;5
01/10/2021;COT1;Transfacil;EQ10;CONNECTION CCIT 4.0;;;DF88;Reparo com formatação e reinst. FW/SW;28
01/10/2021;COT1;Transfacil;EQ10;CONNECTION CCIT 4.0;;;DF169;Subst. De Componente eletrônico;3
01/10/2021;COT1;Transfacil;EQ10;CONNECTION CCIT 4.0;;;DF136;Subst. Da Carcaça inferior;2
01/10/2021;COT2;Transcard;EQ10;CONNECTION CCIT 4.0;;;DF46;Formatação da memória e subst. FW;22
01/10/2021;COT2;Transcard;EQ10;CONNECTION CCIT 4.0;;;DF256;Substituição de fusível;6
01/10/2021;COT2;Transcard;EQ10;CONNECTION CCIT 4.0;;;DF206;Subst. Do Conector USB;2
01/10/2021;COT2;Transcard;EQ10;CONNECTION CCIT 4.0;;;DF37;Defeito não encontrado e subst. FW/SW;8
01/10/2021;COT19;SÃO JOÃO;EQ10;CONNECTION CCIT 4.0;OP67;SÃO JOÃO;DF21;Atualização de FW ;6
01/10/2021;COT20;ROSA TURISMO;EQ10;CONNECTION CCIT 4.0;OP66;ROSA TURISMO;DF21;Atualização de FW ;7
01/10/2021;COT24;GVBUS;EQ10;CONNECTION CCIT 4.0;;;DF169;Subst. De Componente eletrônico;41
01/10/2021;COT24;GVBUS;EQ10;CONNECTION CCIT 4.0;;;DF278;Modificação circuito catraca;48
01/10/2021;COT24;GVBUS;EQ10;CONNECTION CCIT 4.0;;;DF26;Atualização do PIC;9
01/10/2021;COT3;TEU;EQ22;V3000M;;;DF21;Atualização de FW ;29
01/10/2021;COT3;TEU;EQ22;V3000M;;;DF115;Restauração da ROM via PC;28
01/10/2021;COT3;TEU;EQ26;V3000M DVR;;;DF21;Atualização de FW ;8
01/10/2021;COT3;TEU;EQ26;V3000M DVR;;;DF115;Restauração da ROM via PC;8
01/10/2021;COT3;TEU;EQ22;V3000M;;;DF186;Subst. Do cartão SD 32 GB;13
01/10/2021;COT3;TEU;EQ26;V3000M DVR;;;DF186;Subst. Do cartão SD 32 GB;2
01/10/2021;COT3;TEU;EQ21;V3000L;;;DF21;Atualização de FW ;1
01/10/2021;COT3;TEU;EQ21;V3000L;;;DF115;Restauração da ROM via PC;1
01/10/2021;COT3;TEU;EQ26;V3000M DVR;;;DF169;Subst. De Componente eletrônico;8
01/10/2021;COT1;Transfacil;EQ27;UT (FTV 3000);;;DF88;Reparo com formatação e reinst. FW/SW;3
01/10/2021;COT24;GVBUS;EQ33;POS MOVE 2500;;;DF41;Envio para manutenção central-CTG;11
01/10/2021;COT24;GVBUS;EQ33;POS MOVE 2500;;;DF132;Subst. Da Bateria de Lithium;1
01/10/2021;COT2;Transcard;EQ31;POS 250;;;DF46;Formatação da memória e subst. FW;2
01/10/2021;COT2;Transcard;EQ31;POS 250;;;DF132;Subst. Da Bateria de Lithium;2
01/10/2021;COT2;Transcard;EQ31;POS 250;;;DF7;Ajuste do Módulo de Impressão;3
01/10/2021;COT2;Transcard;EQ31;POS 250;;;DF41;Envio para manutenção central-CTG;12
01/11/2021;COT7;Alagoinhas;EQ34;CCIT 4.0 FRONTAL H2.1 C SEM BATERIA;OP68;ALAGOINHAS;DF113;Restaura RAM via PC;6
01/11/2021;COT21;Araguarina;EQ35;CCIT 4.0 FRONTAL H2 COM BATERIA;OP81;VIAÇÃO ARAGUARINA;DF41;Envio para manutenção central-CTG;2
01/11/2021;COT8;CBTU;EQ1;CCIT 3.0;OP47;CBTU - COMPANHIA BRASILEIRA DE TRENS URBANOS;DF88;Reparo com formatação e reinst. FW/SW;6
01/11/2021;COT8;CBTU;EQ1;CCIT 3.0;OP47;CBTU - COMPANHIA BRASILEIRA DE TRENS URBANOS;DF183;Subst. Do Cabo trançado antena Cless;1
01/11/2021;COT8;CBTU;EQ1;CCIT 3.0;OP47;CBTU - COMPANHIA BRASILEIRA DE TRENS URBANOS;DF159;Subst. Da placa FtctlessGPS;2
01/11/2021;COT8;CBTU;EQ1;CCIT 3.0;OP47;CBTU - COMPANHIA BRASILEIRA DE TRENS URBANOS;DF108;Ressolda no circuito da placa-mãe;1
01/11/2021;COT8;CBTU;EQ1;CCIT 3.0;OP47;CBTU - COMPANHIA BRASILEIRA DE TRENS URBANOS;DF209;Subst. Do Adesivo Frontal;1
01/11/2021;COT8;CBTU;EQ1;CCIT 3.0;OP47;CBTU - COMPANHIA BRASILEIRA DE TRENS URBANOS;DF211;Subst. Do Equipamento completo;1
01/11/2021;COT12;DIVPASS;EQ6;CCIT 4.0 FRONTAL H2.1;OP124;DIVPASS;DF117;Restauração de módulos via PC e/ou SdCard;8
01/11/2021;COT12;DIVPASS;EQ6;CCIT 4.0 FRONTAL H2.1;OP124;DIVPASS;DF88;Reparo com formatação e reinst. FW/SW;1
01/11/2021;COT24;GVBUS;EQ28;ATM;OP108;GVBUS - SIND. DAS EMP. DE TRANP. METROP. DA GRANDE VITÓRIA;DF262;Retirada de nota ATM e testes;14
01/11/2021;COT24;GVBUS;EQ28;ATM;OP108;GVBUS - SIND. DAS EMP. DE TRANP. METROP. DA GRANDE VITÓRIA;DF67;Manutenção na Impressora;2
01/11/2021;COT24;GVBUS;EQ28;ATM;OP108;GVBUS - SIND. DAS EMP. DE TRANP. METROP. DA GRANDE VITÓRIA;DF86;Reparo com configuração do setup;4
01/11/2021;COT24;GVBUS;EQ28;ATM;OP108;GVBUS - SIND. DAS EMP. DE TRANP. METROP. DA GRANDE VITÓRIA;DF68;Manutenção no Dispenser;1
01/11/2021;COT24;GVBUS;EQ28;ATM;OP108;GVBUS - SIND. DAS EMP. DE TRANP. METROP. DA GRANDE VITÓRIA;DF19;ATM - defeito não confirmado;2
01/11/2021;COT24;GVBUS;EQ28;ATM;OP108;GVBUS - SIND. DAS EMP. DE TRANP. METROP. DA GRANDE VITÓRIA;DF65;Manutenção Cofre;6
01/11/2021;COT24;GVBUS;EQ28;ATM;OP108;GVBUS - SIND. DAS EMP. DE TRANP. METROP. DA GRANDE VITÓRIA;DF263;Pinpad ATM - Mudança de Porta e Aperto USB;2
01/11/2021;COT24;GVBUS;EQ28;ATM;OP108;GVBUS - SIND. DAS EMP. DE TRANP. METROP. DA GRANDE VITÓRIA;DF17;Aplicação Travando;2
01/11/2021;COT24;GVBUS;EQ6;CCIT 4.0 FRONTAL H2.1;;;DF93;Reparo no módulo;38
01/11/2021;COT24;GVBUS;EQ6;CCIT 4.0 FRONTAL H2.1;;;DF41;Envio para manutenção central-CTG;18
01/11/2021;COT24;GVBUS;EQ6;CCIT 4.0 FRONTAL H2.1;;;DF88;Reparo com formatação e reinst. FW/SW;4
01/11/2021;COT6;Metro-Bahia;EQ28;ATM;OP63;METRO-BAHIA;DF143;Subst. da Impressora;3
01/11/2021;COT6;Metro-Bahia;EQ28;ATM;OP63;METRO-BAHIA;DF237;Subst. Do Validador de Notas;15
01/11/2021;COT6;Metro-Bahia;EQ28;ATM;OP63;METRO-BAHIA;DF227;Subst. Do PC ATM;2
01/11/2021;COT6;Metro-Bahia;EQ28;ATM;OP63;METRO-BAHIA;DF228;Subst. Do PDV ATM;1
01/11/2021;COT6;Metro-Bahia;EQ9;CCIT 4.0 (BLOQUEIO) FRONTAL H1;OP63;METRO-BAHIA;DF41;Envio para manutenção central-CTG;1
01/11/2021;COT6;Metro-Bahia;EQ9;CCIT 4.0 (BLOQUEIO) FRONTAL H1;OP63;METRO-BAHIA;DF113;Restaura RAM via PC;4
01/11/2021;COT5;METROFOR/ VLT FORTALEZA;EQ38;CCIT 4.0 METROFOR;OP105;METROFOR LINHA SUL;DF41;Envio para manutenção central-CTG;11
01/11/2021;COT10;Metropolitano-Bahia;EQ28;ATM;OP64;METROPOLITANO SSA;DF237;Subst. Do Validador de Notas;1
01/11/2021;COT10;Metropolitano-Bahia;EQ6;CCIT 4.0 FRONTAL H2.1;OP64;METROPOLITANO SSA;DF113;Restaura RAM via PC;24
01/11/2021;COT10;Metropolitano-Bahia;EQ6;CCIT 4.0 FRONTAL H2.1;OP64;METROPOLITANO SSA;DF41;Envio para manutenção central-CTG;2
01/11/2021;COT10;Metropolitano-Bahia;EQ6;CCIT 4.0 FRONTAL H2.1;OP64;METROPOLITANO SSA;DF272;Subst. Do Touchscreen do módulo;7
01/11/2021;COT20;ROSA TURISMO;EQ36;CCIT 4.0 FRONTAL H1 COM BATERIA;OP66;ROSA TURISMO;DF113;Restaura RAM via PC;6
01/11/2021;COT20;ROSA TURISMO;EQ36;CCIT 4.0 FRONTAL H1 COM BATERIA;OP66;ROSA TURISMO;DF41;Envio para manutenção central-CTG;8
01/11/2021;COT20;ROSA TURISMO;EQ36;CCIT 4.0 FRONTAL H1 COM BATERIA;OP66;ROSA TURISMO;DF272;Subst. Do Touchscreen do módulo;3
01/11/2021;COT19;SÃO JOÃO;EQ36;CCIT 4.0 FRONTAL H1 COM BATERIA;OP67;SÃO JOÃO;DF113;Restaura RAM via PC;10
01/11/2021;COT19;SÃO JOÃO;EQ36;CCIT 4.0 FRONTAL H1 COM BATERIA;OP67;SÃO JOÃO;DF41;Envio para manutenção central-CTG;9
01/11/2021;COT19;SÃO JOÃO;EQ36;CCIT 4.0 FRONTAL H1 COM BATERIA;OP67;SÃO JOÃO;DF272;Subst. Do Touchscreen do módulo;2
01/11/2021;COT17;SÃO JORGE - PONTE NOVA;EQ2;CCIT 3.2;OP50;SÃO JORGE AUTO ONIBUS;DF202;Subst. Do Conector DB15;6
01/11/2021;COT17;SÃO JORGE - PONTE NOVA;EQ2;CCIT 3.2;OP50;SÃO JORGE AUTO ONIBUS;DF108;Ressolda no circuito da placa-mãe;1
01/11/2021;COT17;SÃO JORGE - PONTE NOVA;EQ2;CCIT 3.2;OP50;SÃO JORGE AUTO ONIBUS;DF159;Subst. Da placa FtctlessGPS;1
01/11/2021;COT4;Setut;EQ6;CCIT 4.0 FRONTAL H2.1;;;DF60;Limpeza de cache;5
01/11/2021;COT4;Setut;EQ6;CCIT 4.0 FRONTAL H2.1;;;DF113;Restaura RAM via PC;3
01/11/2021;COT4;Setut;EQ6;CCIT 4.0 FRONTAL H2.1;;;DF41;Envio para manutenção central-CTG;15
01/11/2021;COT18;Sindpautras;EQ6;CCIT 4.0 FRONTAL H2.1;OP48;SINDPAUTRAS-SIND. PERM. AUT. TRANSP. SU;DF88;Reparo com formatação e reinst. FW/SW;8
01/11/2021;COT18;Sindpautras;EQ6;CCIT 4.0 FRONTAL H2.1;OP48;SINDPAUTRAS-SIND. PERM. AUT. TRANSP. SU;DF35;Defeito não encontrado / testes e liberação;6
01/11/2021;COT18;Sindpautras;EQ6;CCIT 4.0 FRONTAL H2.1;OP48;SINDPAUTRAS-SIND. PERM. AUT. TRANSP. SU;DF86;Reparo com configuração do setup;1
01/11/2021;COT22;Taguatur;EQ8;CCIT 4.0 FRONTAL JI21 SEM BATERIA;OP82;TAGUATUR;DF41;Envio para manutenção central-CTG;26
01/11/2021;COT3;TEU;EQ3;CCIT 3.5;;;DF221;Subst. do Painel Frontal;2
01/11/2021;COT3;TEU;EQ3;CCIT 3.5;;;DF157;Subst. Da Placa FTCLess;2
01/11/2021;COT3;TEU;EQ36;CCIT 4.0 FRONTAL H1 COM BATERIA;;;DF115;Restauração da ROM via PC;161
01/11/2021;COT3;TEU;EQ36;CCIT 4.0 FRONTAL H1 COM BATERIA;;;DF60;Limpeza de cache;4
01/11/2021;COT3;TEU;EQ36;CCIT 4.0 FRONTAL H1 COM BATERIA;;;DF132;Subst. Da Bateria de Lithium;36
01/11/2021;COT3;TEU;EQ36;CCIT 4.0 FRONTAL H1 COM BATERIA;;;DF136;Subst. Da Carcaça inferior;25
01/11/2021;COT3;TEU;EQ36;CCIT 4.0 FRONTAL H1 COM BATERIA;;;DF41;Envio para manutenção central-CTG;10
01/11/2021;COT2;Transcard;EQ28;ATM;OP61;Setps (Transcard);DF143;Subst. da Impressora;2
01/11/2021;COT2;Transcard;EQ28;ATM;OP61;Setps (Transcard);DF237;Subst. Do Validador de Notas;32
01/11/2021;COT2;Transcard;EQ28;ATM;OP61;Setps (Transcard);DF231;Subst. Do PINpad;2
01/11/2021;COT2;Transcard;EQ6;CCIT 4.0 FRONTAL H2.1;;;DF113;Restaura RAM via PC;52
01/11/2021;COT2;Transcard;EQ6;CCIT 4.0 FRONTAL H2.1;;;DF114;Restaura RAM via pendrive;13
01/11/2021;COT2;Transcard;EQ6;CCIT 4.0 FRONTAL H2.1;;;DF101;Ressolda Mbccit;2
01/11/2021;COT2;Transcard;EQ6;CCIT 4.0 FRONTAL H2.1;;;DF41;Enviados para manutenção central CTG;31
01/11/2021;COT2;Transcard;EQ6;CCIT 4.0 FRONTAL H2.1;;;DF272;Subst. Do Touchscreen do módulo;16
01/11/2021;COT1;Transfacil;EQ28;ATM;OP27;TRANSFÁCIL;DF197;Subst. Do Cofre;1
01/11/2021;COT1;Transfacil;EQ28;ATM;OP27;TRANSFÁCIL;DF237;Subst. Do Validador de Notas;7
01/11/2021;COT1;Transfacil;EQ28;ATM;OP27;TRANSFÁCIL;DF258;Subst. Da Cabeça de Impressão;2
01/11/2021;COT1;Transfacil;EQ28;ATM;OP27;TRANSFÁCIL;DF228;Subst. Do PDV ATM;2
01/11/2021;COT1;Transfacil;EQ28;ATM;OP27;TRANSFÁCIL;DF280;Manutenção no Validador de Notas;1
01/11/2021;COT1;Transfacil;EQ28;ATM;OP27;TRANSFÁCIL;DF67;Manutenção na Impressora;1
01/11/2021;COT1;Transfacil;EQ28;ATM;OP27;TRANSFÁCIL;DF19;ATM - defeito não confirmado;2
01/11/2021;COT1;Transfacil;EQ28;ATM;OP27;TRANSFÁCIL;DF143;Subst. da Impressora;2
01/11/2021;COT1;Transfacil;EQ28;ATM;OP27;TRANSFÁCIL;DF128;Subst. Da antena Cless;2
01/11/2021;COT1;Transfacil;EQ28;ATM;OP27;TRANSFÁCIL;DF5;Ajuste da porta Externa;2
01/11/2021;COT1;Transfacil;EQ28;ATM;OP27;TRANSFÁCIL;DF227;Subst. Do PC ATM;1
01/11/2021;COT1;Transfacil;EQ6;CCIT 4.0 FRONTAL H2.1;;;DF88;Reparo com formatação e reinst. FW/SW;143
01/11/2021;COT1;Transfacil;EQ6;CCIT 4.0 FRONTAL H2.1;;;DF238;Subst. Do Vidro CCIT V4.0;15
01/11/2021;COT1;Transfacil;EQ6;CCIT 4.0 FRONTAL H2.1;;;DF216;Subst. Do Módulo H2;30
01/11/2021;COT1;Transfacil;EQ6;CCIT 4.0 FRONTAL H2.1;;;DF37;Defeito não encontrado e subst. FW/SW;10
01/11/2021;COT1;Transfacil;EQ6;CCIT 4.0 FRONTAL H2.1;;;DF169;Subst. De Componente eletrônico;3
01/11/2021;COT1;Transfacil;EQ6;CCIT 4.0 FRONTAL H2.1;;;DF136;Subst. Da Carcaça inferior;3
01/11/2021;COT1;Transfacil;EQ6;CCIT 4.0 FRONTAL H2.1;OP13;Estações BRT Move;DF88;Reparo com formatação e reinst. FW/SW;9
01/11/2021;COT1;Transfacil;EQ6;CCIT 4.0 FRONTAL H2.1;OP13;Estações BRT Move;DF216;Subst. Do Módulo H2;1
01/11/2021;COT1;Transfacil;EQ6;CCIT 4.0 FRONTAL H2.1;;;DF130;Subst. Da Antena WLAN;3
01/11/2021;COT1;Transfacil;EQ6;CCIT 4.0 FRONTAL H2.1;;;DF86;Reparo com configuração do setup;1
01/11/2021;COT1;Transfacil;EQ6;CCIT 4.0 FRONTAL H2.1;OP13;Estações BRT Move;DF238;Subst. Do Vidro CCIT V4.0;1
01/11/2021;COT23;UTB;EQ6;CCIT 4.0 FRONTAL H2.1;OP83;UTB;DF41;Envio para manutenção central-CTG;14
01/11/2021;COT16;Via Ouro;EQ3;CCIT 3.5;OP49;VIA OURO COLETIVOS LTDA;DF88;Reparo com formatação e reinst. FW/SW;6
01/11/2021;COT16;Via Ouro;EQ3;CCIT 3.5;OP49;VIA OURO COLETIVOS LTDA;DF129;Subst. Da Antena Cless e adesivo frontal;1
01/11/2021;COT16;Via Ouro;EQ3;CCIT 3.5;OP49;VIA OURO COLETIVOS LTDA;DF211;Subst. Do Equipamento completo;1
01/11/2021;COT16;Via Ouro;EQ3;CCIT 3.5;OP49;VIA OURO COLETIVOS LTDA;DF108;Ressolda no circuito da placa-mãe;1
01/11/2021;COT16;Via Ouro;EQ3;CCIT 3.5;OP49;VIA OURO COLETIVOS LTDA;DF132;Subst. Da Bateria de Lithium;1
01/11/2021;COT16;Via Ouro;EQ3;CCIT 3.5;OP49;VIA OURO COLETIVOS LTDA;DF108;Ressolda no circuito da placa-mãe;1
01/11/2021;COT1;Transfacil;EQ14;DMX200 MOD H3.1;;;DF41;Envio para manutenção central-CTG;24
01/11/2021;COT1;Transfacil;EQ14;DMX200 MOD H3.1;;;DF88;Reparo com formatação e reinst. FW/SW;111
01/11/2021;COT1;Transfacil;EQ14;DMX200 MOD H3.1;;;DF169;Subst. De Componente eletrônico;16
01/11/2021;COT11;Gov. Valadares;EQ13;DMX200L;OP53;VIAÇÃO MOBI;DF88;Reparo com formatação e reinst. FW/SW;8
01/11/2021;COT11;Gov. Valadares;EQ13;DMX200L;OP53;VIAÇÃO MOBI;DF169;Subst. De Componente eletrônico;6
01/11/2021;COT12;DIVPASS;EQ13;DMX200L;OP124;DIVPASS;DF90;Reparo com formatação e subst. FW/SW;9
01/11/2021;COT12;DIVPASS;EQ13;DMX200L;OP124;DIVPASS;DF169;Subst. De Componente eletrônico;2
01/11/2021;COT24;GVBUS;EQ14;DMX200 MOD H3.1;;;DF41;Envio para manutenção central-CTG;67
01/11/2021;COT24;GVBUS;EQ14;DMX200 MOD H3.1;;;DF97;Ressolda;172
01/11/2021;COT24;GVBUS;EQ14;DMX200 MOD H3.1;;;DF46;Formatação da memória e subst. FW;67
01/11/2021;COT24;GVBUS;EQ14;DMX200 MOD H3.1;;;DF127;Subst. Conector USB;4
01/11/2021;COT19;SÃO JOÃO;EQ39;DMX200L JI21 SEM BATERIA;OP67;SÃO JOÃO;DF115;Restauração da ROM via PC;8
01/11/2021;COT19;SÃO JOÃO;EQ39;DMX200L JI21 SEM BATERIA;OP67;SÃO JOÃO;DF97;Ressolda;4
01/11/2021;COT19;SÃO JOÃO;EQ39;DMX200L JI21 SEM BATERIA;OP67;SÃO JOÃO;DF41;Envio para manutenção central-CTG;8
01/11/2021;COT20;ROSA TURISMO;EQ39;DMX200L JI21 SEM BATERIA;OP66;ROSA TURISMO;DF115;Restauração da ROM via PC;15
01/11/2021;COT20;ROSA TURISMO;EQ39;DMX200L JI21 SEM BATERIA;OP66;ROSA TURISMO;DF41;Envio para manutenção central-CTG;4
01/11/2021;COT20;ROSA TURISMO;EQ39;DMX200L JI21 SEM BATERIA;OP66;ROSA TURISMO;DF97;Ressolda;9
01/11/2021;COT4;Setut;EQ14;DMX200 MOD H3.1;;;DF41;Envio para manutenção central-CTG;97
01/11/2021;COT25;COOTRAPS - CE;EQ14;DMX200 MOD H3.1;OP129;COOTRAPS;DF39;Enviados para manutenção central CTG;11
01/11/2021;COT25;COOTRAPS - CE;EQ14;DMX200 MOD H3.1;OP129;COOTRAPS;DF90;Reparo com formatação e subst. FW/SW;13
01/11/2021;COT3;TEU;EQ14;DMX200 MOD H3.1;;;DF21;Atualização de FW ;15
01/11/2021;COT3;TEU;EQ14;DMX200 MOD H3.1;;;DF115;Restauração da ROM via PC;15
01/11/2021;COT3;TEU;EQ14;DMX200 MOD H3.1;;;DF41;Envio para manutenção central-CTG;4
01/11/2021;COT21;Araguarina;EQ13;DMX200L;OP81;VIAÇÃO ARAGUARINA;DF41;Envio para manutenção central-CTG;2
01/11/2021;COT22;Taguatur PM NOVO;EQ39;DMX200L JI21 SEM BATERIA;OP82;TAGUATUR;DF41;Envio para manutenção central-CTG;59
01/11/2021;COT1;Transfacil;EQ10;CONNECTION CCIT 4.0;;;DF37;Defeito não encontrado e subst. FW/SW;5
01/11/2021;COT1;Transfacil;EQ10;CONNECTION CCIT 4.0;;;DF88;Reparo com formatação e reinst. FW/SW;29
01/11/2021;COT1;Transfacil;EQ10;CONNECTION CCIT 4.0;;;DF169;Subst. De Componente eletrônico;1
01/11/2021;COT1;Transfacil;EQ10;CONNECTION CCIT 4.0;;;DF136;Subst. Da Carcaça inferior;3
01/11/2021;COT24;GVBUS;EQ10;CONNECTION CCIT 4.0;;;DF41;Envio para manutenção central-CTG;4
01/11/2021;COT2;Transcard;EQ10;CONNECTION CCIT 4.0;;;DF46;Formatação da memória e subst. FW;8
01/11/2021;COT2;Transcard;EQ10;CONNECTION CCIT 4.0;;;DF256;Substituição de fusível;3
01/11/2021;COT2;Transcard;EQ10;CONNECTION CCIT 4.0;;;DF206;Subst. Do Conector USB;1
01/11/2021;COT2;Transcard;EQ10;CONNECTION CCIT 4.0;;;DF41;Envio para manutenção central-CTG;8
01/11/2021;COT10;Metropolitano-Bahia;EQ10;CONNECTION CCIT 4.0;OP64;METROPOLITANO SSA;DF21;Atualização de FW ;4
01/11/2021;COT10;Metropolitano-Bahia;EQ10;CONNECTION CCIT 4.0;OP64;METROPOLITANO SSA;DF256;Substituição de fusível;1
01/11/2021;COT10;Metropolitano-Bahia;EQ10;CONNECTION CCIT 4.0;OP64;METROPOLITANO SSA;DF41;Envio para manutenção central-CTG;1
01/11/2021;COT19;SÃO JOÃO;EQ10;CONNECTION CCIT 4.0;OP67;SÃO JOÃO;DF21;Atualização de FW ;5
01/11/2021;COT20;ROSA TURISMO;EQ10;CONNECTION CCIT 4.0;OP66;ROSA TURISMO;DF21;Atualização de FW ;4
01/11/2021;COT3;TEU;EQ22;V3000M;;;DF21;Atualização de FW ;22
01/11/2021;COT3;TEU;EQ22;V3000M;;;DF115;Restauração da ROM via PC;22
01/11/2021;COT3;TEU;EQ26;V3000M DVR;;;DF21;Atualização de FW ;9
01/11/2021;COT3;TEU;EQ26;V3000M DVR;;;DF115;Restauração da ROM via PC;9
01/11/2021;COT3;TEU;EQ22;V3000M;;;DF186;Subst. Do cartão SD 32 GB;4
01/11/2021;COT3;TEU;EQ26;V3000M DVR;;;DF41;Envio para manutenção central-CTG;2
01/11/2021;COT3;TEU;EQ21;V3000L;;;DF21;Atualização de FW ;1
01/11/2021;COT3;TEU;EQ21;V3000L;;;DF115;Restauração da ROM via PC;1
01/11/2021;COT1;Transfacil;EQ27;UT (FTV 3000);;;DF169;Subst. De Componente eletrônico;2
01/11/2021;COT1;Transfacil;EQ27;UT (FTV 3000);;;DF88;Reparo com formatação e reinst. FW/SW;5
01/11/2021;COT24;GVBUS;EQ33;POS MOVE 2500;;;DF41;Envio para manutenção central-CTG;11
01/11/2021;COT2;Transcard;EQ31;POS 250;;;DF46;Formatação da memória e subst. FW;2
01/11/2021;COT2;Transcard;EQ31;POS 250;;;DF132;Subst. Da Bateria de Lithium;2
01/11/2021;COT2;Transcard;EQ31;POS 250;;;DF7;Ajuste do Módulo de Impressão;3
01/11/2021;COT2;Transcard;EQ31;POS 250;;;DF41;Envio para manutenção central-CTG;7
01/12/2021;COT8;CBTU;EQ1;CCIT 3.0;OP47;CBTU - COMPANHIA BRASILEIRA DE TRENS URBANOS;DF88;Reparo com formatação e reinst. FW/SW;3
01/12/2021;COT8;CBTU;EQ1;CCIT 3.0;OP47;CBTU - COMPANHIA BRASILEIRA DE TRENS URBANOS;DF183;Subst. Do Cabo trançado antena Cless;2
01/12/2021;COT8;CBTU;EQ1;CCIT 3.0;OP47;CBTU - COMPANHIA BRASILEIRA DE TRENS URBANOS;DF159;Subst. Da placa FtctlessGPS;1
01/12/2021;COT8;CBTU;EQ1;CCIT 3.0;OP47;CBTU - COMPANHIA BRASILEIRA DE TRENS URBANOS;DF108;Ressolda no circuito da placa-mãe;2
01/12/2021;COT8;CBTU;EQ1;CCIT 3.0;OP47;CBTU - COMPANHIA BRASILEIRA DE TRENS URBANOS;DF211;Subst. Do Equipamento completo;2
01/12/2021;COT8;CBTU;EQ1;CCIT 3.0;OP47;CBTU - COMPANHIA BRASILEIRA DE TRENS URBANOS;DF37;Defeito não encontrado e subst. FW/SW;2
01/12/2021;COT27;Cidade das Águas;EQ6;CCIT 4.0 FRONTAL H2.1;OP128;VIAÇÃO CIDADE DAS ÁGUAS;DF113;Restaura RAM via PC;3
01/12/2021;COT12;DIVPASS;EQ6;CCIT 4.0 FRONTAL H2.1;OP124;DIVPASS;DF37;Defeito não encontrado e subst. FW/SW;27
01/12/2021;COT33;FLORIANÓPOLIS;EQ8;CCIT 4.0 FRONTAL JI21 SEM BATERIA;;;DF114;Restaura RAM via pendrive;6
01/12/2021;COT11;Gov. Valadares;EQ6;CCIT 4.0 FRONTAL H2.1;OP53;VIAÇÃO MOBI;DF37;Defeito não encontrado e subst. FW/SW;13
01/12/2021;COT24;GVBUS;EQ28;ATM;OP108;GVBUS - SIND. DAS EMP. DE TRANP. METROP. DA GRANDE VITÓRIA;DF262;Retirada de nota ATM e testes;5
01/12/2021;COT24;GVBUS;EQ28;ATM;OP108;GVBUS - SIND. DAS EMP. DE TRANP. METROP. DA GRANDE VITÓRIA;DF67;Manutenção na Impressora;4
01/12/2021;COT24;GVBUS;EQ28;ATM;OP108;GVBUS - SIND. DAS EMP. DE TRANP. METROP. DA GRANDE VITÓRIA;DF86;Reparo com configuração do setup;2
01/12/2021;COT24;GVBUS;EQ28;ATM;OP108;GVBUS - SIND. DAS EMP. DE TRANP. METROP. DA GRANDE VITÓRIA;DF68;Manutenção no Dispenser;3
01/12/2021;COT24;GVBUS;EQ28;ATM;OP108;GVBUS - SIND. DAS EMP. DE TRANP. METROP. DA GRANDE VITÓRIA;DF19;ATM - defeito não confirmado;3
01/12/2021;COT24;GVBUS;EQ28;ATM;OP108;GVBUS - SIND. DAS EMP. DE TRANP. METROP. DA GRANDE VITÓRIA;DF65;Manutenção Cofre;2
01/12/2021;COT24;GVBUS;EQ28;ATM;OP108;GVBUS - SIND. DAS EMP. DE TRANP. METROP. DA GRANDE VITÓRIA;DF263;Pinpad ATM - Mudança de Porta e Aperto USB;3
01/12/2021;COT24;GVBUS;EQ6;CCIT 4.0 FRONTAL H2.1;;;DF93;Reparo no módulo;12
01/12/2021;COT24;GVBUS;EQ6;CCIT 4.0 FRONTAL H2.1;;;DF41;Envio para manutenção central-CTG;26
01/12/2021;COT24;GVBUS;EQ6;CCIT 4.0 FRONTAL H2.1;;;DF88;Reparo com formatação e reinst. FW/SW;40
01/12/2021;COT24;GVBUS;EQ6;CCIT 4.0 FRONTAL H2.1;;;DF292;Ressolda conector USB;7
01/12/2021;COT6;Metro-Bahia;EQ28;ATM;OP63;METRO-BAHIA;DF143;Subst. da Impressora;11
01/12/2021;COT6;Metro-Bahia;EQ28;ATM;OP63;METRO-BAHIA;DF237;Subst. Do Validador de Notas;15
01/12/2021;COT6;Metro-Bahia;EQ28;ATM;OP63;METRO-BAHIA;DF227;Subst. Do PC ATM;1
01/12/2021;COT6;Metro-Bahia;EQ28;ATM;OP63;METRO-BAHIA;DF228;Subst. Do PDV ATM;1
01/12/2021;COT6;Metro-Bahia;EQ28;ATM;OP63;METRO-BAHIA;DF218;Subst. Do Monitor;2
01/12/2021;COT6;Metro-Bahia;EQ28;ATM;OP63;METRO-BAHIA;DF5;Ajuste da porta Externa;11
01/12/2021;COT5;METROFOR/ VLT FORTALEZA;EQ38;CCIT 4.0 METROFOR;OP105;METROFOR LINHA SUL;DF41;Envio para manutenção central-CTG;11
01/12/2021;COT10;Metropolitano-Bahia;EQ6;CCIT 4.0 FRONTAL H2.1;OP64;METROPOLITANO SSA;DF113;Restaura RAM via PC;24
01/12/2021;COT10;Metropolitano-Bahia;EQ6;CCIT 4.0 FRONTAL H2.1;OP64;METROPOLITANO SSA;DF41;Envio para manutenção central-CTG;2
01/12/2021;COT10;Metropolitano-Bahia;EQ6;CCIT 4.0 FRONTAL H2.1;OP64;METROPOLITANO SSA;DF272;Subst. Do Touchscreen do módulo;7
01/12/2021;COT20;ROSA TURISMO;EQ36;CCIT 4.0 FRONTAL H1 COM BATERIA;OP66;ROSA TURISMO;DF113;Restaura RAM via PC;5
01/12/2021;COT20;ROSA TURISMO;EQ36;CCIT 4.0 FRONTAL H1 COM BATERIA;OP66;ROSA TURISMO;DF41;Envio para manutenção central-CTG;3
01/12/2021;COT19;SÃO JOÃO;EQ36;CCIT 4.0 FRONTAL H1 COM BATERIA;OP67;SÃO JOÃO;DF113;Restaura RAM via PC;9
01/12/2021;COT19;SÃO JOÃO;EQ36;CCIT 4.0 FRONTAL H1 COM BATERIA;OP67;SÃO JOÃO;DF41;Envio para manutenção central-CTG;2
01/12/2021;COT19;SÃO JOÃO;EQ36;CCIT 4.0 FRONTAL H1 COM BATERIA;OP67;SÃO JOÃO;DF272;Subst. Do Touchscreen do módulo;1
01/12/2021;COT17;SÃO JORGE - PONTE NOVA;EQ2;CCIT 3.2;OP50;SÃO JORGE AUTO ONIBUS;DF202;Subst. Do Conector DB15;6
01/12/2021;COT17;SÃO JORGE - PONTE NOVA;EQ2;CCIT 3.2;OP50;SÃO JORGE AUTO ONIBUS;DF108;Ressolda no circuito da placa-mãe;1
01/12/2021;COT17;SÃO JORGE - PONTE NOVA;EQ2;CCIT 3.2;OP50;SÃO JORGE AUTO ONIBUS;DF159;Subst. Da placa FtctlessGPS;1
01/12/2021;COT4;Setut;EQ6;CCIT 4.0 FRONTAL H2.1;;;DF60;Limpeza de cache;7
01/12/2021;COT4;Setut;EQ6;CCIT 4.0 FRONTAL H2.1;;;DF113;Restaura RAM via PC;1
01/12/2021;COT4;Setut;EQ6;CCIT 4.0 FRONTAL H2.1;;;DF41;Envio para manutenção central-CTG;20
01/12/2021;COT18;Sindpautras;EQ6;CCIT 4.0 FRONTAL H2.1;OP48;SINDPAUTRAS-SIND. PERM. AUT. TRANSP. SU;DF88;Reparo com formatação e reinst. FW/SW;13
01/12/2021;COT18;Sindpautras;EQ6;CCIT 4.0 FRONTAL H2.1;OP48;SINDPAUTRAS-SIND. PERM. AUT. TRANSP. SU;DF35;Defeito não encontrado / testes e liberação;2
01/12/2021;COT3;TEU;EQ3;CCIT 3.5;;;DF162;Subst. Da Placa Mbccit;1
01/12/2021;COT3;TEU;EQ3;CCIT 3.5;;;DF157;Subst. Da Placa FTCLess;1
01/12/2021;COT3;TEU;EQ36;CCIT 4.0 FRONTAL H1 COM BATERIA;;;DF115;Restauração da ROM via PC;122
01/12/2021;COT3;TEU;EQ36;CCIT 4.0 FRONTAL H1 COM BATERIA;;;DF60;Limpeza de cache;20
01/12/2021;COT3;TEU;EQ36;CCIT 4.0 FRONTAL H1 COM BATERIA;;;DF132;Subst. Da Bateria de Lithium;17
01/12/2021;COT3;TEU;EQ36;CCIT 4.0 FRONTAL H1 COM BATERIA;;;DF136;Subst. Da Carcaça inferior;21
01/12/2021;COT3;TEU;EQ36;CCIT 4.0 FRONTAL H1 COM BATERIA;;;DF41;Envio para manutenção central-CTG;14
01/12/2021;COT2;Transcard;EQ28;ATM;OP61;Setps (Transcard);DF143;Subst. da Impressora;2
01/12/2021;COT2;Transcard;EQ28;ATM;OP61;Setps (Transcard);DF237;Subst. Do Validador de Notas;9
01/12/2021;COT2;Transcard;EQ28;ATM;OP61;Setps (Transcard);DF231;Subst. Do PINpad;1
01/12/2021;COT2;Transcard;EQ28;ATM;OP61;Setps (Transcard);DF284;Manutenção PC ATM;3
01/12/2021;COT2;Transcard;EQ28;ATM;OP61;Setps (Transcard);DF218;Subst. Do Monitor;1
01/12/2021;COT2;Transcard;EQ28;ATM;OP61;Setps (Transcard);DF66;Manutenção na Fechadura Eletrônica;2
01/12/2021;COT2;Transcard;EQ28;ATM;OP61;Setps (Transcard);DF4;Ajuste da Porta do Cofre;1
01/12/2021;COT2;Transcard;EQ6;CCIT 4.0 FRONTAL H2.1;;;DF113;Restaura RAM via PC;58
01/12/2021;COT2;Transcard;EQ6;CCIT 4.0 FRONTAL H2.1;;;DF114;Restaura RAM via pendrive;14
01/12/2021;COT2;Transcard;EQ6;CCIT 4.0 FRONTAL H2.1;;;DF101;Ressolda Mbccit;2
01/12/2021;COT2;Transcard;EQ6;CCIT 4.0 FRONTAL H2.1;;;DF41;Enviados para manutenção central CTG;44
01/12/2021;COT2;Transcard;EQ6;CCIT 4.0 FRONTAL H2.1;;;DF272;Subst. Do Touchscreen do módulo;22
01/12/2021;COT1;Transfacil;EQ28;ATM;OP27;TRANSFÁCIL;DF197;Subst. Do Cofre;5
01/12/2021;COT1;Transfacil;EQ28;ATM;OP27;TRANSFÁCIL;DF237;Subst. Do Validador de Notas;6
01/12/2021;COT1;Transfacil;EQ28;ATM;OP27;TRANSFÁCIL;DF258;Subst. Da Cabeça de Impressão;4
01/12/2021;COT1;Transfacil;EQ28;ATM;OP27;TRANSFÁCIL;DF280;Manutenção no Validador de Notas;1
01/12/2021;COT1;Transfacil;EQ28;ATM;OP27;TRANSFÁCIL;DF67;Manutenção na Impressora;1
01/12/2021;COT1;Transfacil;EQ28;ATM;OP27;TRANSFÁCIL;DF19;ATM - defeito não confirmado;5
01/12/2021;COT1;Transfacil;EQ28;ATM;OP27;TRANSFÁCIL;DF143;Subst. da Impressora;1
01/12/2021;COT1;Transfacil;EQ28;ATM;OP27;TRANSFÁCIL;DF227;Subst. Do PC ATM;1
01/12/2021;COT1;Transfacil;EQ28;ATM;OP27;TRANSFÁCIL;DF208;Subst. Do Dispenser do cartão;1
01/12/2021;COT1;Transfacil;EQ28;ATM;OP27;TRANSFÁCIL;DF291;Subst. Da Placa Controladora da Impressora;1
01/12/2021;COT1;Transfacil;EQ28;ATM;OP27;TRANSFÁCIL;DF212;Subst. Do HD;1
01/12/2021;COT1;Transfacil;EQ28;ATM;OP27;TRANSFÁCIL;DF283;Subst. Tampa Plastico Validador de Notas;1
01/12/2021;COT1;Transfacil;EQ6;CCIT 4.0 FRONTAL H2.1;;;DF88;Reparo com formatação e reinst. FW/SW;172
01/12/2021;COT1;Transfacil;EQ6;CCIT 4.0 FRONTAL H2.1;;;DF238;Subst. Do Vidro CCIT V4.0;11
01/12/2021;COT1;Transfacil;EQ6;CCIT 4.0 FRONTAL H2.1;;;DF216;Subst. Do Módulo H2;24
01/12/2021;COT1;Transfacil;EQ6;CCIT 4.0 FRONTAL H2.1;;;DF37;Defeito não encontrado e subst. FW/SW;9
01/12/2021;COT1;Transfacil;EQ6;CCIT 4.0 FRONTAL H2.1;;;DF169;Subst. De Componente eletrônico;1
01/12/2021;COT1;Transfacil;EQ6;CCIT 4.0 FRONTAL H2.1;;;DF136;Subst. Da Carcaça inferior;5
01/12/2021;COT1;Transfacil;EQ6;CCIT 4.0 FRONTAL H2.1;OP13;Estações BRT Move;DF88;Reparo com formatação e reinst. FW/SW;9
01/12/2021;COT1;Transfacil;EQ6;CCIT 4.0 FRONTAL H2.1;;;DF135;Subst. Da Carcaça frontal;1
01/12/2021;COT1;Transfacil;EQ6;CCIT 4.0 FRONTAL H2.1;;;DF35;Defeito não encontrado / testes e liberação;5
01/12/2021;COT1;Transfacil;EQ14;DMX200 MOD H3.1;;;DF41;Envio para manutenção central-CTG;16
01/12/2021;COT1;Transfacil;EQ14;DMX200 MOD H3.1;;;DF88;Reparo com formatação e reinst. FW/SW;95
01/12/2021;COT1;Transfacil;EQ14;DMX200 MOD H3.1;;;DF169;Subst. De Componente eletrônico;6
01/12/2021;COT12;DIVPASS;EQ13;DMX200L;OP124;DIVPASS;DF90;Reparo com formatação e subst. FW/SW;25
01/12/2021;COT12;DIVPASS;EQ13;DMX200L;OP124;DIVPASS;DF169;Subst. De Componente eletrônico;1
01/12/2021;COT19;SÃO JOÃO;EQ39;DMX200L JI21 SEM BATERIA;OP67;SÃO JOÃO;DF115;Restauração da ROM via PC;13
01/12/2021;COT19;SÃO JOÃO;EQ39;DMX200L JI21 SEM BATERIA;OP67;SÃO JOÃO;DF41;Envio para manutenção central-CTG;6
01/12/2021;COT20;ROSA TURISMO;EQ39;DMX200L JI21 SEM BATERIA;OP66;ROSA TURISMO;DF115;Restauração da ROM via PC;10
01/12/2021;COT20;ROSA TURISMO;EQ39;DMX200L JI21 SEM BATERIA;OP66;ROSA TURISMO;DF41;Envio para manutenção central-CTG;2
01/12/2021;COT20;ROSA TURISMO;EQ39;DMX200L JI21 SEM BATERIA;OP66;ROSA TURISMO;DF97;Ressolda;6
01/12/2021;COT4;Setut;EQ14;DMX200 MOD H3.1;;;DF41;Envio para manutenção central-CTG;26
01/12/2021;COT25;COOTRAPS - CE;EQ14;DMX200 MOD H3.1;OP129;COOTRAPS;DF39;Enviados para manutenção central CTG;45
01/12/2021;COT25;COOTRAPS - CE;EQ14;DMX200 MOD H3.1;OP129;COOTRAPS;DF90;Reparo com formatação e subst. FW/SW;51
01/12/2021;COT24;GVBUS;EQ14;DMX200 MOD H3.1;;;DF41;Envio para manutenção central-CTG;43
01/12/2021;COT24;GVBUS;EQ14;DMX200 MOD H3.1;;;DF46;Formatação da memória e subst. FW;43
01/12/2021;COT24;GVBUS;EQ14;DMX200 MOD H3.1;;;DF127;Subst. Conector USB;3
01/12/2021;COT24;GVBUS;EQ14;DMX200 MOD H3.1;;;DF292;Ressolda conector USB;151
01/12/2021;COT33;FLORIANÓPOLIS;EQ15;DMX200L SEM BATERIA;;;DF46;Formatação da memória e subst. FW;2
01/12/2021;COT33;FLORIANÓPOLIS;EQ15;DMX200L SEM BATERIA;;;DF41;Envio para manutenção central-CTG;2
01/12/2021;COT3;TEU;EQ14;DMX200 MOD H3.1;;;DF21;Atualização de FW ;29
01/12/2021;COT3;TEU;EQ14;DMX200 MOD H3.1;;;DF115;Restauração da ROM via PC;25
01/12/2021;COT3;TEU;EQ14;DMX200 MOD H3.1;;;DF41;Envio para manutenção central-CTG;2
01/12/2021;COT1;Transfacil;EQ10;CONNECTION CCIT 4.0;;;DF37;Defeito não encontrado e subst. FW/SW;4
01/12/2021;COT1;Transfacil;EQ10;CONNECTION CCIT 4.0;;;DF88;Reparo com formatação e reinst. FW/SW;20
01/12/2021;COT1;Transfacil;EQ10;CONNECTION CCIT 4.0;;;DF169;Subst. De Componente eletrônico;5
01/12/2021;COT1;Transfacil;EQ10;CONNECTION CCIT 4.0;;;DF102;Ressolda na Placa Connection;3
01/12/2021;COT2;Transcard;EQ10;CONNECTION CCIT 4.0;;;DF46;Formatação da memória e subst. FW;16
01/12/2021;COT2;Transcard;EQ10;CONNECTION CCIT 4.0;;;DF256;Substituição de fusível;5
01/12/2021;COT2;Transcard;EQ10;CONNECTION CCIT 4.0;;;DF206;Subst. Do Conector USB;1
01/12/2021;COT2;Transcard;EQ10;CONNECTION CCIT 4.0;;;DF41;Envio para manutenção central-CTG;13
01/12/2021;COT10;Metropolitano-Bahia;EQ10;CONNECTION CCIT 4.0;OP64;METROPOLITANO SSA;DF21;Atualização de FW ;6
01/12/2021;COT10;Metropolitano-Bahia;EQ10;CONNECTION CCIT 4.0;OP64;METROPOLITANO SSA;DF256;Substituição de fusível;1
01/12/2021;COT19;SÃO JOÃO;EQ10;CONNECTION CCIT 4.0;OP67;SÃO JOÃO;DF21;Atualização de FW ;1
01/12/2021;COT20;ROSA TURISMO;EQ10;CONNECTION CCIT 4.0;OP66;ROSA TURISMO;DF21;Atualização de FW ;2
01/12/2021;COT24;GVBUS;EQ10;CONNECTION CCIT 4.0;;;DF41;Envio para manutenção central-CTG;14
01/12/2021;COT24;GVBUS;EQ10;CONNECTION CCIT 4.0;;;DF293;Recall Circuito Catraca (placa ADP);2
01/12/2021;COT3;TEU;EQ22;V3000M;;;DF21;Atualização de FW ;45
01/12/2021;COT3;TEU;EQ22;V3000M;;;DF115;Restauração da ROM via PC;35
01/12/2021;COT3;TEU;EQ22;V3000M;;;DF41;Envio para manutenção central-CTG;10
01/12/2021;COT3;TEU;EQ22;V3000M;;;DF186;Subst. Do cartão SD 32 GB;14
01/12/2021;COT3;TEU;EQ21;V3000L;;;DF21;Atualização de FW ;15
01/12/2021;COT3;TEU;EQ21;V3000L;;;DF115;Restauração da ROM via PC;13
01/12/2021;COT3;TEU;EQ26;V3000M DVR;;;DF21;Atualização de FW ;4
01/12/2021;COT3;TEU;EQ26;V3000M DVR;;;DF115;Restauração da ROM via PC;3
01/12/2021;COT3;TEU;EQ26;V3000M DVR;;;DF41;Envio para manutenção central-CTG;2
01/12/2021;COT1;Transfacil;EQ27;UT (FTV 3000);;;DF88;Reparo com formatação e reinst. FW/SW;5
01/12/2021;COT1;Transfacil;EQ27;UT (FTV 3000);;;DF169;Subst. De Componente eletrônico;8
01/12/2021;COT24;GVBUS;EQ33;POS MOVE 2500;;;DF132;Subst. Da Bateria de Lithium;1
01/12/2021;COT24;GVBUS;EQ33;POS MOVE 2500;;;DF41;Envio para manutenção central-CTG;12
01/12/2021;COT20;Rosa Turismo;EQ31;POS 250;OP66;ROSA TURISMO;DF41;Envio para manutenção central-CTG;1
01/12/2021;COT20;Rosa Turismo;EQ31;POS 250;OP66;ROSA TURISMO;DF46;Formatação da memória e subst. FW;2
01/12/2021;COT19;São João;EQ31;POS 250;OP67;SÃO JOÃO;DF46;Formatação da memória e subst. FW;3
01/12/2021;COT2;Transcard;EQ31;POS 250;;;DF46;Formatação da memória e subst. FW;3
01/12/2021;COT2;Transcard;EQ31;POS 250;;;DF132;Subst. Da Bateria de Lithium;3
01/12/2021;COT2;Transcard;EQ31;POS 250;;;DF7;Ajuste do Módulo de Impressão;4
01/12/2021;COT2;Transcard;EQ31;POS 250;;;DF41;Envio para manutenção central-CTG;7
01/01/2022;COT7;Alagoinhas;EQ34;CCIT 4.0 FRONTAL H2.1 C SEM BATERIA;OP68;ALAGOINHAS;DF113;Restaura RAM via PC;5
01/01/2022;COT8;CBTU;EQ1;CCIT 3.0;OP47;CBTU - COMPANHIA BRASILEIRA DE TRENS URBANOS;DF88;Reparo com formatação e reinst. FW/SW;5
01/01/2022;COT8;CBTU;EQ1;CCIT 3.0;OP47;CBTU - COMPANHIA BRASILEIRA DE TRENS URBANOS;DF183;Subst. Do Cabo trançado antena Cless;3
01/01/2022;COT8;CBTU;EQ1;CCIT 3.0;OP47;CBTU - COMPANHIA BRASILEIRA DE TRENS URBANOS;DF159;Subst. Da placa FtctlessGPS;1
01/01/2022;COT8;CBTU;EQ1;CCIT 3.0;OP47;CBTU - COMPANHIA BRASILEIRA DE TRENS URBANOS;DF108;Ressolda no circuito da placa-mãe;2
01/01/2022;COT12;DIVPASS;EQ6;CCIT 4.0 FRONTAL H2.1;OP124;DIVPASS;DF88;Reparo com formatação e reinst. FW/SW;6
01/01/2022;COT12;DIVPASS;EQ6;CCIT 4.0 FRONTAL H2.1;OP124;DIVPASS;DF37;Defeito não encontrado e subst. FW/SW;2
01/01/2022;COT12;DIVPASS;EQ6;CCIT 4.0 FRONTAL H2.1;OP124;DIVPASS;DF216;Subst. Do Módulo H2;3
01/01/2022;COT12;DIVPASS;EQ6;CCIT 4.0 FRONTAL H2.1;OP124;DIVPASS;DF108;Ressolda no circuito da placa-mãe;1
01/01/2022;COT11;Gov. Valadares;EQ6;CCIT 4.0 FRONTAL H2.1;OP53;VIAÇÃO MOBI;DF37;Defeito não encontrado e subst. FW/SW;8
01/01/2022;COT24;GVBUS;EQ28;ATM;OP108;GVBUS - SIND. DAS EMP. DE TRANP. METROP. DA GRANDE VITÓRIA;DF262;Retirada de nota ATM e testes;3
01/01/2022;COT24;GVBUS;EQ28;ATM;OP108;GVBUS - SIND. DAS EMP. DE TRANP. METROP. DA GRANDE VITÓRIA;DF67;Manutenção na Impressora;2
01/01/2022;COT24;GVBUS;EQ28;ATM;OP108;GVBUS - SIND. DAS EMP. DE TRANP. METROP. DA GRANDE VITÓRIA;DF294;Cofre Entupido;4
01/01/2022;COT24;GVBUS;EQ28;ATM;OP108;GVBUS - SIND. DAS EMP. DE TRANP. METROP. DA GRANDE VITÓRIA;DF2;Ajuste Bobina na Impressora;1
01/01/2022;COT24;GVBUS;EQ28;ATM;OP108;GVBUS - SIND. DAS EMP. DE TRANP. METROP. DA GRANDE VITÓRIA;DF78;PC Reiniciado;2
01/01/2022;COT24;GVBUS;EQ6;CCIT 4.0 FRONTAL H2.1;;;DF93;Reparo no módulo;19
01/01/2022;COT24;GVBUS;EQ6;CCIT 4.0 FRONTAL H2.1;;;DF41;Envio para manutenção central-CTG;34
01/01/2022;COT24;GVBUS;EQ6;CCIT 4.0 FRONTAL H2.1;;;DF88;Reparo com formatação e reinst. FW/SW;64
01/01/2022;COT24;GVBUS;EQ6;CCIT 4.0 FRONTAL H2.1;;;DF82;Reconfiguração do Setup;1
01/01/2022;COT6;Metro-Bahia;EQ28;ATM;OP63;METRO-BAHIA;DF143;Subst. da Impressora;6
01/01/2022;COT6;Metro-Bahia;EQ28;ATM;OP63;METRO-BAHIA;DF237;Subst. Do Validador de Notas;10
01/01/2022;COT6;Metro-Bahia;EQ28;ATM;OP63;METRO-BAHIA;DF227;Subst. Do PC ATM;1
01/01/2022;COT6;Metro-Bahia;EQ28;ATM;OP63;METRO-BAHIA;DF218;Subst. Do Monitor;1
01/01/2022;COT6;Metro-Bahia;EQ28;ATM;OP63;METRO-BAHIA;DF66;Manutenção na Fechadura Eletrônica;1
01/01/2022;COT6;Metro-Bahia;EQ9;CCIT 4.0 (BLOQUEIO) FRONTAL H1;OP63;METRO-BAHIA;DF113;Restaura RAM via PC;3
01/01/2022;COT5;METROFOR/ VLT FORTALEZA;EQ38;CCIT 4.0 METROFOR;OP105;METROFOR LINHA SUL;DF41;Envio para manutenção central-CTG;9
01/01/2022;COT10;Metropolitano-Bahia;EQ6;CCIT 4.0 FRONTAL H2.1;OP64;METROPOLITANO SSA;DF113;Restaura RAM via PC;22
01/01/2022;COT10;Metropolitano-Bahia;EQ6;CCIT 4.0 FRONTAL H2.1;OP64;METROPOLITANO SSA;DF41;Envio para manutenção central-CTG;8
01/01/2022;COT10;Metropolitano-Bahia;EQ6;CCIT 4.0 FRONTAL H2.1;OP64;METROPOLITANO SSA;DF272;Subst. Do Touchscreen do módulo;9
01/01/2022;COT20;ROSA TURISMO;EQ36;CCIT 4.0 FRONTAL H1 COM BATERIA;OP66;ROSA TURISMO;DF113;Restaura RAM via PC;2
01/01/2022;COT19;SÃO JOÃO;EQ36;CCIT 4.0 FRONTAL H1 COM BATERIA;OP67;SÃO JOÃO;DF113;Restaura RAM via PC;5
01/01/2022;COT19;SÃO JOÃO;EQ36;CCIT 4.0 FRONTAL H1 COM BATERIA;OP67;SÃO JOÃO;DF41;Envio para manutenção central-CTG;1
01/01/2022;COT17;SÃO JORGE - PONTE NOVA;EQ2;CCIT 3.2;OP50;SÃO JORGE AUTO ONIBUS;DF169;Subst. De Componente eletrônico;2
01/01/2022;COT17;SÃO JORGE - PONTE NOVA;EQ2;CCIT 3.2;OP50;SÃO JORGE AUTO ONIBUS;DF108;Ressolda no circuito da placa-mãe;2
01/01/2022;COT17;SÃO JORGE - PONTE NOVA;EQ2;CCIT 3.2;OP50;SÃO JORGE AUTO ONIBUS;DF88;Reparo com formatação e reinst. FW/SW;2
01/01/2022;COT4;Setut;EQ6;CCIT 4.0 FRONTAL H2.1;;;DF60;Limpeza de cache;4
01/01/2022;COT4;Setut;EQ6;CCIT 4.0 FRONTAL H2.1;;;DF113;Restaura RAM via PC;1
01/01/2022;COT4;Setut;EQ6;CCIT 4.0 FRONTAL H2.1;;;DF41;Envio para manutenção central-CTG;17
01/01/2022;COT18;Sindpautras;EQ6;CCIT 4.0 FRONTAL H2.1;OP48;SINDPAUTRAS-SIND. PERM. AUT. TRANSP. SU;DF88;Reparo com formatação e reinst. FW/SW;5
01/01/2022;COT18;Sindpautras;EQ6;CCIT 4.0 FRONTAL H2.1;OP48;SINDPAUTRAS-SIND. PERM. AUT. TRANSP. SU;DF35;Defeito não encontrado / testes e liberação;1
01/01/2022;COT3;TEU;EQ36;CCIT 4.0 FRONTAL H1 COM BATERIA;;;DF115;Restauração da ROM via PC;182
01/01/2022;COT3;TEU;EQ36;CCIT 4.0 FRONTAL H1 COM BATERIA;;;DF60;Limpeza de cache;15
01/01/2022;COT3;TEU;EQ36;CCIT 4.0 FRONTAL H1 COM BATERIA;;;DF132;Subst. Da Bateria de Lithium;62
01/01/2022;COT3;TEU;EQ36;CCIT 4.0 FRONTAL H1 COM BATERIA;;;DF136;Subst. Da Carcaça inferior;26
01/01/2022;COT3;TEU;EQ36;CCIT 4.0 FRONTAL H1 COM BATERIA;;;DF41;Envio para manutenção central-CTG;15
01/01/2022;COT2;Transcard;EQ28;ATM;OP61;Setps (Transcard);DF143;Subst. da Impressora;4
01/01/2022;COT2;Transcard;EQ28;ATM;OP61;Setps (Transcard);DF237;Subst. Do Validador de Notas;4
01/01/2022;COT2;Transcard;EQ28;ATM;OP61;Setps (Transcard);DF284;Manutenção PC ATM;2
01/01/2022;COT2;Transcard;EQ28;ATM;OP61;Setps (Transcard);DF228;Subst. Do PDV ATM;2
01/01/2022;COT2;Transcard;EQ6;CCIT 4.0 FRONTAL H2.1;;;DF113;Restaura RAM via PC;61
01/01/2022;COT2;Transcard;EQ6;CCIT 4.0 FRONTAL H2.1;;;DF114;Restaura RAM via pendrive;17
01/01/2022;COT2;Transcard;EQ6;CCIT 4.0 FRONTAL H2.1;;;DF101;Ressolda Mbccit;2
01/01/2022;COT2;Transcard;EQ6;CCIT 4.0 FRONTAL H2.1;;;DF41;Enviados para manutenção central CTG;36
01/01/2022;COT2;Transcard;EQ6;CCIT 4.0 FRONTAL H2.1;;;DF272;Subst. Do Touchscreen do módulo;25
01/01/2022;COT1;Transfacil;EQ28;ATM;OP27;TRANSFÁCIL;DF237;Subst. Do Validador de Notas;5
01/01/2022;COT1;Transfacil;EQ28;ATM;OP27;TRANSFÁCIL;DF258;Subst. Da Cabeça de Impressão;4
01/01/2022;COT1;Transfacil;EQ28;ATM;OP27;TRANSFÁCIL;DF280;Manutenção no Validador de Notas;1
01/01/2022;COT1;Transfacil;EQ28;ATM;OP27;TRANSFÁCIL;DF67;Manutenção na Impressora;1
01/01/2022;COT1;Transfacil;EQ28;ATM;OP27;TRANSFÁCIL;DF19;ATM - defeito não confirmado;5
01/01/2022;COT1;Transfacil;EQ28;ATM;OP27;TRANSFÁCIL;DF283;Subst. Tampa Plastico Validador de Notas;2
01/01/2022;COT1;Transfacil;EQ28;ATM;OP27;TRANSFÁCIL;DF65;Manutenção Cofre;2
01/01/2022;COT1;Transfacil;EQ28;ATM;OP27;TRANSFÁCIL;DF68;Manutenção no Dispenser;2
01/01/2022;COT1;Transfacil;EQ28;ATM;OP27;TRANSFÁCIL;DF69;Manutenção no Sensor de Porta;1
01/01/2022;COT1;Transfacil;EQ28;ATM;OP27;TRANSFÁCIL;DF218;Subst. Do Monitor;1
01/01/2022;COT1;Transfacil;EQ28;ATM;OP27;TRANSFÁCIL;DF66;Manutenção na Fechadura Eletrônica;2
01/01/2022;COT1;Transfacil;EQ28;ATM;OP27;TRANSFÁCIL;DF78;PC Reiniciado;1
01/01/2022;COT1;Transfacil;EQ28;ATM;OP27;TRANSFÁCIL;DF49;Formatação e Reinstalação do PC;1
01/01/2022;COT1;Transfacil;EQ6;CCIT 4.0 FRONTAL H2.1;;;DF88;Reparo com formatação e reinst. FW/SW;185
01/01/2022;COT1;Transfacil;EQ6;CCIT 4.0 FRONTAL H2.1;;;DF238;Subst. Do Vidro CCIT V4.0;10
01/01/2022;COT1;Transfacil;EQ6;CCIT 4.0 FRONTAL H2.1;;;DF216;Subst. Do Módulo H2;13
01/01/2022;COT1;Transfacil;EQ6;CCIT 4.0 FRONTAL H2.1;;;DF37;Defeito não encontrado e subst. FW/SW;11
01/01/2022;COT1;Transfacil;EQ6;CCIT 4.0 FRONTAL H2.1;;;DF169;Subst. De Componente eletrônico;1
01/01/2022;COT1;Transfacil;EQ6;CCIT 4.0 FRONTAL H2.1;;;DF136;Subst. Da Carcaça inferior;1
01/01/2022;COT1;Transfacil;EQ6;CCIT 4.0 FRONTAL H2.1;OP13;Estações BRT Move;DF88;Reparo com formatação e reinst. FW/SW;9
01/01/2022;COT1;Transfacil;EQ6;CCIT 4.0 FRONTAL H2.1;;;DF130;Subst. Da Antena WLAN;4
01/01/2022;COT1;Transfacil;EQ6;CCIT 4.0 FRONTAL H2.1;;;DF108;Ressolda no circuito da placa-mãe;2
01/01/2022;COT1;Transfacil;EQ6;CCIT 4.0 FRONTAL H2.1;;;DF9;Ajuste e aperto de conexão;2
01/01/2022;COT1;Transfacil;EQ6;CCIT 4.0 FRONTAL H2.1;OP13;Estações BRT Move;DF174;Subst. do Adesivo frontal Cless;1
01/01/2022;COT1;Transfacil;EQ6;CCIT 4.0 FRONTAL H2.1;OP13;Estações BRT Move;DF216;Subst. Do Módulo H2;1
01/01/2022;COT1;Transfacil;EQ6;CCIT 4.0 FRONTAL H2.1;OP13;Estações BRT Move;DF108;Ressolda no circuito da placa-mãe;1
01/01/2022;COT1;Transfacil;EQ14;DMX200 MOD H3.1;;;DF41;Envio para manutenção central-CTG;20
01/01/2022;COT1;Transfacil;EQ14;DMX200 MOD H3.1;;;DF88;Reparo com formatação e reinst. FW/SW;84
01/01/2022;COT1;Transfacil;EQ14;DMX200 MOD H3.1;;;DF169;Subst. De Componente eletrônico;11
01/01/2022;COT12;DIVPASS;EQ13;DMX200L;OP124;DIVPASS;DF90;Reparo com formatação e subst. FW/SW;12
01/01/2022;COT24;GVBUS;EQ14;DMX200 MOD H3.1;;;DF41;Envio para manutenção central-CTG;36
01/01/2022;COT24;GVBUS;EQ14;DMX200 MOD H3.1;;;DF46;Formatação da memória e subst. FW;11
01/01/2022;COT24;GVBUS;EQ14;DMX200 MOD H3.1;;;DF292;Ressolda conector USB;137
01/01/2022;COT3;TEU;EQ14;DMX200 MOD H3.1;;;DF21;Atualização de FW ;19
01/01/2022;COT3;TEU;EQ14;DMX200 MOD H3.1;;;DF115;Restauração da ROM via PC;19
01/01/2022;COT3;TEU;EQ14;DMX200 MOD H3.1;;;DF41;Envio para manutenção central-CTG;6
01/01/2022;COT19;SÃO JOÃO;EQ39;DMX200L JI21 SEM BATERIA;OP67;SÃO JOÃO;DF41;Envio para manutenção central-CTG;5
01/01/2022;COT19;SÃO JOÃO;EQ39;DMX200L JI21 SEM BATERIA;OP67;SÃO JOÃO;DF115;Restauração da ROM via PC;21
01/01/2022;COT19;SÃO JOÃO;EQ39;DMX200L JI21 SEM BATERIA;OP67;SÃO JOÃO;DF97;Ressolda;2
01/01/2022;COT20;ROSA TURISMO;EQ39;DMX200L JI21 SEM BATERIA;OP66;ROSA TURISMO;DF41;Envio para manutenção central-CTG;2
01/01/2022;COT20;ROSA TURISMO;EQ39;DMX200L JI21 SEM BATERIA;OP66;ROSA TURISMO;DF115;Restauração da ROM via PC;13
01/01/2022;COT20;ROSA TURISMO;EQ39;DMX200L JI21 SEM BATERIA;OP66;ROSA TURISMO;DF97;Ressolda;4
01/01/2022;COT4;Setut;EQ14;DMX200 MOD H3.1;;;DF41;Envio para manutenção central-CTG;9
01/01/2022;COT25;COOTRAPS - CE;EQ14;DMX200 MOD H3.1;OP129;COOTRAPS;DF39;Enviados para manutenção central CTG;38
01/01/2022;COT25;COOTRAPS - CE;EQ14;DMX200 MOD H3.1;OP129;COOTRAPS;DF90;Reparo com formatação e subst. FW/SW;33
01/01/2022;COT1;Transfacil;EQ10;CONNECTION CCIT 4.0;;;DF37;Defeito não encontrado e subst. FW/SW;4
01/01/2022;COT1;Transfacil;EQ10;CONNECTION CCIT 4.0;;;DF88;Reparo com formatação e reinst. FW/SW;20
01/01/2022;COT1;Transfacil;EQ10;CONNECTION CCIT 4.0;;;DF169;Subst. De Componente eletrônico;5
01/01/2022;COT1;Transfacil;EQ10;CONNECTION CCIT 4.0;;;DF102;Ressolda na Placa Connection;3
01/01/2022;COT24;GVBUS;EQ10;CONNECTION CCIT 4.0;;;DF187;Subst. Do cartão SD/HD;1
01/01/2022;COT2;Transcard;EQ10;CONNECTION CCIT 4.0;;;DF46;Formatação da memória e subst. FW;16
01/01/2022;COT2;Transcard;EQ10;CONNECTION CCIT 4.0;;;DF256;Substituição de fusível;5
01/01/2022;COT2;Transcard;EQ10;CONNECTION CCIT 4.0;;;DF206;Subst. Do Conector USB;1
01/01/2022;COT2;Transcard;EQ10;CONNECTION CCIT 4.0;;;DF41;Envio para manutenção central-CTG;13
01/01/2022;COT10;Metropolitano-Bahia;EQ10;CONNECTION CCIT 4.0;OP64;METROPOLITANO SSA;DF21;Atualização de FW ;5
01/01/2022;COT10;Metropolitano-Bahia;EQ10;CONNECTION CCIT 4.0;OP64;METROPOLITANO SSA;DF41;Envio para manutenção central-CTG;2
01/01/2022;COT19;SÃO JOÃO;EQ10;CONNECTION CCIT 4.0;OP67;SÃO JOÃO;DF21;Atualização de FW ;2
01/01/2022;COT19;SÃO JOÃO;EQ10;CONNECTION CCIT 4.0;OP67;SÃO JOÃO;DF41;Envio para manutenção central-CTG;2
01/01/2022;COT20;ROSA TURISMO;EQ10;CONNECTION CCIT 4.0;OP66;ROSA TURISMO;DF41;Envio para manutenção central-CTG;3
01/01/2022;COT3;TEU;EQ22;V3000M;;;DF21;Atualização de FW ;33
01/01/2022;COT3;TEU;EQ22;V3000M;;;DF115;Restauração da ROM via PC;29
01/01/2022;COT3;TEU;EQ22;V3000M;;;DF41;Envio para manutenção central-CTG;13
01/01/2022;COT3;TEU;EQ22;V3000M;;;DF186;Subst. Do cartão SD 32 GB;17
01/01/2022;COT3;TEU;EQ21;V3000L;;;DF21;Atualização de FW ;3
01/01/2022;COT3;TEU;EQ21;V3000L;;;DF115;Restauração da ROM via PC;2
01/01/2022;COT3;TEU;EQ26;V3000M DVR;;;DF21;Atualização de FW ;9
01/01/2022;COT3;TEU;EQ26;V3000M DVR;;;DF115;Restauração da ROM via PC;8
01/01/2022;COT3;TEU;EQ26;V3000M DVR;;;DF41;Envio para manutenção central-CTG;4
01/01/2022;COT3;TEU;EQ26;V3000M DVR;;;DF186;Subst. Do cartão SD 32 GB;7
01/01/2022;COT1;Transfacil;EQ27;UT (FTV 3000);;;DF88;Reparo com formatação e reinst. FW/SW;8
01/01/2022;COT1;Transfacil;EQ27;UT (FTV 3000);;;DF169;Subst. De Componente eletrônico;4
01/01/2022;COT24;GVBUS;EQ33;POS MOVE 2500;;;DF41;Envio para manutenção central-CTG;13
01/01/2022;COT19;São João;EQ31;POS 250;OP67;SÃO JOÃO;DF41;Envio para manutenção central-CTG;3
01/01/2022;COT2;Transcard;EQ31;POS 250;;;DF46;Formatação da memória e subst. FW;3
01/01/2022;COT2;Transcard;EQ31;POS 250;;;DF132;Subst. Da Bateria de Lithium;2
01/01/2022;COT2;Transcard;EQ31;POS 250;;;DF7;Ajuste do Módulo de Impressão;4
01/01/2022;COT2;Transcard;EQ31;POS 250;;;DF41;Envio para manutenção central-CTG;9
01/02/2022;COT7;Alagoinhas;EQ34;CCIT 4.0 FRONTAL H2.1 C SEM BATERIA;OP68;ALAGOINHAS;DF113;Restaura RAM via PC;4
01/02/2022;COT21;Araguarina;EQ35;CCIT 4.0 FRONTAL H2 COM BATERIA;OP81;VIAÇÃO ARAGUARINA;DF41;Envio para manutenção central-CTG;3
01/02/2022;COT27;Cidade das Águas;EQ6;CCIT 4.0 FRONTAL H2.1;OP128;VIAÇÃO CIDADE DAS ÁGUAS;DF113;Restaura RAM via PC;1
01/02/2022;COT12;DIVPASS;EQ6;CCIT 4.0 FRONTAL H2.1;OP124;DIVPASS;DF88;Reparo com formatação e reinst. FW/SW;10
01/02/2022;COT12;DIVPASS;EQ6;CCIT 4.0 FRONTAL H2.1;OP124;DIVPASS;DF216;Subst. Do Módulo H2;3
01/02/2022;COT12;DIVPASS;EQ6;CCIT 4.0 FRONTAL H2.1;OP124;DIVPASS;DF37;Defeito não encontrado e subst. FW/SW;1
01/02/2022;COT12;DIVPASS;EQ6;CCIT 4.0 FRONTAL H2.1;OP124;DIVPASS;DF290;Subst. Da Antena 3G/GPRS para módulo JI21;1
01/02/2022;COT12;DIVPASS;EQ6;CCIT 4.0 FRONTAL H2.1;OP124;DIVPASS;DF272;Subst. Do Touchscreen do módulo;3
01/02/2022;COT11;Gov. Valadares;EQ6;CCIT 4.0 FRONTAL H2.1;OP53;VIAÇÃO MOBI;DF88;Reparo com formatação e reinst. FW/SW;7
01/02/2022;COT11;Gov. Valadares;EQ6;CCIT 4.0 FRONTAL H2.1;OP53;VIAÇÃO MOBI;DF37;Defeito não encontrado e subst. FW/SW;6
01/02/2022;COT11;Gov. Valadares;EQ6;CCIT 4.0 FRONTAL H2.1;OP53;VIAÇÃO MOBI;DF216;Subst. Do Módulo H2;2
01/02/2022;COT11;Gov. Valadares;EQ6;CCIT 4.0 FRONTAL H2.1;OP53;VIAÇÃO MOBI;DF169;Subst. De Componente eletrônico;2
01/02/2022;COT11;Gov. Valadares;EQ6;CCIT 4.0 FRONTAL H2.1;OP53;VIAÇÃO MOBI;DF276;Subst. Placa do Módulo;1
01/02/2022;COT24;GVBUS;EQ28;ATM;OP108;GVBUS - SIND. DAS EMP. DE TRANP. METROP. DA GRANDE VITÓRIA;DF262;Retirada de nota ATM e testes;8
01/02/2022;COT24;GVBUS;EQ28;ATM;OP108;GVBUS - SIND. DAS EMP. DE TRANP. METROP. DA GRANDE VITÓRIA;DF218;Subst. Do Monitor;1
01/02/2022;COT24;GVBUS;EQ28;ATM;OP108;GVBUS - SIND. DAS EMP. DE TRANP. METROP. DA GRANDE VITÓRIA;DF294;Cofre Entupido;6
01/02/2022;COT24;GVBUS;EQ28;ATM;OP108;GVBUS - SIND. DAS EMP. DE TRANP. METROP. DA GRANDE VITÓRIA;DF78;PC Reiniciado;2
01/02/2022;COT24;GVBUS;EQ6;CCIT 4.0 FRONTAL H2.1;;;DF93;Reparo no módulo;63
01/02/2022;COT24;GVBUS;EQ6;CCIT 4.0 FRONTAL H2.1;;;DF41;Envio para manutenção central-CTG;17
01/02/2022;COT6;Metro-Bahia;EQ28;ATM;OP63;METRO-BAHIA;DF143;Subst. da Impressora;1
01/02/2022;COT6;Metro-Bahia;EQ28;ATM;OP63;METRO-BAHIA;DF237;Subst. Do Validador de Notas;13
01/02/2022;COT6;Metro-Bahia;EQ28;ATM;OP63;METRO-BAHIA;DF227;Subst. Do PC ATM;2
01/02/2022;COT6;Metro-Bahia;EQ28;ATM;OP63;METRO-BAHIA;DF218;Subst. Do Monitor;3
01/02/2022;COT6;Metro-Bahia;EQ28;ATM;OP63;METRO-BAHIA;DF66;Manutenção na Fechadura Eletrônica;1
01/02/2022;COT6;Metro-Bahia;EQ28;ATM;OP63;METRO-BAHIA;DF228;Subst. Do PDV ATM;1
01/02/2022;COT6;Metro-Bahia;EQ28;ATM;OP63;METRO-BAHIA;DF231;Subst. Do PINpad;1
01/02/2022;COT6;Metro-Bahia;EQ37;CCIT 3.13 BLOQUEIO;OP63;METRO-BAHIA;DF150;Subst. Da Placa Drive Antena;1
01/02/2022;COT6;Metro-Bahia;EQ9;CCIT 4.0 (BLOQUEIO) FRONTAL H1;OP63;METRO-BAHIA;DF113;Restaura RAM via PC;2
01/02/2022;COT6;Metro-Bahia;EQ9;CCIT 4.0 (BLOQUEIO) FRONTAL H1;OP63;METRO-BAHIA;DF41;Envio para manutenção central-CTG;3
01/02/2022;COT10;Metropolitano-Bahia;EQ6;CCIT 4.0 FRONTAL H2.1;OP64;METROPOLITANO SSA;DF113;Restaura RAM via PC;27
01/02/2022;COT10;Metropolitano-Bahia;EQ6;CCIT 4.0 FRONTAL H2.1;OP64;METROPOLITANO SSA;DF41;Envio para manutenção central-CTG;2
01/02/2022;COT10;Metropolitano-Bahia;EQ6;CCIT 4.0 FRONTAL H2.1;OP64;METROPOLITANO SSA;DF272;Subst. Do Touchscreen do módulo;2
01/02/2022;COT10;Metropolitano-Bahia;EQ6;CCIT 4.0 FRONTAL H2.1;OP64;METROPOLITANO SSA;DF114;Restaura RAM via pendrive;6
01/02/2022;COT20;ROSA TURISMO;EQ36;CCIT 4.0 FRONTAL H1 COM BATERIA;OP66;ROSA TURISMO;DF113;Restaura RAM via PC;10
01/02/2022;COT20;ROSA TURISMO;EQ36;CCIT 4.0 FRONTAL H1 COM BATERIA;OP66;ROSA TURISMO;DF41;Envio para manutenção central-CTG;7
01/02/2022;COT19;SÃO JOÃO;EQ36;CCIT 4.0 FRONTAL H1 COM BATERIA;OP67;SÃO JOÃO;DF113;Restaura RAM via PC;7
01/02/2022;COT19;SÃO JOÃO;EQ36;CCIT 4.0 FRONTAL H1 COM BATERIA;OP67;SÃO JOÃO;DF41;Envio para manutenção central-CTG;3
01/02/2022;COT17;SÃO JORGE - PONTE NOVA;EQ2;CCIT 3.2;OP50;SÃO JORGE AUTO ONIBUS;DF132;Subst. Da Bateria de Lithium;1
01/02/2022;COT17;SÃO JORGE - PONTE NOVA;EQ2;CCIT 3.2;OP50;SÃO JORGE AUTO ONIBUS;DF108;Ressolda no circuito da placa-mãe;5
01/02/2022;COT17;SÃO JORGE - PONTE NOVA;EQ2;CCIT 3.2;OP50;SÃO JORGE AUTO ONIBUS;DF88;Reparo com formatação e reinst. FW/SW;5
01/02/2022;COT4;Setut;EQ6;CCIT 4.0 FRONTAL H2.1;;;DF41;Envio para manutenção central-CTG;15
01/02/2022;COT18;Sindpautras;EQ6;CCIT 4.0 FRONTAL H2.1;OP48;SINDPAUTRAS-SIND. PERM. AUT. TRANSP. SU;DF88;Reparo com formatação e reinst. FW/SW;1
01/02/2022;COT22;Taguatur;EQ8;CCIT 4.0 FRONTAL JI21 SEM BATERIA;OP82;TAGUATUR;DF41;Envio para manutenção central-CTG;5
01/02/2022;COT3;TEU;EQ3;CCIT 3.5;;;DF162;Subst. Da Placa Mbccit;1
01/02/2022;COT3;TEU;EQ3;CCIT 3.5;;;DF157;Subst. Da Placa FTCLess;1
01/02/2022;COT3;TEU;EQ36;CCIT 4.0 FRONTAL H1 COM BATERIA;;;DF115;Restauração da ROM via PC;124
01/02/2022;COT3;TEU;EQ36;CCIT 4.0 FRONTAL H1 COM BATERIA;;;DF60;Limpeza de cache;43
01/02/2022;COT3;TEU;EQ36;CCIT 4.0 FRONTAL H1 COM BATERIA;;;DF132;Subst. Da Bateria de Lithium;51
01/02/2022;COT3;TEU;EQ36;CCIT 4.0 FRONTAL H1 COM BATERIA;;;DF136;Subst. Da Carcaça inferior;15
01/02/2022;COT3;TEU;EQ36;CCIT 4.0 FRONTAL H1 COM BATERIA;;;DF41;Envio para manutenção central-CTG;13
01/02/2022;COT2;Transcard;EQ28;ATM;OP61;Setps (Transcard);DF143;Subst. da Impressora;4
01/02/2022;COT2;Transcard;EQ28;ATM;OP61;Setps (Transcard);DF237;Subst. Do Validador de Notas;7
01/02/2022;COT2;Transcard;EQ28;ATM;OP61;Setps (Transcard);DF284;Manutenção PC ATM;1
01/02/2022;COT2;Transcard;EQ28;ATM;OP61;Setps (Transcard);DF231;Subst. Do PINpad;1
01/02/2022;COT2;Transcard;EQ6;CCIT 4.0 FRONTAL H2.1;;;DF113;Restaura RAM via PC;51
01/02/2022;COT2;Transcard;EQ6;CCIT 4.0 FRONTAL H2.1;;;DF114;Restaura RAM via pendrive;23
01/02/2022;COT2;Transcard;EQ6;CCIT 4.0 FRONTAL H2.1;;;DF101;Ressolda Mbccit;3
01/02/2022;COT2;Transcard;EQ6;CCIT 4.0 FRONTAL H2.1;;;DF41;Enviados para manutenção central CTG;55
01/02/2022;COT2;Transcard;EQ6;CCIT 4.0 FRONTAL H2.1;;;DF272;Subst. Do Touchscreen do módulo;19
01/02/2022;COT1;Transfacil;EQ28;ATM;OP27;TRANSFÁCIL;DF237;Subst. Do Validador de Notas;9
01/02/2022;COT1;Transfacil;EQ28;ATM;OP27;TRANSFÁCIL;DF258;Subst. Da Cabeça de Impressão;3
01/02/2022;COT1;Transfacil;EQ28;ATM;OP27;TRANSFÁCIL;DF280;Manutenção no Validador de Notas;2
01/02/2022;COT1;Transfacil;EQ28;ATM;OP27;TRANSFÁCIL;DF67;Manutenção na Impressora;3
01/02/2022;COT1;Transfacil;EQ28;ATM;OP27;TRANSFÁCIL;DF19;ATM - defeito não confirmado;3
01/02/2022;COT1;Transfacil;EQ28;ATM;OP27;TRANSFÁCIL;DF283;Subst. Tampa Plastico Validador de Notas;1
01/02/2022;COT1;Transfacil;EQ28;ATM;OP27;TRANSFÁCIL;DF65;Manutenção Cofre;3
01/02/2022;COT1;Transfacil;EQ28;ATM;OP27;TRANSFÁCIL;DF68;Manutenção no Dispenser;4
01/02/2022;COT1;Transfacil;EQ28;ATM;OP27;TRANSFÁCIL;DF218;Subst. Do Monitor;2
01/02/2022;COT1;Transfacil;EQ28;ATM;OP27;TRANSFÁCIL;DF212;Subst. Do HD;1
01/02/2022;COT1;Transfacil;EQ28;ATM;OP27;TRANSFÁCIL;DF227;Subst. Do PC ATM;3
01/02/2022;COT1;Transfacil;EQ28;ATM;OP27;TRANSFÁCIL;DF143;Subst. da Impressora;1
01/02/2022;COT1;Transfacil;EQ6;CCIT 4.0 FRONTAL H2.1;;;DF88;Reparo com formatação e reinst. FW/SW;172
01/02/2022;COT1;Transfacil;EQ6;CCIT 4.0 FRONTAL H2.1;;;DF238;Subst. Do Vidro CCIT V4.0;11
01/02/2022;COT1;Transfacil;EQ6;CCIT 4.0 FRONTAL H2.1;;;DF216;Subst. Do Módulo H2;17
01/02/2022;COT1;Transfacil;EQ6;CCIT 4.0 FRONTAL H2.1;;;DF37;Defeito não encontrado e subst. FW/SW;15
01/02/2022;COT1;Transfacil;EQ6;CCIT 4.0 FRONTAL H2.1;;;DF169;Subst. De Componente eletrônico;3
01/02/2022;COT1;Transfacil;EQ6;CCIT 4.0 FRONTAL H2.1;;;DF136;Subst. Da Carcaça inferior;5
01/02/2022;COT1;Transfacil;EQ6;CCIT 4.0 FRONTAL H2.1;OP13;Estações BRT Move;DF88;Reparo com formatação e reinst. FW/SW;4
01/02/2022;COT1;Transfacil;EQ6;CCIT 4.0 FRONTAL H2.1;;;DF130;Subst. Da Antena WLAN;4
01/02/2022;COT1;Transfacil;EQ6;CCIT 4.0 FRONTAL H2.1;;;DF108;Ressolda no circuito da placa-mãe;1
01/02/2022;COT1;Transfacil;EQ6;CCIT 4.0 FRONTAL H2.1;;;DF9;Ajuste e aperto de conexão;1
01/02/2022;COT1;Transfacil;EQ6;CCIT 4.0 FRONTAL H2.1;OP13;Estações BRT Move;DF169;Subst. De Componente eletrônico;1
01/02/2022;COT23;UTB;EQ6;CCIT 4.0 FRONTAL H2.1;OP83;UTB;DF41;Envio para manutenção central-CTG;18
01/02/2022;COT1;Transfacil;EQ14;DMX200 MOD H3.1;;;DF41;Envio para manutenção central-CTG;22
01/02/2022;COT1;Transfacil;EQ14;DMX200 MOD H3.1;;;DF88;Reparo com formatação e reinst. FW/SW;103
01/02/2022;COT1;Transfacil;EQ14;DMX200 MOD H3.1;;;DF169;Subst. De Componente eletrônico;9
01/02/2022;COT1;Transfacil;EQ14;DMX200 MOD H3.1;;;DF170;Subst. De Gorila Glass;1
01/02/2022;COT11;Gov. Valadares;EQ13;DMX200L;OP53;VIAÇÃO MOBI;DF88;Reparo com formatação e reinst. FW/SW;2
01/02/2022;COT12;DIVPASS;EQ13;DMX200L;OP124;DIVPASS;DF90;Reparo com formatação e subst. FW/SW;12
01/02/2022;COT12;DIVPASS;EQ13;DMX200L;OP124;DIVPASS;DF41;Envio para manutenção central-CTG;2
01/02/2022;COT19;SÃO JOÃO;EQ39;DMX200L JI21 SEM BATERIA;OP67;SÃO JOÃO;DF41;Envio para manutenção central-CTG;4
01/02/2022;COT19;SÃO JOÃO;EQ39;DMX200L JI21 SEM BATERIA;OP67;SÃO JOÃO;DF115;Restauração da ROM via PC;15
01/02/2022;COT19;SÃO JOÃO;EQ39;DMX200L JI21 SEM BATERIA;OP67;SÃO JOÃO;DF97;Ressolda;3
01/02/2022;COT20;ROSA TURISMO;EQ39;DMX200L JI21 SEM BATERIA;OP66;ROSA TURISMO;DF41;Envio para manutenção central-CTG;2
01/02/2022;COT20;ROSA TURISMO;EQ39;DMX200L JI21 SEM BATERIA;OP66;ROSA TURISMO;DF115;Restauração da ROM via PC;15
01/02/2022;COT20;ROSA TURISMO;EQ39;DMX200L JI21 SEM BATERIA;OP66;ROSA TURISMO;DF97;Ressolda;4
01/02/2022;COT4;Setut;EQ14;DMX200 MOD H3.1;;;DF41;Envio para manutenção central-CTG;15
01/02/2022;COT25;COOTRAPS - CE;EQ14;DMX200 MOD H3.1;OP129;COOTRAPS;DF39;Enviados para manutenção central CTG;15
01/02/2022;COT25;COOTRAPS - CE;EQ14;DMX200 MOD H3.1;OP129;COOTRAPS;DF90;Reparo com formatação e subst. FW/SW;52
01/02/2022;COT24;GVBUS;EQ14;DMX200 MOD H3.1;;;DF41;Envio para manutenção central-CTG;22
01/02/2022;COT24;GVBUS;EQ14;DMX200 MOD H3.1;;;DF46;Formatação da memória e subst. FW;18
01/02/2022;COT24;GVBUS;EQ14;DMX200 MOD H3.1;;;DF292;Ressolda conector USB;48
01/02/2022;COT24;GVBUS;EQ14;DMX200 MOD H3.1;;;DF93;Reparo no módulo;7
01/02/2022;COT3;TEU;EQ14;DMX200 MOD H3.1;;;DF21;Atualização de FW ;11
01/02/2022;COT3;TEU;EQ14;DMX200 MOD H3.1;;;DF115;Restauração da ROM via PC;11
01/02/2022;COT3;TEU;EQ14;DMX200 MOD H3.1;;;DF41;Envio para manutenção central-CTG;5
01/02/2022;COT21;Araguarina;EQ13;DMX200L;OP81;VIAÇÃO ARAGUARINA;DF41;Envio para manutenção central-CTG;3
01/02/2022;COT22;Taguatur PM NOVO;EQ39;DMX200L JI21 SEM BATERIA;OP82;TAGUATUR;DF41;Envio para manutenção central-CTG;21
01/02/2022;COT1;Transfacil;EQ10;CONNECTION CCIT 4.0;;;DF37;Defeito não encontrado e subst. FW/SW;1
01/02/2022;COT1;Transfacil;EQ10;CONNECTION CCIT 4.0;;;DF88;Reparo com formatação e reinst. FW/SW;30
01/02/2022;COT1;Transfacil;EQ10;CONNECTION CCIT 4.0;;;DF169;Subst. De Componente eletrônico;1
01/02/2022;COT1;Transfacil;EQ10;CONNECTION CCIT 4.0;;;DF102;Ressolda na Placa Connection;1
01/02/2022;COT2;Transcard;EQ10;CONNECTION CCIT 4.0;;;DF46;Formatação da memória e subst. FW;16
01/02/2022;COT2;Transcard;EQ10;CONNECTION CCIT 4.0;;;DF256;Substituição de fusível;2
01/02/2022;COT2;Transcard;EQ10;CONNECTION CCIT 4.0;;;DF206;Subst. Do Conector USB;2
01/02/2022;COT2;Transcard;EQ10;CONNECTION CCIT 4.0;;;DF41;Envio para manutenção central-CTG;5
01/02/2022;COT19;SÃO JOÃO;EQ10;CONNECTION CCIT 4.0;OP67;SÃO JOÃO;DF21;Atualização de FW ;3
01/02/2022;COT20;ROSA TURISMO;EQ10;CONNECTION CCIT 4.0;OP66;ROSA TURISMO;DF21;Atualização de FW ;1
01/02/2022;COT4;Setut;EQ10;CONNECTION CCIT 4.0;;;DF41;Envio para manutenção central-CTG;4
01/02/2022;COT3;TEU;EQ22;V3000M;;;DF21;Atualização de FW ;30
01/02/2022;COT3;TEU;EQ22;V3000M;;;DF115;Restauração da ROM via PC;30
01/02/2022;COT3;TEU;EQ22;V3000M;;;DF41;Envio para manutenção central-CTG;4
01/02/2022;COT3;TEU;EQ22;V3000M;;;DF186;Subst. Do cartão SD 32 GB;2
01/02/2022;COT3;TEU;EQ21;V3000L;;;DF21;Atualização de FW ;1
01/02/2022;COT3;TEU;EQ21;V3000L;;;DF115;Restauração da ROM via PC;1
01/02/2022;COT3;TEU;EQ26;V3000M DVR;;;DF21;Atualização de FW ;9
01/02/2022;COT3;TEU;EQ26;V3000M DVR;;;DF115;Restauração da ROM via PC;8
01/02/2022;COT3;TEU;EQ26;V3000M DVR;;;DF41;Envio para manutenção central-CTG;4
01/02/2022;COT3;TEU;EQ26;V3000M DVR;;;DF186;Subst. Do cartão SD 32 GB;7
01/02/2022;COT1;Transfacil;EQ27;UT (FTV 3000);;;DF169;Subst. De Componente eletrônico;4
01/02/2022;COT19;São João;EQ31;POS 250;OP67;SÃO JOÃO;DF41;Envio para manutenção central-CTG;1
01/02/2022;COT19;São João;EQ31;POS 250;OP67;SÃO JOÃO;DF46;Formatação da memória e subst. FW;2
01/02/2022;COT2;Transcard;EQ31;POS 250;;;DF41;Envio para manutenção central-CTG;10
01/02/2022;COT25;COOTRAPS - CE;EQ17;FONTE PM;OP129;COOTRAPS;DF88;Reparo com formatação e reinst. FW/SW;7
01/03/2022;COT7;Alagoinhas;EQ34;CCIT 4.0 FRONTAL H2.1 C SEM BATERIA;OP68;ALAGOINHAS;DF113;Restaura RAM via PC;6
01/03/2022;COT7;Alagoinhas;EQ34;CCIT 4.0 FRONTAL H2.1 C SEM BATERIA;OP68;ALAGOINHAS;DF41;Envio para manutenção central-CTG;1
01/03/2022;COT21;Araguarina;EQ35;CCIT 4.0 FRONTAL H2 COM BATERIA;OP81;VIAÇÃO ARAGUARINA;DF41;Envio para manutenção central-CTG;3
01/03/2022;COT27;Cidade das Águas;EQ6;CCIT 4.0 FRONTAL H2.1;OP128;VIAÇÃO CIDADE DAS ÁGUAS;DF286;Subst. Tela;1
01/03/2022;COT12;DIVPASS;EQ6;CCIT 4.0 FRONTAL H2.1;OP124;DIVPASS;DF88;Reparo com formatação e reinst. FW/SW;8
01/03/2022;COT12;DIVPASS;EQ6;CCIT 4.0 FRONTAL H2.1;OP124;DIVPASS;DF216;Subst. Do Módulo H2;3
01/03/2022;COT12;DIVPASS;EQ6;CCIT 4.0 FRONTAL H2.1;OP124;DIVPASS;DF37;Defeito não encontrado e subst. FW/SW;1
01/03/2022;COT11;Gov. Valadares;EQ6;CCIT 4.0 FRONTAL H2.1;OP53;VIAÇÃO MOBI;DF88;Reparo com formatação e reinst. FW/SW;4
01/03/2022;COT11;Gov. Valadares;EQ6;CCIT 4.0 FRONTAL H2.1;OP53;VIAÇÃO MOBI;DF37;Defeito não encontrado e subst. FW/SW;4
01/03/2022;COT11;Gov. Valadares;EQ6;CCIT 4.0 FRONTAL H2.1;OP53;VIAÇÃO MOBI;DF216;Subst. Do Módulo H2;2
01/03/2022;COT24;GVBUS;EQ28;ATM;OP108;GVBUS - SIND. DAS EMP. DE TRANP. METROP. DA GRANDE VITÓRIA;DF262;Retirada de nota ATM e testes;6
01/03/2022;COT24;GVBUS;EQ28;ATM;OP108;GVBUS - SIND. DAS EMP. DE TRANP. METROP. DA GRANDE VITÓRIA;DF294;Cofre Entupido;4
01/03/2022;COT24;GVBUS;EQ6;CCIT 4.0 FRONTAL H2.1;;;DF93;Reparo no módulo;64
01/03/2022;COT24;GVBUS;EQ6;CCIT 4.0 FRONTAL H2.1;;;DF41;Envio para manutenção central-CTG;38
01/03/2022;COT24;GVBUS;EQ6;CCIT 4.0 FRONTAL H2.1;;;DF21;Atualização de FW ;9
01/03/2022;COT6;Metro-Bahia;EQ28;ATM;OP63;METRO-BAHIA;DF143;Subst. da Impressora;8
01/03/2022;COT6;Metro-Bahia;EQ28;ATM;OP63;METRO-BAHIA;DF237;Subst. Do Validador de Notas;10
01/03/2022;COT6;Metro-Bahia;EQ28;ATM;OP63;METRO-BAHIA;DF218;Subst. Do Monitor;1
01/03/2022;COT6;Metro-Bahia;EQ9;CCIT 4.0 (BLOQUEIO) FRONTAL H1;OP63;METRO-BAHIA;DF113;Restaura RAM via PC;2
01/03/2022;COT6;Metro-Bahia;EQ9;CCIT 4.0 (BLOQUEIO) FRONTAL H1;OP63;METRO-BAHIA;DF41;Envio para manutenção central-CTG;3
01/03/2022;COT5;METROFOR/ VLT FORTALEZA;EQ38;CCIT 4.0 METROFOR;OP105;METROFOR LINHA SUL;DF41;Envio para manutenção central-CTG;12
01/03/2022;COT10;Metropolitano-Bahia;EQ6;CCIT 4.0 FRONTAL H2.1;OP64;METROPOLITANO SSA;DF113;Restaura RAM via PC;25
01/03/2022;COT10;Metropolitano-Bahia;EQ6;CCIT 4.0 FRONTAL H2.1;OP64;METROPOLITANO SSA;DF41;Envio para manutenção central-CTG;4
01/03/2022;COT10;Metropolitano-Bahia;EQ6;CCIT 4.0 FRONTAL H2.1;OP64;METROPOLITANO SSA;DF114;Restaura RAM via pendrive;6
01/03/2022;COT19;SÃO JOÃO;EQ36;CCIT 4.0 FRONTAL H1 COM BATERIA;OP67;SÃO JOÃO;DF113;Restaura RAM via PC;11
01/03/2022;COT19;SÃO JOÃO;EQ36;CCIT 4.0 FRONTAL H1 COM BATERIA;OP67;SÃO JOÃO;DF41;Envio para manutenção central-CTG;1
01/03/2022;COT17;SÃO JORGE - PONTE NOVA;EQ2;CCIT 3.2;OP50;SÃO JORGE AUTO ONIBUS;DF88;Reparo com formatação e reinst. FW/SW;5
01/03/2022;COT17;SÃO JORGE - PONTE NOVA;EQ2;CCIT 3.2;OP50;SÃO JORGE AUTO ONIBUS;DF108;Ressolda no circuito da placa-mãe;5
01/03/2022;COT17;SÃO JORGE - PONTE NOVA;EQ2;CCIT 3.2;OP50;SÃO JORGE AUTO ONIBUS;DF132;Subst. Da Bateria de Lithium;1
01/03/2022;COT4;Setut;EQ6;CCIT 4.0 FRONTAL H2.1;;;DF113;Restaura RAM via PC;1
01/03/2022;COT4;Setut;EQ6;CCIT 4.0 FRONTAL H2.1;;;DF41;Envio para manutenção central-CTG;10
01/03/2022;COT18;Sindpautras;EQ6;CCIT 4.0 FRONTAL H2.1;OP48;SINDPAUTRAS-SIND. PERM. AUT. TRANSP. SU;DF88;Reparo com formatação e reinst. FW/SW;17
01/03/2022;COT18;Sindpautras;EQ6;CCIT 4.0 FRONTAL H2.1;OP48;SINDPAUTRAS-SIND. PERM. AUT. TRANSP. SU;DF37;Defeito não encontrado e subst. FW/SW;5
01/03/2022;COT18;Sindpautras;EQ6;CCIT 4.0 FRONTAL H2.1;OP48;SINDPAUTRAS-SIND. PERM. AUT. TRANSP. SU;DF216;Subst. Do Módulo H2;2
01/03/2022;COT22;Taguatur;EQ8;CCIT 4.0 FRONTAL JI21 SEM BATERIA;OP82;TAGUATUR;DF41;Envio para manutenção central-CTG;8
01/03/2022;COT3;TEU;EQ36;CCIT 4.0 FRONTAL H1 COM BATERIA;;;DF115;Restauração da ROM via PC;232
01/03/2022;COT3;TEU;EQ36;CCIT 4.0 FRONTAL H1 COM BATERIA;;;DF60;Limpeza de cache;13
01/03/2022;COT3;TEU;EQ36;CCIT 4.0 FRONTAL H1 COM BATERIA;;;DF132;Subst. Da Bateria de Lithium;3
01/03/2022;COT3;TEU;EQ36;CCIT 4.0 FRONTAL H1 COM BATERIA;;;DF114;Restaura RAM via pendrive;192
01/03/2022;COT3;TEU;EQ36;CCIT 4.0 FRONTAL H1 COM BATERIA;;;DF41;Envio para manutenção central-CTG;3
01/03/2022;COT2;Transcard;EQ28;ATM;OP61;Setps (Transcard);DF143;Subst. da Impressora;1
01/03/2022;COT2;Transcard;EQ28;ATM;OP61;Setps (Transcard);DF237;Subst. Do Validador de Notas;11
01/03/2022;COT2;Transcard;EQ28;ATM;OP61;Setps (Transcard);DF284;Manutenção PC ATM;1
01/03/2022;COT2;Transcard;EQ28;ATM;OP61;Setps (Transcard);DF231;Subst. Do PINpad;2
01/03/2022;COT2;Transcard;EQ6;CCIT 4.0 FRONTAL H2.1;;;DF113;Restaura RAM via PC;64
01/03/2022;COT2;Transcard;EQ6;CCIT 4.0 FRONTAL H2.1;;;DF114;Restaura RAM via pendrive;13
01/03/2022;COT2;Transcard;EQ6;CCIT 4.0 FRONTAL H2.1;;;DF101;Ressolda Mbccit;4
01/03/2022;COT2;Transcard;EQ6;CCIT 4.0 FRONTAL H2.1;;;DF41;Enviados para manutenção central CTG;37
01/03/2022;COT2;Transcard;EQ6;CCIT 4.0 FRONTAL H2.1;;;DF272;Subst. Do Touchscreen do módulo;22
01/03/2022;COT1;Transfacil;EQ28;ATM;OP27;TRANSFÁCIL;DF237;Subst. Do Validador de Notas;1
01/03/2022;COT1;Transfacil;EQ28;ATM;OP27;TRANSFÁCIL;DF258;Subst. Da Cabeça de Impressão;2
01/03/2022;COT1;Transfacil;EQ28;ATM;OP27;TRANSFÁCIL;DF67;Manutenção na Impressora;6
01/03/2022;COT1;Transfacil;EQ28;ATM;OP27;TRANSFÁCIL;DF65;Manutenção Cofre;6
01/03/2022;COT1;Transfacil;EQ28;ATM;OP27;TRANSFÁCIL;DF68;Manutenção no Dispenser;2
01/03/2022;COT1;Transfacil;EQ28;ATM;OP27;TRANSFÁCIL;DF218;Subst. Do Monitor;1
01/03/2022;COT1;Transfacil;EQ28;ATM;OP27;TRANSFÁCIL;DF227;Subst. Do PC ATM;1
01/03/2022;COT1;Transfacil;EQ28;ATM;OP27;TRANSFÁCIL;DF197;Subst. Do Cofre;1
01/03/2022;COT1;Transfacil;EQ3;CCIT 3.5;;;DF88;Reparo com formatação e reinst. FW/SW;4
01/03/2022;COT1;Transfacil;EQ3;CCIT 3.5;;;DF108;Ressolda no circuito da placa-mãe;2
01/03/2022;COT1;Transfacil;EQ6;CCIT 4.0 FRONTAL H2.1;;;DF88;Reparo com formatação e reinst. FW/SW;222
01/03/2022;COT1;Transfacil;EQ6;CCIT 4.0 FRONTAL H2.1;;;DF238;Subst. Do Vidro CCIT V4.0;10
01/03/2022;COT1;Transfacil;EQ6;CCIT 4.0 FRONTAL H2.1;;;DF216;Subst. Do Módulo H2;6
01/03/2022;COT1;Transfacil;EQ6;CCIT 4.0 FRONTAL H2.1;;;DF37;Defeito não encontrado e subst. FW/SW;5
01/03/2022;COT1;Transfacil;EQ6;CCIT 4.0 FRONTAL H2.1;;;DF169;Subst. De Componente eletrônico;1
01/03/2022;COT1;Transfacil;EQ6;CCIT 4.0 FRONTAL H2.1;;;DF136;Subst. Da Carcaça inferior;3
01/03/2022;COT1;Transfacil;EQ6;CCIT 4.0 FRONTAL H2.1;OP13;Estações BRT Move;DF88;Reparo com formatação e reinst. FW/SW;15
01/03/2022;COT1;Transfacil;EQ6;CCIT 4.0 FRONTAL H2.1;;;DF130;Subst. Da Antena WLAN;1
01/03/2022;COT1;Transfacil;EQ6;CCIT 4.0 FRONTAL H2.1;;;DF108;Ressolda no circuito da placa-mãe;2
01/03/2022;COT15;TURIN OURO BRANCO;EQ6;CCIT 4.0 FRONTAL H2.1;OP127;TURIN OURO BRANCO MG;DF216;Subst. Do Módulo H2;1
01/03/2022;COT15;TURIN OURO BRANCO;EQ6;CCIT 4.0 FRONTAL H2.1;OP127;TURIN OURO BRANCO MG;DF88;Reparo com formatação e reinst. FW/SW;7
01/03/2022;COT15;TURIN OURO BRANCO;EQ6;CCIT 4.0 FRONTAL H2.1;OP127;TURIN OURO BRANCO MG;DF169;Subst. De Componente eletrônico;1
01/03/2022;COT14;TURIN OURO PRETO;EQ6;CCIT 4.0 FRONTAL H2.1;OP52;VIAÇÃO TURIN OURO PRETO;DF216;Subst. Do Módulo H2;1
01/03/2022;COT14;TURIN OURO PRETO;EQ6;CCIT 4.0 FRONTAL H2.1;OP52;VIAÇÃO TURIN OURO PRETO;DF88;Reparo com formatação e reinst. FW/SW;9
01/03/2022;COT14;TURIN OURO PRETO;EQ6;CCIT 4.0 FRONTAL H2.1;OP52;VIAÇÃO TURIN OURO PRETO;DF169;Subst. De Componente eletrônico;1
01/03/2022;COT14;TURIN OURO PRETO;EQ6;CCIT 4.0 FRONTAL H2.1;OP52;VIAÇÃO TURIN OURO PRETO;DF272;Subst. Do Touchscreen do módulo;2
01/03/2022;COT23;UTB;EQ6;CCIT 4.0 FRONTAL H2.1;OP83;UTB;DF41;Envio para manutenção central-CTG;22
01/03/2022;COT16;Via Ouro;EQ6;CCIT 4.0 FRONTAL H2.1;OP49;VIA OURO COLETIVOS LTDA;DF37;Defeito não encontrado e subst. FW/SW;1
01/03/2022;COT1;Transfacil;EQ14;DMX200 MOD H3.1;;;DF41;Envio para manutenção central-CTG;14
01/03/2022;COT1;Transfacil;EQ14;DMX200 MOD H3.1;;;DF88;Reparo com formatação e reinst. FW/SW;83
01/03/2022;COT11;Gov. Valadares;EQ13;DMX200L;OP53;VIAÇÃO MOBI;DF88;Reparo com formatação e reinst. FW/SW;5
01/03/2022;COT12;DIVPASS;EQ13;DMX200L;OP124;DIVPASS;DF90;Reparo com formatação e subst. FW/SW;5
01/03/2022;COT12;DIVPASS;EQ13;DMX200L;OP124;DIVPASS;DF41;Envio para manutenção central-CTG;1
01/03/2022;COT20;ROSA TURISMO;EQ39;DMX200L JI21 SEM BATERIA;OP66;ROSA TURISMO;DF41;Envio para manutenção central-CTG;1
01/03/2022;COT20;ROSA TURISMO;EQ39;DMX200L JI21 SEM BATERIA;OP66;ROSA TURISMO;DF115;Restauração da ROM via PC;4
01/03/2022;COT20;ROSA TURISMO;EQ39;DMX200L JI21 SEM BATERIA;OP66;ROSA TURISMO;DF97;Ressolda;3
01/03/2022;COT19;SÃO JOÃO;EQ39;DMX200L JI21 SEM BATERIA;OP67;SÃO JOÃO;DF41;Envio para manutenção central-CTG;1
01/03/2022;COT19;SÃO JOÃO;EQ39;DMX200L JI21 SEM BATERIA;OP67;SÃO JOÃO;DF115;Restauração da ROM via PC;6
01/03/2022;COT19;SÃO JOÃO;EQ39;DMX200L JI21 SEM BATERIA;OP67;SÃO JOÃO;DF97;Ressolda;3
01/03/2022;COT4;Setut;EQ14;DMX200 MOD H3.1;;;DF41;Envio para manutenção central-CTG;3
01/03/2022;COT25;COOTRAPS - CE;EQ14;DMX200 MOD H3.1;OP129;COOTRAPS;DF39;Enviados para manutenção central CTG;10
01/03/2022;COT25;COOTRAPS - CE;EQ14;DMX200 MOD H3.1;OP129;COOTRAPS;DF90;Reparo com formatação e subst. FW/SW;23
01/03/2022;COT24;GVBUS;EQ14;DMX200 MOD H3.1;;;DF41;Envio para manutenção central-CTG;44
01/03/2022;COT24;GVBUS;EQ14;DMX200 MOD H3.1;;;DF46;Formatação da memória e subst. FW;21
01/03/2022;COT24;GVBUS;EQ14;DMX200 MOD H3.1;;;DF292;Ressolda conector USB;74
01/03/2022;COT21;Araguarina;EQ13;DMX200L;OP81;VIAÇÃO ARAGUARINA;DF41;Envio para manutenção central-CTG;5
01/03/2022;COT22;Taguatur PM NOVO;EQ39;DMX200L JI21 SEM BATERIA;OP82;TAGUATUR;DF41;Envio para manutenção central-CTG;22
01/03/2022;COT1;Transfacil;EQ10;CONNECTION CCIT 4.0;;;DF37;Defeito não encontrado e subst. FW/SW;3
01/03/2022;COT1;Transfacil;EQ10;CONNECTION CCIT 4.0;;;DF88;Reparo com formatação e reinst. FW/SW;31
01/03/2022;COT1;Transfacil;EQ10;CONNECTION CCIT 4.0;;;DF169;Subst. De Componente eletrônico;2
01/03/2022;COT1;Transfacil;EQ10;CONNECTION CCIT 4.0;;;DF102;Ressolda na Placa Connection;1
01/03/2022;COT2;Transcard;EQ10;CONNECTION CCIT 4.0;;;DF46;Formatação da memória e subst. FW;14
01/03/2022;COT2;Transcard;EQ10;CONNECTION CCIT 4.0;;;DF256;Substituição de fusível;2
01/03/2022;COT2;Transcard;EQ10;CONNECTION CCIT 4.0;;;DF206;Subst. Do Conector USB;2
01/03/2022;COT2;Transcard;EQ10;CONNECTION CCIT 4.0;;;DF41;Envio para manutenção central-CTG;9
01/03/2022;COT10;Metropolitano-Bahia;EQ10;CONNECTION CCIT 4.0;OP64;METROPOLITANO SSA;DF21;Atualização de FW ;6
01/03/2022;COT19;SÃO JOÃO;EQ10;CONNECTION CCIT 4.0;OP67;SÃO JOÃO;DF21;Atualização de FW ;3
01/03/2022;COT3;TEU;EQ22;V3000M;;;DF21;Atualização de FW ;56
01/03/2022;COT3;TEU;EQ22;V3000M;;;DF115;Restauração da ROM via PC;56
01/03/2022;COT3;TEU;EQ22;V3000M;;;DF41;Envio para manutenção central-CTG;6
01/03/2022;COT3;TEU;EQ26;V3000M DVR;;;DF21;Atualização de FW ;10
01/03/2022;COT3;TEU;EQ26;V3000M DVR;;;DF115;Restauração da ROM via PC;10
01/03/2022;COT1;Transfacil;EQ27;UT (FTV 3000);;;DF169;Subst. De Componente eletrônico;5
01/03/2022;COT1;Transfacil;EQ27;UT (FTV 3000);;;DF88;Reparo com formatação e reinst. FW/SW;6
01/03/2022;COT24;GVBUS;EQ33;POS MOVE 2500;;;DF41;Envio para manutenção central-CTG;20
01/03/2022;COT10;Metropolitano-Bahia;EQ31;POS 250;OP64;METROPOLITANO SSA;DF41;Envio para manutenção central-CTG;2
01/03/2022;COT19;São João;EQ31;POS 250;OP67;SÃO JOÃO;DF41;Envio para manutenção central-CTG;2
01/03/2022;COT19;São João;EQ31;POS 250;OP67;SÃO JOÃO;DF46;Formatação da memória e subst. FW;1
01/03/2022;COT2;Transcard;EQ31;POS 250;;;DF41;Envio para manutenção central-CTG;5
01/04/2022;COT7;Alagoinhas;EQ34;CCIT 4.0 FRONTAL H2.1 C SEM BATERIA;OP68;ALAGOINHAS;DF113;Restaura RAM via PC;3
01/04/2022;COT7;Alagoinhas;EQ34;CCIT 4.0 FRONTAL H2.1 C SEM BATERIA;OP68;ALAGOINHAS;DF41;Envio para manutenção central-CTG;1
01/04/2022;COT21;Araguarina;EQ35;CCIT 4.0 FRONTAL H2 COM BATERIA;OP81;VIAÇÃO ARAGUARINA;DF41;Envio para manutenção central-CTG;3
01/04/2022;COT8;CBTU;EQ1;CCIT 3.0;OP47;CBTU - COMPANHIA BRASILEIRA DE TRENS URBANOS;DF88;Reparo com formatação e reinst. FW/SW;1
01/04/2022;COT12;DIVPASS;EQ6;CCIT 4.0 FRONTAL H2.1;OP124;DIVPASS;DF88;Reparo com formatação e reinst. FW/SW;6
01/04/2022;COT12;DIVPASS;EQ6;CCIT 4.0 FRONTAL H2.1;OP124;DIVPASS;DF238;Subst. Do Vidro CCIT V4.0;1
01/04/2022;COT12;DIVPASS;EQ6;CCIT 4.0 FRONTAL H2.1;OP124;DIVPASS;DF37;Defeito não encontrado e subst. FW/SW;1
01/04/2022;COT12;DIVPASS;EQ6;CCIT 4.0 FRONTAL H2.1;OP124;DIVPASS;DF272;Subst. Do Touchscreen do módulo;1
01/04/2022;COT33;FLORIANÓPOLIS;EQ8;CCIT 4.0 FRONTAL JI21 SEM BATERIA;;;DF115;Restauração da ROM via PC;15
01/04/2022;COT33;FLORIANÓPOLIS;EQ8;CCIT 4.0 FRONTAL JI21 SEM BATERIA;;;DF60;Limpeza de cache;6
01/04/2022;COT33;FLORIANÓPOLIS;EQ8;CCIT 4.0 FRONTAL JI21 SEM BATERIA;;;DF41;Envio para manutenção central-CTG;2
01/04/2022;COT24;GVBUS;EQ28;ATM;OP108;GVBUS - SIND. DAS EMP. DE TRANP. METROP. DA GRANDE VITÓRIA;DF262;Retirada de nota ATM e testes;3
01/04/2022;COT24;GVBUS;EQ28;ATM;OP108;GVBUS - SIND. DAS EMP. DE TRANP. METROP. DA GRANDE VITÓRIA;DF19;ATM - defeito não confirmado;1
01/04/2022;COT24;GVBUS;EQ28;ATM;OP108;GVBUS - SIND. DAS EMP. DE TRANP. METROP. DA GRANDE VITÓRIA;DF296;ATM - sem conexão com internet;1
01/04/2022;COT24;GVBUS;EQ6;CCIT 4.0 FRONTAL H2.1;;;DF91;Reparo com Gravação de PIC e reinst. Do FW;6
01/04/2022;COT24;GVBUS;EQ6;CCIT 4.0 FRONTAL H2.1;;;DF41;Envio para manutenção central-CTG;42
01/04/2022;COT24;GVBUS;EQ6;CCIT 4.0 FRONTAL H2.1;;;DF21;Atualização de FW ;9
01/04/2022;COT6;Metro-Bahia;EQ28;ATM;OP63;METRO-BAHIA;DF143;Subst. da Impressora;3
01/04/2022;COT6;Metro-Bahia;EQ28;ATM;OP63;METRO-BAHIA;DF237;Subst. Do Validador de Notas;16
01/04/2022;COT6;Metro-Bahia;EQ28;ATM;OP63;METRO-BAHIA;DF218;Subst. Do Monitor;1
01/04/2022;COT6;Metro-Bahia;EQ28;ATM;OP63;METRO-BAHIA;DF228;Subst. Do PDV ATM;1
01/04/2022;COT6;Metro-Bahia;EQ28;ATM;OP63;METRO-BAHIA;DF260;Subst. HUB Serial;1
01/04/2022;COT6;Metro-Bahia;EQ28;ATM;OP63;METRO-BAHIA;DF284;Manutenção PC ATM;2
01/04/2022;COT6;Metro-Bahia;EQ28;ATM;OP63;METRO-BAHIA;DF236;Subst. Do Teclado de Metal Frontal;1
01/04/2022;COT6;Metro-Bahia;EQ9;CCIT 4.0 (BLOQUEIO) FRONTAL H1;OP63;METRO-BAHIA;DF113;Restaura RAM via PC;8
01/04/2022;COT6;Metro-Bahia;EQ9;CCIT 4.0 (BLOQUEIO) FRONTAL H1;OP63;METRO-BAHIA;DF41;Envio para manutenção central-CTG;3
01/04/2022;COT10;Metropolitano-Bahia;EQ6;CCIT 4.0 FRONTAL H2.1;OP64;METROPOLITANO SSA;DF113;Restaura RAM via PC;33
01/04/2022;COT10;Metropolitano-Bahia;EQ6;CCIT 4.0 FRONTAL H2.1;OP64;METROPOLITANO SSA;DF41;Envio para manutenção central-CTG;4
01/04/2022;COT10;Metropolitano-Bahia;EQ6;CCIT 4.0 FRONTAL H2.1;OP64;METROPOLITANO SSA;DF114;Restaura RAM via pendrive;5
01/04/2022;COT20;ROSA TURISMO;EQ36;CCIT 4.0 FRONTAL H1 COM BATERIA;OP66;ROSA TURISMO;DF113;Restaura RAM via PC;15
01/04/2022;COT19;SÃO JOÃO;EQ36;CCIT 4.0 FRONTAL H1 COM BATERIA;OP67;SÃO JOÃO;DF113;Restaura RAM via PC;5
01/04/2022;COT19;SÃO JOÃO;EQ36;CCIT 4.0 FRONTAL H1 COM BATERIA;OP67;SÃO JOÃO;DF41;Envio para manutenção central-CTG;3
01/04/2022;COT17;SÃO JORGE - PONTE NOVA;EQ2;CCIT 3.2;OP50;SÃO JORGE AUTO ONIBUS;DF88;Reparo com formatação e reinst. FW/SW;6
01/04/2022;COT4;Setut;EQ6;CCIT 4.0 FRONTAL H2.1;;;DF41;Envio para manutenção central-CTG;24
01/04/2022;COT18;Sindpautras;EQ6;CCIT 4.0 FRONTAL H2.1;OP48;SINDPAUTRAS-SIND. PERM. AUT. TRANSP. SU;DF88;Reparo com formatação e reinst. FW/SW;5
01/04/2022;COT22;Taguatur;EQ8;CCIT 4.0 FRONTAL JI21 SEM BATERIA;OP82;TAGUATUR;DF41;Envio para manutenção central-CTG;39
01/04/2022;COT3;TEU;EQ36;CCIT 4.0 FRONTAL H1 COM BATERIA;;;DF115;Restauração da ROM via PC;192
01/04/2022;COT3;TEU;EQ36;CCIT 4.0 FRONTAL H1 COM BATERIA;;;DF60;Limpeza de cache;159
01/04/2022;COT3;TEU;EQ36;CCIT 4.0 FRONTAL H1 COM BATERIA;;;DF132;Subst. Da Bateria de Lithium;4
01/04/2022;COT3;TEU;EQ36;CCIT 4.0 FRONTAL H1 COM BATERIA;;;DF114;Restaura RAM via pendrive;197
01/04/2022;COT3;TEU;EQ36;CCIT 4.0 FRONTAL H1 COM BATERIA;;;DF41;Envio para manutenção central-CTG;15
01/04/2022;COT2;Transcard;EQ28;ATM;OP61;Setps (Transcard);DF143;Subst. da Impressora;3
01/04/2022;COT2;Transcard;EQ28;ATM;OP61;Setps (Transcard);DF237;Subst. Do Validador de Notas;6
01/04/2022;COT2;Transcard;EQ28;ATM;OP61;Setps (Transcard);DF284;Manutenção PC ATM;1
01/04/2022;COT2;Transcard;EQ28;ATM;OP61;Setps (Transcard);DF231;Subst. Do PINpad;3
01/04/2022;COT2;Transcard;EQ28;ATM;OP61;Setps (Transcard);DF228;Subst. Do PDV ATM;1
01/04/2022;COT2;Transcard;EQ6;CCIT 4.0 FRONTAL H2.1;;;DF113;Restaura RAM via PC;71
01/04/2022;COT2;Transcard;EQ6;CCIT 4.0 FRONTAL H2.1;;;DF114;Restaura RAM via pendrive;13
01/04/2022;COT2;Transcard;EQ6;CCIT 4.0 FRONTAL H2.1;;;DF101;Ressolda Mbccit;5
01/04/2022;COT2;Transcard;EQ6;CCIT 4.0 FRONTAL H2.1;;;DF41;Enviados para manutenção central CTG;37
01/04/2022;COT2;Transcard;EQ6;CCIT 4.0 FRONTAL H2.1;;;DF272;Subst. Do Touchscreen do módulo;24
01/04/2022;COT1;Transfacil;EQ28;ATM;OP27;TRANSFÁCIL;DF237;Subst. Do Validador de Notas;2
01/04/2022;COT1;Transfacil;EQ28;ATM;OP27;TRANSFÁCIL;DF258;Subst. Da Cabeça de Impressão;4
01/04/2022;COT1;Transfacil;EQ28;ATM;OP27;TRANSFÁCIL;DF65;Manutenção Cofre;1
01/04/2022;COT1;Transfacil;EQ28;ATM;OP27;TRANSFÁCIL;DF227;Subst. Do PC ATM;2
01/04/2022;COT1;Transfacil;EQ28;ATM;OP27;TRANSFÁCIL;DF197;Subst. Do Cofre;2
01/04/2022;COT1;Transfacil;EQ28;ATM;OP27;TRANSFÁCIL;DF280;Manutenção no Validador de Notas;3
01/04/2022;COT1;Transfacil;EQ28;ATM;OP27;TRANSFÁCIL;DF143;Subst. da Impressora;1
01/04/2022;COT1;Transfacil;EQ28;ATM;OP27;TRANSFÁCIL;DF228;Subst. Do PDV ATM;1
01/04/2022;COT1;Transfacil;EQ28;ATM;OP27;TRANSFÁCIL;DF212;Subst. Do HD;1
01/04/2022;COT1;Transfacil;EQ6;CCIT 4.0 FRONTAL H2.1;;;DF88;Reparo com formatação e reinst. FW/SW;181
01/04/2022;COT1;Transfacil;EQ6;CCIT 4.0 FRONTAL H2.1;;;DF238;Subst. Do Vidro CCIT V4.0;15
01/04/2022;COT1;Transfacil;EQ6;CCIT 4.0 FRONTAL H2.1;;;DF216;Subst. Do Módulo H2;3
01/04/2022;COT1;Transfacil;EQ6;CCIT 4.0 FRONTAL H2.1;;;DF37;Defeito não encontrado e subst. FW/SW;4
01/04/2022;COT1;Transfacil;EQ6;CCIT 4.0 FRONTAL H2.1;;;DF136;Subst. Da Carcaça inferior;1
01/04/2022;COT1;Transfacil;EQ6;CCIT 4.0 FRONTAL H2.1;;;DF130;Subst. Da Antena WLAN;1
01/04/2022;COT1;Transfacil;EQ6;CCIT 4.0 FRONTAL H2.1;OP13;Estações BRT Move;DF88;Reparo com formatação e reinst. FW/SW;12
01/04/2022;COT1;Transfacil;EQ6;CCIT 4.0 FRONTAL H2.1;OP13;Estações BRT Move;DF238;Subst. Do Vidro CCIT V4.0;2
01/04/2022;COT1;Transfacil;EQ6;CCIT 4.0 FRONTAL H2.1;OP13;Estações BRT Move;DF37;Defeito não encontrado e subst. FW/SW;1
01/04/2022;COT23;UTB;EQ6;CCIT 4.0 FRONTAL H2.1;OP83;UTB;DF41;Envio para manutenção central-CTG;11
01/04/2022;COT16;Via Ouro;EQ6;CCIT 4.0 FRONTAL H2.1;OP49;VIA OURO COLETIVOS LTDA;DF37;Defeito não encontrado e subst. FW/SW;1
01/04/2022;COT1;Transfacil;EQ14;DMX200 MOD H3.1;;;DF41;Envio para manutenção central-CTG;14
01/04/2022;COT1;Transfacil;EQ14;DMX200 MOD H3.1;;;DF88;Reparo com formatação e reinst. FW/SW;77
01/04/2022;COT12;DIVPASS;EQ13;DMX200L;OP124;DIVPASS;DF90;Reparo com formatação e subst. FW/SW;6
01/04/2022;COT24;GVBUS;EQ14;DMX200 MOD H3.1;;;DF41;Envio para manutenção central-CTG;26
01/04/2022;COT24;GVBUS;EQ14;DMX200 MOD H3.1;;;DF46;Formatação da memória e subst. FW;21
01/04/2022;COT24;GVBUS;EQ14;DMX200 MOD H3.1;;;DF292;Ressolda conector USB;46
01/04/2022;COT3;TEU;EQ14;DMX200 MOD H3.1;;;DF21;Atualização de FW ;40
01/04/2022;COT3;TEU;EQ14;DMX200 MOD H3.1;;;DF115;Restauração da ROM via PC;24
01/04/2022;COT3;TEU;EQ14;DMX200 MOD H3.1;;;DF41;Envio para manutenção central-CTG;7
01/04/2022;COT33;FLORIANÓPOLIS;EQ15;DMX200L SEM BATERIA;;;DF21;Atualização de FW ;38
01/04/2022;COT33;FLORIANÓPOLIS;EQ15;DMX200L SEM BATERIA;;;DF115;Restauração da ROM via PC;38
01/04/2022;COT33;FLORIANÓPOLIS;EQ15;DMX200L SEM BATERIA;;;DF297;Subst. PMS;4
01/04/2022;COT33;FLORIANÓPOLIS;EQ15;DMX200L SEM BATERIA;;;DF270;Gravação do IMEI;1
01/04/2022;COT33;FLORIANÓPOLIS;EQ15;DMX200L SEM BATERIA;;;DF41;Envio para manutenção central-CTG;4
01/04/2022;COT22;Taguatur PM NOVO;EQ39;DMX200L JI21 SEM BATERIA;OP82;TAGUATUR;DF41;Envio para manutenção central-CTG;52
01/04/2022;COT19;SÃO JOÃO;EQ39;DMX200L JI21 SEM BATERIA;OP67;SÃO JOÃO;DF127;Subst. Conector USB;2
01/04/2022;COT19;SÃO JOÃO;EQ39;DMX200L JI21 SEM BATERIA;OP67;SÃO JOÃO;DF115;Restauração da ROM via PC;8
01/04/2022;COT19;SÃO JOÃO;EQ39;DMX200L JI21 SEM BATERIA;OP67;SÃO JOÃO;DF97;Ressolda;1
01/04/2022;COT20;ROSA TURISMO;EQ39;DMX200L JI21 SEM BATERIA;OP66;ROSA TURISMO;DF41;Envio para manutenção central-CTG;3
01/04/2022;COT20;ROSA TURISMO;EQ39;DMX200L JI21 SEM BATERIA;OP66;ROSA TURISMO;DF115;Restauração da ROM via PC;9
01/04/2022;COT20;ROSA TURISMO;EQ39;DMX200L JI21 SEM BATERIA;OP66;ROSA TURISMO;DF97;Ressolda;3
01/04/2022;COT4;Setut;EQ14;DMX200 MOD H3.1;;;DF41;Envio para manutenção central-CTG;6
01/04/2022;COT25;COOTRAPS - CE;EQ14;DMX200 MOD H3.1;OP129;COOTRAPS;DF39;Enviados para manutenção central CTG;12
01/04/2022;COT25;COOTRAPS - CE;EQ14;DMX200 MOD H3.1;OP129;COOTRAPS;DF90;Reparo com formatação e subst. FW/SW;10
01/04/2022;COT25;COOTRAPS - CE;EQ14;DMX200 MOD H3.1;OP129;COOTRAPS;DF298;Subst. De placa do sensor;6
01/04/2022;COT1;Transfacil;EQ10;CONNECTION CCIT 4.0;;;DF88;Reparo com formatação e reinst. FW/SW;14
01/04/2022;COT1;Transfacil;EQ10;CONNECTION CCIT 4.0;;;DF169;Subst. De Componente eletrônico;1
01/04/2022;COT24;GVBUS;EQ10;CONNECTION CCIT 4.0;;;DF41;Envio para manutenção central-CTG;1
01/04/2022;COT2;Transcard;EQ10;CONNECTION CCIT 4.0;;;DF46;Formatação da memória e subst. FW;18
01/04/2022;COT2;Transcard;EQ10;CONNECTION CCIT 4.0;;;DF256;Substituição de fusível;2
01/04/2022;COT2;Transcard;EQ10;CONNECTION CCIT 4.0;;;DF206;Subst. Do Conector USB;4
01/04/2022;COT2;Transcard;EQ10;CONNECTION CCIT 4.0;;;DF41;Envio para manutenção central-CTG;3
01/04/2022;COT10;Metropolitano-Bahia;EQ10;CONNECTION CCIT 4.0;OP64;METROPOLITANO SSA;DF21;Atualização de FW ;7
01/04/2022;COT10;Metropolitano-Bahia;EQ10;CONNECTION CCIT 4.0;OP64;METROPOLITANO SSA;DF41;Envio para manutenção central-CTG;1
01/04/2022;COT19;SÃO JOÃO;EQ10;CONNECTION CCIT 4.0;OP67;SÃO JOÃO;DF21;Atualização de FW ;2
01/04/2022;COT3;TEU;EQ22;V3000M;;;DF21;Atualização de FW ;79
01/04/2022;COT3;TEU;EQ22;V3000M;;;DF115;Restauração da ROM via PC;79
01/04/2022;COT3;TEU;EQ22;V3000M;;;DF41;Envio para manutenção central-CTG;4
01/04/2022;COT3;TEU;EQ26;V3000M DVR;;;DF21;Atualização de FW ;35
01/04/2022;COT3;TEU;EQ26;V3000M DVR;;;DF115;Restauração da ROM via PC;27
01/04/2022;COT3;TEU;EQ21;V3000L;;;DF21;Atualização de FW ;3
01/04/2022;COT3;TEU;EQ21;V3000L;;;DF115;Restauração da ROM via PC;3
01/04/2022;COT3;TEU;EQ22;V3000M;;;DF41;Envio para manutenção central-CTG;1
01/04/2022;COT1;Transfacil;EQ27;UT (FTV 3000);;;DF169;Subst. De Componente eletrônico;12
01/04/2022;COT1;Transfacil;EQ27;UT (FTV 3000);;;DF88;Reparo com formatação e reinst. FW/SW;5
01/04/2022;COT1;Transfacil;EQ27;UT (FTV 3000);;;DF33;Defeito não encontrado - testes e liberação;3
01/04/2022;COT24;GVBUS;EQ33;POS MOVE 2500;;;DF41;Envio para manutenção central-CTG;11
01/04/2022;COT20;Rosa Turismo;EQ31;POS 250;OP66;ROSA TURISMO;DF41;Envio para manutenção central-CTG;1
01/04/2022;COT20;Rosa Turismo;EQ31;POS 250;OP66;ROSA TURISMO;DF46;Formatação da memória e subst. FW;1
01/04/2022;COT2;Transcard;EQ31;POS 250;;;DF41;Envio para manutenção central-CTG;11
01/04/2022;COT2;Transcard;EQ31;POS 250;;;DF46;Formatação da memória e subst. FW;2
01/04/2022;COT2;Transcard;EQ31;POS 250;;;DF7;Ajuste do Módulo de Impressão;2
01/05/2022;COT8;CBTU;EQ1;CCIT 3.0;OP47;CBTU - COMPANHIA BRASILEIRA DE TRENS URBANOS;DF88;Reparo com formatação e reinst. FW/SW;2
01/05/2022;COT8;CBTU;EQ1;CCIT 3.0;OP47;CBTU - COMPANHIA BRASILEIRA DE TRENS URBANOS;DF37;Defeito não encontrado e subst. FW/SW;1
01/05/2022;COT8;CBTU;EQ1;CCIT 3.0;OP47;CBTU - COMPANHIA BRASILEIRA DE TRENS URBANOS;DF129;Subst. Da Antena Cless e adesivo frontal;2
01/05/2022;COT12;DIVPASS;EQ6;CCIT 4.0 FRONTAL H2.1;OP124;DIVPASS;DF88;Reparo com formatação e reinst. FW/SW;14
01/05/2022;COT12;DIVPASS;EQ6;CCIT 4.0 FRONTAL H2.1;OP124;DIVPASS;DF238;Subst. Do Vidro CCIT V4.0;1
01/05/2022;COT12;DIVPASS;EQ6;CCIT 4.0 FRONTAL H2.1;OP124;DIVPASS;DF37;Defeito não encontrado e subst. FW/SW;1
01/05/2022;COT12;DIVPASS;EQ6;CCIT 4.0 FRONTAL H2.1;OP124;DIVPASS;DF130;Subst. Da Antena WLAN;1
01/05/2022;COT24;GVBUS;EQ28;ATM;OP108;GVBUS - SIND. DAS EMP. DE TRANP. METROP. DA GRANDE VITÓRIA;DF262;Retirada de nota ATM e testes;5
01/05/2022;COT24;GVBUS;EQ28;ATM;OP108;GVBUS - SIND. DAS EMP. DE TRANP. METROP. DA GRANDE VITÓRIA;DF78;PC Reiniciado;2
01/05/2022;COT24;GVBUS;EQ28;ATM;OP108;GVBUS - SIND. DAS EMP. DE TRANP. METROP. DA GRANDE VITÓRIA;DF231;Subst. Do PINpad;1
01/05/2022;COT24;GVBUS;EQ28;ATM;OP108;GVBUS - SIND. DAS EMP. DE TRANP. METROP. DA GRANDE VITÓRIA;DF299;Subst. De UPEX ATM;2
01/05/2022;COT24;GVBUS;EQ6;CCIT 4.0 FRONTAL H2.1;;;DF91;Reparo com Gravação de PIC e reinst. Do FW;81
01/05/2022;COT24;GVBUS;EQ6;CCIT 4.0 FRONTAL H2.1;;;DF41;Envio para manutenção central-CTG;53
01/05/2022;COT24;GVBUS;EQ6;CCIT 4.0 FRONTAL H2.1;;;DF21;Atualização de FW ;11
01/05/2022;COT6;Metro-Bahia;EQ28;ATM;OP63;METRO-BAHIA;DF143;Subst. da Impressora;7
01/05/2022;COT6;Metro-Bahia;EQ28;ATM;OP63;METRO-BAHIA;DF237;Subst. Do Validador de Notas;12
01/05/2022;COT6;Metro-Bahia;EQ28;ATM;OP63;METRO-BAHIA;DF218;Subst. Do Monitor;2
01/05/2022;COT6;Metro-Bahia;EQ28;ATM;OP63;METRO-BAHIA;DF260;Subst. HUB Serial;2
01/05/2022;COT6;Metro-Bahia;EQ28;ATM;OP63;METRO-BAHIA;DF284;Manutenção PC ATM;2
01/05/2022;COT6;Metro-Bahia;EQ28;ATM;OP63;METRO-BAHIA;DF236;Subst. Do Teclado de Metal Frontal;1
01/05/2022;COT5;METROFOR/ VLT FORTALEZA;EQ38;CCIT 4.0 METROFOR;OP105;METROFOR LINHA SUL;DF113;Restaura RAM via PC;4
01/05/2022;COT5;METROFOR/ VLT FORTALEZA;EQ38;CCIT 4.0 METROFOR;OP105;METROFOR LINHA SUL;DF41;Envio para manutenção central-CTG;22
01/05/2022;COT5;METROFOR/ VLT FORTALEZA;EQ38;CCIT 4.0 METROFOR;OP105;METROFOR LINHA SUL;DF88;Reparo com formatação e reinst. FW/SW;3
01/05/2022;COT10;Metropolitano-Bahia;EQ6;CCIT 4.0 FRONTAL H2.1;OP64;METROPOLITANO SSA;DF113;Restaura RAM via PC;35
01/05/2022;COT10;Metropolitano-Bahia;EQ6;CCIT 4.0 FRONTAL H2.1;OP64;METROPOLITANO SSA;DF41;Envio para manutenção central-CTG;5
01/05/2022;COT10;Metropolitano-Bahia;EQ6;CCIT 4.0 FRONTAL H2.1;OP64;METROPOLITANO SSA;DF114;Restaura RAM via pendrive;7
01/05/2022;COT20;ROSA TURISMO;EQ36;CCIT 4.0 FRONTAL H1 COM BATERIA;OP66;ROSA TURISMO;DF113;Restaura RAM via PC;3
01/05/2022;COT20;ROSA TURISMO;EQ36;CCIT 4.0 FRONTAL H1 COM BATERIA;OP66;ROSA TURISMO;DF41;Envio para manutenção central-CTG;2
01/05/2022;COT19;SÃO JOÃO;EQ36;CCIT 4.0 FRONTAL H1 COM BATERIA;OP67;SÃO JOÃO;DF113;Restaura RAM via PC;3
01/05/2022;COT19;SÃO JOÃO;EQ36;CCIT 4.0 FRONTAL H1 COM BATERIA;OP67;SÃO JOÃO;DF41;Envio para manutenção central-CTG;1
01/05/2022;COT17;SÃO JORGE - PONTE NOVA;EQ2;CCIT 3.2;OP50;SÃO JORGE AUTO ONIBUS;DF88;Reparo com formatação e reinst. FW/SW;9
01/05/2022;COT17;SÃO JORGE - PONTE NOVA;EQ2;CCIT 3.2;OP50;SÃO JORGE AUTO ONIBUS;DF211;Subst. Do Equipamento completo;1
01/05/2022;COT4;Setut;EQ6;CCIT 4.0 FRONTAL H2.1;;;DF41;Envio para manutenção central-CTG;15
01/05/2022;COT18;Sindpautras;EQ6;CCIT 4.0 FRONTAL H2.1;OP48;SINDPAUTRAS-SIND. PERM. AUT. TRANSP. SU;DF88;Reparo com formatação e reinst. FW/SW;33
01/05/2022;COT18;Sindpautras;EQ6;CCIT 4.0 FRONTAL H2.1;OP48;SINDPAUTRAS-SIND. PERM. AUT. TRANSP. SU;DF216;Subst. Do Módulo H2;3
01/05/2022;COT18;Sindpautras;EQ6;CCIT 4.0 FRONTAL H2.1;OP48;SINDPAUTRAS-SIND. PERM. AUT. TRANSP. SU;DF37;Defeito não encontrado e subst. FW/SW;3
01/05/2022;COT18;Sindpautras;EQ6;CCIT 4.0 FRONTAL H2.1;OP48;SINDPAUTRAS-SIND. PERM. AUT. TRANSP. SU;DF108;Ressolda no circuito da placa-mãe;2
01/05/2022;COT22;Taguatur;EQ35;CCIT 4.0 FRONTAL H2 COM BATERIA;OP82;TAGUATUR;DF41;Envio para manutenção central-CTG;10
01/05/2022;COT3;TEU;EQ36;CCIT 4.0 FRONTAL H1 COM BATERIA;;;DF115;Restauração da ROM via PC;186
01/05/2022;COT3;TEU;EQ36;CCIT 4.0 FRONTAL H1 COM BATERIA;;;DF60;Limpeza de cache;44
01/05/2022;COT3;TEU;EQ36;CCIT 4.0 FRONTAL H1 COM BATERIA;;;DF132;Subst. Da Bateria de Lithium;5
01/05/2022;COT3;TEU;EQ36;CCIT 4.0 FRONTAL H1 COM BATERIA;;;DF41;Envio para manutenção central-CTG;19
01/05/2022;COT2;Transcard;EQ28;ATM;OP61;Setps (Transcard);DF143;Subst. da Impressora;3
01/05/2022;COT2;Transcard;EQ28;ATM;OP61;Setps (Transcard);DF237;Subst. Do Validador de Notas;5
01/05/2022;COT2;Transcard;EQ28;ATM;OP61;Setps (Transcard);DF228;Subst. Do PDV ATM;1
01/05/2022;COT2;Transcard;EQ28;ATM;OP61;Setps (Transcard);DF218;Subst. Do Monitor;1
01/05/2022;COT2;Transcard;EQ28;ATM;OP61;Setps (Transcard);DF284;Manutenção PC ATM;1
01/05/2022;COT2;Transcard;EQ6;CCIT 4.0 FRONTAL H2.1;;;DF113;Restaura RAM via PC;69
01/05/2022;COT2;Transcard;EQ6;CCIT 4.0 FRONTAL H2.1;;;DF114;Restaura RAM via pendrive;15
01/05/2022;COT2;Transcard;EQ6;CCIT 4.0 FRONTAL H2.1;;;DF101;Ressolda Mbccit;5
01/05/2022;COT2;Transcard;EQ6;CCIT 4.0 FRONTAL H2.1;;;DF41;Enviados para manutenção central CTG;25
01/05/2022;COT2;Transcard;EQ6;CCIT 4.0 FRONTAL H2.1;;;DF272;Subst. Do Touchscreen do módulo;39
01/05/2022;COT1;Transfacil;EQ28;ATM;OP27;TRANSFÁCIL;DF237;Subst. Do Validador de Notas;9
01/05/2022;COT1;Transfacil;EQ28;ATM;OP27;TRANSFÁCIL;DF65;Manutenção Cofre;4
01/05/2022;COT1;Transfacil;EQ28;ATM;OP27;TRANSFÁCIL;DF227;Subst. Do PC ATM;2
01/05/2022;COT1;Transfacil;EQ28;ATM;OP27;TRANSFÁCIL;DF197;Subst. Do Cofre;1
01/05/2022;COT1;Transfacil;EQ28;ATM;OP27;TRANSFÁCIL;DF280;Manutenção no Validador de Notas;4
01/05/2022;COT1;Transfacil;EQ28;ATM;OP27;TRANSFÁCIL;DF228;Subst. Do PDV ATM;1
01/05/2022;COT1;Transfacil;EQ28;ATM;OP27;TRANSFÁCIL;DF212;Subst. Do HD;2
01/05/2022;COT1;Transfacil;EQ28;ATM;OP27;TRANSFÁCIL;DF19;ATM - defeito não confirmado;5
01/05/2022;COT1;Transfacil;EQ28;ATM;OP27;TRANSFÁCIL;DF85;Reinstalação do Drive da Impressora;1
01/05/2022;COT1;Transfacil;EQ28;ATM;OP27;TRANSFÁCIL;DF128;Subst. Da antena Cless;1
01/05/2022;COT1;Transfacil;EQ28;ATM;OP27;TRANSFÁCIL;DF10;Ajuste mecânico fechadura Porta Interna;2
01/05/2022;COT1;Transfacil;EQ6;CCIT 4.0 FRONTAL H2.1;;;DF88;Reparo com formatação e reinst. FW/SW;150
01/05/2022;COT1;Transfacil;EQ6;CCIT 4.0 FRONTAL H2.1;;;DF238;Subst. Do Vidro CCIT V4.0;9
01/05/2022;COT1;Transfacil;EQ6;CCIT 4.0 FRONTAL H2.1;;;DF216;Subst. Do Módulo H2;3
01/05/2022;COT1;Transfacil;EQ6;CCIT 4.0 FRONTAL H2.1;;;DF37;Defeito não encontrado e subst. FW/SW;6
01/05/2022;COT1;Transfacil;EQ6;CCIT 4.0 FRONTAL H2.1;;;DF136;Subst. Da Carcaça inferior;4
01/05/2022;COT1;Transfacil;EQ6;CCIT 4.0 FRONTAL H2.1;;;DF130;Subst. Da Antena WLAN;3
01/05/2022;COT1;Transfacil;EQ6;CCIT 4.0 FRONTAL H2.1;;;DF108;Ressolda no circuito da placa-mãe;2
01/05/2022;COT1;Transfacil;EQ6;CCIT 4.0 FRONTAL H2.1;;;DF133;Subst. Da Campainha CCIT;1
01/05/2022;COT1;Transfacil;EQ6;CCIT 4.0 FRONTAL H2.1;OP13;Estações BRT Move;DF88;Reparo com formatação e reinst. FW/SW;19
01/05/2022;COT1;Transfacil;EQ6;CCIT 4.0 FRONTAL H2.1;OP13;Estações BRT Move;DF238;Subst. Do Vidro CCIT V4.0;1
01/05/2022;COT15;TURIN OURO BRANCO;EQ6;CCIT 4.0 FRONTAL H2.1;OP127;TURIN OURO BRANCO MG;DF88;Reparo com formatação e reinst. FW/SW;8
01/05/2022;COT15;TURIN OURO BRANCO;EQ6;CCIT 4.0 FRONTAL H2.1;OP127;TURIN OURO BRANCO MG;DF169;Subst. De Componente eletrônico;1
01/05/2022;COT14;TURIN OURO PRETO;EQ6;CCIT 4.0 FRONTAL H2.1;OP52;VIAÇÃO TURIN OURO PRETO;DF88;Reparo com formatação e reinst. FW/SW;8
01/05/2022;COT23;UTB;EQ6;CCIT 4.0 FRONTAL H2.1;OP83;UTB;DF41;Envio para manutenção central-CTG;15
01/05/2022;COT1;Transfacil;EQ14;DMX200 MOD H3.1;;;DF41;Envio para manutenção central-CTG;27
01/05/2022;COT1;Transfacil;EQ14;DMX200 MOD H3.1;;;DF88;Reparo com formatação e reinst. FW/SW;107
01/05/2022;COT1;Transfacil;EQ14;DMX200 MOD H3.1;;;DF170;Subst. De Gorila Glass;1
01/05/2022;COT11;Gov. Valadares;EQ13;DMX200L;OP53;VIAÇÃO MOBI;DF88;Reparo com formatação e reinst. FW/SW;5
01/05/2022;COT12;DIVPASS;EQ13;DMX200L;OP124;DIVPASS;DF90;Reparo com formatação e subst. FW/SW;10
01/05/2022;COT12;DIVPASS;EQ13;DMX200L;OP124;DIVPASS;DF41;Envio para manutenção central-CTG;2
01/05/2022;COT3;TEU;EQ14;DMX200 MOD H3.1;;;DF21;Atualização de FW ;18
01/05/2022;COT3;TEU;EQ14;DMX200 MOD H3.1;;;DF115;Restauração da ROM via PC;1
01/05/2022;COT21;Araguarina;EQ13;DMX200L;OP81;VIAÇÃO ARAGUARINA;DF41;Envio para manutenção central-CTG;5
01/05/2022;COT22;Taguatur PM NOVO;EQ39;DMX200L JI21 SEM BATERIA;OP82;TAGUATUR;DF41;Envio para manutenção central-CTG;19
01/05/2022;COT19;SÃO JOÃO;EQ39;DMX200L JI21 SEM BATERIA;OP67;SÃO JOÃO;DF41;Envio para manutenção central-CTG;1
01/05/2022;COT4;Setut;EQ14;DMX200 MOD H3.1;;;DF41;Envio para manutenção central-CTG;2
01/05/2022;COT25;COOTRAPS - CE;EQ14;DMX200 MOD H3.1;OP129;COOTRAPS;DF39;Enviados para manutenção central CTG;10
01/05/2022;COT25;COOTRAPS - CE;EQ14;DMX200 MOD H3.1;OP129;COOTRAPS;DF90;Reparo com formatação e subst. FW/SW;13
01/05/2022;COT24;GVBUS;EQ14;DMX200 MOD H3.1;;;DF41;Envio para manutenção central-CTG;44
01/05/2022;COT24;GVBUS;EQ14;DMX200 MOD H3.1;;;DF46;Formatação da memória e subst. FW;37
01/05/2022;COT24;GVBUS;EQ14;DMX200 MOD H3.1;;;DF292;Ressolda conector USB;25
01/05/2022;COT24;GVBUS;EQ14;DMX200 MOD H3.1;;;DF21;Atualização de FW ;71
01/05/2022;COT1;Transfacil;EQ10;CONNECTION CCIT 4.0;;;DF88;Reparo com formatação e reinst. FW/SW;25
01/05/2022;COT1;Transfacil;EQ10;CONNECTION CCIT 4.0;;;DF37;Defeito não encontrado e subst. FW/SW;1
01/05/2022;COT2;Transcard;EQ10;CONNECTION CCIT 4.0;;;DF46;Formatação da memória e subst. FW;19
01/05/2022;COT2;Transcard;EQ10;CONNECTION CCIT 4.0;;;DF256;Substituição de fusível;3
01/05/2022;COT2;Transcard;EQ10;CONNECTION CCIT 4.0;;;DF206;Subst. Do Conector USB;3
01/05/2022;COT2;Transcard;EQ10;CONNECTION CCIT 4.0;;;DF41;Envio para manutenção central-CTG;4
01/05/2022;COT10;Metropolitano-Bahia;EQ10;CONNECTION CCIT 4.0;OP64;METROPOLITANO SSA;DF21;Atualização de FW ;6
01/05/2022;COT10;Metropolitano-Bahia;EQ10;CONNECTION CCIT 4.0;OP64;METROPOLITANO SSA;DF41;Envio para manutenção central-CTG;3
01/05/2022;COT19;SÃO JOÃO;EQ10;CONNECTION CCIT 4.0;OP67;SÃO JOÃO;DF21;Atualização de FW ;5
01/05/2022;COT20;ROSA TURISMO;EQ10;CONNECTION CCIT 4.0;OP66;ROSA TURISMO;DF21;Atualização de FW ;5
01/05/2022;COT24;GVBUS;EQ10;CONNECTION CCIT 4.0;;;DF41;Envio para manutenção central-CTG;15
01/05/2022;COT24;GVBUS;EQ10;CONNECTION CCIT 4.0;;;DF21;Atualização de FW ;12
01/05/2022;COT3;TEU;EQ22;V3000M;;;DF21;Atualização de FW ;66
01/05/2022;COT3;TEU;EQ22;V3000M;;;DF115;Restauração da ROM via PC;66
01/05/2022;COT3;TEU;EQ22;V3000M;;;DF232;Subst. Do SDCard;6
01/05/2022;COT3;TEU;EQ22;V3000M;;;DF26;Atualização do PIC;3
01/05/2022;COT3;TEU;EQ22;V3000M;;;DF41;Envio para manutenção central-CTG;2
01/05/2022;COT3;TEU;EQ21;V3000L;;;DF21;Atualização de FW ;5
01/05/2022;COT3;TEU;EQ21;V3000L;;;DF115;Restauração da ROM via PC;5
01/05/2022;COT3;TEU;EQ26;V3000M DVR;;;DF21;Atualização de FW ;23
01/05/2022;COT3;TEU;EQ26;V3000M DVR;;;DF115;Restauração da ROM via PC;23
01/05/2022;COT3;TEU;EQ26;V3000M DVR;;;DF232;Subst. Do SDCard;4
01/05/2022;COT3;TEU;EQ26;V3000M DVR;;;DF41;Envio para manutenção central-CTG;5
01/05/2022;COT1;Transfacil;EQ27;UT (FTV 3000);;;DF169;Subst. De Componente eletrônico;12
01/05/2022;COT1;Transfacil;EQ27;UT (FTV 3000);;;DF88;Reparo com formatação e reinst. FW/SW;5
01/05/2022;COT1;Transfacil;EQ27;UT (FTV 3000);;;DF33;Defeito não encontrado - testes e liberação;3
01/05/2022;COT20;Rosa Turismo;EQ31;POS 250;OP66;ROSA TURISMO;DF41;Envio para manutenção central-CTG;2
01/05/2022;COT20;Rosa Turismo;EQ31;POS 250;OP66;ROSA TURISMO;DF46;Formatação da memória e subst. FW;2
01/05/2022;COT19;São João;EQ31;POS 250;OP67;SÃO JOÃO;DF41;Envio para manutenção central-CTG;2
01/05/2022;COT19;São João;EQ31;POS 250;OP67;SÃO JOÃO;DF46;Formatação da memória e subst. FW;2
01/05/2022;COT2;Transcard;EQ31;POS 250;;;DF41;Envio para manutenção central-CTG;7
01/05/2022;COT2;Transcard;EQ31;POS 250;;;DF46;Formatação da memória e subst. FW;1
01/05/2022;COT2;Transcard;EQ31;POS 250;;;DF7;Ajuste do Módulo de Impressão;2
01/05/2022;COT25;COOTRAPS - CE;EQ17;FONTE PM;OP129;COOTRAPS;DF41;Envio para manutenção central-CTG;2
01/06/2022;COT7;Alagoinhas;EQ34;CCIT 4.0 FRONTAL H2.1 C SEM BATERIA;OP68;ALAGOINHAS;DF113;Restaura RAM via PC;3
01/06/2022;COT21;Araguarina;EQ35;CCIT 4.0 FRONTAL H2 COM BATERIA;OP81;VIAÇÃO ARAGUARINA;DF41;Envio para manutenção central-CTG;2
01/06/2022;COT8;CBTU;EQ1;CCIT 3.0;OP47;CBTU - COMPANHIA BRASILEIRA DE TRENS URBANOS;DF88;Reparo com formatação e reinst. FW/SW;6
01/06/2022;COT8;CBTU;EQ1;CCIT 3.0;OP47;CBTU - COMPANHIA BRASILEIRA DE TRENS URBANOS;DF129;Subst. Da Antena Cless e adesivo frontal;1
01/06/2022;COT12;DIVPASS;EQ6;CCIT 4.0 FRONTAL H2.1;OP124;DIVPASS;DF88;Reparo com formatação e reinst. FW/SW;2
01/06/2022;COT12;DIVPASS;EQ6;CCIT 4.0 FRONTAL H2.1;OP124;DIVPASS;DF37;Defeito não encontrado e subst. FW/SW;1
01/06/2022;COT33;FLORIANÓPOLIS;EQ8;CCIT 4.0 FRONTAL JI21 SEM BATERIA;;;DF115;Restauração da ROM via PC;12
01/06/2022;COT24;GVBUS;EQ28;ATM;OP108;GVBUS - SIND. DAS EMP. DE TRANP. METROP. DA GRANDE VITÓRIA;DF262;Retirada de nota ATM e testes;3
01/06/2022;COT24;GVBUS;EQ28;ATM;OP108;GVBUS - SIND. DAS EMP. DE TRANP. METROP. DA GRANDE VITÓRIA;DF78;PC Reiniciado;3
01/06/2022;COT24;GVBUS;EQ28;ATM;OP108;GVBUS - SIND. DAS EMP. DE TRANP. METROP. DA GRANDE VITÓRIA;DF231;Subst. Do PINpad;2
01/06/2022;COT24;GVBUS;EQ28;ATM;OP108;GVBUS - SIND. DAS EMP. DE TRANP. METROP. DA GRANDE VITÓRIA;DF208;Subst. Do Dispenser do cartão;3
01/06/2022;COT24;GVBUS;EQ28;ATM;OP108;GVBUS - SIND. DAS EMP. DE TRANP. METROP. DA GRANDE VITÓRIA;DF218;Subst. Do Monitor;3
01/06/2022;COT24;GVBUS;EQ6;CCIT 4.0 FRONTAL H2.1;;;DF91;Reparo com Gravação de PIC e reinst. Do FW;59
01/06/2022;COT24;GVBUS;EQ6;CCIT 4.0 FRONTAL H2.1;;;DF41;Envio para manutenção central-CTG;35
01/06/2022;COT24;GVBUS;EQ6;CCIT 4.0 FRONTAL H2.1;;;DF21;Atualização de FW ;13
01/06/2022;COT24;GVBUS;EQ6;CCIT 4.0 FRONTAL H2.1;;;DF93;Reparo no módulo;58
01/06/2022;COT6;Metro-Bahia;EQ28;ATM;OP63;METRO-BAHIA;DF143;Subst. da Impressora;4
01/06/2022;COT6;Metro-Bahia;EQ28;ATM;OP63;METRO-BAHIA;DF237;Subst. Do Validador de Notas;23
01/06/2022;COT6;Metro-Bahia;EQ28;ATM;OP63;METRO-BAHIA;DF218;Subst. Do Monitor;1
01/06/2022;COT6;Metro-Bahia;EQ28;ATM;OP63;METRO-BAHIA;DF284;Manutenção PC ATM;1
01/06/2022;COT6;METRO-BAHIA;EQ6;CCIT 4.0 FRONTAL H2.1;OP63;METRO-BAHIA;DF113;Restaura RAM via PC;13
01/06/2022;COT5;METROFOR/ VLT FORTALEZA;EQ38;CCIT 4.0 METROFOR;OP105;METROFOR LINHA SUL;DF41;Envio para manutenção central-CTG;4
01/06/2022;COT5;METROFOR/ VLT FORTALEZA;EQ38;CCIT 4.0 METROFOR;OP105;METROFOR LINHA SUL;DF88;Reparo com formatação e reinst. FW/SW;2
01/06/2022;COT10;Metropolitano-Bahia;EQ6;CCIT 4.0 FRONTAL H2.1;OP64;METROPOLITANO SSA;DF113;Restaura RAM via PC;35
01/06/2022;COT10;Metropolitano-Bahia;EQ6;CCIT 4.0 FRONTAL H2.1;OP64;METROPOLITANO SSA;DF41;Envio para manutenção central-CTG;5
01/06/2022;COT10;Metropolitano-Bahia;EQ6;CCIT 4.0 FRONTAL H2.1;OP64;METROPOLITANO SSA;DF114;Restaura RAM via pendrive;7
01/06/2022;COT10;Metropolitano-Bahia;EQ6;CCIT 4.0 FRONTAL H2.1;OP64;METROPOLITANO SSA;DF272;Subst. Do Touchscreen do módulo;3
01/06/2022;COT20;ROSA TURISMO;EQ36;CCIT 4.0 FRONTAL H1 COM BATERIA;OP66;ROSA TURISMO;DF113;Restaura RAM via PC;7
01/06/2022;COT20;ROSA TURISMO;EQ36;CCIT 4.0 FRONTAL H1 COM BATERIA;OP66;ROSA TURISMO;DF41;Envio para manutenção central-CTG;3
01/06/2022;COT19;SÃO JOÃO;EQ36;CCIT 4.0 FRONTAL H1 COM BATERIA;OP67;SÃO JOÃO;DF113;Restaura RAM via PC;13
01/06/2022;COT19;SÃO JOÃO;EQ36;CCIT 4.0 FRONTAL H1 COM BATERIA;OP67;SÃO JOÃO;DF41;Envio para manutenção central-CTG;5
01/06/2022;COT19;SÃO JOÃO;EQ36;CCIT 4.0 FRONTAL H1 COM BATERIA;OP67;SÃO JOÃO;DF132;Subst. Da Bateria de Lithium;4
01/06/2022;COT19;SÃO JOÃO;EQ36;CCIT 4.0 FRONTAL H1 COM BATERIA;OP67;SÃO JOÃO;DF101;Ressolda Mbccit;2
01/06/2022;COT17;SÃO JORGE - PONTE NOVA;EQ2;CCIT 3.2;OP50;SÃO JORGE AUTO ONIBUS;DF88;Reparo com formatação e reinst. FW/SW;4
01/06/2022;COT4;Setut;EQ6;CCIT 4.0 FRONTAL H2.1;;;DF41;Envio para manutenção central-CTG;29
01/06/2022;COT18;Sindpautras;EQ6;CCIT 4.0 FRONTAL H2.1;OP48;SINDPAUTRAS-SIND. PERM. AUT. TRANSP. SU;DF88;Reparo com formatação e reinst. FW/SW;5
01/06/2022;COT3;TEU;EQ3;CCIT 3.5;;;DF162;Subst. Da Placa Mbccit;1
01/06/2022;COT3;TEU;EQ3;CCIT 3.5;;;DF157;Subst. Da Placa FTCLess;1
01/06/2022;COT3;TEU;EQ36;CCIT 4.0 FRONTAL H1 COM BATERIA;;;DF115;Restauração da ROM via PC;161
01/06/2022;COT3;TEU;EQ36;CCIT 4.0 FRONTAL H1 COM BATERIA;;;DF60;Limpeza de cache;40
01/06/2022;COT3;TEU;EQ36;CCIT 4.0 FRONTAL H1 COM BATERIA;;;DF132;Subst. Da Bateria de Lithium;6
01/06/2022;COT3;TEU;EQ36;CCIT 4.0 FRONTAL H1 COM BATERIA;;;DF41;Envio para manutenção central-CTG;12
01/06/2022;COT3;TEU;EQ36;CCIT 4.0 FRONTAL H1 COM BATERIA;;;DF136;Subst. Da Carcaça inferior;29
01/06/2022;COT2;Transcard;EQ28;ATM;OP61;Setps (Transcard);DF237;Subst. Do Validador de Notas;5
01/06/2022;COT2;Transcard;EQ28;ATM;OP61;Setps (Transcard);DF284;Manutenção PC ATM;2
01/06/2022;COT2;Transcard;EQ28;ATM;OP61;Setps (Transcard);DF142;Subst. Da Fonte Lambda ATM;2
01/06/2022;COT2;Transcard;EQ6;CCIT 4.0 FRONTAL H2.1;;;DF113;Restaura RAM via PC;81
01/06/2022;COT2;Transcard;EQ6;CCIT 4.0 FRONTAL H2.1;;;DF114;Restaura RAM via pendrive;22
01/06/2022;COT2;Transcard;EQ6;CCIT 4.0 FRONTAL H2.1;;;DF101;Ressolda Mbccit;7
01/06/2022;COT2;Transcard;EQ6;CCIT 4.0 FRONTAL H2.1;;;DF41;Enviados para manutenção central CTG;8
01/06/2022;COT2;Transcard;EQ6;CCIT 4.0 FRONTAL H2.1;;;DF272;Subst. Do Touchscreen do módulo;36
01/06/2022;COT1;Transfacil;EQ28;ATM;OP27;TRANSFÁCIL;DF237;Subst. Do Validador de Notas;5
01/06/2022;COT1;Transfacil;EQ28;ATM;OP27;TRANSFÁCIL;DF65;Manutenção Cofre;1
01/06/2022;COT1;Transfacil;EQ28;ATM;OP27;TRANSFÁCIL;DF227;Subst. Do PC ATM;2
01/06/2022;COT1;Transfacil;EQ28;ATM;OP27;TRANSFÁCIL;DF197;Subst. Do Cofre;4
01/06/2022;COT1;Transfacil;EQ28;ATM;OP27;TRANSFÁCIL;DF280;Manutenção no Validador de Notas;4
01/06/2022;COT1;Transfacil;EQ28;ATM;OP27;TRANSFÁCIL;DF19;ATM - defeito não confirmado;9
01/06/2022;COT1;Transfacil;EQ6;CCIT 4.0 FRONTAL H2.1;;;DF88;Reparo com formatação e reinst. FW/SW;109
01/06/2022;COT1;Transfacil;EQ6;CCIT 4.0 FRONTAL H2.1;;;DF238;Subst. Do Vidro CCIT V4.0;15
01/06/2022;COT1;Transfacil;EQ6;CCIT 4.0 FRONTAL H2.1;;;DF216;Subst. Do Módulo H2;2
01/06/2022;COT1;Transfacil;EQ6;CCIT 4.0 FRONTAL H2.1;;;DF37;Defeito não encontrado e subst. FW/SW;4
01/06/2022;COT1;Transfacil;EQ6;CCIT 4.0 FRONTAL H2.1;;;DF130;Subst. Da Antena WLAN;1
01/06/2022;COT1;Transfacil;EQ6;CCIT 4.0 FRONTAL H2.1;;;DF133;Subst. Da Campainha CCIT;1
01/06/2022;COT1;Transfacil;EQ6;CCIT 4.0 FRONTAL H2.1;OP13;Estações BRT Move;DF88;Reparo com formatação e reinst. FW/SW;31
01/06/2022;COT15;TURIN OURO BRANCO;EQ6;CCIT 4.0 FRONTAL H2.1;OP127;TURIN OURO BRANCO MG;DF88;Reparo com formatação e reinst. FW/SW;1
01/06/2022;COT14;TURIN OURO PRETO;EQ6;CCIT 4.0 FRONTAL H2.1;OP52;VIAÇÃO TURIN OURO PRETO;DF88;Reparo com formatação e reinst. FW/SW;1
01/06/2022;COT23;UTB;EQ6;CCIT 4.0 FRONTAL H2.1;OP83;UTB;DF41;Envio para manutenção central-CTG;14
01/06/2022;COT1;Transfacil;EQ14;DMX200 MOD H3.1;;;DF41;Envio para manutenção central-CTG;16
01/06/2022;COT1;Transfacil;EQ14;DMX200 MOD H3.1;;;DF88;Reparo com formatação e reinst. FW/SW;88
01/06/2022;COT1;Transfacil;EQ14;DMX200 MOD H3.1;;;DF170;Subst. De Gorila Glass;1
01/06/2022;COT1;Transfacil;EQ14;DMX200 MOD H3.1;;;DF169;Subst. De Componente eletrônico;8
01/06/2022;COT11;Gov. Valadares;EQ13;DMX200L;OP53;VIAÇÃO MOBI;DF88;Reparo com formatação e reinst. FW/SW;3
01/06/2022;COT11;Gov. Valadares;EQ13;DMX200L;OP53;VIAÇÃO MOBI;DF41;Envio para manutenção central-CTG;3
01/06/2022;COT12;DIVPASS;EQ13;DMX200L;OP124;DIVPASS;DF90;Reparo com formatação e subst. FW/SW;2
01/06/2022;COT20;ROSA TURISMO;EQ39;DMX200L JI21 SEM BATERIA;OP66;ROSA TURISMO;DF115;Restauração da ROM via PC;6
01/06/2022;COT20;ROSA TURISMO;EQ39;DMX200L JI21 SEM BATERIA;OP66;ROSA TURISMO;DF41;Envio para manutenção central-CTG;6
01/06/2022;COT20;ROSA TURISMO;EQ39;DMX200L JI21 SEM BATERIA;OP66;ROSA TURISMO;DF300;Ressolda antena GPRS e slot de chip;3
01/06/2022;COT19;SÃO JOÃO;EQ39;DMX200L JI21 SEM BATERIA;OP67;SÃO JOÃO;DF115;Restauração da ROM via PC;4
01/06/2022;COT19;SÃO JOÃO;EQ39;DMX200L JI21 SEM BATERIA;OP67;SÃO JOÃO;DF41;Envio para manutenção central-CTG;4
01/06/2022;COT19;SÃO JOÃO;EQ39;DMX200L JI21 SEM BATERIA;OP67;SÃO JOÃO;DF300;Ressolda antena GPRS e slot de chip;2
01/06/2022;COT4;Setut;EQ14;DMX200 MOD H3.1;;;DF41;Envio para manutenção central-CTG;14
01/06/2022;COT25;COOTRAPS - CE;EQ14;DMX200 MOD H3.1;OP129;COOTRAPS;DF39;Enviados para manutenção central CTG;17
01/06/2022;COT25;COOTRAPS - CE;EQ14;DMX200 MOD H3.1;OP129;COOTRAPS;DF90;Reparo com formatação e subst. FW/SW;26
01/06/2022;COT3;TEU;EQ14;DMX200 MOD H3.1;;;DF21;Atualização de FW ;1
01/06/2022;COT3;TEU;EQ14;DMX200 MOD H3.1;;;DF115;Restauração da ROM via PC;1
01/06/2022;COT33;FLORIANÓPOLIS;EQ15;DMX200L SEM BATERIA;;;DF21;Atualização de FW ;23
01/06/2022;COT33;FLORIANÓPOLIS;EQ15;DMX200L SEM BATERIA;;;DF115;Restauração da ROM via PC;23
01/06/2022;COT33;FLORIANÓPOLIS;EQ15;DMX200L SEM BATERIA;;;DF297;Subst. PMS;1
01/06/2022;COT33;FLORIANÓPOLIS;EQ15;DMX200L SEM BATERIA;;;DF41;Envio para manutenção central-CTG;5
01/06/2022;COT24;GVBUS;EQ14;DMX200 MOD H3.1;;;DF41;Envio para manutenção central-CTG;85
01/06/2022;COT24;GVBUS;EQ14;DMX200 MOD H3.1;;;DF46;Formatação da memória e subst. FW;92
01/06/2022;COT24;GVBUS;EQ14;DMX200 MOD H3.1;;;DF292;Ressolda conector USB;85
01/06/2022;COT24;GVBUS;EQ14;DMX200 MOD H3.1;;;DF21;Atualização de FW ;88
01/06/2022;COT21;Araguarina;EQ13;DMX200L;OP81;VIAÇÃO ARAGUARINA;DF41;Envio para manutenção central-CTG;5
01/06/2022;COT22;Taguatur PM NOVO;EQ39;DMX200L JI21 SEM BATERIA;OP82;TAGUATUR;DF41;Envio para manutenção central-CTG;24
01/06/2022;COT1;Transfacil;EQ10;CONNECTION CCIT 4.0;;;DF88;Reparo com formatação e reinst. FW/SW;18
01/06/2022;COT2;Transcard;EQ10;CONNECTION CCIT 4.0;;;DF46;Formatação da memória e subst. FW;31
01/06/2022;COT2;Transcard;EQ10;CONNECTION CCIT 4.0;;;DF256;Substituição de fusível;3
01/06/2022;COT2;Transcard;EQ10;CONNECTION CCIT 4.0;;;DF206;Subst. Do Conector USB;1
01/06/2022;COT2;Transcard;EQ10;CONNECTION CCIT 4.0;;;DF41;Envio para manutenção central-CTG;3
01/06/2022;COT2;Transcard;EQ10;CONNECTION CCIT 4.0;;;DF59;Intervenções com Solda;7
01/06/2022;COT19;SÃO JOÃO;EQ10;CONNECTION CCIT 4.0;OP67;SÃO JOÃO;DF21;Atualização de FW ;3
01/06/2022;COT4;Setut;EQ10;CONNECTION CCIT 4.0;;;DF41;Envio para manutenção central-CTG;2
01/06/2022;COT24;GVBUS;EQ10;CONNECTION CCIT 4.0;;;DF41;Envio para manutenção central-CTG;5
01/06/2022;COT24;GVBUS;EQ10;CONNECTION CCIT 4.0;;;DF21;Atualização de FW ;3
01/06/2022;COT3;TEU;EQ22;V3000M;;;DF21;Atualização de FW ;51
01/06/2022;COT3;TEU;EQ22;V3000M;;;DF115;Restauração da ROM via PC;51
01/06/2022;COT3;TEU;EQ22;V3000M;;;DF41;Envio para manutenção central-CTG;1
01/06/2022;COT3;TEU;EQ21;V3000L;;;DF21;Atualização de FW ;1
01/06/2022;COT3;TEU;EQ21;V3000L;;;DF115;Restauração da ROM via PC;1
01/06/2022;COT3;TEU;EQ26;V3000M DVR;;;DF21;Atualização de FW ;13
01/06/2022;COT3;TEU;EQ26;V3000M DVR;;;DF115;Restauração da ROM via PC;13
01/06/2022;COT3;TEU;EQ26;V3000M DVR;;;DF41;Envio para manutenção central-CTG;3
01/06/2022;COT1;Transfacil;EQ27;UT (FTV 3000);;;DF169;Subst. De Componente eletrônico;5
01/06/2022;COT1;Transfacil;EQ27;UT (FTV 3000);;;DF88;Reparo com formatação e reinst. FW/SW;1
01/06/2022;COT24;GVBUS;EQ33;POS MOVE 2500;;;DF41;Envio para manutenção central-CTG;19
01/06/2022;COT20;Rosa Turismo;EQ31;POS 250;OP66;ROSA TURISMO;DF41;Envio para manutenção central-CTG;1
01/06/2022;COT20;Rosa Turismo;EQ31;POS 250;OP66;ROSA TURISMO;DF46;Formatação da memória e subst. FW;3
01/06/2022;COT19;São João;EQ31;POS 250;OP67;SÃO JOÃO;DF41;Envio para manutenção central-CTG;2
01/06/2022;COT19;São João;EQ31;POS 250;OP67;SÃO JOÃO;DF46;Formatação da memória e subst. FW;1
01/06/2022;COT2;Transcard;EQ31;POS 250;;;DF41;Envio para manutenção central-CTG;4
01/06/2022;COT2;Transcard;EQ31;POS 250;;;DF46;Formatação da memória e subst. FW;1
01/07/2022;COT7;Alagoinhas;EQ34;CCIT 4.0 FRONTAL H2.1 C SEM BATERIA;OP68;ALAGOINHAS;DF113;Restaura RAM via PC;3
01/07/2022;COT8;CBTU;EQ1;CCIT 3.0;OP47;CBTU - COMPANHIA BRASILEIRA DE TRENS URBANOS;DF88;Reparo com formatação e reinst. FW/SW;5
01/07/2022;COT8;CBTU;EQ1;CCIT 3.0;OP47;CBTU - COMPANHIA BRASILEIRA DE TRENS URBANOS;DF211;Subst. Do Equipamento completo;3
01/07/2022;COT27;Cidade das Águas;EQ6;CCIT 4.0 FRONTAL H2.1;OP128;VIAÇÃO CIDADE DAS ÁGUAS;DF113;Restaura RAM via PC;2
01/07/2022;COT33;FLORIANÓPOLIS;EQ8;CCIT 4.0 FRONTAL JI21 SEM BATERIA;;;DF41;Envio para manutenção central-CTG;1
01/07/2022;COT33;FLORIANÓPOLIS;EQ8;CCIT 4.0 FRONTAL JI21 SEM BATERIA;;;DF115;Restauração da ROM via PC;10
01/07/2022;COT11;Gov. Valadares;EQ6;CCIT 4.0 FRONTAL H2.1;OP53;VIAÇÃO MOBI;DF88;Reparo com formatação e reinst. FW/SW;5
01/07/2022;COT11;Gov. Valadares;EQ6;CCIT 4.0 FRONTAL H2.1;OP53;VIAÇÃO MOBI;DF37;Defeito não encontrado e subst. FW/SW;3
01/07/2022;COT11;Gov. Valadares;EQ6;CCIT 4.0 FRONTAL H2.1;OP53;VIAÇÃO MOBI;DF272;Subst. Do Touchscreen do módulo;2
01/07/2022;COT24;GVBUS;EQ28;ATM;OP108;GVBUS - SIND. DAS EMP. DE TRANP. METROP. DA GRANDE VITÓRIA;DF262;Retirada de nota ATM e testes;2
01/07/2022;COT24;GVBUS;EQ28;ATM;OP108;GVBUS - SIND. DAS EMP. DE TRANP. METROP. DA GRANDE VITÓRIA;DF78;PC Reiniciado;6
01/07/2022;COT24;GVBUS;EQ28;ATM;OP108;GVBUS - SIND. DAS EMP. DE TRANP. METROP. DA GRANDE VITÓRIA;DF231;Subst. Do PINpad;2
01/07/2022;COT24;GVBUS;EQ28;ATM;OP108;GVBUS - SIND. DAS EMP. DE TRANP. METROP. DA GRANDE VITÓRIA;DF299;Subst. De UPEX ATM;3
01/07/2022;COT24;GVBUS;EQ6;CCIT 4.0 FRONTAL H2.1;;;DF91;Reparo com Gravação de PIC e reinst. Do FW;9
01/07/2022;COT24;GVBUS;EQ6;CCIT 4.0 FRONTAL H2.1;;;DF41;Envio para manutenção central-CTG;31
01/07/2022;COT24;GVBUS;EQ6;CCIT 4.0 FRONTAL H2.1;;;DF21;Atualização de FW ;42
01/07/2022;COT24;GVBUS;EQ6;CCIT 4.0 FRONTAL H2.1;;;DF93;Reparo no módulo;9
01/07/2022;COT6;Metro-Bahia;EQ28;ATM;OP63;METRO-BAHIA;DF237;Subst. Do Validador de Notas;17
01/07/2022;COT6;Metro-Bahia;EQ28;ATM;OP63;METRO-BAHIA;DF143;Subst. da Impressora;10
01/07/2022;COT6;Metro-Bahia;EQ28;ATM;OP63;METRO-BAHIA;DF284;Manutenção PC ATM;1
01/07/2022;COT6;Metro-Bahia;EQ28;ATM;OP63;METRO-BAHIA;DF69;Manutenção no Sensor de Porta;1
01/07/2022;COT6;Metro-Bahia;EQ28;ATM;OP63;METRO-BAHIA;DF228;Subst. Do PDV ATM;2
01/07/2022;COT6;METRO-BAHIA;EQ6;CCIT 4.0 FRONTAL H2.1;OP63;METRO-BAHIA;DF113;Restaura RAM via PC;1
01/07/2022;COT5;METROFOR/ VLT FORTALEZA;EQ38;CCIT 4.0 METROFOR;OP105;METROFOR LINHA SUL;DF41;Envio para manutenção central-CTG;19
01/07/2022;COT5;METROFOR/ VLT FORTALEZA;EQ38;CCIT 4.0 METROFOR;OP105;METROFOR LINHA SUL;DF88;Reparo com formatação e reinst. FW/SW;3
01/07/2022;COT10;Metropolitano-Bahia;EQ6;CCIT 4.0 FRONTAL H2.1;OP64;METROPOLITANO SSA;DF113;Restaura RAM via PC;27
01/07/2022;COT10;Metropolitano-Bahia;EQ6;CCIT 4.0 FRONTAL H2.1;OP64;METROPOLITANO SSA;DF41;Envio para manutenção central-CTG;4
01/07/2022;COT10;Metropolitano-Bahia;EQ6;CCIT 4.0 FRONTAL H2.1;OP64;METROPOLITANO SSA;DF114;Restaura RAM via pendrive;13
01/07/2022;COT20;ROSA TURISMO;EQ36;CCIT 4.0 FRONTAL H1 COM BATERIA;OP66;ROSA TURISMO;DF113;Restaura RAM via PC;7
01/07/2022;COT19;SÃO JOÃO;EQ36;CCIT 4.0 FRONTAL H1 COM BATERIA;OP67;SÃO JOÃO;DF113;Restaura RAM via PC;13
01/07/2022;COT19;SÃO JOÃO;EQ36;CCIT 4.0 FRONTAL H1 COM BATERIA;OP67;SÃO JOÃO;DF41;Envio para manutenção central-CTG;2
01/07/2022;COT19;SÃO JOÃO;EQ36;CCIT 4.0 FRONTAL H1 COM BATERIA;OP67;SÃO JOÃO;DF286;Subst. Tela;2
01/07/2022;COT19;SÃO JOÃO;EQ36;CCIT 4.0 FRONTAL H1 COM BATERIA;OP67;SÃO JOÃO;DF101;Ressolda Mbccit;1
01/07/2022;COT4;Setut;EQ6;CCIT 4.0 FRONTAL H2.1;;;DF41;Envio para manutenção central-CTG;9
01/07/2022;COT18;Sindpautras;EQ6;CCIT 4.0 FRONTAL H2.1;OP48;SINDPAUTRAS-SIND. PERM. AUT. TRANSP. SU;DF88;Reparo com formatação e reinst. FW/SW;21
01/07/2022;COT22;Taguatur;EQ35;CCIT 4.0 FRONTAL H2 COM BATERIA;OP82;TAGUATUR;DF41;Envio para manutenção central-CTG;8
01/07/2022;COT3;TEU;EQ3;CCIT 3.5;;;DF162;Subst. Da Placa Mbccit;1
01/07/2022;COT3;TEU;EQ3;CCIT 3.5;;;DF157;Subst. Da Placa FTCLess;1
01/07/2022;COT3;TEU;EQ36;CCIT 4.0 FRONTAL H1 COM BATERIA;;;DF115;Restauração da ROM via PC;124
01/07/2022;COT3;TEU;EQ36;CCIT 4.0 FRONTAL H1 COM BATERIA;;;DF60;Limpeza de cache;91
01/07/2022;COT3;TEU;EQ36;CCIT 4.0 FRONTAL H1 COM BATERIA;;;DF132;Subst. Da Bateria de Lithium;35
01/07/2022;COT3;TEU;EQ36;CCIT 4.0 FRONTAL H1 COM BATERIA;;;DF41;Envio para manutenção central-CTG;21
01/07/2022;COT3;TEU;EQ36;CCIT 4.0 FRONTAL H1 COM BATERIA;;;DF136;Subst. Da Carcaça inferior;40
01/07/2022;COT3;TEU;EQ36;CCIT 4.0 FRONTAL H1 COM BATERIA;;;DF114;Restaura RAM via pendrive;12
01/07/2022;COT2;Transcard;EQ28;ATM;OP61;Setps (Transcard);DF237;Subst. Do Validador de Notas;4
01/07/2022;COT2;Transcard;EQ28;ATM;OP61;Setps (Transcard);DF7;Ajuste do Módulo de Impressão;2
01/07/2022;COT2;Transcard;EQ28;ATM;OP61;Setps (Transcard);DF143;Subst. da Impressora;3
01/07/2022;COT2;Transcard;EQ28;ATM;OP61;Setps (Transcard);DF228;Subst. Do PDV ATM;2
01/07/2022;COT2;Transcard;EQ28;ATM;OP61;Setps (Transcard);DF231;Subst. Do PINpad;2
01/07/2022;COT2;Transcard;EQ6;CCIT 4.0 FRONTAL H2.1;;;DF113;Restaura RAM via PC;77
01/07/2022;COT2;Transcard;EQ6;CCIT 4.0 FRONTAL H2.1;;;DF114;Restaura RAM via pendrive;19
01/07/2022;COT2;Transcard;EQ6;CCIT 4.0 FRONTAL H2.1;;;DF101;Ressolda Mbccit;5
01/07/2022;COT2;Transcard;EQ6;CCIT 4.0 FRONTAL H2.1;;;DF41;Enviados para manutenção central CTG;10
01/07/2022;COT2;Transcard;EQ6;CCIT 4.0 FRONTAL H2.1;;;DF272;Subst. Do Touchscreen do módulo;35
01/07/2022;COT1;Transfacil;EQ28;ATM;OP27;TRANSFÁCIL;DF237;Subst. Do Validador de Notas;11
01/07/2022;COT1;Transfacil;EQ28;ATM;OP27;TRANSFÁCIL;DF19;ATM - defeito não confirmado;7
01/07/2022;COT1;Transfacil;EQ28;ATM;OP27;TRANSFÁCIL;DF283;Subst. Tampa Plastico Validador de Notas;2
01/07/2022;COT1;Transfacil;EQ28;ATM;OP27;TRANSFÁCIL;DF143;Subst. da Impressora;2
01/07/2022;COT1;Transfacil;EQ28;ATM;OP27;TRANSFÁCIL;DF67;Manutenção na Impressora;1
01/07/2022;COT1;Transfacil;EQ28;ATM;OP27;TRANSFÁCIL;DF301;Reativação da chave do Windows;1
01/07/2022;COT1;Transfacil;EQ6;CCIT 4.0 FRONTAL H2.1;;;DF88;Reparo com formatação e reinst. FW/SW;150
01/07/2022;COT1;Transfacil;EQ6;CCIT 4.0 FRONTAL H2.1;;;DF238;Subst. Do Vidro CCIT V4.0;9
01/07/2022;COT1;Transfacil;EQ6;CCIT 4.0 FRONTAL H2.1;;;DF37;Defeito não encontrado e subst. FW/SW;11
01/07/2022;COT1;Transfacil;EQ6;CCIT 4.0 FRONTAL H2.1;;;DF133;Subst. Da Campainha CCIT;2
01/07/2022;COT1;Transfacil;EQ6;CCIT 4.0 FRONTAL H2.1;OP13;Estações BRT Move;DF88;Reparo com formatação e reinst. FW/SW;46
01/07/2022;COT1;Transfacil;EQ6;CCIT 4.0 FRONTAL H2.1;OP13;Estações BRT Move;DF133;Subst. Da Campainha CCIT;1
01/07/2022;COT1;Transfacil;EQ14;DMX200 MOD H3.1;;;DF41;Envio para manutenção central-CTG;21
01/07/2022;COT1;Transfacil;EQ14;DMX200 MOD H3.1;;;DF88;Reparo com formatação e reinst. FW/SW;75
01/07/2022;COT1;Transfacil;EQ14;DMX200 MOD H3.1;;;DF170;Subst. De Gorila Glass;2
01/07/2022;COT11;Gov. Valadares;EQ13;DMX200L;OP53;VIAÇÃO MOBI;DF88;Reparo com formatação e reinst. FW/SW;15
01/07/2022;COT12;DIVPASS;EQ13;DMX200L;OP124;DIVPASS;DF90;Reparo com formatação e subst. FW/SW;10
01/07/2022;COT3;TEU;EQ14;DMX200 MOD H3.1;;;DF21;Atualização de FW ;12
01/07/2022;COT3;TEU;EQ14;DMX200 MOD H3.1;;;DF115;Restauração da ROM via PC;12
01/07/2022;COT3;TEU;EQ14;DMX200 MOD H3.1;;;DF41;Envio para manutenção central-CTG;3
01/07/2022;COT33;FLORIANÓPOLIS;EQ15;DMX200L SEM BATERIA;;;DF21;Atualização de FW ;22
01/07/2022;COT33;FLORIANÓPOLIS;EQ15;DMX200L SEM BATERIA;;;DF115;Restauração da ROM via PC;10
01/07/2022;COT33;FLORIANÓPOLIS;EQ15;DMX200L SEM BATERIA;;;DF41;Envio para manutenção central-CTG;3
01/07/2022;COT22;Taguatur PM NOVO;EQ39;DMX200L JI21 SEM BATERIA;OP82;TAGUATUR;DF41;Envio para manutenção central-CTG;15
01/07/2022;COT19;SÃO JOÃO;EQ39;DMX200L JI21 SEM BATERIA;OP67;SÃO JOÃO;DF115;Restauração da ROM via PC;3
01/07/2022;COT19;SÃO JOÃO;EQ39;DMX200L JI21 SEM BATERIA;OP67;SÃO JOÃO;DF41;Envio para manutenção central-CTG;4
01/07/2022;COT19;SÃO JOÃO;EQ39;DMX200L JI21 SEM BATERIA;OP67;SÃO JOÃO;DF300;Ressolda antena GPRS e slot de chip;3
01/07/2022;COT19;SÃO JOÃO;EQ39;DMX200L JI21 SEM BATERIA;OP67;SÃO JOÃO;DF302;Instalação de 2o capacitor em paralelo;13
01/07/2022;COT20;ROSA TURISMO;EQ39;DMX200L JI21 SEM BATERIA;OP66;ROSA TURISMO;DF115;Restauração da ROM via PC;3
01/07/2022;COT20;ROSA TURISMO;EQ39;DMX200L JI21 SEM BATERIA;OP66;ROSA TURISMO;DF41;Envio para manutenção central-CTG;3
01/07/2022;COT20;ROSA TURISMO;EQ39;DMX200L JI21 SEM BATERIA;OP66;ROSA TURISMO;DF300;Ressolda antena GPRS e slot de chip;2
01/07/2022;COT20;ROSA TURISMO;EQ39;DMX200L JI21 SEM BATERIA;OP66;ROSA TURISMO;DF302;Instalação de 2o capacitor em paralelo;13
01/07/2022;COT25;COOTRAPS - CE;EQ14;DMX200 MOD H3.1;OP129;COOTRAPS;DF39;Enviados para manutenção central CTG;7
01/07/2022;COT25;COOTRAPS - CE;EQ14;DMX200 MOD H3.1;OP129;COOTRAPS;DF90;Reparo com formatação e subst. FW/SW;10
01/07/2022;COT24;GVBUS;EQ14;DMX200 MOD H3.1;;;DF41;Envio para manutenção central-CTG;77
01/07/2022;COT24;GVBUS;EQ14;DMX200 MOD H3.1;;;DF46;Formatação da memória e subst. FW;8
01/07/2022;COT24;GVBUS;EQ14;DMX200 MOD H3.1;;;DF292;Ressolda conector USB;110
01/07/2022;COT24;GVBUS;EQ14;DMX200 MOD H3.1;;;DF21;Atualização de FW ;30
01/07/2022;COT1;Transfacil;EQ10;CONNECTION CCIT 4.0;;;DF88;Reparo com formatação e reinst. FW/SW;29
01/07/2022;COT2;Transcard;EQ10;CONNECTION CCIT 4.0;;;DF46;Formatação da memória e subst. FW;25
01/07/2022;COT2;Transcard;EQ10;CONNECTION CCIT 4.0;;;DF256;Substituição de fusível;3
01/07/2022;COT2;Transcard;EQ10;CONNECTION CCIT 4.0;;;DF41;Envio para manutenção central-CTG;5
01/07/2022;COT10;Metropolitano-Bahia;EQ10;CONNECTION CCIT 4.0;OP64;METROPOLITANO SSA;DF41;Envio para manutenção central-CTG;3
01/07/2022;COT19;SÃO JOÃO;EQ10;CONNECTION CCIT 4.0;OP67;SÃO JOÃO;DF21;Atualização de FW ;2
01/07/2022;COT20;ROSA TURISMO;EQ10;CONNECTION CCIT 4.0;OP66;ROSA TURISMO;DF41;Envio para manutenção central-CTG;1
01/07/2022;COT4;Setut;EQ10;CONNECTION CCIT 4.0;;;DF41;Envio para manutenção central-CTG;11
01/07/2022;COT24;GVBUS;EQ10;CONNECTION CCIT 4.0;;;DF41;Envio para manutenção central-CTG;8
01/07/2022;COT24;GVBUS;EQ10;CONNECTION CCIT 4.0;;;DF21;Atualização de FW ;3
01/07/2022;COT3;TEU;EQ22;V3000M;;;DF21;Atualização de FW ;41
01/07/2022;COT3;TEU;EQ22;V3000M;;;DF115;Restauração da ROM via PC;41
01/07/2022;COT3;TEU;EQ22;V3000M;;;DF232;Subst. Do SDCard;4
01/07/2022;COT3;TEU;EQ22;V3000M;;;DF26;Atualização do PIC;2
01/07/2022;COT3;TEU;EQ22;V3000M;;;DF41;Envio para manutenção central-CTG;1
01/07/2022;COT3;TEU;EQ21;V3000L;;;DF21;Atualização de FW ;1
01/07/2022;COT3;TEU;EQ21;V3000L;;;DF115;Restauração da ROM via PC;1
01/07/2022;COT3;TEU;EQ26;V3000M DVR;;;DF21;Atualização de FW ;49
01/07/2022;COT3;TEU;EQ26;V3000M DVR;;;DF115;Restauração da ROM via PC;46
01/07/2022;COT3;TEU;EQ26;V3000M DVR;;;DF232;Subst. Do SDCard;2
01/07/2022;COT3;TEU;EQ26;V3000M DVR;;;DF41;Envio para manutenção central-CTG;3
01/07/2022;COT1;Transfacil;EQ27;UT (FTV 3000);;;DF169;Subst. De Componente eletrônico;8
01/07/2022;COT24;GVBUS;EQ33;POS MOVE 2500;;;DF41;Envio para manutenção central-CTG;16
01/07/2022;COT2;Transcard;EQ31;POS 250;;;DF41;Envio para manutenção central-CTG;7
01/07/2022;COT2;Transcard;EQ31;POS 250;;;DF46;Formatação da memória e subst. FW;7
01/08/2022;COT8;CBTU;EQ1;CCIT 3.0;OP47;CBTU - COMPANHIA BRASILEIRA DE TRENS URBANOS;DF88;Reparo com formatação e reinst. FW/SW;2
01/08/2022;COT12;DIVPASS;EQ6;CCIT 4.0 FRONTAL H2.1;OP124;DIVPASS;DF88;Reparo com formatação e reinst. FW/SW;17
01/08/2022;COT12;DIVPASS;EQ6;CCIT 4.0 FRONTAL H2.1;OP124;DIVPASS;DF37;Defeito não encontrado e subst. FW/SW;1
01/08/2022;COT12;DIVPASS;EQ6;CCIT 4.0 FRONTAL H2.1;OP124;DIVPASS;DF238;Subst. Do Vidro CCIT V4.0;1
01/08/2022;COT33;FLORIANÓPOLIS;EQ8;CCIT 4.0 FRONTAL JI21 SEM BATERIA;;;DF41;Envio para manutenção central-CTG;4
01/08/2022;COT33;FLORIANÓPOLIS;EQ8;CCIT 4.0 FRONTAL JI21 SEM BATERIA;;;DF115;Restauração da ROM via PC;7
01/08/2022;COT11;Gov. Valadares;EQ6;CCIT 4.0 FRONTAL H2.1;OP53;VIAÇÃO MOBI;DF88;Reparo com formatação e reinst. FW/SW;11
01/08/2022;COT11;Gov. Valadares;EQ6;CCIT 4.0 FRONTAL H2.1;OP53;VIAÇÃO MOBI;DF210;Subst. Do Display CCIT;1
01/08/2022;COT11;Gov. Valadares;EQ6;CCIT 4.0 FRONTAL H2.1;OP53;VIAÇÃO MOBI;DF276;Subst. Placa do Módulo;1
01/08/2022;COT24;GVBUS;EQ28;ATM;OP108;GVBUS - SIND. DAS EMP. DE TRANP. METROP. DA GRANDE VITÓRIA;DF262;Retirada de nota ATM e testes;4
01/08/2022;COT24;GVBUS;EQ28;ATM;OP108;GVBUS - SIND. DAS EMP. DE TRANP. METROP. DA GRANDE VITÓRIA;DF78;PC Reiniciado;4
01/08/2022;COT24;GVBUS;EQ28;ATM;OP108;GVBUS - SIND. DAS EMP. DE TRANP. METROP. DA GRANDE VITÓRIA;DF299;Subst. De UPEX ATM;4
01/08/2022;COT24;GVBUS;EQ28;ATM;OP108;GVBUS - SIND. DAS EMP. DE TRANP. METROP. DA GRANDE VITÓRIA;DF143;Subst. da Impressora;1
01/08/2022;COT24;GVBUS;EQ28;ATM;OP108;GVBUS - SIND. DAS EMP. DE TRANP. METROP. DA GRANDE VITÓRIA;DF208;Subst. Do Dispenser do cartão;1
01/08/2022;COT24;GVBUS;EQ6;CCIT 4.0 FRONTAL H2.1;;;DF91;Reparo com Gravação de PIC e reinst. Do FW;81
01/08/2022;COT24;GVBUS;EQ6;CCIT 4.0 FRONTAL H2.1;;;DF41;Envio para manutenção central-CTG;14
01/08/2022;COT24;GVBUS;EQ6;CCIT 4.0 FRONTAL H2.1;;;DF21;Atualização de FW ;81
01/08/2022;COT6;Metro-Bahia;EQ28;ATM;OP63;METRO-BAHIA;DF237;Subst. Do Validador de Notas;30
01/08/2022;COT6;Metro-Bahia;EQ28;ATM;OP63;METRO-BAHIA;DF143;Subst. da Impressora;3
01/08/2022;COT6;Metro-Bahia;EQ28;ATM;OP63;METRO-BAHIA;DF284;Manutenção PC ATM;1
01/08/2022;COT6;METRO-BAHIA;EQ6;CCIT 4.0 FRONTAL H2.1;OP63;METRO-BAHIA;DF113;Restaura RAM via PC;3
01/08/2022;COT5;METROFOR/ VLT FORTALEZA;EQ38;CCIT 4.0 METROFOR;OP105;METROFOR LINHA SUL;DF41;Envio para manutenção central-CTG;18
01/08/2022;COT10;Metropolitano-Bahia;EQ6;CCIT 4.0 FRONTAL H2.1;OP64;METROPOLITANO SSA;DF41;Envio para manutenção central-CTG;3
01/08/2022;COT20;ROSA TURISMO;EQ36;CCIT 4.0 FRONTAL H1 COM BATERIA;OP66;ROSA TURISMO;DF113;Restaura RAM via PC;4
01/08/2022;COT20;ROSA TURISMO;EQ36;CCIT 4.0 FRONTAL H1 COM BATERIA;OP66;ROSA TURISMO;DF41;Envio para manutenção central-CTG;3
01/08/2022;COT19;SÃO JOÃO;EQ36;CCIT 4.0 FRONTAL H1 COM BATERIA;OP67;SÃO JOÃO;DF113;Restaura RAM via PC;5
01/08/2022;COT19;SÃO JOÃO;EQ36;CCIT 4.0 FRONTAL H1 COM BATERIA;OP67;SÃO JOÃO;DF41;Envio para manutenção central-CTG;3
01/08/2022;COT4;Setut;EQ6;CCIT 4.0 FRONTAL H2.1;;;DF41;Envio para manutenção central-CTG;5
01/08/2022;COT4;Setut;EQ6;CCIT 4.0 FRONTAL H2.1;;;DF113;Restaura RAM via PC;2
01/08/2022;COT18;Sindpautras;EQ6;CCIT 4.0 FRONTAL H2.1;OP48;SINDPAUTRAS-SIND. PERM. AUT. TRANSP. SU;DF88;Reparo com formatação e reinst. FW/SW;18
01/08/2022;COT22;Taguatur;EQ35;CCIT 4.0 FRONTAL H2 COM BATERIA;OP82;TAGUATUR;DF41;Envio para manutenção central-CTG;2
01/08/2022;COT3;TEU;EQ3;CCIT 3.5;;;DF162;Subst. Da Placa Mbccit;2
01/08/2022;COT3;TEU;EQ3;CCIT 3.5;;;DF157;Subst. Da Placa FTCLess;2
01/08/2022;COT3;TEU;EQ36;CCIT 4.0 FRONTAL H1 COM BATERIA;;;DF115;Restauração da ROM via PC;112
01/08/2022;COT3;TEU;EQ36;CCIT 4.0 FRONTAL H1 COM BATERIA;;;DF60;Limpeza de cache;52
01/08/2022;COT3;TEU;EQ36;CCIT 4.0 FRONTAL H1 COM BATERIA;;;DF132;Subst. Da Bateria de Lithium;29
01/08/2022;COT3;TEU;EQ36;CCIT 4.0 FRONTAL H1 COM BATERIA;;;DF41;Envio para manutenção central-CTG;12
01/08/2022;COT3;TEU;EQ36;CCIT 4.0 FRONTAL H1 COM BATERIA;;;DF136;Subst. Da Carcaça inferior;35
01/08/2022;COT3;TEU;EQ36;CCIT 4.0 FRONTAL H1 COM BATERIA;;;DF114;Restaura RAM via pendrive;5
01/08/2022;COT2;Transcard;EQ28;ATM;OP61;Setps (Transcard);DF237;Subst. Do Validador de Notas;2
01/08/2022;COT2;Transcard;EQ28;ATM;OP61;Setps (Transcard);DF228;Subst. Do PDV ATM;2
01/08/2022;COT2;Transcard;EQ28;ATM;OP61;Setps (Transcard);DF231;Subst. Do PINpad;1
01/08/2022;COT2;Transcard;EQ6;CCIT 4.0 FRONTAL H2.1;;;DF113;Restaura RAM via PC;34
01/08/2022;COT2;Transcard;EQ6;CCIT 4.0 FRONTAL H2.1;;;DF114;Restaura RAM via pendrive;8
01/08/2022;COT2;Transcard;EQ6;CCIT 4.0 FRONTAL H2.1;;;DF101;Ressolda Mbccit;5
01/08/2022;COT2;Transcard;EQ6;CCIT 4.0 FRONTAL H2.1;;;DF41;Enviados para manutenção central CTG;10
01/08/2022;COT2;Transcard;EQ6;CCIT 4.0 FRONTAL H2.1;;;DF272;Subst. Do Touchscreen do módulo;12
01/08/2022;COT1;Transfacil;EQ28;ATM;OP27;TRANSFÁCIL;DF237;Subst. Do Validador de Notas;5
01/08/2022;COT1;Transfacil;EQ28;ATM;OP27;TRANSFÁCIL;DF19;ATM - defeito não confirmado;3
01/08/2022;COT1;Transfacil;EQ28;ATM;OP27;TRANSFÁCIL;DF143;Subst. da Impressora;1
01/08/2022;COT1;Transfacil;EQ28;ATM;OP27;TRANSFÁCIL;DF258;Subst. Da Cabeça de Impressão;1
01/08/2022;COT1;Transfacil;EQ28;ATM;OP27;TRANSFÁCIL;DF228;Subst. Do PDV ATM;1
01/08/2022;COT1;Transfacil;EQ28;ATM;OP27;TRANSFÁCIL;DF257;Manut. no Validador de Notas;1
01/08/2022;COT1;Transfacil;EQ28;ATM;OP27;TRANSFÁCIL;DF5;Ajuste da porta Externa;1
01/08/2022;COT1;Transfacil;EQ28;ATM;OP27;TRANSFÁCIL;DF69;Manutenção no Sensor de Porta;1
01/08/2022;COT1;Transfacil;EQ6;CCIT 4.0 FRONTAL H2.1;;;DF88;Reparo com formatação e reinst. FW/SW;130
01/08/2022;COT1;Transfacil;EQ6;CCIT 4.0 FRONTAL H2.1;;;DF238;Subst. Do Vidro CCIT V4.0;11
01/08/2022;COT1;Transfacil;EQ6;CCIT 4.0 FRONTAL H2.1;;;DF37;Defeito não encontrado e subst. FW/SW;7
01/08/2022;COT1;Transfacil;EQ6;CCIT 4.0 FRONTAL H2.1;;;DF133;Subst. Da Campainha CCIT;2
01/08/2022;COT1;Transfacil;EQ6;CCIT 4.0 FRONTAL H2.1;;;DF130;Subst. Da Antena WLAN;14
01/08/2022;COT1;Transfacil;EQ6;CCIT 4.0 FRONTAL H2.1;;;DF216;Subst. Do Módulo H2;3
01/08/2022;COT1;Transfacil;EQ6;CCIT 4.0 FRONTAL H2.1;;;DF135;Subst. Da Carcaça frontal;1
01/08/2022;COT1;Transfacil;EQ6;CCIT 4.0 FRONTAL H2.1;OP13;Estações BRT Move;DF88;Reparo com formatação e reinst. FW/SW;54
01/08/2022;COT1;Transfacil;EQ6;CCIT 4.0 FRONTAL H2.1;OP13;Estações BRT Move;DF131;Subst. Da Antena Wlan do CCIT;4
01/08/2022;COT1;Transfacil;EQ6;CCIT 4.0 FRONTAL H2.1;OP13;Estações BRT Move;DF169;Subst. De Componente eletrônico;1
01/08/2022;COT1;Transfacil;EQ6;CCIT 4.0 FRONTAL H2.1;OP13;Estações BRT Move;DF136;Subst. Da Carcaça inferior;1
01/08/2022;COT14;TURIN OURO PRETO;EQ6;CCIT 4.0 FRONTAL H2.1;OP52;VIAÇÃO TURIN OURO PRETO;DF88;Reparo com formatação e reinst. FW/SW;9
01/08/2022;COT23;UTB;EQ6;CCIT 4.0 FRONTAL H2.1;OP83;UTB;DF41;Envio para manutenção central-CTG;7
01/08/2022;COT16;Via Ouro;EQ6;CCIT 4.0 FRONTAL H2.1;OP49;VIA OURO COLETIVOS LTDA;DF90;Reparo com formatação e subst. FW/SW;3
01/08/2022;COT24;GVBUS;EQ14;DMX200 MOD H3.1;;;DF41;Envio para manutenção central-CTG;39
01/08/2022;COT24;GVBUS;EQ14;DMX200 MOD H3.1;;;DF46;Formatação da memória e subst. FW;10
01/08/2022;COT24;GVBUS;EQ14;DMX200 MOD H3.1;;;DF292;Ressolda conector USB;61
01/08/2022;COT24;GVBUS;EQ14;DMX200 MOD H3.1;;;DF21;Atualização de FW ;155
01/08/2022;COT1;Transfacil;EQ14;DMX200 MOD H3.1;;;DF41;Envio para manutenção central-CTG;12
01/08/2022;COT1;Transfacil;EQ14;DMX200 MOD H3.1;;;DF88;Reparo com formatação e reinst. FW/SW;83
01/08/2022;COT1;Transfacil;EQ14;DMX200 MOD H3.1;;;DF170;Subst. De Gorila Glass;1
01/08/2022;COT11;Gov. Valadares;EQ13;DMX200L;OP53;VIAÇÃO MOBI;DF88;Reparo com formatação e reinst. FW/SW;12
01/08/2022;COT12;DIVPASS;EQ13;DMX200L;OP124;DIVPASS;DF90;Reparo com formatação e subst. FW/SW;15
01/08/2022;COT12;DIVPASS;EQ13;DMX200L;OP124;DIVPASS;DF170;Subst. De Gorila Glass;1
01/08/2022;COT19;SÃO JOÃO;EQ39;DMX200L JI21 SEM BATERIA;OP67;SÃO JOÃO;DF115;Restauração da ROM via PC;2
01/08/2022;COT19;SÃO JOÃO;EQ39;DMX200L JI21 SEM BATERIA;OP67;SÃO JOÃO;DF41;Envio para manutenção central-CTG;4
01/08/2022;COT19;SÃO JOÃO;EQ39;DMX200L JI21 SEM BATERIA;OP67;SÃO JOÃO;DF300;Ressolda antena GPRS e slot de chip;2
01/08/2022;COT19;SÃO JOÃO;EQ39;DMX200L JI21 SEM BATERIA;OP67;SÃO JOÃO;DF302;Instalação de 2o capacitor em paralelo;4
01/08/2022;COT20;ROSA TURISMO;EQ39;DMX200L JI21 SEM BATERIA;OP66;ROSA TURISMO;DF115;Restauração da ROM via PC;3
01/08/2022;COT20;ROSA TURISMO;EQ39;DMX200L JI21 SEM BATERIA;OP66;ROSA TURISMO;DF41;Envio para manutenção central-CTG;8
01/08/2022;COT20;ROSA TURISMO;EQ39;DMX200L JI21 SEM BATERIA;OP66;ROSA TURISMO;DF300;Ressolda antena GPRS e slot de chip;2
01/08/2022;COT20;ROSA TURISMO;EQ39;DMX200L JI21 SEM BATERIA;OP66;ROSA TURISMO;DF302;Instalação de 2o capacitor em paralelo;5
01/08/2022;COT4;Setut;EQ14;DMX200 MOD H3.1;;;DF41;Envio para manutenção central-CTG;18
01/08/2022;COT25;COOTRAPS - CE;EQ14;DMX200 MOD H3.1;OP129;COOTRAPS;DF90;Reparo com formatação e subst. FW/SW;10
01/08/2022;COT25;COOTRAPS - CE;EQ14;DMX200 MOD H3.1;OP129;COOTRAPS;DF39;Enviados para manutenção central CTG;20
01/08/2022;COT3;TEU;EQ14;DMX200 MOD H3.1;;;DF21;Atualização de FW ;2
01/08/2022;COT3;TEU;EQ14;DMX200 MOD H3.1;;;DF115;Restauração da ROM via PC;2
01/08/2022;COT33;FLORIANÓPOLIS;EQ15;DMX200L SEM BATERIA;;;DF21;Atualização de FW ;35
01/08/2022;COT33;FLORIANÓPOLIS;EQ15;DMX200L SEM BATERIA;;;DF115;Restauração da ROM via PC;25
01/08/2022;COT33;FLORIANÓPOLIS;EQ15;DMX200L SEM BATERIA;;;DF41;Envio para manutenção central-CTG;6
01/08/2022;COT22;Taguatur PM NOVO;EQ39;DMX200L JI21 SEM BATERIA;OP82;TAGUATUR;DF41;Envio para manutenção central-CTG;40
01/08/2022;COT24;GVBUS;EQ10;CONNECTION CCIT 4.0;;;DF41;Envio para manutenção central-CTG;8
01/08/2022;COT24;GVBUS;EQ10;CONNECTION CCIT 4.0;;;DF21;Atualização de FW ;31
01/08/2022;COT1;Transfacil;EQ10;CONNECTION CCIT 4.0;;;DF88;Reparo com formatação e reinst. FW/SW;20
01/08/2022;COT1;Transfacil;EQ10;CONNECTION CCIT 4.0;;;DF136;Subst. Da Carcaça inferior;2
01/08/2022;COT1;Transfacil;EQ10;CONNECTION CCIT 4.0;;;DF169;Subst. De Componente eletrônico;2
01/08/2022;COT1;Transfacil;EQ10;CONNECTION CCIT 4.0;;;DF211;Subst. Do Equipamento completo;1
01/08/2022;COT1;Transfacil;EQ10;CONNECTION CCIT 4.0;;;DF37;Defeito não encontrado e subst. FW/SW;1
01/08/2022;COT2;Transcard;EQ10;CONNECTION CCIT 4.0;;;DF46;Formatação da memória e subst. FW;9
01/08/2022;COT2;Transcard;EQ10;CONNECTION CCIT 4.0;;;DF41;Envio para manutenção central-CTG;12
01/08/2022;COT20;ROSA TURISMO;EQ10;CONNECTION CCIT 4.0;OP66;ROSA TURISMO;DF41;Envio para manutenção central-CTG;1
01/08/2022;COT19;SÃO JOÃO;EQ10;CONNECTION CCIT 4.0;OP67;SÃO JOÃO;DF41;Envio para manutenção central-CTG;1
01/08/2022;COT3;TEU;EQ22;V3000M;;;DF21;Atualização de FW ;31
01/08/2022;COT3;TEU;EQ22;V3000M;;;DF115;Restauração da ROM via PC;28
01/08/2022;COT3;TEU;EQ22;V3000M;;;DF41;Envio para manutenção central-CTG;1
01/08/2022;COT3;TEU;EQ26;V3000M DVR;;;DF21;Atualização de FW ;23
01/08/2022;COT3;TEU;EQ26;V3000M DVR;;;DF115;Restauração da ROM via PC;23
01/08/2022;COT1;Transfacil;EQ27;UT (FTV 3000);;;DF169;Subst. De Componente eletrônico;7
01/08/2022;COT1;Transfacil;EQ27;UT (FTV 3000);;;DF90;Reparo com formatação e subst. FW/SW;8
01/08/2022;COT19;São João;EQ31;POS 250;OP67;SÃO JOÃO;DF41;Envio para manutenção central-CTG;2
01/08/2022;COT19;São João;EQ31;POS 250;OP67;SÃO JOÃO;DF46;Formatação da memória e subst. FW;2
01/08/2022;COT2;Transcard;EQ31;POS 250;;;DF41;Envio para manutenção central-CTG;1
01/08/2022;COT2;Transcard;EQ31;POS 250;;;DF46;Formatação da memória e subst. FW;6
01/08/2022;COT25;COOTRAPS - CE;EQ17;FONTE PM;OP129;COOTRAPS;DF41;Envio para manutenção central-CTG;10
01/09/2022;COT7;Alagoinhas;EQ34;CCIT 4.0 FRONTAL H2.1 C SEM BATERIA;OP68;ALAGOINHAS;DF113;Restaura RAM via PC;4
01/09/2022;COT21;Araguarina;EQ35;CCIT 4.0 FRONTAL H2 COM BATERIA;OP81;VIAÇÃO ARAGUARINA;DF41;Envio para manutenção central-CTG;1
01/09/2022;COT8;CBTU;EQ1;CCIT 3.0;OP47;CBTU - COMPANHIA BRASILEIRA DE TRENS URBANOS;DF88;Reparo com formatação e reinst. FW/SW;7
01/09/2022;COT27;Cidade das Águas;EQ6;CCIT 4.0 FRONTAL H2.1;OP128;VIAÇÃO CIDADE DAS ÁGUAS;DF113;Restaura RAM via PC;3
01/09/2022;COT12;DIVPASS;EQ6;CCIT 4.0 FRONTAL H2.1;OP124;DIVPASS;DF88;Reparo com formatação e reinst. FW/SW;7
01/09/2022;COT12;DIVPASS;EQ6;CCIT 4.0 FRONTAL H2.1;OP124;DIVPASS;DF37;Defeito não encontrado e subst. FW/SW;1
01/09/2022;COT33;FLORIANÓPOLIS;EQ8;CCIT 4.0 FRONTAL JI21 SEM BATERIA;;;DF41;Envio para manutenção central-CTG;1
01/09/2022;COT33;FLORIANÓPOLIS;EQ8;CCIT 4.0 FRONTAL JI21 SEM BATERIA;;;DF115;Restauração da ROM via PC;6
01/09/2022;COT33;FLORIANÓPOLIS;EQ8;CCIT 4.0 FRONTAL JI21 SEM BATERIA;;;DF60;Limpeza de cache;2
01/09/2022;COT11;Gov. Valadares;EQ6;CCIT 4.0 FRONTAL H2.1;OP53;VIAÇÃO MOBI;DF88;Reparo com formatação e reinst. FW/SW;9
01/09/2022;COT24;GVBUS;EQ28;ATM;OP108;GVBUS - SIND. DAS EMP. DE TRANP. METROP. DA GRANDE VITÓRIA;DF262;Retirada de nota ATM e testes;11
01/09/2022;COT24;GVBUS;EQ28;ATM;OP108;GVBUS - SIND. DAS EMP. DE TRANP. METROP. DA GRANDE VITÓRIA;DF78;PC Reiniciado;1
01/09/2022;COT24;GVBUS;EQ28;ATM;OP108;GVBUS - SIND. DAS EMP. DE TRANP. METROP. DA GRANDE VITÓRIA;DF218;Subst. Do Monitor;1
01/09/2022;COT24;GVBUS;EQ6;CCIT 4.0 FRONTAL H2.1;;;DF91;Reparo com Gravação de PIC e reinst. Do FW;19
01/09/2022;COT24;GVBUS;EQ6;CCIT 4.0 FRONTAL H2.1;;;DF41;Envio para manutenção central-CTG;58
01/09/2022;COT24;GVBUS;EQ6;CCIT 4.0 FRONTAL H2.1;;;DF21;Atualização de FW ;125
01/09/2022;COT6;Metro-Bahia;EQ28;ATM;OP63;METRO-BAHIA;DF237;Subst. Do Validador de Notas;13
01/09/2022;COT6;Metro-Bahia;EQ28;ATM;OP63;METRO-BAHIA;DF143;Subst. da Impressora;1
01/09/2022;COT6;Metro-Bahia;EQ28;ATM;OP63;METRO-BAHIA;DF142;Subst. Da Fonte Lambda ATM;1
01/09/2022;COT6;Metro-Bahia;EQ28;ATM;OP63;METRO-BAHIA;DF236;Subst. Do Teclado de Metal Frontal;2
01/09/2022;COT6;Metro-Bahia;EQ28;ATM;OP63;METRO-BAHIA;DF218;Subst. Do Monitor;2
01/09/2022;COT6;METRO-BAHIA;EQ6;CCIT 4.0 FRONTAL H2.1;OP63;METRO-BAHIA;DF113;Restaura RAM via PC;6
01/09/2022;COT6;METRO-BAHIA;EQ6;CCIT 4.0 FRONTAL H2.1;OP63;METRO-BAHIA;DF114;Restaura RAM via pendrive;2
01/09/2022;COT5;METROFOR/ VLT FORTALEZA;EQ38;CCIT 4.0 METROFOR;OP105;METROFOR LINHA SUL;DF41;Envio para manutenção central-CTG;12
01/09/2022;COT10;Metropolitano-Bahia;EQ6;CCIT 4.0 FRONTAL H2.1;OP64;METROPOLITANO SSA;DF41;Envio para manutenção central-CTG;2
01/09/2022;COT10;Metropolitano-Bahia;EQ6;CCIT 4.0 FRONTAL H2.1;OP64;METROPOLITANO SSA;DF113;Restaura RAM via PC;13
01/09/2022;COT10;Metropolitano-Bahia;EQ6;CCIT 4.0 FRONTAL H2.1;OP64;METROPOLITANO SSA;DF114;Restaura RAM via pendrive;7
01/09/2022;COT10;Metropolitano-Bahia;EQ6;CCIT 4.0 FRONTAL H2.1;OP64;METROPOLITANO SSA;DF272;Subst. Do Touchscreen do módulo;19
01/09/2022;COT20;ROSA TURISMO;EQ36;CCIT 4.0 FRONTAL H1 COM BATERIA;OP66;ROSA TURISMO;DF113;Restaura RAM via PC;4
01/09/2022;COT20;ROSA TURISMO;EQ36;CCIT 4.0 FRONTAL H1 COM BATERIA;OP66;ROSA TURISMO;DF41;Envio para manutenção central-CTG;3
01/09/2022;COT19;SÃO JOÃO;EQ36;CCIT 4.0 FRONTAL H1 COM BATERIA;OP67;SÃO JOÃO;DF113;Restaura RAM via PC;10
01/09/2022;COT19;SÃO JOÃO;EQ36;CCIT 4.0 FRONTAL H1 COM BATERIA;OP67;SÃO JOÃO;DF41;Envio para manutenção central-CTG;4
01/09/2022;COT19;SÃO JOÃO;EQ36;CCIT 4.0 FRONTAL H1 COM BATERIA;OP67;SÃO JOÃO;DF114;Restaura RAM via pendrive;3
01/09/2022;COT19;SÃO JOÃO;EQ36;CCIT 4.0 FRONTAL H1 COM BATERIA;OP67;SÃO JOÃO;DF209;Subst. Do Display;2
01/09/2022;COT17;São Jorge;OP50;SÃO JORGE AUTO ONIBUS ;OP50;SÃO JORGE AUTO ONIBUS ;DF90;Reparo com formatação e subst. FW/SW;2
01/09/2022;COT4;Setut;EQ6;CCIT 4.0 FRONTAL H2.1;;;DF41;Envio para manutenção central-CTG;7
01/09/2022;COT4;Setut;EQ6;CCIT 4.0 FRONTAL H2.1;;;DF113;Restaura RAM via PC;3
01/09/2022;COT4;Setut;EQ6;CCIT 4.0 FRONTAL H2.1;;;DF60;Limpeza de cache;1
01/09/2022;COT18;Sindpautras;EQ6;CCIT 4.0 FRONTAL H2.1;OP48;SINDPAUTRAS-SIND. PERM. AUT. TRANSP. SU;DF88;Reparo com formatação e reinst. FW/SW;16
01/09/2022;COT18;Sindpautras;EQ6;CCIT 4.0 FRONTAL H2.1;OP48;SINDPAUTRAS-SIND. PERM. AUT. TRANSP. SU;DF130;Subst. Da Antena WLAN;1
01/09/2022;COT22;Taguatur;EQ35;CCIT 4.0 FRONTAL H2 COM BATERIA;OP82;TAGUATUR;DF41;Envio para manutenção central-CTG;14
01/09/2022;COT3;TEU;EQ3;CCIT 3.5;;;DF162;Subst. Da Placa Mbccit;2
01/09/2022;COT3;TEU;EQ3;CCIT 3.5;;;DF157;Subst. Da Placa FTCLess;1
01/09/2022;COT3;TEU;EQ36;CCIT 4.0 FRONTAL H1 COM BATERIA;;;DF115;Restauração da ROM via PC;172
01/09/2022;COT3;TEU;EQ36;CCIT 4.0 FRONTAL H1 COM BATERIA;;;DF60;Limpeza de cache;38
01/09/2022;COT3;TEU;EQ36;CCIT 4.0 FRONTAL H1 COM BATERIA;;;DF132;Subst. Da Bateria de Lithium;18
01/09/2022;COT3;TEU;EQ36;CCIT 4.0 FRONTAL H1 COM BATERIA;;;DF41;Envio para manutenção central-CTG;11
01/09/2022;COT3;TEU;EQ36;CCIT 4.0 FRONTAL H1 COM BATERIA;;;DF136;Subst. Da Carcaça inferior;26
01/09/2022;COT3;TEU;EQ36;CCIT 4.0 FRONTAL H1 COM BATERIA;;;DF114;Restaura RAM via pendrive;9
01/09/2022;COT2;Transcard;EQ28;ATM;OP61;Setps (Transcard);DF237;Subst. Do Validador de Notas;2
01/09/2022;COT2;Transcard;EQ28;ATM;OP61;Setps (Transcard);DF228;Subst. Do PDV ATM;1
01/09/2022;COT2;Transcard;EQ28;ATM;OP61;Setps (Transcard);DF231;Subst. Do PINpad;1
01/09/2022;COT2;Transcard;EQ28;ATM;OP61;Setps (Transcard);DF143;Subst. da Impressora;1
01/09/2022;COT2;Transcard;EQ28;ATM;OP61;Setps (Transcard);DF284;Manutenção PC ATM;1
01/09/2022;COT2;Transcard;EQ6;CCIT 4.0 FRONTAL H2.1;;;DF113;Restaura RAM via PC;72
01/09/2022;COT2;Transcard;EQ6;CCIT 4.0 FRONTAL H2.1;;;DF114;Restaura RAM via pendrive;13
01/09/2022;COT2;Transcard;EQ6;CCIT 4.0 FRONTAL H2.1;;;DF101;Ressolda Mbccit;7
01/09/2022;COT2;Transcard;EQ6;CCIT 4.0 FRONTAL H2.1;;;DF41;Enviados para manutenção central CTG;10
01/09/2022;COT2;Transcard;EQ6;CCIT 4.0 FRONTAL H2.1;;;DF272;Subst. Do Touchscreen do módulo;26
01/09/2022;COT1;Transfacil;EQ28;ATM;OP27;TRANSFÁCIL;DF237;Subst. Do Validador de Notas;7
01/09/2022;COT1;Transfacil;EQ28;ATM;OP27;TRANSFÁCIL;DF19;ATM - defeito não confirmado;9
01/09/2022;COT1;Transfacil;EQ28;ATM;OP27;TRANSFÁCIL;DF143;Subst. da Impressora;1
01/09/2022;COT1;Transfacil;EQ28;ATM;OP27;TRANSFÁCIL;DF258;Subst. Da Cabeça de Impressão;3
01/09/2022;COT1;Transfacil;EQ28;ATM;OP27;TRANSFÁCIL;DF228;Subst. Do PDV ATM;2
01/09/2022;COT1;Transfacil;EQ28;ATM;OP27;TRANSFÁCIL;DF257;Manut. no Validador de Notas;4
01/09/2022;COT1;Transfacil;EQ28;ATM;OP27;TRANSFÁCIL;DF69;Manutenção no Sensor de Porta;1
01/09/2022;COT1;Transfacil;EQ28;ATM;OP27;TRANSFÁCIL;DF65;Manutenção Cofre;2
01/09/2022;COT1;Transfacil;EQ28;ATM;OP27;TRANSFÁCIL;DF67;Manutenção na Impressora;5
01/09/2022;COT1;Transfacil;EQ28;ATM;OP27;TRANSFÁCIL;DF85;Reinstalação do Drive da Impressora;1
01/09/2022;COT1;Transfacil;EQ28;ATM;OP27;TRANSFÁCIL;DF207;Subst. Do Conversor Serial;1
01/09/2022;COT1;Transfacil;EQ28;ATM;OP27;TRANSFÁCIL;DF197;Subst. Do Cofre;1
01/09/2022;COT1;Transfacil;EQ28;ATM;OP27;TRANSFÁCIL;DF227;Subst. Do PC ATM;1
01/09/2022;COT1;Transfacil;EQ6;CCIT 4.0 FRONTAL H2.1;;;DF88;Reparo com formatação e reinst. FW/SW;224
01/09/2022;COT1;Transfacil;EQ6;CCIT 4.0 FRONTAL H2.1;;;DF238;Subst. Do Vidro CCIT V4.0;12
01/09/2022;COT1;Transfacil;EQ6;CCIT 4.0 FRONTAL H2.1;;;DF37;Defeito não encontrado e subst. FW/SW;5
01/09/2022;COT1;Transfacil;EQ6;CCIT 4.0 FRONTAL H2.1;;;DF133;Subst. Da Campainha CCIT;1
01/09/2022;COT1;Transfacil;EQ6;CCIT 4.0 FRONTAL H2.1;;;DF130;Subst. Da Antena WLAN;1
01/09/2022;COT1;Transfacil;EQ6;CCIT 4.0 FRONTAL H2.1;;;DF216;Subst. Do Módulo H2;3
01/09/2022;COT1;Transfacil;EQ6;CCIT 4.0 FRONTAL H2.1;;;DF108;Ressolda no circuito da placa-mãe;3
01/09/2022;COT1;Transfacil;EQ6;CCIT 4.0 FRONTAL H2.1;OP13;Estações BRT Move;DF88;Reparo com formatação e reinst. FW/SW;42
01/09/2022;COT1;Transfacil;EQ6;CCIT 4.0 FRONTAL H2.1;OP13;Estações BRT Move;DF131;Subst. Da Antena Wlan do CCIT;1
01/09/2022;COT1;Transfacil;EQ6;CCIT 4.0 FRONTAL H2.1;OP13;Estações BRT Move;DF136;Subst. Da Carcaça inferior;1
01/09/2022;COT1;Transfacil;EQ6;CCIT 4.0 FRONTAL H2.1;;;DF169;Subst. De Componente eletrônico;7
01/09/2022;COT1;Transfacil;EQ6;CCIT 4.0 FRONTAL H2.1;;;DF136;Subst. Da Carcaça inferior;2
01/09/2022;COT1;Transfacil;EQ6;CCIT 4.0 FRONTAL H2.1;OP13;Estações BRT Move;DF238;Subst. Do Vidro CCIT V4.0;1
01/09/2022;COT1;Transfacil;EQ6;CCIT 4.0 FRONTAL H2.1;OP13;Estações BRT Move;DF37;Defeito não encontrado e subst. FW/SW;2
01/09/2022;COT14;TURIN OURO PRETO;EQ6;CCIT 4.0 FRONTAL H2.1;OP52;VIAÇÃO TURIN OURO PRETO;DF88;Reparo com formatação e reinst. FW/SW;5
01/09/2022;COT14;TURIN OURO PRETO;EQ6;CCIT 4.0 FRONTAL H2.1;OP52;VIAÇÃO TURIN OURO PRETO;DF272;Subst. Do Touchscreen do módulo;1
01/09/2022;COT23;UTB;EQ6;CCIT 4.0 FRONTAL H2.1;OP83;UTB;DF41;Envio para manutenção central-CTG;8
01/09/2022;COT16;Via Ouro;EQ6;CCIT 4.0 FRONTAL H2.1;OP49;VIA OURO COLETIVOS LTDA;DF90;Reparo com formatação e subst. FW/SW;13
01/09/2022;COT16;Via Ouro;EQ6;CCIT 4.0 FRONTAL H2.1;OP49;VIA OURO COLETIVOS LTDA;DF37;Defeito não encontrado e subst. FW/SW;1
01/09/2022;COT1;Transfacil;EQ14;DMX200 MOD H3.1;;;DF41;Envio para manutenção central-CTG;16
01/09/2022;COT1;Transfacil;EQ14;DMX200 MOD H3.1;;;DF88;Reparo com formatação e reinst. FW/SW;50
01/09/2022;COT1;Transfacil;EQ14;DMX200 MOD H3.1;;;DF170;Subst. De Gorila Glass;1
01/09/2022;COT12;DIVPASS;EQ13;DMX200L;OP124;DIVPASS;DF90;Reparo com formatação e subst. FW/SW;12
01/09/2022;COT19;SÃO JOÃO;EQ39;DMX200L JI21 SEM BATERIA;OP67;SÃO JOÃO;DF115;Restauração da ROM via PC;4
01/09/2022;COT19;SÃO JOÃO;EQ39;DMX200L JI21 SEM BATERIA;OP67;SÃO JOÃO;DF41;Envio para manutenção central-CTG;5
01/09/2022;COT19;SÃO JOÃO;EQ39;DMX200L JI21 SEM BATERIA;OP67;SÃO JOÃO;DF300;Ressolda antena GPRS e slot de chip;2
01/09/2022;COT19;SÃO JOÃO;EQ39;DMX200L JI21 SEM BATERIA;OP67;SÃO JOÃO;DF302;Instalação de 2o capacitor em paralelo;7
01/09/2022;COT20;ROSA TURISMO;EQ39;DMX200L JI21 SEM BATERIA;OP66;ROSA TURISMO;DF115;Restauração da ROM via PC;4
01/09/2022;COT20;ROSA TURISMO;EQ39;DMX200L JI21 SEM BATERIA;OP66;ROSA TURISMO;DF41;Envio para manutenção central-CTG;4
01/09/2022;COT20;ROSA TURISMO;EQ39;DMX200L JI21 SEM BATERIA;OP66;ROSA TURISMO;DF300;Ressolda antena GPRS e slot de chip;2
01/09/2022;COT20;ROSA TURISMO;EQ39;DMX200L JI21 SEM BATERIA;OP66;ROSA TURISMO;DF302;Instalação de 2o capacitor em paralelo;5
01/09/2022;COT25;COOTRAPS - CE;EQ14;DMX200 MOD H3.1;OP129;COOTRAPS;DF39;Enviados para manutenção central CTG;16
01/09/2022;COT24;GVBUS;EQ14;DMX200 MOD H3.1;;;DF41;Envio para manutenção central-CTG;73
01/09/2022;COT24;GVBUS;EQ14;DMX200 MOD H3.1;;;DF46;Formatação da memória e subst. FW;11
01/09/2022;COT24;GVBUS;EQ14;DMX200 MOD H3.1;;;DF292;Ressolda conector USB;57
01/09/2022;COT24;GVBUS;EQ14;DMX200 MOD H3.1;;;DF21;Atualização de FW ;234
01/09/2022;COT24;GVBUS;EQ14;DMX200 MOD H3.1;;;DF127;Subst. Conector USB;14
01/09/2022;COT3;TEU;EQ14;DMX200 MOD H3.1;;;DF21;Atualização de FW ;26
01/09/2022;COT3;TEU;EQ14;DMX200 MOD H3.1;;;DF115;Restauração da ROM via PC;26
01/09/2022;COT3;TEU;EQ14;DMX200 MOD H3.1;;;DF41;Envio para manutenção central-CTG;7
01/09/2022;COT33;FLORIANÓPOLIS;EQ15;DMX200L SEM BATERIA;;;DF21;Atualização de FW ;40
01/09/2022;COT33;FLORIANÓPOLIS;EQ15;DMX200L SEM BATERIA;;;DF115;Restauração da ROM via PC;36
01/09/2022;COT33;FLORIANÓPOLIS;EQ15;DMX200L SEM BATERIA;;;DF41;Envio para manutenção central-CTG;1
01/09/2022;COT21;Araguarina;EQ13;DMX200L;OP81;VIAÇÃO ARAGUARINA;DF41;Envio para manutenção central-CTG;4
01/09/2022;COT22;Taguatur PM NOVO;EQ39;DMX200L JI21 SEM BATERIA;OP82;TAGUATUR;DF41;Envio para manutenção central-CTG;33
01/09/2022;COT1;Transfacil;EQ10;CONNECTION CCIT 4.0;;;DF88;Reparo com formatação e reinst. FW/SW;17
01/09/2022;COT1;Transfacil;EQ10;CONNECTION CCIT 4.0;;;DF169;Subst. De Componente eletrônico;3
01/09/2022;COT2;Transcard;EQ10;CONNECTION CCIT 4.0;;;DF46;Formatação da memória e subst. FW;22
01/09/2022;COT2;Transcard;EQ10;CONNECTION CCIT 4.0;;;DF41;Envio para manutenção central-CTG;6
01/09/2022;COT2;Transcard;EQ10;CONNECTION CCIT 4.0;;;DF256;Substituição de fusível;1
01/09/2022;COT10;Metropolitano-Bahia;EQ10;CONNECTION CCIT 4.0;OP64;METROPOLITANO SSA;DF21;Atualização de FW ;9
01/09/2022;COT10;Metropolitano-Bahia;EQ10;CONNECTION CCIT 4.0;OP64;METROPOLITANO SSA;DF41;Envio para manutenção central-CTG;1
01/09/2022;COT10;Metropolitano-Bahia;EQ10;CONNECTION CCIT 4.0;OP64;METROPOLITANO SSA;DF256;Substituição de fusível;1
01/09/2022;COT24;GVBUS;EQ10;CONNECTION CCIT 4.0;;;DF293;Recall Circuito Catraca (placa ADP);15
01/09/2022;COT3;TEU;EQ22;V3000M;;;DF21;Atualização de FW ;85
01/09/2022;COT3;TEU;EQ22;V3000M;;;DF115;Restauração da ROM via PC;81
01/09/2022;COT3;TEU;EQ22;V3000M;;;DF41;Envio para manutenção central-CTG;4
01/09/2022;COT3;TEU;EQ22;V3000M;;;DF232;Subst. Do SDCard;14
01/09/2022;COT3;TEU;EQ21;V3000L;;;DF21;Atualização de FW ;10
01/09/2022;COT3;TEU;EQ21;V3000L;;;DF115;Restauração da ROM via PC;10
01/09/2022;COT3;TEU;EQ26;V3000M DVR;;;DF21;Atualização de FW ;15
01/09/2022;COT3;TEU;EQ26;V3000M DVR;;;DF115;Restauração da ROM via PC;15
01/09/2022;COT3;TEU;EQ26;V3000M DVR;;;DF41;Envio para manutenção central-CTG;1
01/09/2022;COT3;TEU;EQ26;V3000M DVR;;;DF232;Subst. Do SDCard;1
01/09/2022;COT1;Transfacil;EQ27;UT (FTV 3000);;;DF169;Subst. De Componente eletrônico;2
01/09/2022;COT24;GVBUS;EQ33;POS MOVE 2500;;;DF41;Envio para manutenção central-CTG;16
01/09/2022;COT2;Transcard;EQ31;POS 250;;;DF41;Envio para manutenção central-CTG;2
01/09/2022;COT2;Transcard;EQ31;POS 250;;;DF46;Formatação da memória e subst. FW;9
01/10/2022;COT7;Alagoinhas;EQ34;CCIT 4.0 FRONTAL H2.1 C SEM BATERIA;OP68;ALAGOINHAS;DF113;Restaura RAM via PC;5
01/10/2022;COT21;Araguarina;EQ35;CCIT 4.0 FRONTAL H2 COM BATERIA;OP81;VIAÇÃO ARAGUARINA;DF41;Envio para manutenção central-CTG;1
01/10/2022;COT21;Araguarina;EQ34;CCIT 4.0 FRONTAL H2.1 C SEM BATERIA;OP81;VIAÇÃO ARAGUARINA;DF41;Envio para manutenção central-CTG;8
01/10/2022;COT27;Cidade das Águas;EQ6;CCIT 4.0 FRONTAL H2.1;OP128;VIAÇÃO CIDADE DAS ÁGUAS;DF113;Restaura RAM via PC;4
01/10/2022;COT27;Cidade das Águas;EQ6;CCIT 4.0 FRONTAL H2.1;OP128;VIAÇÃO CIDADE DAS ÁGUAS;DF41;Envio para manutenção central-CTG;1
01/10/2022;COT12;DIVPASS;EQ6;CCIT 4.0 FRONTAL H2.1;OP124;DIVPASS;DF88;Reparo com formatação e reinst. FW/SW;8
01/10/2022;COT12;DIVPASS;EQ6;CCIT 4.0 FRONTAL H2.1;OP124;DIVPASS;DF130;Subst. Da Antena WLAN;1
01/10/2022;COT12;DIVPASS;EQ6;CCIT 4.0 FRONTAL H2.1;OP124;DIVPASS;DF209;Subst. Do Display;1
01/10/2022;COT12;DIVPASS;EQ6;CCIT 4.0 FRONTAL H2.1;OP124;DIVPASS;DF136;Subst. Da Carcaça inferior;1
01/10/2022;COT33;FLORIANÓPOLIS;EQ8;CCIT 4.0 FRONTAL JI21 SEM BATERIA;;;DF41;Envio para manutenção central-CTG;1
01/10/2022;COT33;FLORIANÓPOLIS;EQ8;CCIT 4.0 FRONTAL JI21 SEM BATERIA;;;DF115;Restauração da ROM via PC;7
01/10/2022;COT11;Gov. Valadares;EQ6;CCIT 4.0 FRONTAL H2.1;OP53;VIAÇÃO MOBI;DF88;Reparo com formatação e reinst. FW/SW;1
01/10/2022;COT24;GVBUS;EQ28;ATM;OP108;GVBUS - SIND. DAS EMP. DE TRANP. METROP. DA GRANDE VITÓRIA;DF262;Retirada de nota ATM e testes;12
01/10/2022;COT24;GVBUS;EQ28;ATM;OP108;GVBUS - SIND. DAS EMP. DE TRANP. METROP. DA GRANDE VITÓRIA;DF78;PC Reiniciado;4
01/10/2022;COT24;GVBUS;EQ28;ATM;OP108;GVBUS - SIND. DAS EMP. DE TRANP. METROP. DA GRANDE VITÓRIA;DF197;Subst. Do Cofre;2
01/10/2022;COT24;GVBUS;EQ28;ATM;OP108;GVBUS - SIND. DAS EMP. DE TRANP. METROP. DA GRANDE VITÓRIA;DF143;Subst. da Impressora;2
01/10/2022;COT24;GVBUS;EQ28;ATM;OP108;GVBUS - SIND. DAS EMP. DE TRANP. METROP. DA GRANDE VITÓRIA;DF299;Subst. De UPEX ATM;1
01/10/2022;COT24;GVBUS;EQ28;ATM;OP108;GVBUS - SIND. DAS EMP. DE TRANP. METROP. DA GRANDE VITÓRIA;DF237;Subst. Do Validador de Notas;2
01/10/2022;COT24;GVBUS;EQ6;CCIT 4.0 FRONTAL H2.1;;;DF91;Reparo com Gravação de PIC e reinst. Do FW;12
01/10/2022;COT24;GVBUS;EQ6;CCIT 4.0 FRONTAL H2.1;;;DF41;Envio para manutenção central-CTG;18
01/10/2022;COT24;GVBUS;EQ6;CCIT 4.0 FRONTAL H2.1;;;DF21;Atualização de FW ;132
01/10/2022;COT6;Metro-Bahia;EQ28;ATM;OP63;METRO-BAHIA;DF237;Subst. Do Validador de Notas;13
01/10/2022;COT6;Metro-Bahia;EQ28;ATM;OP63;METRO-BAHIA;DF143;Subst. da Impressora;5
01/10/2022;COT6;Metro-Bahia;EQ28;ATM;OP63;METRO-BAHIA;DF228;Subst. Do PDV ATM;4
01/10/2022;COT6;Metro-Bahia;EQ28;ATM;OP63;METRO-BAHIA;DF260;Subst. HUB Serial;1
01/10/2022;COT6;Metro-Bahia;EQ28;ATM;OP63;METRO-BAHIA;DF218;Subst. Do Monitor;1
01/10/2022;COT6;Metro-Bahia;EQ28;ATM;OP63;METRO-BAHIA;DF284;Manutenção PC ATM;1
01/10/2022;COT6;METRO-BAHIA;EQ6;CCIT 4.0 FRONTAL H2.1;OP63;METRO-BAHIA;DF113;Restaura RAM via PC;1
01/10/2022;COT5;METROFOR/ VLT FORTALEZA;EQ38;CCIT 4.0 METROFOR;OP105;METROFOR LINHA SUL;DF41;Envio para manutenção central-CTG;26
01/10/2022;COT10;Metropolitano-Bahia;EQ6;CCIT 4.0 FRONTAL H2.1;OP64;METROPOLITANO SSA;DF41;Envio para manutenção central-CTG;3
01/10/2022;COT10;Metropolitano-Bahia;EQ6;CCIT 4.0 FRONTAL H2.1;OP64;METROPOLITANO SSA;DF113;Restaura RAM via PC;11
01/10/2022;COT10;Metropolitano-Bahia;EQ6;CCIT 4.0 FRONTAL H2.1;OP64;METROPOLITANO SSA;DF114;Restaura RAM via pendrive;7
01/10/2022;COT10;Metropolitano-Bahia;EQ6;CCIT 4.0 FRONTAL H2.1;OP64;METROPOLITANO SSA;DF272;Subst. Do Touchscreen do módulo;22
01/10/2022;COT20;ROSA TURISMO;EQ36;CCIT 4.0 FRONTAL H1 COM BATERIA;OP66;ROSA TURISMO;DF113;Restaura RAM via PC;10
01/10/2022;COT20;ROSA TURISMO;EQ36;CCIT 4.0 FRONTAL H1 COM BATERIA;OP66;ROSA TURISMO;DF41;Envio para manutenção central-CTG;3
01/10/2022;COT20;ROSA TURISMO;EQ36;CCIT 4.0 FRONTAL H1 COM BATERIA;OP66;ROSA TURISMO;DF209;Subst. Do Display;3
01/10/2022;COT19;SÃO JOÃO;EQ36;CCIT 4.0 FRONTAL H1 COM BATERIA;OP67;SÃO JOÃO;DF113;Restaura RAM via PC;5
01/10/2022;COT19;SÃO JOÃO;EQ36;CCIT 4.0 FRONTAL H1 COM BATERIA;OP67;SÃO JOÃO;DF41;Envio para manutenção central-CTG;3
01/10/2022;COT19;SÃO JOÃO;EQ36;CCIT 4.0 FRONTAL H1 COM BATERIA;OP67;SÃO JOÃO;DF209;Subst. Do Display;2
01/10/2022;COT17;São Jorge;OP50;SÃO JORGE AUTO ONIBUS ;OP50;SÃO JORGE AUTO ONIBUS ;DF90;Reparo com formatação e subst. FW/SW;2
01/10/2022;COT4;Setut;EQ6;CCIT 4.0 FRONTAL H2.1;;;DF41;Envio para manutenção central-CTG;5
01/10/2022;COT4;Setut;EQ6;CCIT 4.0 FRONTAL H2.1;;;DF113;Restaura RAM via PC;1
01/10/2022;COT18;Sindpautras;EQ6;CCIT 4.0 FRONTAL H2.1;OP48;SINDPAUTRAS-SIND. PERM. AUT. TRANSP. SU;DF88;Reparo com formatação e reinst. FW/SW;5
01/10/2022;COT18;Sindpautras;EQ6;CCIT 4.0 FRONTAL H2.1;OP48;SINDPAUTRAS-SIND. PERM. AUT. TRANSP. SU;DF238;Subst. Do Vidro CCIT V4.0;1
01/10/2022;COT3;TEU;EQ36;CCIT 4.0 FRONTAL H1 COM BATERIA;;;DF115;Restauração da ROM via PC;115
01/10/2022;COT3;TEU;EQ36;CCIT 4.0 FRONTAL H1 COM BATERIA;;;DF60;Limpeza de cache;63
01/10/2022;COT3;TEU;EQ36;CCIT 4.0 FRONTAL H1 COM BATERIA;;;DF132;Subst. Da Bateria de Lithium;19
01/10/2022;COT3;TEU;EQ36;CCIT 4.0 FRONTAL H1 COM BATERIA;;;DF41;Envio para manutenção central-CTG;13
01/10/2022;COT3;TEU;EQ36;CCIT 4.0 FRONTAL H1 COM BATERIA;;;DF136;Subst. Da Carcaça inferior;11
01/10/2022;COT3;TEU;EQ36;CCIT 4.0 FRONTAL H1 COM BATERIA;;;DF114;Restaura RAM via pendrive;1
01/10/2022;COT2;Transcard;EQ28;ATM;OP61;Setps (Transcard);DF237;Subst. Do Validador de Notas;3
01/10/2022;COT2;Transcard;EQ28;ATM;OP61;Setps (Transcard);DF228;Subst. Do PDV ATM;2
01/10/2022;COT2;Transcard;EQ28;ATM;OP61;Setps (Transcard);DF231;Subst. Do PINpad;1
01/10/2022;COT2;Transcard;EQ28;ATM;OP61;Setps (Transcard);DF143;Subst. da Impressora;4
01/10/2022;COT2;Transcard;EQ28;ATM;OP61;Setps (Transcard);DF284;Manutenção PC ATM;2
01/10/2022;COT2;Transcard;EQ28;ATM;OP61;Setps (Transcard);DF236;Subst. Do Teclado de Metal Frontal;2
01/10/2022;COT2;Transcard;EQ6;CCIT 4.0 FRONTAL H2.1;;;DF113;Restaura RAM via PC;78
01/10/2022;COT2;Transcard;EQ6;CCIT 4.0 FRONTAL H2.1;;;DF114;Restaura RAM via pendrive;8
01/10/2022;COT2;Transcard;EQ6;CCIT 4.0 FRONTAL H2.1;;;DF101;Ressolda Mbccit;4
01/10/2022;COT2;Transcard;EQ6;CCIT 4.0 FRONTAL H2.1;;;DF41;Enviados para manutenção central CTG;11
01/10/2022;COT2;Transcard;EQ6;CCIT 4.0 FRONTAL H2.1;;;DF272;Subst. Do Touchscreen do módulo;23
01/10/2022;COT1;Transfacil;EQ28;ATM;OP27;TRANSFÁCIL;DF237;Subst. Do Validador de Notas;3
01/10/2022;COT1;Transfacil;EQ28;ATM;OP27;TRANSFÁCIL;DF19;ATM - defeito não confirmado;7
01/10/2022;COT1;Transfacil;EQ28;ATM;OP27;TRANSFÁCIL;DF143;Subst. da Impressora;2
01/10/2022;COT1;Transfacil;EQ28;ATM;OP27;TRANSFÁCIL;DF284;Manutenção PC ATM;1
01/10/2022;COT1;Transfacil;EQ28;ATM;OP27;TRANSFÁCIL;DF228;Subst. Do PDV ATM;1
01/10/2022;COT1;Transfacil;EQ28;ATM;OP27;TRANSFÁCIL;DF257;Manut. no Validador de Notas;2
01/10/2022;COT1;Transfacil;EQ28;ATM;OP27;TRANSFÁCIL;DF5;Ajuste da porta Externa;1
01/10/2022;COT1;Transfacil;EQ28;ATM;OP27;TRANSFÁCIL;DF67;Manutenção na Impressora;2
01/10/2022;COT1;Transfacil;EQ28;ATM;OP27;TRANSFÁCIL;DF197;Subst. Do Cofre;2
01/10/2022;COT1;Transfacil;EQ28;ATM;OP27;TRANSFÁCIL;DF258;Subst. Da Cabeça de Impressão;2
01/10/2022;COT1;Transfacil;EQ3;CCIT 3.5;;;DF88;Reparo com formatação e reinst. FW/SW;6
01/10/2022;COT1;Transfacil;EQ6;CCIT 4.0 FRONTAL H2.1;;;DF88;Reparo com formatação e reinst. FW/SW;156
01/10/2022;COT1;Transfacil;EQ6;CCIT 4.0 FRONTAL H2.1;;;DF238;Subst. Do Vidro CCIT V4.0;11
01/10/2022;COT1;Transfacil;EQ6;CCIT 4.0 FRONTAL H2.1;;;DF37;Defeito não encontrado e subst. FW/SW;4
01/10/2022;COT1;Transfacil;EQ6;CCIT 4.0 FRONTAL H2.1;;;DF130;Subst. Da Antena WLAN;6
01/10/2022;COT1;Transfacil;EQ6;CCIT 4.0 FRONTAL H2.1;OP13;Estações BRT Move;DF88;Reparo com formatação e reinst. FW/SW;33
01/10/2022;COT1;Transfacil;EQ6;CCIT 4.0 FRONTAL H2.1;;;DF169;Subst. De Componente eletrônico;2
01/10/2022;COT1;Transfacil;EQ6;CCIT 4.0 FRONTAL H2.1;OP13;Estações BRT Move;DF37;Defeito não encontrado e subst. FW/SW;1
01/10/2022;COT23;UTB;EQ6;CCIT 4.0 FRONTAL H2.1;OP83;UTB;DF41;Envio para manutenção central-CTG;8
01/10/2022;COT16;Via Ouro;EQ6;CCIT 4.0 FRONTAL H2.1;OP49;VIA OURO COLETIVOS LTDA;DF90;Reparo com formatação e subst. FW/SW;12
01/10/2022;COT1;Transfacil;EQ14;DMX200 MOD H3.1;;;DF41;Envio para manutenção central-CTG;14
01/10/2022;COT1;Transfacil;EQ14;DMX200 MOD H3.1;;;DF88;Reparo com formatação e reinst. FW/SW;44
01/10/2022;COT1;Transfacil;EQ14;DMX200 MOD H3.1;;;DF135;Subst. Da Carcaça frontal;1
01/10/2022;COT16;Via Ouro;EQ39;DMX200L JI21 SEM BATERIA;;;DF88;Reparo com formatação e reinst. FW/SW;3
01/10/2022;COT11;Gov. Valadares;EQ13;DMX200L;OP53;VIAÇÃO MOBI;DF88;Reparo com formatação e reinst. FW/SW;18
01/10/2022;COT12;DIVPASS;EQ13;DMX200L;OP124;DIVPASS;DF90;Reparo com formatação e subst. FW/SW;14
01/10/2022;COT2;Transcard;EQ16;PDM03;;;DF22;Atualização de pacote;1
01/10/2022;COT2;Transcard;EQ16;PDM03;;;DF300;Ressolda antena GPRS e slot de chip;1
01/10/2022;COT19;SÃO JOÃO;EQ39;DMX200L JI21 SEM BATERIA;OP67;SÃO JOÃO;DF115;Restauração da ROM via PC;5
01/10/2022;COT19;SÃO JOÃO;EQ39;DMX200L JI21 SEM BATERIA;OP67;SÃO JOÃO;DF300;Ressolda antena GPRS e slot de chip;3
01/10/2022;COT19;SÃO JOÃO;EQ39;DMX200L JI21 SEM BATERIA;OP67;SÃO JOÃO;DF41;Envio para manutenção central-CTG;4
01/10/2022;COT20;ROSA TURISMO;EQ39;DMX200L JI21 SEM BATERIA;OP66;ROSA TURISMO;DF115;Restauração da ROM via PC;3
01/10/2022;COT20;ROSA TURISMO;EQ39;DMX200L JI21 SEM BATERIA;OP66;ROSA TURISMO;DF300;Ressolda antena GPRS e slot de chip;3
01/10/2022;COT20;ROSA TURISMO;EQ39;DMX200L JI21 SEM BATERIA;OP66;ROSA TURISMO;DF41;Envio para manutenção central-CTG;1
01/10/2022;COT4;Setut;EQ14;DMX200 MOD H3.1;;;DF41;Envio para manutenção central-CTG;14
01/10/2022;COT3;TEU;EQ14;DMX200 MOD H3.1;;;DF21;Atualização de FW ;5
01/10/2022;COT3;TEU;EQ14;DMX200 MOD H3.1;;;DF115;Restauração da ROM via PC;5
01/10/2022;COT3;TEU;EQ14;DMX200 MOD H3.1;;;DF41;Envio para manutenção central-CTG;2
01/10/2022;COT33;FLORIANÓPOLIS;EQ15;DMX200L SEM BATERIA;;;DF21;Atualização de FW ;30
01/10/2022;COT33;FLORIANÓPOLIS;EQ15;DMX200L SEM BATERIA;;;DF115;Restauração da ROM via PC;7
01/10/2022;COT33;FLORIANÓPOLIS;EQ15;DMX200L SEM BATERIA;;;DF41;Envio para manutenção central-CTG;2
01/10/2022;COT21;Araguarina;EQ13;DMX200L;OP81;VIAÇÃO ARAGUARINA;DF41;Envio para manutenção central-CTG;3
01/10/2022;COT22;Taguatur PM NOVO;EQ39;DMX200L JI21 SEM BATERIA;OP82;TAGUATUR;DF41;Envio para manutenção central-CTG;10
01/10/2022;COT23;UTB;EQ39;DMX200L JI21 SEM BATERIA;OP83;UTB;DF41;Envio para manutenção central-CTG;1
01/10/2022;COT24;GVBUS;EQ14;DMX200 MOD H3.1;;;DF41;Envio para manutenção central-CTG;31
01/10/2022;COT24;GVBUS;EQ14;DMX200 MOD H3.1;;;DF46;Formatação da memória e subst. FW;21
01/10/2022;COT24;GVBUS;EQ14;DMX200 MOD H3.1;;;DF292;Ressolda conector USB;89
01/10/2022;COT24;GVBUS;EQ14;DMX200 MOD H3.1;;;DF21;Atualização de FW ;77
01/10/2022;COT24;GVBUS;EQ14;DMX200 MOD H3.1;;;DF32;Defeito não encontrado;3
01/10/2022;COT1;Transfacil;EQ10;CONNECTION CCIT 4.0;;;DF88;Reparo com formatação e reinst. FW/SW;28
01/10/2022;COT1;Transfacil;EQ10;CONNECTION CCIT 4.0;;;DF169;Subst. De Componente eletrônico;1
01/10/2022;COT1;Transfacil;EQ10;CONNECTION CCIT 4.0;;;DF304;Subst. De conector P1;1
01/10/2022;COT1;Transfacil;EQ10;CONNECTION CCIT 4.0;;;DF136;Subst. Da Carcaça inferior;1
01/10/2022;COT2;Transcard;EQ10;CONNECTION CCIT 4.0;;;DF46;Formatação da memória e subst. FW;36
01/10/2022;COT2;Transcard;EQ10;CONNECTION CCIT 4.0;;;DF41;Envio para manutenção central-CTG;3
01/10/2022;COT2;Transcard;EQ10;CONNECTION CCIT 4.0;;;DF256;Substituição de fusível;3
01/10/2022;COT2;Transcard;EQ10;CONNECTION CCIT 4.0;;;DF127;Subst. Conector USB;3
01/10/2022;COT10;Metropolitano-Bahia;EQ10;CONNECTION CCIT 4.0;OP64;METROPOLITANO SSA;DF21;Atualização de FW ;6
01/10/2022;COT19;SÃO JOÃO;EQ10;CONNECTION CCIT 4.0;OP67;SÃO JOÃO;DF21;Atualização de FW ;1
01/10/2022;COT19;SÃO JOÃO;EQ10;CONNECTION CCIT 4.0;OP67;SÃO JOÃO;DF41;Envio para manutenção central-CTG;3
01/10/2022;COT20;ROSA TURISMO;EQ10;CONNECTION CCIT 4.0;OP66;ROSA TURISMO;DF21;Atualização de FW ;1
01/10/2022;COT20;ROSA TURISMO;EQ10;CONNECTION CCIT 4.0;OP66;ROSA TURISMO;DF41;Envio para manutenção central-CTG;1
01/10/2022;COT24;GVBUS;EQ10;CONNECTION CCIT 4.0;;;DF293;Recall Circuito Catraca (placa ADP);23
01/10/2022;COT24;GVBUS;EQ10;CONNECTION CCIT 4.0;;;DF41;Envio para manutenção central-CTG;1
01/10/2022;COT3;TEU;EQ22;V3000M;;;DF21;Atualização de FW ;37
01/10/2022;COT3;TEU;EQ22;V3000M;;;DF115;Restauração da ROM via PC;37
01/10/2022;COT3;TEU;EQ22;V3000M;;;DF41;Envio para manutenção central-CTG;2
01/10/2022;COT3;TEU;EQ22;V3000M;;;DF232;Subst. Do SDCard;8
01/10/2022;COT3;TEU;EQ22;V3000M;;;DF287;Regravação de IP;11
01/10/2022;COT3;TEU;EQ26;V3000M DVR;;;DF21;Atualização de FW ;9
01/10/2022;COT3;TEU;EQ26;V3000M DVR;;;DF115;Restauração da ROM via PC;8
01/10/2022;COT3;TEU;EQ26;V3000M DVR;;;DF41;Envio para manutenção central-CTG;1
01/10/2022;COT1;Transfacil;EQ27;UT (FTV 3000);;;DF169;Subst. De Componente eletrônico;1
01/10/2022;COT1;Transfacil;EQ27;UT (FTV 3000);;;DF89;Reparo com Formatação e Subst. De FW;4
01/10/2022;COT24;GVBUS;EQ33;POS MOVE 2500;;;DF41;Envio para manutenção central-CTG;14
01/10/2022;COT10;Metropolitano-Bahia;EQ31;POS 250;OP64;METROPOLITANO SSA;DF41;Envio para manutenção central-CTG;1
01/10/2022;COT2;Transcard;EQ31;POS 250;;;DF41;Envio para manutenção central-CTG;4
01/10/2022;COT2;Transcard;EQ31;POS 250;;;DF46;Formatação da memória e subst. FW;1
01/10/2022;COT2;Transcard;EQ31;POS 250;;;DF132;Subst. Da Bateria de Lithium;1
01/10/2022;COT25;COOTRAPS - CE;EQ17;FONTE PM;OP129;COOTRAPS;DF41;Envio para manutenção central-CTG;2
01/11/2022;COT7;Alagoinhas;EQ34;CCIT 4.0 FRONTAL H2.1 C SEM BATERIA;OP68;ALAGOINHAS;DF113;Restaura RAM via PC;1
01/11/2022;COT7;Alagoinhas;EQ34;CCIT 4.0 FRONTAL H2.1 C SEM BATERIA;OP68;ALAGOINHAS;DF41;Envio para manutenção central-CTG;1
01/11/2022;COT21;Araguarina;EQ35;CCIT 4.0 FRONTAL H2 COM BATERIA;OP81;VIAÇÃO ARAGUARINA;DF41;Envio para manutenção central-CTG;5
01/11/2022;COT8;CBTU;EQ1;CCIT 3.0;OP47;CBTU - COMPANHIA BRASILEIRA DE TRENS URBANOS;DF88;Reparo com formatação e reinst. FW/SW;4
01/11/2022;COT27;Cidade das Águas;EQ6;CCIT 4.0 FRONTAL H2.1;OP128;VIAÇÃO CIDADE DAS ÁGUAS;DF113;Restaura RAM via PC;1
01/11/2022;COT27;Cidade das Águas;EQ6;CCIT 4.0 FRONTAL H2.1;OP128;VIAÇÃO CIDADE DAS ÁGUAS;DF41;Envio para manutenção central-CTG;1
01/11/2022;COT12;DIVPASS;EQ6;CCIT 4.0 FRONTAL H2.1;OP124;DIVPASS;DF88;Reparo com formatação e reinst. FW/SW;22
01/11/2022;COT12;DIVPASS;EQ6;CCIT 4.0 FRONTAL H2.1;OP124;DIVPASS;DF238;Subst. Do Vidro CCIT V4.0;1
01/11/2022;COT12;DIVPASS;EQ6;CCIT 4.0 FRONTAL H2.1;OP124;DIVPASS;DF209;Subst. Do Display;1
01/11/2022;COT12;DIVPASS;EQ6;CCIT 4.0 FRONTAL H2.1;OP124;DIVPASS;DF136;Subst. Da Carcaça inferior;2
01/11/2022;COT33;FLORIANÓPOLIS;EQ8;CCIT 4.0 FRONTAL JI21 SEM BATERIA;;;DF115;Restauração da ROM via PC;5
01/11/2022;COT11;Gov. Valadares;EQ6;CCIT 4.0 FRONTAL H2.1;OP53;VIAÇÃO MOBI;DF88;Reparo com formatação e reinst. FW/SW;12
01/11/2022;COT11;Gov. Valadares;EQ6;CCIT 4.0 FRONTAL H2.1;OP53;VIAÇÃO MOBI;DF210;Subst. Do Display CCIT;1
01/11/2022;COT11;Gov. Valadares;EQ6;CCIT 4.0 FRONTAL H2.1;OP53;VIAÇÃO MOBI;DF272;Subst. Do Touchscreen do módulo;1
01/11/2022;COT11;Gov. Valadares;EQ6;CCIT 4.0 FRONTAL H2.1;OP53;VIAÇÃO MOBI;DF162;Subst. Da Placa Mbccit;1
01/11/2022;COT24;GVBUS;EQ28;ATM;OP108;GVBUS - SIND. DAS EMP. DE TRANP. METROP. DA GRANDE VITÓRIA;DF262;Retirada de nota ATM e testes;10
01/11/2022;COT24;GVBUS;EQ28;ATM;OP108;GVBUS - SIND. DAS EMP. DE TRANP. METROP. DA GRANDE VITÓRIA;DF78;PC Reiniciado;9
01/11/2022;COT24;GVBUS;EQ28;ATM;OP108;GVBUS - SIND. DAS EMP. DE TRANP. METROP. DA GRANDE VITÓRIA;DF218;Subst. Do Monitor;2
01/11/2022;COT24;GVBUS;EQ28;ATM;OP108;GVBUS - SIND. DAS EMP. DE TRANP. METROP. DA GRANDE VITÓRIA;DF231;Subst. Do PINpad;1
01/11/2022;COT24;GVBUS;EQ28;ATM;OP108;GVBUS - SIND. DAS EMP. DE TRANP. METROP. DA GRANDE VITÓRIA;DF299;Subst. De UPEX ATM;3
01/11/2022;COT24;GVBUS;EQ6;CCIT 4.0 FRONTAL H2.1;;;DF91;Reparo com Gravação de PIC e reinst. Do FW;157
01/11/2022;COT24;GVBUS;EQ6;CCIT 4.0 FRONTAL H2.1;;;DF41;Envio para manutenção central-CTG;36
01/11/2022;COT24;GVBUS;EQ6;CCIT 4.0 FRONTAL H2.1;;;DF21;Atualização de FW ;7
01/11/2022;COT6;Metro-Bahia;EQ28;ATM;OP63;METRO-BAHIA;DF237;Subst. Do Validador de Notas;7
01/11/2022;COT6;Metro-Bahia;EQ28;ATM;OP63;METRO-BAHIA;DF143;Subst. da Impressora;4
01/11/2022;COT6;Metro-Bahia;EQ28;ATM;OP63;METRO-BAHIA;DF236;Subst. Do Teclado de Metal Frontal;1
01/11/2022;COT6;Metro-Bahia;EQ28;ATM;OP63;METRO-BAHIA;DF218;Subst. Do Monitor;2
01/11/2022;COT6;Metro-Bahia;EQ28;ATM;OP63;METRO-BAHIA;DF284;Manutenção PC ATM;1
01/11/2022;COT6;METRO-BAHIA;EQ6;CCIT 4.0 FRONTAL H2.1;OP63;METRO-BAHIA;DF113;Restaura RAM via PC;3
01/11/2022;COT6;METRO-BAHIA;EQ6;CCIT 4.0 FRONTAL H2.1;OP63;METRO-BAHIA;DF114;Restaura RAM via pendrive;1
01/11/2022;COT10;Metropolitano-Bahia;EQ6;CCIT 4.0 FRONTAL H2.1;OP64;METROPOLITANO SSA;DF41;Envio para manutenção central-CTG;5
01/11/2022;COT10;Metropolitano-Bahia;EQ6;CCIT 4.0 FRONTAL H2.1;OP64;METROPOLITANO SSA;DF113;Restaura RAM via PC;17
01/11/2022;COT10;Metropolitano-Bahia;EQ6;CCIT 4.0 FRONTAL H2.1;OP64;METROPOLITANO SSA;DF114;Restaura RAM via pendrive;5
01/11/2022;COT10;Metropolitano-Bahia;EQ6;CCIT 4.0 FRONTAL H2.1;OP64;METROPOLITANO SSA;DF272;Subst. Do Touchscreen do módulo;25
01/11/2022;COT20;ROSA TURISMO;EQ36;CCIT 4.0 FRONTAL H1 COM BATERIA;OP66;ROSA TURISMO;DF113;Restaura RAM via PC;5
01/11/2022;COT20;ROSA TURISMO;EQ36;CCIT 4.0 FRONTAL H1 COM BATERIA;OP66;ROSA TURISMO;DF41;Envio para manutenção central-CTG;1
01/11/2022;COT20;ROSA TURISMO;EQ36;CCIT 4.0 FRONTAL H1 COM BATERIA;OP66;ROSA TURISMO;DF209;Subst. Do Display;1
01/11/2022;COT19;SÃO JOÃO;EQ36;CCIT 4.0 FRONTAL H1 COM BATERIA;OP67;SÃO JOÃO;DF113;Restaura RAM via PC;10
01/11/2022;COT19;SÃO JOÃO;EQ36;CCIT 4.0 FRONTAL H1 COM BATERIA;OP67;SÃO JOÃO;DF41;Envio para manutenção central-CTG;3
01/11/2022;COT19;SÃO JOÃO;EQ36;CCIT 4.0 FRONTAL H1 COM BATERIA;OP67;SÃO JOÃO;DF209;Subst. Do Display;3
01/11/2022;COT17;São Jorge;OP50;SÃO JORGE AUTO ONIBUS ;OP50;SÃO JORGE AUTO ONIBUS ;DF90;Reparo com formatação e subst. FW/SW;2
01/11/2022;COT4;Setut;EQ6;CCIT 4.0 FRONTAL H2.1;;;DF41;Envio para manutenção central-CTG;8
01/11/2022;COT4;Setut;EQ6;CCIT 4.0 FRONTAL H2.1;;;DF113;Restaura RAM via PC;3
01/11/2022;COT18;Sindpautras;EQ6;CCIT 4.0 FRONTAL H2.1;OP48;SINDPAUTRAS-SIND. PERM. AUT. TRANSP. SU;DF88;Reparo com formatação e reinst. FW/SW;3
01/11/2022;COT22;Taguatur;EQ35;CCIT 4.0 FRONTAL H2 COM BATERIA;OP82;TAGUATUR;DF41;Envio para manutenção central-CTG;22
01/11/2022;COT3;TEU;EQ3;CCIT 3.5;;;DF145;Subst. Da OBC;1
01/11/2022;COT3;TEU;EQ3;CCIT 3.5;;;DF221;Subst. do Painel Frontal;1
01/11/2022;COT3;TEU;EQ36;CCIT 4.0 FRONTAL H1 COM BATERIA;;;DF115;Restauração da ROM via PC;151
01/11/2022;COT3;TEU;EQ36;CCIT 4.0 FRONTAL H1 COM BATERIA;;;DF60;Limpeza de cache;26
01/11/2022;COT3;TEU;EQ36;CCIT 4.0 FRONTAL H1 COM BATERIA;;;DF132;Subst. Da Bateria de Lithium;21
01/11/2022;COT3;TEU;EQ36;CCIT 4.0 FRONTAL H1 COM BATERIA;;;DF41;Envio para manutenção central-CTG;23
01/11/2022;COT3;TEU;EQ36;CCIT 4.0 FRONTAL H1 COM BATERIA;;;DF136;Subst. Da Carcaça inferior;28
01/11/2022;COT2;Transcard;EQ28;ATM;OP61;Setps (Transcard);DF237;Subst. Do Validador de Notas;7
01/11/2022;COT2;Transcard;EQ28;ATM;OP61;Setps (Transcard);DF228;Subst. Do PDV ATM;1
01/11/2022;COT2;Transcard;EQ28;ATM;OP61;Setps (Transcard);DF231;Subst. Do PINpad;6
01/11/2022;COT2;Transcard;EQ28;ATM;OP61;Setps (Transcard);DF284;Manutenção PC ATM;1
01/11/2022;COT2;Transcard;EQ28;ATM;OP61;Setps (Transcard);DF236;Subst. Do Teclado de Metal Frontal;1
01/11/2022;COT2;Transcard;EQ6;CCIT 4.0 FRONTAL H2.1;;;DF113;Restaura RAM via PC;66
01/11/2022;COT2;Transcard;EQ6;CCIT 4.0 FRONTAL H2.1;;;DF114;Restaura RAM via pendrive;18
01/11/2022;COT2;Transcard;EQ6;CCIT 4.0 FRONTAL H2.1;;;DF101;Ressolda Mbccit;4
01/11/2022;COT2;Transcard;EQ6;CCIT 4.0 FRONTAL H2.1;;;DF41;Enviados para manutenção central CTG;10
01/11/2022;COT2;Transcard;EQ6;CCIT 4.0 FRONTAL H2.1;;;DF272;Subst. Do Touchscreen do módulo;30
01/11/2022;COT1;Transfacil;EQ28;ATM;OP27;TRANSFÁCIL;DF237;Subst. Do Validador de Notas;2
01/11/2022;COT1;Transfacil;EQ28;ATM;OP27;TRANSFÁCIL;DF19;ATM - defeito não confirmado;8
01/11/2022;COT1;Transfacil;EQ28;ATM;OP27;TRANSFÁCIL;DF143;Subst. da Impressora;1
01/11/2022;COT1;Transfacil;EQ28;ATM;OP27;TRANSFÁCIL;DF284;Manutenção PC ATM;2
01/11/2022;COT1;Transfacil;EQ28;ATM;OP27;TRANSFÁCIL;DF228;Subst. Do PDV ATM;1
01/11/2022;COT1;Transfacil;EQ28;ATM;OP27;TRANSFÁCIL;DF257;Manut. no Validador de Notas;6
01/11/2022;COT1;Transfacil;EQ28;ATM;OP27;TRANSFÁCIL;DF5;Ajuste da porta Externa;2
01/11/2022;COT1;Transfacil;EQ28;ATM;OP27;TRANSFÁCIL;DF67;Manutenção na Impressora;2
01/11/2022;COT1;Transfacil;EQ28;ATM;OP27;TRANSFÁCIL;DF258;Subst. Da Cabeça de Impressão;1
01/11/2022;COT1;Transfacil;EQ6;CCIT 4.0 FRONTAL H2.1;;;DF88;Reparo com formatação e reinst. FW/SW;189
01/11/2022;COT1;Transfacil;EQ6;CCIT 4.0 FRONTAL H2.1;;;DF238;Subst. Do Vidro CCIT V4.0;11
01/11/2022;COT1;Transfacil;EQ6;CCIT 4.0 FRONTAL H2.1;;;DF37;Defeito não encontrado e subst. FW/SW;2
01/11/2022;COT1;Transfacil;EQ6;CCIT 4.0 FRONTAL H2.1;;;DF130;Subst. Da Antena WLAN;1
01/11/2022;COT1;Transfacil;EQ6;CCIT 4.0 FRONTAL H2.1;;;DF169;Subst. De Componente eletrônico;2
01/11/2022;COT1;Transfacil;EQ6;CCIT 4.0 FRONTAL H2.1;;;DF136;Subst. Da Carcaça inferior;2
01/11/2022;COT1;Transfacil;EQ6;CCIT 4.0 FRONTAL H2.1;OP13;Estações BRT Move;DF88;Reparo com formatação e reinst. FW/SW;39
01/11/2022;COT1;Transfacil;EQ6;CCIT 4.0 FRONTAL H2.1;OP13;Estações BRT Move;DF130;Subst. Da Antena WLAN;2
01/11/2022;COT1;Transfacil;EQ6;CCIT 4.0 FRONTAL H2.1;OP13;Estações BRT Move;DF136;Subst. Da Carcaça inferior;1
01/11/2022;COT14;TURIN OURO PRETO;EQ6;CCIT 4.0 FRONTAL H2.1;OP52;VIAÇÃO TURIN OURO PRETO;DF88;Reparo com formatação e reinst. FW/SW;3
01/11/2022;COT14;TURIN OURO PRETO;EQ6;CCIT 4.0 FRONTAL H2.1;OP52;VIAÇÃO TURIN OURO PRETO;DF136;Subst. Da Carcaça inferior;1
01/11/2022;COT23;UTB;EQ6;CCIT 4.0 FRONTAL H2.1;OP83;UTB;DF41;Envio para manutenção central-CTG;38
01/11/2022;COT16;Via Ouro;EQ6;CCIT 4.0 FRONTAL H2.1;OP49;VIA OURO COLETIVOS LTDA;DF90;Reparo com formatação e subst. FW/SW;12
01/11/2022;COT2;Transcard;EQ16;PDM03;;;DF22;Atualização de pacote;2
01/11/2022;COT2;Transcard;EQ16;PDM03;;;DF206;Subst. Do Conector USB;1
01/11/2022;COT19;SÃO JOÃO;EQ39;DMX200L JI21 SEM BATERIA;OP67;SÃO JOÃO;DF115;Restauração da ROM via PC;7
01/11/2022;COT19;SÃO JOÃO;EQ39;DMX200L JI21 SEM BATERIA;OP67;SÃO JOÃO;DF300;Ressolda antena GPRS e slot de chip;4
01/11/2022;COT19;SÃO JOÃO;EQ39;DMX200L JI21 SEM BATERIA;OP67;SÃO JOÃO;DF41;Envio para manutenção central-CTG;3
01/11/2022;COT19;SÃO JOÃO;EQ39;DMX200L JI21 SEM BATERIA;OP67;SÃO JOÃO;DF302;Instalação de 2o capacitor em paralelo;3
01/11/2022;COT20;ROSA TURISMO;EQ39;DMX200L JI21 SEM BATERIA;OP66;ROSA TURISMO;DF115;Restauração da ROM via PC;3
01/11/2022;COT20;ROSA TURISMO;EQ39;DMX200L JI21 SEM BATERIA;OP66;ROSA TURISMO;DF300;Ressolda antena GPRS e slot de chip;3
01/11/2022;COT4;Setut;EQ14;DMX200 MOD H3.1;;;DF41;Envio para manutenção central-CTG;8
01/11/2022;COT25;COOTRAPS - CE;EQ14;DMX200 MOD H3.1;OP129;COOTRAPS;DF39;Enviados para manutenção central CTG;12
01/11/2022;COT25;COOTRAPS - CE;EQ14;DMX200 MOD H3.1;OP129;COOTRAPS;DF298;Subst. De placa do sensor;29
01/11/2022;COT25;COOTRAPS - CE;EQ14;DMX200 MOD H3.1;OP129;COOTRAPS;DF32;Defeito não encontrado;2
01/11/2022;COT1;Transfacil;EQ14;DMX200 MOD H3.1;;;DF41;Envio para manutenção central-CTG;12
01/11/2022;COT1;Transfacil;EQ14;DMX200 MOD H3.1;;;DF88;Reparo com formatação e reinst. FW/SW;38
01/11/2022;COT1;Transfacil;EQ14;DMX200 MOD H3.1;;;DF37;Defeito não encontrado e subst. FW/SW;2
01/11/2022;COT16;Via Ouro;EQ39;DMX200L JI21 SEM BATERIA;;;DF88;Reparo com formatação e reinst. FW/SW;8
01/11/2022;COT11;Gov. Valadares;EQ13;DMX200L;OP53;VIAÇÃO MOBI;DF88;Reparo com formatação e reinst. FW/SW;6
01/11/2022;COT12;DIVPASS;EQ13;DMX200L;OP124;DIVPASS;DF90;Reparo com formatação e subst. FW/SW;15
01/11/2022;COT3;TEU;EQ14;DMX200 MOD H3.1;;;DF21;Atualização de FW ;3
01/11/2022;COT3;TEU;EQ14;DMX200 MOD H3.1;;;DF115;Restauração da ROM via PC;2
01/11/2022;COT3;TEU;EQ14;DMX200 MOD H3.1;;;DF41;Envio para manutenção central-CTG;1
01/11/2022;COT33;FLORIANÓPOLIS;EQ15;DMX200L SEM BATERIA;;;DF21;Atualização de FW ;14
01/11/2022;COT33;FLORIANÓPOLIS;EQ15;DMX200L SEM BATERIA;;;DF115;Restauração da ROM via PC;12
01/11/2022;COT33;FLORIANÓPOLIS;EQ15;DMX200L SEM BATERIA;;;DF41;Envio para manutenção central-CTG;1
01/11/2022;COT24;GVBUS;EQ14;DMX200 MOD H3.1;;;DF41;Envio para manutenção central-CTG;35
01/11/2022;COT24;GVBUS;EQ14;DMX200 MOD H3.1;;;DF292;Ressolda conector USB;65
01/11/2022;COT24;GVBUS;EQ14;DMX200 MOD H3.1;;;DF21;Atualização de FW ;98
01/11/2022;COT21;Araguarina;EQ13;DMX200L;OP81;VIAÇÃO ARAGUARINA;DF41;Envio para manutenção central-CTG;1
01/11/2022;COT22;Taguatur PM NOVO;EQ39;DMX200L JI21 SEM BATERIA;OP82;TAGUATUR;DF41;Envio para manutenção central-CTG;1
01/11/2022;COT23;UTB;EQ39;DMX200L JI21 SEM BATERIA;OP83;UTB;DF41;Envio para manutenção central-CTG;2
01/11/2022;COT2;Transcard;EQ10;CONNECTION CCIT 4.0;;;DF46;Formatação da memória e subst. FW;15
01/11/2022;COT2;Transcard;EQ10;CONNECTION CCIT 4.0;;;DF41;Envio para manutenção central-CTG;11
01/11/2022;COT2;Transcard;EQ10;CONNECTION CCIT 4.0;;;DF127;Subst. Conector USB;1
01/11/2022;COT10;Metropolitano-Bahia;EQ10;CONNECTION CCIT 4.0;OP64;METROPOLITANO SSA;DF21;Atualização de FW ;2
01/11/2022;COT10;Metropolitano-Bahia;EQ10;CONNECTION CCIT 4.0;OP64;METROPOLITANO SSA;DF41;Envio para manutenção central-CTG;1
01/11/2022;COT19;SÃO JOÃO;EQ10;CONNECTION CCIT 4.0;OP67;SÃO JOÃO;DF21;Atualização de FW ;1
01/11/2022;COT19;SÃO JOÃO;EQ10;CONNECTION CCIT 4.0;OP67;SÃO JOÃO;DF41;Envio para manutenção central-CTG;1
01/11/2022;COT20;ROSA TURISMO;EQ10;CONNECTION CCIT 4.0;OP66;ROSA TURISMO;DF21;Atualização de FW ;5
01/11/2022;COT20;ROSA TURISMO;EQ10;CONNECTION CCIT 4.0;OP66;ROSA TURISMO;DF41;Envio para manutenção central-CTG;2
01/11/2022;COT1;Transfacil;EQ10;CONNECTION CCIT 4.0;;;DF88;Reparo com formatação e reinst. FW/SW;31
01/11/2022;COT1;Transfacil;EQ10;CONNECTION CCIT 4.0;;;DF169;Subst. De Componente eletrônico;2
01/11/2022;COT1;Transfacil;EQ10;CONNECTION CCIT 4.0;;;DF37;Defeito não encontrado e subst. FW/SW;2
01/11/2022;COT1;Transfacil;EQ10;CONNECTION CCIT 4.0;;;DF86;Reparo com configuração do setup;1
01/11/2022;COT24;GVBUS;EQ10;CONNECTION CCIT 4.0;;;DF293;Recall Circuito Catraca (placa ADP);15
01/11/2022;COT3;TEU;EQ22;V3000M;;;DF21;Atualização de FW ;39
01/11/2022;COT3;TEU;EQ22;V3000M;;;DF115;Restauração da ROM via PC;39
01/11/2022;COT3;TEU;EQ22;V3000M;;;DF41;Envio para manutenção central-CTG;1
01/11/2022;COT3;TEU;EQ26;V3000M DVR;;;DF21;Atualização de FW ;13
01/11/2022;COT3;TEU;EQ26;V3000M DVR;;;DF115;Restauração da ROM via PC;13
01/11/2022;COT3;TEU;EQ26;V3000M DVR;;;DF41;Envio para manutenção central-CTG;2
01/11/2022;COT1;Transfacil;EQ27;UT (FTV 3000);;;DF169;Subst. De Componente eletrônico;4
01/11/2022;COT1;Transfacil;EQ27;UT (FTV 3000);;;DF89;Reparo com Formatação e Subst. De FW;7
01/11/2022;COT1;Transfacil;EQ27;UT (FTV 3000);;;DF37;Defeito não encontrado e subst. FW/SW;4
01/11/2022;COT24;GVBUS;EQ33;POS MOVE 2500;;;DF41;Envio para manutenção central-CTG;4
01/11/2022;COT10;Metropolitano-Bahia;EQ31;POS 250;OP64;METROPOLITANO SSA;DF41;Envio para manutenção central-CTG;1
01/11/2022;COT2;Transcard;EQ31;POS 250;;;DF41;Envio para manutenção central-CTG;4
01/11/2022;COT2;Transcard;EQ31;POS 250;;;DF46;Formatação da memória e subst. FW;1
01/11/2022;COT2;Transcard;EQ31;POS 250;;;DF132;Subst. Da Bateria de Lithium;1
01/11/2022;COT25;COOTRAPS - CE;EQ17;FONTE PM;OP129;COOTRAPS;DF41;Envio para manutenção central-CTG;1
01/12/2022;COT7;Alagoinhas;EQ34;CCIT 4.0 FRONTAL H2.1 C SEM BATERIA;OP68;ALAGOINHAS;DF113;Restaura RAM via PC;2
01/12/2022;COT7;Alagoinhas;EQ34;CCIT 4.0 FRONTAL H2.1 C SEM BATERIA;OP68;ALAGOINHAS;DF114;Restaura RAM via pendrive;2
01/12/2022;COT21;Araguarina;EQ35;CCIT 4.0 FRONTAL H2 COM BATERIA;OP81;VIAÇÃO ARAGUARINA;DF41;Envio para manutenção central-CTG;3
01/12/2022;COT8;CBTU;EQ1;CCIT 3.0;OP47;CBTU - COMPANHIA BRASILEIRA DE TRENS URBANOS;DF88;Reparo com formatação e reinst. FW/SW;5
01/12/2022;COT27;Cidade das Águas;EQ6;CCIT 4.0 FRONTAL H2.1;OP128;VIAÇÃO CIDADE DAS ÁGUAS;DF113;Restaura RAM via PC;2
01/12/2022;COT12;DIVPASS;EQ6;CCIT 4.0 FRONTAL H2.1;OP124;DIVPASS;DF88;Reparo com formatação e reinst. FW/SW;19
01/12/2022;COT12;DIVPASS;EQ6;CCIT 4.0 FRONTAL H2.1;OP124;DIVPASS;DF216;Subst. Do Módulo H2;1
01/12/2022;COT12;DIVPASS;EQ6;CCIT 4.0 FRONTAL H2.1;OP124;DIVPASS;DF209;Subst. Do Display;4
01/12/2022;COT12;DIVPASS;EQ6;CCIT 4.0 FRONTAL H2.1;OP124;DIVPASS;DF305;Subst. Do Buzzer;1
01/12/2022;COT33;FLORIANÓPOLIS;EQ8;CCIT 4.0 FRONTAL JI21 SEM BATERIA;;;DF115;Restauração da ROM via PC;8
01/12/2022;COT33;FLORIANÓPOLIS;EQ8;CCIT 4.0 FRONTAL JI21 SEM BATERIA;;;DF60;Limpeza de cache;4
01/12/2022;COT11;Gov. Valadares;EQ6;CCIT 4.0 FRONTAL H2.1;OP53;VIAÇÃO MOBI;DF88;Reparo com formatação e reinst. FW/SW;19
01/12/2022;COT11;Gov. Valadares;EQ6;CCIT 4.0 FRONTAL H2.1;OP53;VIAÇÃO MOBI;DF210;Subst. Do Display CCIT;5
01/12/2022;COT11;Gov. Valadares;EQ6;CCIT 4.0 FRONTAL H2.1;OP53;VIAÇÃO MOBI;DF130;Subst. Da Antena WLAN;1
01/12/2022;COT24;GVBUS;EQ28;ATM;OP108;GVBUS - SIND. DAS EMP. DE TRANP. METROP. DA GRANDE VITÓRIA;DF262;Retirada de nota ATM e testes;11
01/12/2022;COT24;GVBUS;EQ28;ATM;OP108;GVBUS - SIND. DAS EMP. DE TRANP. METROP. DA GRANDE VITÓRIA;DF78;PC Reiniciado;3
01/12/2022;COT24;GVBUS;EQ28;ATM;OP108;GVBUS - SIND. DAS EMP. DE TRANP. METROP. DA GRANDE VITÓRIA;DF228;Subst. Do PDV ATM;2
01/12/2022;COT24;GVBUS;EQ28;ATM;OP108;GVBUS - SIND. DAS EMP. DE TRANP. METROP. DA GRANDE VITÓRIA;DF231;Subst. Do PINpad;1
01/12/2022;COT24;GVBUS;EQ28;ATM;OP108;GVBUS - SIND. DAS EMP. DE TRANP. METROP. DA GRANDE VITÓRIA;DF299;Subst. De UPEX ATM;1
01/12/2022;COT24;GVBUS;EQ6;CCIT 4.0 FRONTAL H2.1;;;DF91;Reparo com Gravação de PIC e reinst. Do FW;98
01/12/2022;COT24;GVBUS;EQ6;CCIT 4.0 FRONTAL H2.1;;;DF41;Envio para manutenção central-CTG;20
01/12/2022;COT24;GVBUS;EQ6;CCIT 4.0 FRONTAL H2.1;;;DF21;Atualização de FW ;12
01/12/2022;COT6;Metro-Bahia;EQ28;ATM;OP63;METRO-BAHIA;DF237;Subst. Do Validador de Notas;10
01/12/2022;COT6;Metro-Bahia;EQ28;ATM;OP63;METRO-BAHIA;DF143;Subst. da Impressora;5
01/12/2022;COT6;Metro-Bahia;EQ28;ATM;OP63;METRO-BAHIA;DF236;Subst. Do Teclado de Metal Frontal;1
01/12/2022;COT6;Metro-Bahia;EQ28;ATM;OP63;METRO-BAHIA;DF218;Subst. Do Monitor;2
01/12/2022;COT6;Metro-Bahia;EQ28;ATM;OP63;METRO-BAHIA;DF284;Manutenção PC ATM;2
01/12/2022;COT6;Metro-Bahia;EQ28;ATM;OP63;METRO-BAHIA;DF260;Subst. HUB Serial;1
01/12/2022;COT6;Metro-Bahia;EQ28;ATM;OP63;METRO-BAHIA;DF142;Subst. Da Fonte Lambda ATM;1
01/12/2022;COT6;METRO-BAHIA;EQ6;CCIT 4.0 FRONTAL H2.1;OP63;METRO-BAHIA;DF113;Restaura RAM via PC;8
01/12/2022;COT6;METRO-BAHIA;EQ6;CCIT 4.0 FRONTAL H2.1;OP63;METRO-BAHIA;DF114;Restaura RAM via pendrive;1
01/12/2022;COT5;METROFOR/ VLT FORTALEZA;EQ38;CCIT 4.0 METROFOR;OP105;METROFOR LINHA SUL;DF41;Envio para manutenção central-CTG;2
01/12/2022;COT10;Metropolitano-Bahia;EQ6;CCIT 4.0 FRONTAL H2.1;OP64;METROPOLITANO SSA;DF41;Envio para manutenção central-CTG;3
01/12/2022;COT10;Metropolitano-Bahia;EQ6;CCIT 4.0 FRONTAL H2.1;OP64;METROPOLITANO SSA;DF113;Restaura RAM via PC;23
01/12/2022;COT10;Metropolitano-Bahia;EQ6;CCIT 4.0 FRONTAL H2.1;OP64;METROPOLITANO SSA;DF114;Restaura RAM via pendrive;9
01/12/2022;COT10;Metropolitano-Bahia;EQ6;CCIT 4.0 FRONTAL H2.1;OP64;METROPOLITANO SSA;DF272;Subst. Do Touchscreen do módulo;10
01/12/2022;COT20;ROSA TURISMO;EQ36;CCIT 4.0 FRONTAL H1 COM BATERIA;OP66;ROSA TURISMO;DF113;Restaura RAM via PC;11
01/12/2022;COT20;ROSA TURISMO;EQ36;CCIT 4.0 FRONTAL H1 COM BATERIA;OP66;ROSA TURISMO;DF41;Envio para manutenção central-CTG;3
01/12/2022;COT19;SÃO JOÃO;EQ36;CCIT 4.0 FRONTAL H1 COM BATERIA;OP67;SÃO JOÃO;DF113;Restaura RAM via PC;9
01/12/2022;COT19;SÃO JOÃO;EQ36;CCIT 4.0 FRONTAL H1 COM BATERIA;OP67;SÃO JOÃO;DF41;Envio para manutenção central-CTG;2
01/12/2022;COT17;São Jorge;OP50;SÃO JORGE AUTO ONIBUS ;OP50;SÃO JORGE AUTO ONIBUS ;DF90;Reparo com formatação e subst. FW/SW;7
01/12/2022;COT4;Setut;EQ6;CCIT 4.0 FRONTAL H2.1;;;DF41;Envio para manutenção central-CTG;7
01/12/2022;COT4;Setut;EQ6;CCIT 4.0 FRONTAL H2.1;;;DF113;Restaura RAM via PC;3
01/12/2022;COT18;Sindpautras;EQ6;CCIT 4.0 FRONTAL H2.1;OP48;SINDPAUTRAS-SIND. PERM. AUT. TRANSP. SU;DF88;Reparo com formatação e reinst. FW/SW;68
01/12/2022;COT18;Sindpautras;EQ6;CCIT 4.0 FRONTAL H2.1;OP48;SINDPAUTRAS-SIND. PERM. AUT. TRANSP. SU;DF238;Subst. Do Vidro CCIT V4.0;1
01/12/2022;COT22;Taguatur;EQ35;CCIT 4.0 FRONTAL H2 COM BATERIA;OP82;TAGUATUR;DF41;Envio para manutenção central-CTG;43
01/12/2022;COT3;TEU;EQ3;CCIT 3.5;;;DF157;Subst. Da Placa FTCLess;1
01/12/2022;COT3;TEU;EQ3;CCIT 3.5;;;DF221;Subst. do Painel Frontal;1
01/12/2022;COT3;TEU;EQ36;CCIT 4.0 FRONTAL H1 COM BATERIA;;;DF115;Restauração da ROM via PC;180
01/12/2022;COT3;TEU;EQ36;CCIT 4.0 FRONTAL H1 COM BATERIA;;;DF60;Limpeza de cache;28
01/12/2022;COT3;TEU;EQ36;CCIT 4.0 FRONTAL H1 COM BATERIA;;;DF132;Subst. Da Bateria de Lithium;11
01/12/2022;COT3;TEU;EQ36;CCIT 4.0 FRONTAL H1 COM BATERIA;;;DF41;Envio para manutenção central-CTG;19
01/12/2022;COT3;TEU;EQ36;CCIT 4.0 FRONTAL H1 COM BATERIA;;;DF136;Subst. Da Carcaça inferior;13
01/12/2022;COT2;Transcard;EQ28;ATM;OP61;Setps (Transcard);DF237;Subst. Do Validador de Notas;6
01/12/2022;COT2;Transcard;EQ28;ATM;OP61;Setps (Transcard);DF128;Subst. Da antena Cless;1
01/12/2022;COT2;Transcard;EQ28;ATM;OP61;Setps (Transcard);DF260;Subst. HUB Serial;1
01/12/2022;COT2;Transcard;EQ28;ATM;OP61;Setps (Transcard);DF284;Manutenção PC ATM;7
01/12/2022;COT2;Transcard;EQ28;ATM;OP61;Setps (Transcard);DF142;Subst. Da Fonte Lambda ATM;1
01/12/2022;COT2;Transcard;EQ28;ATM;OP61;Setps (Transcard);DF143;Subst. da Impressora;2
01/12/2022;COT2;Transcard;EQ6;CCIT 4.0 FRONTAL H2.1;;;DF113;Restaura RAM via PC;73
01/12/2022;COT2;Transcard;EQ6;CCIT 4.0 FRONTAL H2.1;;;DF114;Restaura RAM via pendrive;18
01/12/2022;COT2;Transcard;EQ6;CCIT 4.0 FRONTAL H2.1;;;DF101;Ressolda Mbccit;4
01/12/2022;COT2;Transcard;EQ6;CCIT 4.0 FRONTAL H2.1;;;DF41;Enviados para manutenção central CTG;34
01/12/2022;COT2;Transcard;EQ6;CCIT 4.0 FRONTAL H2.1;;;DF272;Subst. Do Touchscreen do módulo;30
01/12/2022;COT1;Transfacil;EQ28;ATM;OP27;TRANSFÁCIL;DF257;Manut. no Validador de Notas;4
01/12/2022;COT1;Transfacil;EQ28;ATM;OP27;TRANSFÁCIL;DF65;Manutenção Cofre;4
01/12/2022;COT1;Transfacil;EQ28;ATM;OP27;TRANSFÁCIL;DF19;ATM - defeito não confirmado;16
01/12/2022;COT1;Transfacil;EQ28;ATM;OP27;TRANSFÁCIL;DF237;Subst. Do Validador de Notas;6
01/12/2022;COT1;Transfacil;EQ28;ATM;OP27;TRANSFÁCIL;DF208;Subst. Do Dispenser do cartão;2
01/12/2022;COT1;Transfacil;EQ28;ATM;OP27;TRANSFÁCIL;DF68;Manutenção no Dispenser;1
01/12/2022;COT1;Transfacil;EQ28;ATM;OP27;TRANSFÁCIL;DF228;Subst. Do PDV ATM;2
01/12/2022;COT1;Transfacil;EQ28;ATM;OP27;TRANSFÁCIL;DF128;Subst. Da antena Cless;1
01/12/2022;COT1;Transfacil;EQ28;ATM;OP27;TRANSFÁCIL;DF197;Subst. Do Cofre;2
01/12/2022;COT1;Transfacil;EQ28;ATM;OP27;TRANSFÁCIL;DF284;Manutenção PC ATM;2
01/12/2022;COT1;Transfacil;EQ28;ATM;OP27;TRANSFÁCIL;DF227;Subst. Do PC ATM;2
01/12/2022;COT1;Transfacil;EQ28;ATM;OP27;TRANSFÁCIL;DF143;Subst. da Impressora;1
01/12/2022;COT1;Transfacil;EQ28;ATM;OP27;TRANSFÁCIL;DF8;Ajuste do monitor;1
01/12/2022;COT1;Transfacil;EQ6;CCIT 4.0 FRONTAL H2.1;;;DF88;Reparo com formatação e reinst. FW/SW;198
01/12/2022;COT1;Transfacil;EQ6;CCIT 4.0 FRONTAL H2.1;;;DF238;Subst. Do Vidro CCIT V4.0;7
01/12/2022;COT1;Transfacil;EQ6;CCIT 4.0 FRONTAL H2.1;;;DF216;Subst. Do Módulo H2;1
01/12/2022;COT1;Transfacil;EQ6;CCIT 4.0 FRONTAL H2.1;;;DF130;Subst. Da Antena WLAN;4
01/12/2022;COT1;Transfacil;EQ6;CCIT 4.0 FRONTAL H2.1;;;DF169;Subst. De Componente eletrônico;1
01/12/2022;COT1;Transfacil;EQ6;CCIT 4.0 FRONTAL H2.1;;;DF136;Subst. Da Carcaça inferior;5
01/12/2022;COT1;Transfacil;EQ6;CCIT 4.0 FRONTAL H2.1;OP13;Estações BRT Move;DF88;Reparo com formatação e reinst. FW/SW;50
01/12/2022;COT1;Transfacil;EQ6;CCIT 4.0 FRONTAL H2.1;OP13;Estações BRT Move;DF238;Subst. Do Vidro CCIT V4.0;1
01/12/2022;COT1;Transfacil;EQ6;CCIT 4.0 FRONTAL H2.1;OP13;Estações BRT Move;DF136;Subst. Da Carcaça inferior;2
01/12/2022;COT23;UTB;EQ6;CCIT 4.0 FRONTAL H2.1;OP83;UTB;DF41;Envio para manutenção central-CTG;26
01/12/2022;COT16;Via Ouro;EQ6;CCIT 4.0 FRONTAL H2.1;OP49;VIA OURO COLETIVOS LTDA;DF90;Reparo com formatação e subst. FW/SW;6
01/12/2022;COT22;Taguatur PM NOVO;EQ39;DMX200L JI21 SEM BATERIA;OP82;TAGUATUR;DF41;Envio para manutenção central-CTG;54
01/12/2022;COT23;UTB;EQ39;DMX200L JI21 SEM BATERIA;OP83;UTB;DF41;Envio para manutenção central-CTG;15
01/12/2022;COT1;Transfacil;EQ14;DMX200 MOD H3.1;;;DF41;Envio para manutenção central-CTG;12
01/12/2022;COT1;Transfacil;EQ14;DMX200 MOD H3.1;;;DF88;Reparo com formatação e reinst. FW/SW;35
01/12/2022;COT1;Transfacil;EQ14;DMX200 MOD H3.1;;;DF170;Subst. De Gorila Glass;2
01/12/2022;COT1;Transfacil;EQ14;DMX200 MOD H3.1;;;DF135;Subst. Da Carcaça frontal;1
01/12/2022;COT16;Via Ouro;EQ39;DMX200L JI21 SEM BATERIA;;;DF88;Reparo com formatação e reinst. FW/SW;11
01/12/2022;COT11;Gov. Valadares;EQ13;DMX200L;OP53;VIAÇÃO MOBI;DF88;Reparo com formatação e reinst. FW/SW;3
01/12/2022;COT12;DIVPASS;EQ13;DMX200L;OP124;DIVPASS;DF90;Reparo com formatação e subst. FW/SW;6
01/12/2022;COT19;SÃO JOÃO;EQ39;DMX200L JI21 SEM BATERIA;OP67;SÃO JOÃO;DF115;Restauração da ROM via PC;7
01/12/2022;COT19;SÃO JOÃO;EQ39;DMX200L JI21 SEM BATERIA;OP67;SÃO JOÃO;DF300;Ressolda antena GPRS e slot de chip;4
01/12/2022;COT19;SÃO JOÃO;EQ39;DMX200L JI21 SEM BATERIA;OP67;SÃO JOÃO;DF41;Envio para manutenção central-CTG;5
01/12/2022;COT19;SÃO JOÃO;EQ39;DMX200L JI21 SEM BATERIA;OP67;SÃO JOÃO;DF302;Instalação de 2o capacitor em paralelo;1
01/12/2022;COT4;Setut;EQ14;DMX200 MOD H3.1;;;DF41;Envio para manutenção central-CTG;1
01/12/2022;COT25;COOTRAPS - CE;EQ14;DMX200 MOD H3.1;OP129;COOTRAPS;DF39;Enviados para manutenção central CTG;5
01/12/2022;COT25;COOTRAPS - CE;EQ14;DMX200 MOD H3.1;OP129;COOTRAPS;DF298;Subst. De placa do sensor;16
01/12/2022;COT24;GVBUS;EQ14;DMX200 MOD H3.1;;;DF41;Envio para manutenção central-CTG;34
01/12/2022;COT24;GVBUS;EQ14;DMX200 MOD H3.1;;;DF292;Ressolda conector USB;2
01/12/2022;COT24;GVBUS;EQ14;DMX200 MOD H3.1;;;DF21;Atualização de FW ;55
01/12/2022;COT3;TEU;EQ14;DMX200 MOD H3.1;;;DF21;Atualização de FW ;8
01/12/2022;COT3;TEU;EQ14;DMX200 MOD H3.1;;;DF115;Restauração da ROM via PC;8
01/12/2022;COT3;TEU;EQ14;DMX200 MOD H3.1;;;DF41;Envio para manutenção central-CTG;4
01/12/2022;COT33;FLORIANÓPOLIS;EQ15;DMX200L SEM BATERIA;;;DF21;Atualização de FW ;10
01/12/2022;COT33;FLORIANÓPOLIS;EQ15;DMX200L SEM BATERIA;;;DF115;Restauração da ROM via PC;7
01/12/2022;COT33;FLORIANÓPOLIS;EQ15;DMX200L SEM BATERIA;;;DF41;Envio para manutenção central-CTG;4
01/12/2022;COT1;Transfacil;EQ10;CONNECTION CCIT 4.0;;;DF88;Reparo com formatação e reinst. FW/SW;28
01/12/2022;COT1;Transfacil;EQ10;CONNECTION CCIT 4.0;;;DF127;Subst. Conector USB;1
01/12/2022;COT2;Transcard;EQ10;CONNECTION CCIT 4.0;;;DF46;Formatação da memória e subst. FW;31
01/12/2022;COT2;Transcard;EQ10;CONNECTION CCIT 4.0;;;DF41;Envio para manutenção central-CTG;15
01/12/2022;COT2;Transcard;EQ10;CONNECTION CCIT 4.0;;;DF127;Subst. Conector USB;3
01/12/2022;COT6;METRO-BAHIA;EQ10;CONNECTION CCIT 4.0;;;DF41;Envio para manutenção central-CTG;1
01/12/2022;COT10;Metropolitano-Bahia;EQ10;CONNECTION CCIT 4.0;OP64;METROPOLITANO SSA;DF21;Atualização de FW ;3
01/12/2022;COT10;Metropolitano-Bahia;EQ10;CONNECTION CCIT 4.0;OP64;METROPOLITANO SSA;DF41;Envio para manutenção central-CTG;1
01/12/2022;COT10;Metropolitano-Bahia;EQ10;CONNECTION CCIT 4.0;OP64;METROPOLITANO SSA;DF256;Substituição de fusível;1
01/12/2022;COT19;SÃO JOÃO;EQ10;CONNECTION CCIT 4.0;OP67;SÃO JOÃO;DF21;Atualização de FW ;1
01/12/2022;COT20;ROSA TURISMO;EQ10;CONNECTION CCIT 4.0;OP66;ROSA TURISMO;DF21;Atualização de FW ;3
01/12/2022;COT20;ROSA TURISMO;EQ10;CONNECTION CCIT 4.0;OP66;ROSA TURISMO;DF41;Envio para manutenção central-CTG;1
01/12/2022;COT24;GVBUS;EQ10;CONNECTION CCIT 4.0;;;DF293;Recall Circuito Catraca (placa ADP);32
01/12/2022;COT3;TEU;EQ22;V3000M;;;DF21;Atualização de FW ;22
01/12/2022;COT3;TEU;EQ22;V3000M;;;DF115;Restauração da ROM via PC;22
01/12/2022;COT3;TEU;EQ22;V3000M;;;DF41;Envio para manutenção central-CTG;4
01/12/2022;COT3;TEU;EQ22;V3000M;;;DF232;Subst. Do SDCard;8
01/12/2022;COT3;TEU;EQ26;V3000M DVR;;;DF21;Atualização de FW ;24
01/12/2022;COT3;TEU;EQ26;V3000M DVR;;;DF115;Restauração da ROM via PC;24
01/12/2022;COT3;TEU;EQ26;V3000M DVR;;;DF232;Subst. Do SDCard;1
01/12/2022;COT1;Transfacil;EQ27;UT (FTV 3000);;;DF169;Subst. De Componente eletrônico;11
01/12/2022;COT24;GVBUS;EQ33;POS MOVE 2500;;;DF41;Envio para manutenção central-CTG;7
01/12/2022;COT20;Rosa Turismo;EQ31;POS 250;OP66;ROSA TURISMO;DF41;Envio para manutenção central-CTG;2
01/12/2022;COT20;Rosa Turismo;EQ31;POS 250;OP66;ROSA TURISMO;DF46;Formatação da memória e subst. FW;2
01/12/2022;COT19;São João;EQ31;POS 250;OP67;SÃO JOÃO;DF41;Envio para manutenção central-CTG;2
01/12/2022;COT19;São João;EQ31;POS 250;OP67;SÃO JOÃO;DF46;Formatação da memória e subst. FW;2
01/12/2022;COT2;Transcard;EQ31;POS 250;;;DF41;Envio para manutenção central-CTG;4
01/12/2022;COT2;Transcard;EQ31;POS 250;;;DF46;Formatação da memória e subst. FW;1
01/12/2022;COT2;Transcard;EQ31;POS 250;;;DF132;Subst. Da Bateria de Lithium;1
01/12/2022;COT25;COOTRAPS - CE;EQ17;FONTE PM;OP129;COOTRAPS;DF266;Subst. Do cooler;4
01/01/2023;COT7;Alagoinhas;EQ34;CCIT 4.0 FRONTAL H2.1 C SEM BATERIA;OP68;ALAGOINHAS;DF113;Restaura RAM via PC;2
01/01/2023;COT7;Alagoinhas;EQ34;CCIT 4.0 FRONTAL H2.1 C SEM BATERIA;OP68;ALAGOINHAS;DF114;Restaura RAM via pendrive;2
01/01/2023;COT21;Araguarina;EQ35;CCIT 4.0 FRONTAL H2 COM BATERIA;OP81;VIAÇÃO ARAGUARINA;DF41;Envio para manutenção central-CTG;2
01/01/2023;COT8;CBTU;EQ1;CCIT 3.0;OP47;CBTU - COMPANHIA BRASILEIRA DE TRENS URBANOS;DF37;Defeito não encontrado e subst. FW/SW;1
01/01/2023;COT8;CBTU;EQ1;CCIT 3.0;OP47;CBTU - COMPANHIA BRASILEIRA DE TRENS URBANOS;DF88;Reparo com formatação e reinst. FW/SW;5
01/01/2023;COT8;CBTU;EQ1;CCIT 3.0;OP47;CBTU - COMPANHIA BRASILEIRA DE TRENS URBANOS;DF211;Subst. Do Equipamento completo;1
01/01/2023;COT8;CBTU;EQ1;CCIT 3.0;OP47;CBTU - COMPANHIA BRASILEIRA DE TRENS URBANOS;DF209;Subst. Do Display;1
01/01/2023;COT12;DIVPASS;EQ6;CCIT 4.0 FRONTAL H2.1;OP124;DIVPASS;DF88;Reparo com formatação e reinst. FW/SW;17
01/01/2023;COT12;DIVPASS;EQ6;CCIT 4.0 FRONTAL H2.1;OP124;DIVPASS;DF238;Subst. Do Vidro CCIT V4.0;3
01/01/2023;COT12;DIVPASS;EQ6;CCIT 4.0 FRONTAL H2.1;OP124;DIVPASS;DF209;Subst. Do Display;4
01/01/2023;COT12;DIVPASS;EQ6;CCIT 4.0 FRONTAL H2.1;OP124;DIVPASS;DF131;Subst. Da Antena Wlan do CCIT;1
01/01/2023;COT33;FLORIANÓPOLIS;EQ8;CCIT 4.0 FRONTAL JI21 SEM BATERIA;;;DF41;Envio para manutenção central-CTG;1
01/01/2023;COT33;FLORIANÓPOLIS;EQ8;CCIT 4.0 FRONTAL JI21 SEM BATERIA;;;DF60;Limpeza de cache;2
01/01/2023;COT11;Gov. Valadares;EQ6;CCIT 4.0 FRONTAL H2.1;OP53;VIAÇÃO MOBI;DF88;Reparo com formatação e reinst. FW/SW;18
01/01/2023;COT11;Gov. Valadares;EQ6;CCIT 4.0 FRONTAL H2.1;OP53;VIAÇÃO MOBI;DF210;Subst. Do Display CCIT;5
01/01/2023;COT11;Gov. Valadares;EQ6;CCIT 4.0 FRONTAL H2.1;OP53;VIAÇÃO MOBI;DF136;Subst. Da Carcaça inferior;1
01/01/2023;COT11;Gov. Valadares;EQ6;CCIT 4.0 FRONTAL H2.1;OP53;VIAÇÃO MOBI;DF133;Subst. Da Campainha CCIT;1
01/01/2023;COT24;GVBUS;EQ28;ATM;OP108;GVBUS - SIND. DAS EMP. DE TRANP. METROP. DA GRANDE VITÓRIA;DF262;Retirada de nota ATM e testes;10
01/01/2023;COT24;GVBUS;EQ28;ATM;OP108;GVBUS - SIND. DAS EMP. DE TRANP. METROP. DA GRANDE VITÓRIA;DF78;PC Reiniciado;3
01/01/2023;COT24;GVBUS;EQ28;ATM;OP108;GVBUS - SIND. DAS EMP. DE TRANP. METROP. DA GRANDE VITÓRIA;DF299;Subst. De UPEX ATM;4
01/01/2023;COT24;GVBUS;EQ6;CCIT 4.0 FRONTAL H2.1;;;DF91;Reparo com Gravação de PIC e reinst. Do FW;190
01/01/2023;COT24;GVBUS;EQ6;CCIT 4.0 FRONTAL H2.1;;;DF41;Envio para manutenção central-CTG;36
01/01/2023;COT24;GVBUS;EQ6;CCIT 4.0 FRONTAL H2.1;;;DF21;Atualização de FW ;8
01/01/2023;COT13;Mariana;EQ5;CCIT 4.0 FRONTAL;OP54;TRANSCOTTA MARIANA MG;DF90;Reparo com formatação e subst. FW/SW;2
01/01/2023;COT13;Mariana;EQ5;CCIT 4.0 FRONTAL;OP54;TRANSCOTTA MARIANA MG;DF136;Subst. Da Carcaça inferior;1
01/01/2023;COT13;Mariana;EQ5;CCIT 4.0 FRONTAL;OP54;TRANSCOTTA MARIANA MG;DF216;Subst. Do Módulo H2;1
01/01/2023;COT6;Metro-Bahia;EQ28;ATM;OP63;METRO-BAHIA;DF237;Subst. Do Validador de Notas;9
01/01/2023;COT6;Metro-Bahia;EQ28;ATM;OP63;METRO-BAHIA;DF143;Subst. da Impressora;11
01/01/2023;COT6;Metro-Bahia;EQ28;ATM;OP63;METRO-BAHIA;DF236;Subst. Do Teclado de Metal Frontal;1
01/01/2023;COT6;Metro-Bahia;EQ28;ATM;OP63;METRO-BAHIA;DF218;Subst. Do Monitor;1
01/01/2023;COT6;Metro-Bahia;EQ28;ATM;OP63;METRO-BAHIA;DF228;Subst. Do PDV ATM;1
01/01/2023;COT6;Metro-Bahia;EQ28;ATM;OP63;METRO-BAHIA;DF260;Subst. HUB Serial;1
01/01/2023;COT6;Metro-Bahia;EQ28;ATM;OP63;METRO-BAHIA;DF179;Subst. Do Cabo de Comunicação da Impressora;1
01/01/2023;COT6;METRO-BAHIA;EQ6;CCIT 4.0 FRONTAL H2.1;OP63;METRO-BAHIA;DF113;Restaura RAM via PC;3
01/01/2023;COT6;METRO-BAHIA;EQ6;CCIT 4.0 FRONTAL H2.1;OP63;METRO-BAHIA;DF41;Enviados para manutenção central CTG;2
01/01/2023;COT5;METROFOR/ VLT FORTALEZA;EQ38;CCIT 4.0 METROFOR;OP105;METROFOR LINHA SUL;DF88;Reparo com formatação e reinst. FW/SW;1
01/01/2023;COT5;METROFOR/ VLT FORTALEZA;EQ38;CCIT 4.0 METROFOR;OP105;METROFOR LINHA SUL;DF41;Envio para manutenção central-CTG;15
01/01/2023;COT10;Metropolitano-Bahia;EQ6;CCIT 4.0 FRONTAL H2.1;OP64;METROPOLITANO SSA;DF41;Envio para manutenção central-CTG;3
01/01/2023;COT10;Metropolitano-Bahia;EQ6;CCIT 4.0 FRONTAL H2.1;OP64;METROPOLITANO SSA;DF113;Restaura RAM via PC;24
01/01/2023;COT10;Metropolitano-Bahia;EQ6;CCIT 4.0 FRONTAL H2.1;OP64;METROPOLITANO SSA;DF114;Restaura RAM via pendrive;11
01/01/2023;COT10;Metropolitano-Bahia;EQ6;CCIT 4.0 FRONTAL H2.1;OP64;METROPOLITANO SSA;DF272;Subst. Do Touchscreen do módulo;9
01/01/2023;COT20;ROSA TURISMO;EQ36;CCIT 4.0 FRONTAL H1 COM BATERIA;OP66;ROSA TURISMO;DF113;Restaura RAM via PC;20
01/01/2023;COT20;ROSA TURISMO;EQ36;CCIT 4.0 FRONTAL H1 COM BATERIA;OP66;ROSA TURISMO;DF41;Envio para manutenção central-CTG;2
01/01/2023;COT19;SÃO JOÃO;EQ36;CCIT 4.0 FRONTAL H1 COM BATERIA;OP67;SÃO JOÃO;DF113;Restaura RAM via PC;13
01/01/2023;COT19;SÃO JOÃO;EQ36;CCIT 4.0 FRONTAL H1 COM BATERIA;OP67;SÃO JOÃO;DF41;Envio para manutenção central-CTG;2
01/01/2023;COT4;Setut;EQ6;CCIT 4.0 FRONTAL H2.1;;;DF41;Envio para manutenção central-CTG;15
01/01/2023;COT4;Setut;EQ6;CCIT 4.0 FRONTAL H2.1;;;DF113;Restaura RAM via PC;2
01/01/2023;COT18;Sindpautras;EQ6;CCIT 4.0 FRONTAL H2.1;OP48;SINDPAUTRAS-SIND. PERM. AUT. TRANSP. SU;DF88;Reparo com formatação e reinst. FW/SW;15
01/01/2023;COT22;Taguatur;EQ35;CCIT 4.0 FRONTAL H2 COM BATERIA;OP82;TAGUATUR;DF41;Envio para manutenção central-CTG;12
01/01/2023;COT3;TEU;EQ36;CCIT 4.0 FRONTAL H1 COM BATERIA;;;DF115;Restauração da ROM via PC;126
01/01/2023;COT3;TEU;EQ36;CCIT 4.0 FRONTAL H1 COM BATERIA;;;DF60;Limpeza de cache;56
01/01/2023;COT3;TEU;EQ36;CCIT 4.0 FRONTAL H1 COM BATERIA;;;DF132;Subst. Da Bateria de Lithium;16
01/01/2023;COT3;TEU;EQ36;CCIT 4.0 FRONTAL H1 COM BATERIA;;;DF41;Envio para manutenção central-CTG;14
01/01/2023;COT3;TEU;EQ36;CCIT 4.0 FRONTAL H1 COM BATERIA;;;DF136;Subst. Da Carcaça inferior;6
01/01/2023;COT2;Transcard;EQ28;ATM;OP61;Setps (Transcard);DF237;Subst. Do Validador de Notas;3
01/01/2023;COT2;Transcard;EQ28;ATM;OP61;Setps (Transcard);DF228;Subst. Do PDV ATM;3
01/01/2023;COT2;Transcard;EQ28;ATM;OP61;Setps (Transcard);DF260;Subst. HUB Serial;1
01/01/2023;COT2;Transcard;EQ28;ATM;OP61;Setps (Transcard);DF284;Manutenção PC ATM;3
01/01/2023;COT2;Transcard;EQ28;ATM;OP61;Setps (Transcard);DF142;Subst. Da Fonte Lambda ATM;1
01/01/2023;COT2;Transcard;EQ28;ATM;OP61;Setps (Transcard);DF143;Subst. da Impressora;2
01/01/2023;COT2;Transcard;EQ6;CCIT 4.0 FRONTAL H2.1;;;DF113;Restaura RAM via PC;78
01/01/2023;COT2;Transcard;EQ6;CCIT 4.0 FRONTAL H2.1;;;DF114;Restaura RAM via pendrive;34
01/01/2023;COT2;Transcard;EQ6;CCIT 4.0 FRONTAL H2.1;;;DF101;Ressolda Mbccit;8
01/01/2023;COT2;Transcard;EQ6;CCIT 4.0 FRONTAL H2.1;;;DF41;Enviados para manutenção central CTG;41
01/01/2023;COT2;Transcard;EQ6;CCIT 4.0 FRONTAL H2.1;;;DF272;Subst. Do Touchscreen do módulo;30
01/01/2023;COT1;Transfacil;EQ28;ATM;OP27;TRANSFÁCIL;DF257;Manut. no Validador de Notas;1
01/01/2023;COT1;Transfacil;EQ28;ATM;OP27;TRANSFÁCIL;DF65;Manutenção Cofre;4
01/01/2023;COT1;Transfacil;EQ28;ATM;OP27;TRANSFÁCIL;DF19;ATM - defeito não confirmado;1
01/01/2023;COT1;Transfacil;EQ28;ATM;OP27;TRANSFÁCIL;DF237;Subst. Do Validador de Notas;6
01/01/2023;COT1;Transfacil;EQ28;ATM;OP27;TRANSFÁCIL;DF228;Subst. Do PDV ATM;1
01/01/2023;COT1;Transfacil;EQ28;ATM;OP27;TRANSFÁCIL;DF128;Subst. Da antena Cless;2
01/01/2023;COT1;Transfacil;EQ28;ATM;OP27;TRANSFÁCIL;DF197;Subst. Do Cofre;2
01/01/2023;COT1;Transfacil;EQ28;ATM;OP27;TRANSFÁCIL;DF284;Manutenção PC ATM;2
01/01/2023;COT1;Transfacil;EQ28;ATM;OP27;TRANSFÁCIL;DF143;Subst. da Impressora;1
01/01/2023;COT1;Transfacil;EQ28;ATM;OP27;TRANSFÁCIL;DF8;Ajuste do monitor;1
01/01/2023;COT1;Transfacil;EQ28;ATM;OP27;TRANSFÁCIL;DF258;Subst. Da Cabeça de Impressão;3
01/01/2023;COT1;Transfacil;EQ28;ATM;OP27;TRANSFÁCIL;DF291;Subst. Da Placa Controladora da Impressora;1
01/01/2023;COT1;Transfacil;EQ28;ATM;OP27;TRANSFÁCIL;DF67;Manutenção na Impressora;2
01/01/2023;COT1;Transfacil;EQ28;ATM;OP27;TRANSFÁCIL;DF69;Manutenção no Sensor de Porta;4
01/01/2023;COT1;Transfacil;EQ28;ATM;OP27;TRANSFÁCIL;DF281;Subst. Fechadura Digital;2
01/01/2023;COT1;Transfacil;EQ28;ATM;OP27;TRANSFÁCIL;DF212;Subst. Do HD;1
01/01/2023;COT1;Transfacil;EQ6;CCIT 4.0 FRONTAL H2.1;;;DF88;Reparo com formatação e reinst. FW/SW;204
01/01/2023;COT1;Transfacil;EQ6;CCIT 4.0 FRONTAL H2.1;;;DF238;Subst. Do Vidro CCIT V4.0;21
01/01/2023;COT1;Transfacil;EQ6;CCIT 4.0 FRONTAL H2.1;;;DF216;Subst. Do Módulo H2;3
01/01/2023;COT1;Transfacil;EQ6;CCIT 4.0 FRONTAL H2.1;;;DF130;Subst. Da Antena WLAN;1
01/01/2023;COT1;Transfacil;EQ6;CCIT 4.0 FRONTAL H2.1;;;DF169;Subst. De Componente eletrônico;1
01/01/2023;COT1;Transfacil;EQ6;CCIT 4.0 FRONTAL H2.1;;;DF136;Subst. Da Carcaça inferior;5
01/01/2023;COT1;Transfacil;EQ6;CCIT 4.0 FRONTAL H2.1;OP13;Estações BRT Move;DF88;Reparo com formatação e reinst. FW/SW;45
01/01/2023;COT1;Transfacil;EQ6;CCIT 4.0 FRONTAL H2.1;OP13;Estações BRT Move;DF37;Defeito não encontrado e subst. FW/SW;1
01/01/2023;COT1;Transfacil;EQ6;CCIT 4.0 FRONTAL H2.1;OP13;Estações BRT Move;DF136;Subst. Da Carcaça inferior;1
01/01/2023;COT35;TURIN CONGONHAS;EQ5;CCIT 4.0 FRONTAL;OP138;VIAÇÃO TURIN CONGONHAS;DF209;Subst. Do Display;1
01/01/2023;COT35;TURIN CONGONHAS;EQ5;CCIT 4.0 FRONTAL;OP138;VIAÇÃO TURIN CONGONHAS;DF88;Reparo com formatação e reinst. FW/SW;1
01/01/2023;COT35;TURIN CONGONHAS;EQ5;CCIT 4.0 FRONTAL;OP138;VIAÇÃO TURIN CONGONHAS;DF136;Subst. Da Carcaça inferior;1
01/01/2023;COT35;TURIN CONGONHAS;EQ5;CCIT 4.0 FRONTAL;OP138;VIAÇÃO TURIN CONGONHAS;DF306;Retirada da bateria;1
01/01/2023;COT14;TURIN OURO PRETO;EQ6;CCIT 4.0 FRONTAL H2.1;OP52;VIAÇÃO TURIN OURO PRETO MG;DF90;Reparo com formatação e subst. FW/SW;8
01/01/2023;COT14;TURIN OURO PRETO;EQ6;CCIT 4.0 FRONTAL H2.1;OP52;VIAÇÃO TURIN OURO PRETO MG;DF136;Subst. Da Carcaça inferior;1
01/01/2023;COT14;TURIN OURO PRETO;EQ6;CCIT 4.0 FRONTAL H2.1;OP52;VIAÇÃO TURIN OURO PRETO MG;DF210;Subst. Do Display CCIT;3
01/01/2023;COT16;Via Ouro;EQ6;CCIT 4.0 FRONTAL H2.1;OP49;VIA OURO COLETIVOS LTDA;DF90;Reparo com formatação e subst. FW/SW;3
01/01/2023;COT1;Transfacil;EQ14;DMX200 MOD H3.1;;;DF41;Envio para manutenção central-CTG;15
01/01/2023;COT1;Transfacil;EQ14;DMX200 MOD H3.1;;;DF88;Reparo com formatação e reinst. FW/SW;54
01/01/2023;COT1;Transfacil;EQ14;DMX200 MOD H3.1;;;DF135;Subst. Da Carcaça frontal;1
01/01/2023;COT16;Via Ouro;EQ39;DMX200L JI21 SEM BATERIA;;;DF88;Reparo com formatação e reinst. FW/SW;9
01/01/2023;COT11;Gov. Valadares;EQ13;DMX200L;OP53;VIAÇÃO MOBI;DF88;Reparo com formatação e reinst. FW/SW;18
01/01/2023;COT12;DIVPASS;EQ13;DMX200L;OP124;DIVPASS;DF90;Reparo com formatação e subst. FW/SW;15
01/01/2023;COT35;TURIN CONGONHAS;EQ5;CCIT 4.0 FRONTAL;OP138;VIAÇÃO TURIN CONGONHAS;DF90;Reparo com formatação e subst. FW/SW;1
01/01/2023;COT2;Transcard;EQ16;PDM03;;;DF22;Atualização de pacote;2
01/01/2023;COT2;Transcard;EQ16;PDM03;;;DF206;Subst. Do Conector USB;1
01/01/2023;COT2;Transcard;EQ16;PDM03;;;DF300;Ressolda antena GPRS e slot de chip;4
01/01/2023;COT20;ROSA TURISMO;EQ39;DMX200L JI21 SEM BATERIA;OP66;ROSA TURISMO;DF115;Restauração da ROM via PC;1
01/01/2023;COT20;ROSA TURISMO;EQ39;DMX200L JI21 SEM BATERIA;OP66;ROSA TURISMO;DF41;Envio para manutenção central-CTG;2
01/01/2023;COT19;SÃO JOÃO;EQ39;DMX200L JI21 SEM BATERIA;OP67;SÃO JOÃO;DF115;Restauração da ROM via PC;5
01/01/2023;COT19;SÃO JOÃO;EQ39;DMX200L JI21 SEM BATERIA;OP67;SÃO JOÃO;DF300;Ressolda antena GPRS e slot de chip;1
01/01/2023;COT19;SÃO JOÃO;EQ39;DMX200L JI21 SEM BATERIA;OP67;SÃO JOÃO;DF41;Envio para manutenção central-CTG;1
01/01/2023;COT4;Setut;EQ14;DMX200 MOD H3.1;;;DF41;Envio para manutenção central-CTG;15
01/01/2023;COT4;Setut;EQ14;DMX200 MOD H3.1;;;DF88;Reparo com formatação e reinst. FW/SW;1
01/01/2023;COT25;COOTRAPS - CE;EQ14;DMX200 MOD H3.1;OP129;COOTRAPS;DF39;Enviados para manutenção central CTG;10
01/01/2023;COT25;COOTRAPS - CE;EQ14;DMX200 MOD H3.1;OP129;COOTRAPS;DF298;Subst. De placa do sensor;37
01/01/2023;COT24;GVBUS;EQ14;DMX200 MOD H3.1;;;DF41;Envio para manutenção central-CTG;9
01/01/2023;COT24;GVBUS;EQ14;DMX200 MOD H3.1;;;DF292;Ressolda conector USB;22
01/01/2023;COT24;GVBUS;EQ14;DMX200 MOD H3.1;;;DF21;Atualização de FW ;51
01/01/2023;COT24;GVBUS;EQ14;DMX200 MOD H3.1;;;DF46;Formatação da memória e subst. FW;79
01/01/2023;COT3;TEU;EQ14;DMX200 MOD H3.1;;;DF21;Atualização de FW ;9
01/01/2023;COT3;TEU;EQ14;DMX200 MOD H3.1;;;DF115;Restauração da ROM via PC;9
01/01/2023;COT3;TEU;EQ14;DMX200 MOD H3.1;;;DF41;Envio para manutenção central-CTG;4
01/01/2023;COT33;FLORIANÓPOLIS;EQ15;DMX200L SEM BATERIA;;;DF21;Atualização de FW ;28
01/01/2023;COT33;FLORIANÓPOLIS;EQ15;DMX200L SEM BATERIA;;;DF115;Restauração da ROM via PC;28
01/01/2023;COT33;FLORIANÓPOLIS;EQ15;DMX200L SEM BATERIA;;;DF41;Envio para manutenção central-CTG;2
01/01/2023;COT21;Araguarina;EQ13;DMX200L;OP81;VIAÇÃO ARAGUARINA;DF41;Envio para manutenção central-CTG;3
01/01/2023;COT22;Taguatur PM NOVO;EQ39;DMX200L JI21 SEM BATERIA;OP82;TAGUATUR;DF41;Envio para manutenção central-CTG;17
01/01/2023;COT23;UTB;EQ39;DMX200L JI21 SEM BATERIA;OP83;UTB;DF41;Envio para manutenção central-CTG;4
01/01/2023;COT23;UTB;EQ40;DMX200L JI21 COM BATERIA;OP83;UTB;DF41;Envio para manutenção central-CTG;16
01/01/2023;COT1;Transfacil;EQ10;CONNECTION CCIT 4.0;;;DF88;Reparo com formatação e reinst. FW/SW;19
01/01/2023;COT1;Transfacil;EQ10;CONNECTION CCIT 4.0;;;DF127;Subst. Conector USB;1
01/01/2023;COT1;Transfacil;EQ10;CONNECTION CCIT 4.0;;;DF37;Defeito não encontrado e subst. FW/SW;1
01/01/2023;COT2;Transcard;EQ10;CONNECTION CCIT 4.0;;;DF46;Formatação da memória e subst. FW;41
01/01/2023;COT2;Transcard;EQ10;CONNECTION CCIT 4.0;;;DF41;Envio para manutenção central-CTG;5
01/01/2023;COT2;Transcard;EQ10;CONNECTION CCIT 4.0;;;DF127;Subst. Conector USB;5
01/01/2023;COT2;Transcard;EQ10;CONNECTION CCIT 4.0;;;DF307;Lavagem da placa e Carcaça;30
01/01/2023;COT10;Metropolitano-Bahia;EQ10;CONNECTION CCIT 4.0;OP64;METROPOLITANO SSA;DF21;Atualização de FW ;6
01/01/2023;COT10;Metropolitano-Bahia;EQ10;CONNECTION CCIT 4.0;OP64;METROPOLITANO SSA;DF41;Envio para manutenção central-CTG;1
01/01/2023;COT10;Metropolitano-Bahia;EQ10;CONNECTION CCIT 4.0;OP64;METROPOLITANO SSA;DF256;Substituição de fusível;1
01/01/2023;COT20;ROSA TURISMO;EQ10;CONNECTION CCIT 4.0;OP66;ROSA TURISMO;DF21;Atualização de FW ;7
01/01/2023;COT20;ROSA TURISMO;EQ10;CONNECTION CCIT 4.0;OP66;ROSA TURISMO;DF41;Envio para manutenção central-CTG;1
01/01/2023;COT19;SÃO JOÃO;EQ10;CONNECTION CCIT 4.0;OP67;SÃO JOÃO;DF41;Envio para manutenção central-CTG;1
01/01/2023;COT3;TEU;EQ22;V3000M;;;DF21;Atualização de FW ;63
01/01/2023;COT3;TEU;EQ22;V3000M;;;DF115;Restauração da ROM via PC;63
01/01/2023;COT3;TEU;EQ22;V3000M;;;DF41;Envio para manutenção central-CTG;3
01/01/2023;COT3;TEU;EQ22;V3000M;;;DF232;Subst. Do SDCard;2
01/01/2023;COT3;TEU;EQ26;V3000M DVR;;;DF21;Atualização de FW ;9
01/01/2023;COT3;TEU;EQ26;V3000M DVR;;;DF115;Restauração da ROM via PC;8
01/01/2023;COT3;TEU;EQ26;V3000M DVR;;;DF232;Subst. Do SDCard;1
01/01/2023;COT3;TEU;EQ26;V3000M DVR;;;DF41;Envio para manutenção central-CTG;2
01/01/2023;COT1;Transfacil;EQ27;UT (FTV 3000);;;DF169;Subst. De Componente eletrônico;9
01/01/2023;COT1;Transfacil;EQ27;UT (FTV 3000);;;DF89;Reparo com Formatação e Subst. De FW;2
01/01/2023;COT24;GVBUS;EQ33;POS MOVE 2500;;;DF41;Envio para manutenção central-CTG;8
01/01/2023;COT20;Rosa Turismo;EQ31;POS 250;OP66;ROSA TURISMO;DF41;Envio para manutenção central-CTG;1
01/01/2023;COT20;Rosa Turismo;EQ31;POS 250;OP66;ROSA TURISMO;DF46;Formatação da memória e subst. FW;1
01/01/2023;COT19;São João;EQ31;POS 250;OP67;SÃO JOÃO;DF46;Formatação da memória e subst. FW;1
01/01/2023;COT2;Transcard;EQ31;POS 250;;;DF41;Envio para manutenção central-CTG;5
01/01/2023;COT2;Transcard;EQ31;POS 250;;;DF46;Formatação da memória e subst. FW;5
01/01/2023;COT2;Transcard;EQ31;POS 250;;;DF132;Subst. Da Bateria de Lithium;1
01/01/2023;COT25;COOTRAPS - CE;EQ17;FONTE PM;OP129;COOTRAPS;DF88;Reparo com formatação e reinst. FW/SW;4
01/01/2023;COT25;COOTRAPS - CE;EQ17;FONTE PM;OP129;COOTRAPS;DF41;Envio para manutenção central-CTG;7
01/02/2023;COT7;Alagoinhas;EQ34;CCIT 4.0 FRONTAL H2.1 C SEM BATERIA;OP68;ALAGOINHAS;DF113;Restaura RAM via PC;8
01/02/2023;COT8;CBTU;EQ1;CCIT 3.0;OP47;CBTU - COMPANHIA BRASILEIRA DE TRENS URBANOS;DF88;Reparo com formatação e reinst. FW/SW;6
01/02/2023;COT8;CBTU;EQ1;CCIT 3.0;OP47;CBTU - COMPANHIA BRASILEIRA DE TRENS URBANOS;DF211;Subst. Do Equipamento completo;1
01/02/2023;COT8;CBTU;EQ1;CCIT 3.0;OP47;CBTU - COMPANHIA BRASILEIRA DE TRENS URBANOS;DF129;Subst. Da Antena Cless e adesivo frontal;2
01/02/2023;COT8;CBTU;EQ1;CCIT 3.0;OP47;CBTU - COMPANHIA BRASILEIRA DE TRENS URBANOS;DF221;Subst. do Painel Frontal;1
01/02/2023;COT12;DIVPASS;EQ6;CCIT 4.0 FRONTAL H2.1;OP124;DIVPASS;DF88;Reparo com formatação e reinst. FW/SW;20
01/02/2023;COT12;DIVPASS;EQ6;CCIT 4.0 FRONTAL H2.1;OP124;DIVPASS;DF272;Subst. Do Touchscreen do módulo;1
01/02/2023;COT12;DIVPASS;EQ6;CCIT 4.0 FRONTAL H2.1;OP124;DIVPASS;DF209;Subst. Do Display;1
01/02/2023;COT12;DIVPASS;EQ6;CCIT 4.0 FRONTAL H2.1;OP124;DIVPASS;DF136;Subst. Da Carcaça inferior;3
01/02/2023;COT33;FLORIANÓPOLIS;EQ8;CCIT 4.0 FRONTAL JI21 SEM BATERIA;;;DF60;Limpeza de cache;1
01/02/2023;COT11;Gov. Valadares;EQ6;CCIT 4.0 FRONTAL H2.1;OP53;VIAÇÃO MOBI;DF88;Reparo com formatação e reinst. FW/SW;6
01/02/2023;COT11;Gov. Valadares;EQ6;CCIT 4.0 FRONTAL H2.1;OP53;VIAÇÃO MOBI;DF210;Subst. Do Display CCIT;1
01/02/2023;COT11;Gov. Valadares;EQ6;CCIT 4.0 FRONTAL H2.1;OP53;VIAÇÃO MOBI;DF136;Subst. Da Carcaça inferior;2
01/02/2023;COT11;Gov. Valadares;EQ6;CCIT 4.0 FRONTAL H2.1;OP53;VIAÇÃO MOBI;DF272;Subst. Do Touchscreen do módulo;1
01/02/2023;COT24;GVBUS;EQ28;ATM;OP108;GVBUS - SIND. DAS EMP. DE TRANP. METROP. DA GRANDE VITÓRIA;DF262;Retirada de nota ATM e testes;4
01/02/2023;COT24;GVBUS;EQ28;ATM;OP108;GVBUS - SIND. DAS EMP. DE TRANP. METROP. DA GRANDE VITÓRIA;DF78;PC Reiniciado;6
01/02/2023;COT24;GVBUS;EQ28;ATM;OP108;GVBUS - SIND. DAS EMP. DE TRANP. METROP. DA GRANDE VITÓRIA;DF296;ATM - sem conexão com internet;7
01/02/2023;COT24;GVBUS;EQ6;CCIT 4.0 FRONTAL H2.1;;;DF91;Reparo com Gravação de PIC e reinst. Do FW;109
01/02/2023;COT24;GVBUS;EQ6;CCIT 4.0 FRONTAL H2.1;;;DF41;Envio para manutenção central-CTG;39
01/02/2023;COT24;GVBUS;EQ6;CCIT 4.0 FRONTAL H2.1;;;DF21;Atualização de FW ;16
01/02/2023;COT6;Metro-Bahia;EQ28;ATM;OP63;METRO-BAHIA;DF237;Subst. Do Validador de Notas;5
01/02/2023;COT6;Metro-Bahia;EQ28;ATM;OP63;METRO-BAHIA;DF143;Subst. da Impressora;1
01/02/2023;COT6;METRO-BAHIA;EQ6;CCIT 4.0 FRONTAL H2.1;OP63;METRO-BAHIA;DF113;Restaura RAM via PC;8
01/02/2023;COT6;METRO-BAHIA;EQ6;CCIT 4.0 FRONTAL H2.1;OP63;METRO-BAHIA;DF41;Enviados para manutenção central CTG;1
01/02/2023;COT6;METRO-BAHIA;EQ6;CCIT 4.0 FRONTAL H2.1;OP63;METRO-BAHIA;DF114;Restaura RAM via pendrive;1
01/02/2023;COT10;Metropolitano-Bahia;EQ6;CCIT 4.0 FRONTAL H2.1;OP64;METROPOLITANO SSA;DF41;Envio para manutenção central-CTG;8
01/02/2023;COT10;Metropolitano-Bahia;EQ6;CCIT 4.0 FRONTAL H2.1;OP64;METROPOLITANO SSA;DF113;Restaura RAM via PC;24
01/02/2023;COT10;Metropolitano-Bahia;EQ6;CCIT 4.0 FRONTAL H2.1;OP64;METROPOLITANO SSA;DF114;Restaura RAM via pendrive;9
01/02/2023;COT20;ROSA TURISMO;EQ36;CCIT 4.0 FRONTAL H1 COM BATERIA;OP66;ROSA TURISMO;DF113;Restaura RAM via PC;12
01/02/2023;COT20;ROSA TURISMO;EQ36;CCIT 4.0 FRONTAL H1 COM BATERIA;OP66;ROSA TURISMO;DF41;Envio para manutenção central-CTG;2
01/02/2023;COT19;SÃO JOÃO;EQ36;CCIT 4.0 FRONTAL H1 COM BATERIA;OP67;SÃO JOÃO;DF113;Restaura RAM via PC;5
01/02/2023;COT4;Setut;EQ6;CCIT 4.0 FRONTAL H2.1;;;DF41;Envio para manutenção central-CTG;8
01/02/2023;COT4;Setut;EQ6;CCIT 4.0 FRONTAL H2.1;;;DF113;Restaura RAM via PC;5
01/02/2023;COT18;Sindpautras;EQ6;CCIT 4.0 FRONTAL H2.1;OP48;SINDPAUTRAS-SIND. PERM. AUT. TRANSP. SU;DF88;Reparo com formatação e reinst. FW/SW;15
01/02/2023;COT22;Taguatur;EQ35;CCIT 4.0 FRONTAL H2 COM BATERIA;OP82;TAGUATUR;DF41;Envio para manutenção central-CTG;50
01/02/2023;COT3;TEU;EQ36;CCIT 4.0 FRONTAL H1 COM BATERIA;;;DF115;Restauração da ROM via PC;181
01/02/2023;COT3;TEU;EQ36;CCIT 4.0 FRONTAL H1 COM BATERIA;;;DF60;Limpeza de cache;41
01/02/2023;COT3;TEU;EQ36;CCIT 4.0 FRONTAL H1 COM BATERIA;;;DF132;Subst. Da Bateria de Lithium;12
01/02/2023;COT3;TEU;EQ36;CCIT 4.0 FRONTAL H1 COM BATERIA;;;DF41;Envio para manutenção central-CTG;11
01/02/2023;COT3;TEU;EQ36;CCIT 4.0 FRONTAL H1 COM BATERIA;;;DF136;Subst. Da Carcaça inferior;17
01/02/2023;COT2;Transcard;EQ28;ATM;OP61;Setps (Transcard);DF237;Subst. Do Validador de Notas;3
01/02/2023;COT2;Transcard;EQ28;ATM;OP61;Setps (Transcard);DF228;Subst. Do PDV ATM;3
01/02/2023;COT2;Transcard;EQ28;ATM;OP61;Setps (Transcard);DF128;Subst. Da antena Cless;2
01/02/2023;COT2;Transcard;EQ28;ATM;OP61;Setps (Transcard);DF179;Subst. Do Cabo de Comunicação da Impressora;1
01/02/2023;COT2;Transcard;EQ28;ATM;OP61;Setps (Transcard);DF231;Subst. Do PINpad;1
01/02/2023;COT2;Transcard;EQ28;ATM;OP61;Setps (Transcard);DF143;Subst. da Impressora;2
01/02/2023;COT2;Transcard;EQ6;CCIT 4.0 FRONTAL H2.1;;;DF113;Restaura RAM via PC;88
01/02/2023;COT2;Transcard;EQ6;CCIT 4.0 FRONTAL H2.1;;;DF114;Restaura RAM via pendrive;51
01/02/2023;COT2;Transcard;EQ6;CCIT 4.0 FRONTAL H2.1;;;DF101;Ressolda Mbccit;8
01/02/2023;COT2;Transcard;EQ6;CCIT 4.0 FRONTAL H2.1;;;DF41;Enviados para manutenção central CTG;20
01/02/2023;COT2;Transcard;EQ6;CCIT 4.0 FRONTAL H2.1;;;DF272;Subst. Do Touchscreen do módulo;33
01/02/2023;COT1;Transfacil;EQ28;ATM;OP27;TRANSFÁCIL;DF257;Manut. no Validador de Notas;1
01/02/2023;COT1;Transfacil;EQ28;ATM;OP27;TRANSFÁCIL;DF65;Manutenção Cofre;2
01/02/2023;COT1;Transfacil;EQ28;ATM;OP27;TRANSFÁCIL;DF19;ATM - defeito não confirmado;4
01/02/2023;COT1;Transfacil;EQ28;ATM;OP27;TRANSFÁCIL;DF237;Subst. Do Validador de Notas;7
01/02/2023;COT1;Transfacil;EQ28;ATM;OP27;TRANSFÁCIL;DF228;Subst. Do PDV ATM;2
01/02/2023;COT1;Transfacil;EQ28;ATM;OP27;TRANSFÁCIL;DF128;Subst. Da antena Cless;1
01/02/2023;COT1;Transfacil;EQ28;ATM;OP27;TRANSFÁCIL;DF143;Subst. da Impressora;1
01/02/2023;COT1;Transfacil;EQ28;ATM;OP27;TRANSFÁCIL;DF258;Subst. Da Cabeça de Impressão;1
01/02/2023;COT1;Transfacil;EQ28;ATM;OP27;TRANSFÁCIL;DF67;Manutenção na Impressora;1
01/02/2023;COT1;Transfacil;EQ28;ATM;OP27;TRANSFÁCIL;DF283;Subst. Tampa Plastico Validador de Notas;1
01/02/2023;COT1;Transfacil;EQ6;CCIT 4.0 FRONTAL H2.1;;;DF88;Reparo com formatação e reinst. FW/SW;151
01/02/2023;COT1;Transfacil;EQ6;CCIT 4.0 FRONTAL H2.1;;;DF238;Subst. Do Vidro CCIT V4.0;13
01/02/2023;COT1;Transfacil;EQ6;CCIT 4.0 FRONTAL H2.1;;;DF216;Subst. Do Módulo H2;2
01/02/2023;COT1;Transfacil;EQ6;CCIT 4.0 FRONTAL H2.1;;;DF169;Subst. De Componente eletrônico;1
01/02/2023;COT1;Transfacil;EQ6;CCIT 4.0 FRONTAL H2.1;;;DF136;Subst. Da Carcaça inferior;6
01/02/2023;COT1;Transfacil;EQ6;CCIT 4.0 FRONTAL H2.1;OP13;Estações BRT Move;DF88;Reparo com formatação e reinst. FW/SW;27
01/02/2023;COT1;Transfacil;EQ6;CCIT 4.0 FRONTAL H2.1;OP13;Estações BRT Move;DF37;Defeito não encontrado e subst. FW/SW;2
01/02/2023;COT1;Transfacil;EQ6;CCIT 4.0 FRONTAL H2.1;OP13;Estações BRT Move;DF136;Subst. Da Carcaça inferior;2
01/02/2023;COT1;Transfacil;EQ6;CCIT 4.0 FRONTAL H2.1;OP13;Estações BRT Move;DF86;Reparo com configuração do setup;1
01/02/2023;COT1;Transfacil;EQ6;CCIT 4.0 FRONTAL H2.1;OP13;Estações BRT Move;DF169;Subst. De Componente eletrônico;2
01/02/2023;COT35;TURIN CONGONHAS;EQ5;CCIT 4.0 FRONTAL;OP138;VIAÇÃO TURIN CONGONHAS;DF209;Subst. Do Display;1
01/02/2023;COT35;TURIN CONGONHAS;EQ5;CCIT 4.0 FRONTAL;OP138;VIAÇÃO TURIN CONGONHAS;DF88;Reparo com formatação e reinst. FW/SW;1
01/02/2023;COT35;TURIN CONGONHAS;EQ5;CCIT 4.0 FRONTAL;OP138;VIAÇÃO TURIN CONGONHAS;DF136;Subst. Da Carcaça inferior;1
01/02/2023;COT35;TURIN CONGONHAS;EQ5;CCIT 4.0 FRONTAL;OP138;VIAÇÃO TURIN CONGONHAS;DF306;Retirada da bateria;1
01/02/2023;COT14;TURIN OURO PRETO;EQ6;CCIT 4.0 FRONTAL H2.1;OP52;VIAÇÃO TURIN OURO PRETO MG;DF90;Reparo com formatação e subst. FW/SW;6
01/02/2023;COT14;TURIN OURO PRETO;EQ6;CCIT 4.0 FRONTAL H2.1;OP52;VIAÇÃO TURIN OURO PRETO MG;DF210;Subst. Do Display CCIT;1
01/02/2023;COT14;TURIN OURO PRETO;EQ6;CCIT 4.0 FRONTAL H2.1;OP52;VIAÇÃO TURIN OURO PRETO MG;DF272;Subst. Do Touchscreen do módulo;1
01/02/2023;COT14;TURIN OURO PRETO;EQ6;CCIT 4.0 FRONTAL H2.1;OP52;VIAÇÃO TURIN OURO PRETO MG;DF238;Subst. Do Vidro CCIT V4.0;1
01/02/2023;COT23;UTB;EQ6;CCIT 4.0 FRONTAL H2.1;OP83;UTB;DF41;Envio para manutenção central-CTG;12
01/02/2023;COT24;GVBUS;EQ14;DMX200 MOD H3.1;;;DF41;Envio para manutenção central-CTG;46
01/02/2023;COT24;GVBUS;EQ14;DMX200 MOD H3.1;;;DF292;Ressolda conector USB;16
01/02/2023;COT24;GVBUS;EQ14;DMX200 MOD H3.1;;;DF21;Atualização de FW ;123
01/02/2023;COT24;GVBUS;EQ14;DMX200 MOD H3.1;;;DF46;Formatação da memória e subst. FW;6
01/02/2023;COT1;Transfacil;EQ14;DMX200 MOD H3.1;;;DF41;Envio para manutenção central-CTG;21
01/02/2023;COT1;Transfacil;EQ14;DMX200 MOD H3.1;;;DF88;Reparo com formatação e reinst. FW/SW;30
01/02/2023;COT16;Via Ouro;EQ39;DMX200L JI21 SEM BATERIA;;;DF88;Reparo com formatação e reinst. FW/SW;3
01/02/2023;COT11;Gov. Valadares;EQ13;DMX200L;OP53;VIAÇÃO MOBI;DF88;Reparo com formatação e reinst. FW/SW;10
01/02/2023;COT12;DIVPASS;EQ13;DMX200L;OP124;DIVPASS;DF90;Reparo com formatação e subst. FW/SW;15
01/02/2023;COT35;TURIN CONGONHAS;EQ5;CCIT 4.0 FRONTAL;OP138;VIAÇÃO TURIN CONGONHAS;DF90;Reparo com formatação e subst. FW/SW;1
01/02/2023;COT19;SÃO JOÃO;EQ39;DMX200L JI21 SEM BATERIA;OP67;SÃO JOÃO;DF115;Restauração da ROM via PC;2
01/02/2023;COT20;ROSA TURISMO;EQ39;DMX200L JI21 SEM BATERIA;OP66;ROSA TURISMO;DF115;Restauração da ROM via PC;4
01/02/2023;COT20;ROSA TURISMO;EQ39;DMX200L JI21 SEM BATERIA;OP66;ROSA TURISMO;DF41;Envio para manutenção central-CTG;1
01/02/2023;COT4;Setut;EQ14;DMX200 MOD H3.1;;;DF41;Envio para manutenção central-CTG;6
01/02/2023;COT25;COOTRAPS - CE;EQ14;DMX200 MOD H3.1;OP129;COOTRAPS;DF39;Enviados para manutenção central CTG;7
01/02/2023;COT25;COOTRAPS - CE;EQ14;DMX200 MOD H3.1;OP129;COOTRAPS;DF298;Subst. De placa do sensor;33
01/02/2023;COT25;COOTRAPS - CE;EQ14;DMX200 MOD H3.1;OP129;COOTRAPS;DF90;Reparo com formatação e subst. FW/SW;3
01/02/2023;COT3;TEU;EQ14;DMX200 MOD H3.1;;;DF21;Atualização de FW ;7
01/02/2023;COT3;TEU;EQ14;DMX200 MOD H3.1;;;DF115;Restauração da ROM via PC;4
01/02/2023;COT3;TEU;EQ14;DMX200 MOD H3.1;;;DF41;Envio para manutenção central-CTG;1
01/02/2023;COT33;FLORIANÓPOLIS;EQ15;DMX200L SEM BATERIA;;;DF115;Restauração da ROM via PC;1
01/02/2023;COT33;FLORIANÓPOLIS;EQ15;DMX200L SEM BATERIA;;;DF41;Envio para manutenção central-CTG;1
01/02/2023;COT22;Taguatur PM NOVO;EQ39;DMX200L JI21 SEM BATERIA;OP82;TAGUATUR;DF41;Envio para manutenção central-CTG;12
01/02/2023;COT23;UTB;EQ40;DMX200L JI21 COM BATERIA;OP83;UTB;DF41;Envio para manutenção central-CTG;16
01/02/2023;COT24;GVBUS;EQ10;CONNECTION CCIT 4.0;;;DF293;Recall Circuito Catraca (placa ADP);1
01/02/2023;COT24;GVBUS;EQ10;CONNECTION CCIT 4.0;;;DF21;Atualização de FW ;1
01/02/2023;COT1;Transfacil;EQ10;CONNECTION CCIT 4.0;;;DF88;Reparo com formatação e reinst. FW/SW;26
01/02/2023;COT1;Transfacil;EQ10;CONNECTION CCIT 4.0;;;DF136;Subst. Da Carcaça inferior;2
01/02/2023;COT1;Transfacil;EQ10;CONNECTION CCIT 4.0;;;DF169;Subst. De Componente eletrônico;1
01/02/2023;COT2;Transcard;EQ10;CONNECTION CCIT 4.0;;;DF46;Formatação da memória e subst. FW;21
01/02/2023;COT2;Transcard;EQ10;CONNECTION CCIT 4.0;;;DF41;Envio para manutenção central-CTG;10
01/02/2023;COT2;Transcard;EQ10;CONNECTION CCIT 4.0;;;DF127;Subst. Conector USB;3
01/02/2023;COT2;Transcard;EQ10;CONNECTION CCIT 4.0;;;DF245;Subst. Terminal Block;2
01/02/2023;COT2;Transcard;EQ10;CONNECTION CCIT 4.0;;;DF256;Substituição de fusível;3
01/02/2023;COT10;Metropolitano-Bahia;EQ10;CONNECTION CCIT 4.0;OP64;METROPOLITANO SSA;DF21;Atualização de FW ;5
01/02/2023;COT10;Metropolitano-Bahia;EQ10;CONNECTION CCIT 4.0;OP64;METROPOLITANO SSA;DF41;Envio para manutenção central-CTG;1
01/02/2023;COT10;Metropolitano-Bahia;EQ10;CONNECTION CCIT 4.0;OP64;METROPOLITANO SSA;DF256;Substituição de fusível;1
01/02/2023;COT20;ROSA TURISMO;EQ10;CONNECTION CCIT 4.0;OP66;ROSA TURISMO;DF21;Atualização de FW ;4
01/02/2023;COT20;ROSA TURISMO;EQ10;CONNECTION CCIT 4.0;OP66;ROSA TURISMO;DF41;Envio para manutenção central-CTG;2
01/02/2023;COT19;SÃO JOÃO;EQ10;CONNECTION CCIT 4.0;OP67;SÃO JOÃO;DF21;Atualização de FW ;2
01/02/2023;COT3;TEU;EQ22;V3000M;;;DF21;Atualização de FW ;29
01/02/2023;COT3;TEU;EQ22;V3000M;;;DF115;Restauração da ROM via PC;29
01/02/2023;COT3;TEU;EQ22;V3000M;;;DF232;Subst. Do SDCard;14
01/02/2023;COT3;TEU;EQ26;V3000M DVR;;;DF21;Atualização de FW ;5
01/02/2023;COT3;TEU;EQ26;V3000M DVR;;;DF115;Restauração da ROM via PC;5
01/02/2023;COT3;TEU;EQ26;V3000M DVR;;;DF232;Subst. Do SDCard;1
01/02/2023;COT3;TEU;EQ26;V3000M DVR;;;DF41;Envio para manutenção central-CTG;1
01/02/2023;COT1;Transfacil;EQ27;UT (FTV 3000);;;DF169;Subst. De Componente eletrônico;8
01/02/2023;COT24;GVBUS;EQ33;POS MOVE 2500;;;DF41;Envio para manutenção central-CTG;6
01/02/2023;COT20;Rosa Turismo;EQ31;POS 250;OP66;ROSA TURISMO;DF46;Formatação da memória e subst. FW;2
01/02/2023;COT19;São João;EQ31;POS 250;OP67;SÃO JOÃO;DF46;Formatação da memória e subst. FW;2
01/02/2023;COT2;Transcard;EQ31;POS 250;;;DF46;Formatação da memória e subst. FW;5
01/03/2023;COT7;Alagoinhas;EQ34;CCIT 4.0 FRONTAL H2.1 C SEM BATERIA;OP68;ALAGOINHAS;DF113;Restaura RAM via PC;6
01/03/2023;COT21;Araguarina;EQ35;CCIT 4.0 FRONTAL H2 COM BATERIA;OP81;VIAÇÃO ARAGUARINA;DF41;Envio para manutenção central-CTG;4
01/03/2023;COT8;CBTU;EQ1;CCIT 3.0;OP47;CBTU - COMPANHIA BRASILEIRA DE TRENS URBANOS;DF88;Reparo com formatação e reinst. FW/SW;1
01/03/2023;COT11;Gov. Valadares;EQ6;CCIT 4.0 FRONTAL H2.1;OP53;VIAÇÃO MOBI;DF88;Reparo com formatação e reinst. FW/SW;3
01/03/2023;COT24;GVBUS;EQ28;ATM;OP108;GVBUS - SIND. DAS EMP. DE TRANP. METROP. DA GRANDE VITÓRIA;DF262;Retirada de nota ATM e testes;3
01/03/2023;COT24;GVBUS;EQ28;ATM;OP108;GVBUS - SIND. DAS EMP. DE TRANP. METROP. DA GRANDE VITÓRIA;DF78;PC Reiniciado;4
01/03/2023;COT24;GVBUS;EQ28;ATM;OP108;GVBUS - SIND. DAS EMP. DE TRANP. METROP. DA GRANDE VITÓRIA;DF296;ATM - sem conexão com internet;3
01/03/2023;COT24;GVBUS;EQ6;CCIT 4.0 FRONTAL H2.1;;;DF91;Reparo com Gravação de PIC e reinst. Do FW;212
01/03/2023;COT24;GVBUS;EQ6;CCIT 4.0 FRONTAL H2.1;;;DF41;Envio para manutenção central-CTG;55
01/03/2023;COT24;GVBUS;EQ6;CCIT 4.0 FRONTAL H2.1;;;DF21;Atualização de FW ;9
01/03/2023;COT6;Metro-Bahia;EQ28;ATM;OP63;METRO-BAHIA;DF237;Subst. Do Validador de Notas;13
01/03/2023;COT6;Metro-Bahia;EQ28;ATM;OP63;METRO-BAHIA;DF143;Subst. da Impressora;4
01/03/2023;COT6;Metro-Bahia;EQ28;ATM;OP63;METRO-BAHIA;DF284;Manutenção PC ATM;3
01/03/2023;COT6;Metro-Bahia;EQ28;ATM;OP63;METRO-BAHIA;DF260;Subst. HUB Serial;2
01/03/2023;COT6;Metro-Bahia;EQ28;ATM;OP63;METRO-BAHIA;DF218;Subst. Do Monitor;1
01/03/2023;COT6;Metro-Bahia;EQ28;ATM;OP63;METRO-BAHIA;DF179;Subst. Do Cabo de Comunicação da Impressora;1
01/03/2023;COT6;Metro-Bahia;EQ28;ATM;OP63;METRO-BAHIA;DF228;Subst. Do PDV ATM;1
01/03/2023;COT6;METRO-BAHIA;EQ6;CCIT 4.0 FRONTAL H2.1;OP63;METRO-BAHIA;DF113;Restaura RAM via PC;7
01/03/2023;COT5;METROFOR/ VLT FORTALEZA;EQ38;CCIT 4.0 METROFOR;OP105;METROFOR LINHA SUL;DF88;Reparo com formatação e reinst. FW/SW;8
01/03/2023;COT10;Metropolitano-Bahia;EQ6;CCIT 4.0 FRONTAL H2.1;OP64;METROPOLITANO SSA;DF41;Envio para manutenção central-CTG;9
01/03/2023;COT10;Metropolitano-Bahia;EQ6;CCIT 4.0 FRONTAL H2.1;OP64;METROPOLITANO SSA;DF113;Restaura RAM via PC;41
01/03/2023;COT10;Metropolitano-Bahia;EQ6;CCIT 4.0 FRONTAL H2.1;OP64;METROPOLITANO SSA;DF114;Restaura RAM via pendrive;11
01/03/2023;COT20;ROSA TURISMO;EQ36;CCIT 4.0 FRONTAL H1 COM BATERIA;OP66;ROSA TURISMO;DF113;Restaura RAM via PC;18
01/03/2023;COT20;ROSA TURISMO;EQ36;CCIT 4.0 FRONTAL H1 COM BATERIA;OP66;ROSA TURISMO;DF41;Envio para manutenção central-CTG;2
01/03/2023;COT19;SÃO JOÃO;EQ36;CCIT 4.0 FRONTAL H1 COM BATERIA;OP67;SÃO JOÃO;DF113;Restaura RAM via PC;11
01/03/2023;COT19;SÃO JOÃO;EQ36;CCIT 4.0 FRONTAL H1 COM BATERIA;OP67;SÃO JOÃO;DF41;Envio para manutenção central-CTG;5
01/03/2023;COT4;Setut;EQ6;CCIT 4.0 FRONTAL H2.1;;;DF41;Envio para manutenção central-CTG;25
01/03/2023;COT4;Setut;EQ6;CCIT 4.0 FRONTAL H2.1;;;DF113;Restaura RAM via PC;12
01/03/2023;COT18;Sindpautras;EQ6;CCIT 4.0 FRONTAL H2.1;OP48;SINDPAUTRAS-SIND. PERM. AUT. TRANSP. SU;DF88;Reparo com formatação e reinst. FW/SW;1
01/03/2023;COT22;Taguatur;EQ35;CCIT 4.0 FRONTAL H2 COM BATERIA;OP82;TAGUATUR;DF41;Envio para manutenção central-CTG;34
01/03/2023;COT3;TEU;EQ3;CCIT 3.5;;;DF157;Subst. Da Placa FTCLess;1
01/03/2023;COT3;TEU;EQ3;CCIT 3.5;;;DF221;Subst. do Painel Frontal;1
01/03/2023;COT3;TEU;EQ3;CCIT 3.5;;;DF242;Subst. Placa Mbccit;1
01/03/2023;COT3;TEU;EQ3;CCIT 3.5;;;DF21;Atualização de FW ;1
01/03/2023;COT3;TEU;EQ36;CCIT 4.0 FRONTAL H1 COM BATERIA;;;DF115;Restauração da ROM via PC;181
01/03/2023;COT3;TEU;EQ36;CCIT 4.0 FRONTAL H1 COM BATERIA;;;DF60;Limpeza de cache;42
01/03/2023;COT3;TEU;EQ36;CCIT 4.0 FRONTAL H1 COM BATERIA;;;DF132;Subst. Da Bateria de Lithium;13
01/03/2023;COT3;TEU;EQ36;CCIT 4.0 FRONTAL H1 COM BATERIA;;;DF41;Envio para manutenção central-CTG;27
01/03/2023;COT3;TEU;EQ36;CCIT 4.0 FRONTAL H1 COM BATERIA;;;DF136;Subst. Da Carcaça inferior;5
01/03/2023;COT2;Transcard;EQ28;ATM;OP61;Setps (Transcard);DF237;Subst. Do Validador de Notas;10
01/03/2023;COT2;Transcard;EQ28;ATM;OP61;Setps (Transcard);DF228;Subst. Do PDV ATM;1
01/03/2023;COT2;Transcard;EQ28;ATM;OP61;Setps (Transcard);DF128;Subst. Da antena Cless;1
01/03/2023;COT2;Transcard;EQ28;ATM;OP61;Setps (Transcard);DF179;Subst. Do Cabo de Comunicação da Impressora;1
01/03/2023;COT2;Transcard;EQ28;ATM;OP61;Setps (Transcard);DF231;Subst. Do PINpad;3
01/03/2023;COT2;Transcard;EQ28;ATM;OP61;Setps (Transcard);DF143;Subst. da Impressora;2
01/03/2023;COT2;Transcard;EQ28;ATM;OP61;Setps (Transcard);DF218;Subst. Do Monitor;2
01/03/2023;COT2;Transcard;EQ28;ATM;OP61;Setps (Transcard);DF284;Manutenção PC ATM;2
01/03/2023;COT2;Transcard;EQ6;CCIT 4.0 FRONTAL H2.1;;;DF113;Restaura RAM via PC;124
01/03/2023;COT2;Transcard;EQ6;CCIT 4.0 FRONTAL H2.1;;;DF114;Restaura RAM via pendrive;171
01/03/2023;COT2;Transcard;EQ6;CCIT 4.0 FRONTAL H2.1;;;DF101;Ressolda Mbccit;8
01/03/2023;COT2;Transcard;EQ6;CCIT 4.0 FRONTAL H2.1;;;DF41;Enviados para manutenção central CTG;106
01/03/2023;COT1;Transfacil;EQ28;ATM;OP27;TRANSFÁCIL;DF257;Manut. no Validador de Notas;4
01/03/2023;COT1;Transfacil;EQ28;ATM;OP27;TRANSFÁCIL;DF65;Manutenção Cofre;9
01/03/2023;COT1;Transfacil;EQ28;ATM;OP27;TRANSFÁCIL;DF19;ATM - defeito não confirmado;12
01/03/2023;COT1;Transfacil;EQ28;ATM;OP27;TRANSFÁCIL;DF237;Subst. Do Validador de Notas;7
01/03/2023;COT1;Transfacil;EQ28;ATM;OP27;TRANSFÁCIL;DF143;Subst. da Impressora;1
01/03/2023;COT1;Transfacil;EQ28;ATM;OP27;TRANSFÁCIL;DF258;Subst. Da Cabeça de Impressão;1
01/03/2023;COT1;Transfacil;EQ28;ATM;OP27;TRANSFÁCIL;DF67;Manutenção na Impressora;7
01/03/2023;COT1;Transfacil;EQ28;ATM;OP27;TRANSFÁCIL;DF208;Subst. Do Dispenser do cartão;2
01/03/2023;COT1;Transfacil;EQ6;CCIT 4.0 FRONTAL H2.1;;;DF88;Reparo com formatação e reinst. FW/SW;218
01/03/2023;COT1;Transfacil;EQ6;CCIT 4.0 FRONTAL H2.1;;;DF238;Subst. Do Vidro CCIT V4.0;14
01/03/2023;COT1;Transfacil;EQ6;CCIT 4.0 FRONTAL H2.1;;;DF216;Subst. Do Módulo H2;1
01/03/2023;COT1;Transfacil;EQ6;CCIT 4.0 FRONTAL H2.1;;;DF169;Subst. De Componente eletrônico;2
01/03/2023;COT1;Transfacil;EQ6;CCIT 4.0 FRONTAL H2.1;;;DF136;Subst. Da Carcaça inferior;7
01/03/2023;COT1;Transfacil;EQ6;CCIT 4.0 FRONTAL H2.1;OP13;Estações BRT Move;DF88;Reparo com formatação e reinst. FW/SW;62
01/03/2023;COT1;Transfacil;EQ6;CCIT 4.0 FRONTAL H2.1;OP13;Estações BRT Move;DF37;Defeito não encontrado e subst. FW/SW;2
01/03/2023;COT1;Transfacil;EQ6;CCIT 4.0 FRONTAL H2.1;OP13;Estações BRT Move;DF136;Subst. Da Carcaça inferior;3
01/03/2023;COT1;Transfacil;EQ6;CCIT 4.0 FRONTAL H2.1;OP13;Estações BRT Move;DF169;Subst. De Componente eletrônico;1
01/03/2023;COT35;TURIN CONGONHAS;EQ5;CCIT 4.0 FRONTAL;OP138;VIAÇÃO TURIN CONGONHAS;DF88;Reparo com formatação e reinst. FW/SW;2
01/03/2023;COT35;TURIN CONGONHAS;EQ5;CCIT 4.0 FRONTAL;OP138;VIAÇÃO TURIN CONGONHAS;DF306;Retirada da bateria;1
01/03/2023;COT14;TURIN OURO PRETO;EQ6;CCIT 4.0 FRONTAL H2.1;OP52;VIAÇÃO TURIN OURO PRETO MG;DF90;Reparo com formatação e subst. FW/SW;2
01/03/2023;COT23;UTB;EQ6;CCIT 4.0 FRONTAL H2.1;OP83;UTB;DF41;Envio para manutenção central-CTG;16
01/03/2023;COT16;Via Ouro;EQ6;CCIT 4.0 FRONTAL H2.1;OP49;VIA OURO COLETIVOS LTDA;DF90;Reparo com formatação e subst. FW/SW;2
01/03/2023;COT16;Via Ouro;EQ6;CCIT 4.0 FRONTAL H2.1;OP49;VIA OURO COLETIVOS LTDA;DF136;Subst. Da Carcaça inferior;1
01/03/2023;COT1;Transfacil;EQ14;DMX200 MOD H3.1;;;DF41;Envio para manutenção central-CTG;19
01/03/2023;COT1;Transfacil;EQ14;DMX200 MOD H3.1;;;DF88;Reparo com formatação e reinst. FW/SW;62
01/03/2023;COT1;Transfacil;EQ14;DMX200 MOD H3.1;;;DF169;Subst. De Componente eletrônico;2
01/03/2023;COT1;Transfacil;EQ14;DMX200 MOD H3.1;;;DF135;Subst. Da Carcaça frontal;1
01/03/2023;COT16;Via Ouro;EQ39;DMX200L JI21 SEM BATERIA;;;DF88;Reparo com formatação e reinst. FW/SW;6
01/03/2023;COT16;Via Ouro;EQ39;DMX200L JI21 SEM BATERIA;;;DF169;Subst. De Componente eletrônico;1
01/03/2023;COT11;Gov. Valadares;EQ13;DMX200L;OP53;VIAÇÃO MOBI;DF88;Reparo com formatação e reinst. FW/SW;13
01/03/2023;COT12;DIVPASS;EQ13;DMX200L;OP124;DIVPASS;DF90;Reparo com formatação e subst. FW/SW;1
01/03/2023;COT35;TURIN CONGONHAS;EQ5;CCIT 4.0 FRONTAL;OP138;VIAÇÃO TURIN CONGONHAS;DF90;Reparo com formatação e subst. FW/SW;5
01/03/2023;COT2;Transcard;EQ16;PDM03;;;DF22;Atualização de pacote;2
01/03/2023;COT19;SÃO JOÃO;EQ39;DMX200L JI21 SEM BATERIA;OP67;SÃO JOÃO;DF41;Envio para manutenção central-CTG;3
01/03/2023;COT19;SÃO JOÃO;EQ39;DMX200L JI21 SEM BATERIA;OP67;SÃO JOÃO;DF115;Restauração da ROM via PC;8
01/03/2023;COT20;ROSA TURISMO;EQ39;DMX200L JI21 SEM BATERIA;OP66;ROSA TURISMO;DF115;Restauração da ROM via PC;7
01/03/2023;COT20;ROSA TURISMO;EQ39;DMX200L JI21 SEM BATERIA;OP66;ROSA TURISMO;DF41;Envio para manutenção central-CTG;4
01/03/2023;COT4;Setut;EQ14;DMX200 MOD H3.1;;;DF41;Envio para manutenção central-CTG;11
01/03/2023;COT25;COOTRAPS - CE;EQ14;DMX200 MOD H3.1;OP129;COOTRAPS;DF39;Enviados para manutenção central CTG;15
01/03/2023;COT25;COOTRAPS - CE;EQ14;DMX200 MOD H3.1;OP129;COOTRAPS;DF90;Reparo com formatação e subst. FW/SW;33
01/03/2023;COT24;GVBUS;EQ14;DMX200 MOD H3.1;;;DF41;Envio para manutenção central-CTG;36
01/03/2023;COT24;GVBUS;EQ14;DMX200 MOD H3.1;;;DF292;Ressolda conector USB;31
01/03/2023;COT24;GVBUS;EQ14;DMX200 MOD H3.1;;;DF21;Atualização de FW ;64
01/03/2023;COT24;GVBUS;EQ14;DMX200 MOD H3.1;;;DF46;Formatação da memória e subst. FW;13
01/03/2023;COT3;TEU;EQ14;DMX200 MOD H3.1;;;DF21;Atualização de FW ;6
01/03/2023;COT3;TEU;EQ14;DMX200 MOD H3.1;;;DF115;Restauração da ROM via PC;6
01/03/2023;COT3;TEU;EQ14;DMX200 MOD H3.1;;;DF41;Envio para manutenção central-CTG;4
01/03/2023;COT33;FLORIANÓPOLIS;EQ15;DMX200L SEM BATERIA;;;DF41;Envio para manutenção central-CTG;7
01/03/2023;COT22;Taguatur PM NOVO;EQ39;DMX200L JI21 SEM BATERIA;OP82;TAGUATUR;DF41;Envio para manutenção central-CTG;45
01/03/2023;COT23;UTB;EQ40;DMX200L JI21 COM BATERIA;OP83;UTB;DF41;Envio para manutenção central-CTG;9
01/03/2023;COT1;Transfacil;EQ10;CONNECTION CCIT 4.0;;;DF88;Reparo com formatação e reinst. FW/SW;27
01/03/2023;COT1;Transfacil;EQ10;CONNECTION CCIT 4.0;;;DF136;Subst. Da Carcaça inferior;3
01/03/2023;COT1;Transfacil;EQ10;CONNECTION CCIT 4.0;;;DF169;Subst. De Componente eletrônico;1
01/03/2023;COT2;Transcard;EQ10;CONNECTION CCIT 4.0;;;DF46;Formatação da memória e subst. FW;33
01/03/2023;COT2;Transcard;EQ10;CONNECTION CCIT 4.0;;;DF41;Envio para manutenção central-CTG;24
01/03/2023;COT2;Transcard;EQ10;CONNECTION CCIT 4.0;;;DF127;Subst. Conector USB;5
01/03/2023;COT2;Transcard;EQ10;CONNECTION CCIT 4.0;;;DF245;Subst. Terminal Block;2
01/03/2023;COT2;Transcard;EQ10;CONNECTION CCIT 4.0;;;DF256;Substituição de fusível;3
01/03/2023;COT10;Metropolitano-Bahia;EQ10;CONNECTION CCIT 4.0;OP64;METROPOLITANO SSA;DF21;Atualização de FW ;4
01/03/2023;COT19;SÃO JOÃO;EQ10;CONNECTION CCIT 4.0;OP67;SÃO JOÃO;DF21;Atualização de FW ;3
01/03/2023;COT19;SÃO JOÃO;EQ10;CONNECTION CCIT 4.0;OP67;SÃO JOÃO;DF41;Envio para manutenção central-CTG;1
01/03/2023;COT20;ROSA TURISMO;EQ10;CONNECTION CCIT 4.0;OP66;ROSA TURISMO;DF21;Atualização de FW ;5
01/03/2023;COT20;ROSA TURISMO;EQ10;CONNECTION CCIT 4.0;OP66;ROSA TURISMO;DF41;Envio para manutenção central-CTG;3
01/03/2023;COT24;GVBUS;EQ10;CONNECTION CCIT 4.0;;;DF21;Atualização de FW ;3
01/03/2023;COT3;TEU;EQ22;V3000M;;;DF21;Atualização de FW ;43
01/03/2023;COT3;TEU;EQ22;V3000M;;;DF115;Restauração da ROM via PC;43
01/03/2023;COT3;TEU;EQ22;V3000M;;;DF232;Subst. Do SDCard;7
01/03/2023;COT3;TEU;EQ26;V3000M DVR;;;DF21;Atualização de FW ;31
01/03/2023;COT3;TEU;EQ26;V3000M DVR;;;DF115;Restauração da ROM via PC;31
01/03/2023;COT3;TEU;EQ26;V3000M DVR;;;DF41;Envio para manutenção central-CTG;2
01/03/2023;COT3;TEU;EQ21;V3000L;;;DF21;Atualização de FW ;12
01/03/2023;COT3;TEU;EQ21;V3000L;;;DF115;Restauração da ROM via PC;12
01/03/2023;COT1;Transfacil;EQ27;UT (FTV 3000);;;DF169;Subst. De Componente eletrônico;2
01/03/2023;COT1;Transfacil;EQ27;UT (FTV 3000);;;DF88;Reparo com formatação e reinst. FW/SW;1
01/03/2023;COT24;GVBUS;EQ33;POS MOVE 2500;;;DF41;Envio para manutenção central-CTG;5
01/03/2023;COT10;Metropolitano-Bahia;EQ31;POS 250;OP64;METROPOLITANO SSA;DF41;Envio para manutenção central-CTG;2
01/03/2023;COT20;Rosa Turismo;EQ31;POS 250;OP66;ROSA TURISMO;DF46;Formatação da memória e subst. FW;2
01/03/2023;COT2;Transcard;EQ31;POS 250;;;DF46;Formatação da memória e subst. FW;7
01/03/2023;COT25;COOTRAPS - CE;EQ17;FONTE PM;OP129;COOTRAPS;DF41;Envio para manutenção central-CTG;4
01/04/2023;COT21;Araguarina;EQ35;CCIT 4.0 FRONTAL H2 COM BATERIA;OP81;VIAÇÃO ARAGUARINA;DF41;Envio para manutenção central-CTG;4
01/04/2023;COT8;CBTU;EQ1;CCIT 3.0;OP47;CBTU - COMPANHIA BRASILEIRA DE TRENS URBANOS;DF88;Reparo com formatação e reinst. FW/SW;1
01/04/2023;COT12;DIVPASS;EQ6;CCIT 4.0 FRONTAL H2.1;OP124;DIVPASS;DF88;Reparo com formatação e reinst. FW/SW;10
01/04/2023;COT12;DIVPASS;EQ6;CCIT 4.0 FRONTAL H2.1;OP124;DIVPASS;DF272;Subst. Do Touchscreen do módulo;2
01/04/2023;COT12;DIVPASS;EQ6;CCIT 4.0 FRONTAL H2.1;OP124;DIVPASS;DF209;Subst. Do Display;1
01/04/2023;COT12;DIVPASS;EQ6;CCIT 4.0 FRONTAL H2.1;OP124;DIVPASS;DF238;Subst. Do Vidro CCIT V4.0;1
01/04/2023;COT11;Gov. Valadares;EQ6;CCIT 4.0 FRONTAL H2.1;OP53;VIAÇÃO MOBI;DF88;Reparo com formatação e reinst. FW/SW;5
01/04/2023;COT11;Gov. Valadares;EQ6;CCIT 4.0 FRONTAL H2.1;OP53;VIAÇÃO MOBI;DF272;Subst. Do Touchscreen do módulo;1
01/04/2023;COT11;Gov. Valadares;EQ6;CCIT 4.0 FRONTAL H2.1;OP53;VIAÇÃO MOBI;DF210;Subst. Do Display CCIT;1
01/04/2023;COT24;GVBUS;EQ28;ATM;OP108;GVBUS - SIND. DAS EMP. DE TRANP. METROP. DA GRANDE VITÓRIA;DF262;Retirada de nota ATM e testes;4
01/04/2023;COT24;GVBUS;EQ28;ATM;OP108;GVBUS - SIND. DAS EMP. DE TRANP. METROP. DA GRANDE VITÓRIA;DF66;Manutenção na Fechadura Eletrônica;2
01/04/2023;COT24;GVBUS;EQ28;ATM;OP108;GVBUS - SIND. DAS EMP. DE TRANP. METROP. DA GRANDE VITÓRIA;DF296;ATM - sem conexão com internet;4
01/04/2023;COT24;GVBUS;EQ28;ATM;OP108;GVBUS - SIND. DAS EMP. DE TRANP. METROP. DA GRANDE VITÓRIA;DF308;Erro COF 67 ATM;1
01/04/2023;COT24;GVBUS;EQ6;CCIT 4.0 FRONTAL H2.1;;;DF91;Reparo com Gravação de PIC e reinst. Do FW;140
01/04/2023;COT24;GVBUS;EQ6;CCIT 4.0 FRONTAL H2.1;;;DF41;Envio para manutenção central-CTG;36
01/04/2023;COT24;GVBUS;EQ6;CCIT 4.0 FRONTAL H2.1;;;DF21;Atualização de FW ;6
01/04/2023;COT13;Mariana;EQ5;CCIT 4.0 FRONTAL;OP54;TRANSCOTTA MARIANA MG;DF90;Reparo com formatação e subst. FW/SW;1
01/04/2023;COT13;Mariana;EQ5;CCIT 4.0 FRONTAL;OP54;TRANSCOTTA MARIANA MG;DF136;Subst. Da Carcaça inferior;1
01/04/2023;COT13;Mariana;EQ5;CCIT 4.0 FRONTAL;OP54;TRANSCOTTA MARIANA MG;DF272;Subst. Do Touchscreen do módulo;1
01/04/2023;COT6;Metro-Bahia;EQ28;ATM;OP63;METRO-BAHIA;DF237;Subst. Do Validador de Notas;4
01/04/2023;COT6;Metro-Bahia;EQ28;ATM;OP63;METRO-BAHIA;DF143;Subst. da Impressora;5
01/04/2023;COT6;Metro-Bahia;EQ28;ATM;OP63;METRO-BAHIA;DF284;Manutenção PC ATM;2
01/04/2023;COT6;Metro-Bahia;EQ28;ATM;OP63;METRO-BAHIA;DF260;Subst. HUB Serial;0
01/04/2023;COT6;Metro-Bahia;EQ28;ATM;OP63;METRO-BAHIA;DF218;Subst. Do Monitor;0
01/04/2023;COT6;Metro-Bahia;EQ28;ATM;OP63;METRO-BAHIA;DF179;Subst. Do Cabo de Comunicação da Impressora;2
01/04/2023;COT6;Metro-Bahia;EQ28;ATM;OP63;METRO-BAHIA;DF228;Subst. Do PDV ATM;0
01/04/2023;COT6;METRO-BAHIA;EQ6;CCIT 4.0 FRONTAL H2.1;OP63;METRO-BAHIA;DF113;Restaura RAM via PC;8
01/04/2023;COT5;METROFOR/ VLT FORTALEZA;EQ38;CCIT 4.0 METROFOR;OP105;METROFOR LINHA SUL;DF88;Reparo com formatação e reinst. FW/SW;6
01/04/2023;COT5;METROFOR/ VLT FORTALEZA;EQ38;CCIT 4.0 METROFOR;OP105;METROFOR LINHA SUL;DF41;Enviados para manutenção central CTG;9
01/04/2023;COT10;Metropolitano-Bahia;EQ6;CCIT 4.0 FRONTAL H2.1;OP64;METROPOLITANO SSA;DF41;Envio para manutenção central-CTG;7
01/04/2023;COT10;Metropolitano-Bahia;EQ6;CCIT 4.0 FRONTAL H2.1;OP64;METROPOLITANO SSA;DF113;Restaura RAM via PC;41
01/04/2023;COT20;ROSA TURISMO;EQ36;CCIT 4.0 FRONTAL H1 COM BATERIA;OP66;ROSA TURISMO;DF113;Restaura RAM via PC;7
01/04/2023;COT20;ROSA TURISMO;EQ36;CCIT 4.0 FRONTAL H1 COM BATERIA;OP66;ROSA TURISMO;DF41;Envio para manutenção central-CTG;5
01/04/2023;COT19;SÃO JOÃO;EQ36;CCIT 4.0 FRONTAL H1 COM BATERIA;OP67;SÃO JOÃO;DF113;Restaura RAM via PC;8
01/04/2023;COT19;SÃO JOÃO;EQ36;CCIT 4.0 FRONTAL H1 COM BATERIA;OP67;SÃO JOÃO;DF41;Envio para manutenção central-CTG;2
01/04/2023;COT4;Setut;EQ6;CCIT 4.0 FRONTAL H2.1;;;DF41;Envio para manutenção central-CTG;27
01/04/2023;COT4;Setut;EQ6;CCIT 4.0 FRONTAL H2.1;;;DF113;Restaura RAM via PC;2
01/04/2023;COT18;Sindpautras;EQ6;CCIT 4.0 FRONTAL H2.1;OP48;SINDPAUTRAS-SIND. PERM. AUT. TRANSP. SU;DF88;Reparo com formatação e reinst. FW/SW;9
01/04/2023;COT18;Sindpautras;EQ6;CCIT 4.0 FRONTAL H2.1;OP48;SINDPAUTRAS-SIND. PERM. AUT. TRANSP. SU;DF238;Subst. Do Vidro CCIT V4.0;2
01/04/2023;COT18;Sindpautras;EQ6;CCIT 4.0 FRONTAL H2.1;OP48;SINDPAUTRAS-SIND. PERM. AUT. TRANSP. SU;DF136;Subst. Da Carcaça inferior;1
01/04/2023;COT18;Sindpautras;EQ6;CCIT 4.0 FRONTAL H2.1;OP48;SINDPAUTRAS-SIND. PERM. AUT. TRANSP. SU;DF37;Defeito não encontrado e subst. FW/SW;1
01/04/2023;COT22;Taguatur;EQ35;CCIT 4.0 FRONTAL H2 COM BATERIA;OP82;TAGUATUR;DF41;Envio para manutenção central-CTG;24
01/04/2023;COT22;Taguatur;EQ35;CCIT 4.0 FRONTAL H2 COM BATERIA;OP82;TAGUATUR;DF41;Envio para manutenção central-CTG;25
01/04/2023;COT3;TEU;EQ36;CCIT 4.0 FRONTAL H1 COM BATERIA;;;DF115;Restauração da ROM via PC;102
01/04/2023;COT3;TEU;EQ36;CCIT 4.0 FRONTAL H1 COM BATERIA;;;DF60;Limpeza de cache;42
01/04/2023;COT3;TEU;EQ36;CCIT 4.0 FRONTAL H1 COM BATERIA;;;DF132;Subst. Da Bateria de Lithium;25
01/04/2023;COT3;TEU;EQ36;CCIT 4.0 FRONTAL H1 COM BATERIA;;;DF41;Envio para manutenção central-CTG;18
01/04/2023;COT3;TEU;EQ36;CCIT 4.0 FRONTAL H1 COM BATERIA;;;DF136;Subst. Da Carcaça inferior;5
01/04/2023;COT2;Transcard;EQ28;ATM;OP61;Setps (Transcard);DF237;Subst. Do Validador de Notas;4
01/04/2023;COT2;Transcard;EQ28;ATM;OP61;Setps (Transcard);DF142;Subst. Da Fonte Lambda ATM;1
01/04/2023;COT2;Transcard;EQ28;ATM;OP61;Setps (Transcard);DF128;Subst. Da antena Cless;1
01/04/2023;COT2;Transcard;EQ28;ATM;OP61;Setps (Transcard);DF231;Subst. Do PINpad;1
01/04/2023;COT2;Transcard;EQ28;ATM;OP61;Setps (Transcard);DF143;Subst. da Impressora;2
01/04/2023;COT2;Transcard;EQ28;ATM;OP61;Setps (Transcard);DF218;Subst. Do Monitor;2
01/04/2023;COT2;Transcard;EQ28;ATM;OP61;Setps (Transcard);DF284;Manutenção PC ATM;3
01/04/2023;COT2;Transcard;EQ6;CCIT 4.0 FRONTAL H2.1;;;DF113;Restaura RAM via PC;149
01/04/2023;COT2;Transcard;EQ6;CCIT 4.0 FRONTAL H2.1;;;DF114;Restaura RAM via pendrive;32
01/04/2023;COT2;Transcard;EQ6;CCIT 4.0 FRONTAL H2.1;;;DF101;Ressolda Mbccit;3
01/04/2023;COT2;Transcard;EQ6;CCIT 4.0 FRONTAL H2.1;;;DF41;Enviados para manutenção central CTG;44
01/04/2023;COT1;Transfacil;EQ28;ATM;OP27;TRANSFÁCIL;DF281;Subst. Fechadura Digital;1
01/04/2023;COT1;Transfacil;EQ28;ATM;OP27;TRANSFÁCIL;DF65;Manutenção Cofre;3
01/04/2023;COT1;Transfacil;EQ28;ATM;OP27;TRANSFÁCIL;DF19;ATM - defeito não confirmado;8
01/04/2023;COT1;Transfacil;EQ28;ATM;OP27;TRANSFÁCIL;DF237;Subst. Do Validador de Notas;3
01/04/2023;COT1;Transfacil;EQ28;ATM;OP27;TRANSFÁCIL;DF208;Subst. Do Dispenser do cartão;1
01/04/2023;COT1;Transfacil;EQ28;ATM;OP27;TRANSFÁCIL;DF258;Subst. Da Cabeça de Impressão;1
01/04/2023;COT1;Transfacil;EQ28;ATM;OP27;TRANSFÁCIL;DF67;Manutenção na Impressora;1
01/04/2023;COT1;Transfacil;EQ28;ATM;OP27;TRANSFÁCIL;DF208;Subst. Do Dispenser do cartão;1
01/04/2023;COT1;Transfacil;EQ6;CCIT 4.0 FRONTAL H2.1;;;DF88;Reparo com formatação e reinst. FW/SW;167
01/04/2023;COT1;Transfacil;EQ6;CCIT 4.0 FRONTAL H2.1;;;DF238;Subst. Do Vidro CCIT V4.0;14
01/04/2023;COT1;Transfacil;EQ6;CCIT 4.0 FRONTAL H2.1;;;DF216;Subst. Do Módulo H2;1
01/04/2023;COT1;Transfacil;EQ6;CCIT 4.0 FRONTAL H2.1;;;DF136;Subst. Da Carcaça inferior;6
01/04/2023;COT1;Transfacil;EQ6;CCIT 4.0 FRONTAL H2.1;OP13;Estações BRT Move;DF88;Reparo com formatação e reinst. FW/SW;34
01/04/2023;COT1;Transfacil;EQ6;CCIT 4.0 FRONTAL H2.1;OP13;Estações BRT Move;DF136;Subst. Da Carcaça inferior;1
01/04/2023;COT1;Transfacil;EQ6;CCIT 4.0 FRONTAL H2.1;OP13;Estações BRT Move;DF133;Subst. Da Campainha CCIT;1
01/04/2023;COT1;Transfacil;EQ6;CCIT 4.0 FRONTAL H2.1;;;DF37;Defeito não encontrado e subst. FW/SW;11
01/04/2023;COT1;Transfacil;EQ6;CCIT 4.0 FRONTAL H2.1;;;DF130;Subst. Da Antena WLAN;1
01/04/2023;COT35;TURIN CONGONHAS;EQ5;CCIT 4.0 FRONTAL;OP138;VIAÇÃO TURIN CONGONHAS;DF88;Reparo com formatação e reinst. FW/SW;2
01/04/2023;COT35;TURIN CONGONHAS;EQ5;CCIT 4.0 FRONTAL;OP138;VIAÇÃO TURIN CONGONHAS;DF210;Subst. Do Display CCIT;1
01/04/2023;COT14;TURIN OURO PRETO;EQ6;CCIT 4.0 FRONTAL H2.1;OP52;VIAÇÃO TURIN OURO PRETO MG;DF90;Reparo com formatação e subst. FW/SW;2
01/04/2023;COT23;UTB;EQ6;CCIT 4.0 FRONTAL H2.1;OP83;UTB;DF41;Envio para manutenção central-CTG;9
01/04/2023;COT16;Via Ouro;EQ6;CCIT 4.0 FRONTAL H2.1;OP49;VIA OURO COLETIVOS LTDA;DF90;Reparo com formatação e subst. FW/SW;3
01/04/2023;COT1;Transfacil;EQ14;DMX200 MOD H3.1;;;DF41;Envio para manutenção central-CTG;15
01/04/2023;COT1;Transfacil;EQ14;DMX200 MOD H3.1;;;DF88;Reparo com formatação e reinst. FW/SW;50
01/04/2023;COT1;Transfacil;EQ14;DMX200 MOD H3.1;;;DF170;Subst. De Gorila Glass;1
01/04/2023;COT1;Transfacil;EQ14;DMX200 MOD H3.1;;;DF37;Defeito não encontrado e subst. FW/SW;1
01/04/2023;COT16;Via Ouro;EQ39;DMX200L JI21 SEM BATERIA;;;DF88;Reparo com formatação e reinst. FW/SW;5
01/04/2023;COT11;Gov. Valadares;EQ13;DMX200L;OP53;VIAÇÃO MOBI;DF88;Reparo com formatação e reinst. FW/SW;3
01/04/2023;COT12;DIVPASS;EQ13;DMX200L;OP124;DIVPASS;DF90;Reparo com formatação e subst. FW/SW;9
01/04/2023;COT35;TURIN CONGONHAS;EQ5;CCIT 4.0 FRONTAL;OP138;VIAÇÃO TURIN CONGONHAS;DF90;Reparo com formatação e subst. FW/SW;2
01/04/2023;COT2;Transcard;EQ16;PDM03;;;DF22;Atualização de pacote;3
01/04/2023;COT19;SÃO JOÃO;EQ39;DMX200L JI21 SEM BATERIA;OP67;SÃO JOÃO;DF115;Restauração da ROM via PC;6
01/04/2023;COT20;ROSA TURISMO;EQ39;DMX200L JI21 SEM BATERIA;OP66;ROSA TURISMO;DF115;Restauração da ROM via PC;8
01/04/2023;COT20;ROSA TURISMO;EQ39;DMX200L JI21 SEM BATERIA;OP66;ROSA TURISMO;DF41;Envio para manutenção central-CTG;1
01/04/2023;COT4;Setut;EQ14;DMX200 MOD H3.1;;;DF41;Envio para manutenção central-CTG;9
01/04/2023;COT25;COOTRAPS - CE;EQ14;DMX200 MOD H3.1;OP129;COOTRAPS;DF39;Enviados para manutenção central CTG;21
01/04/2023;COT25;COOTRAPS - CE;EQ14;DMX200 MOD H3.1;OP129;COOTRAPS;DF90;Reparo com formatação e subst. FW/SW;38
01/04/2023;COT24;GVBUS;EQ14;DMX200 MOD H3.1;;;DF41;Envio para manutenção central-CTG;69
01/04/2023;COT24;GVBUS;EQ14;DMX200 MOD H3.1;;;DF292;Ressolda conector USB;81
01/04/2023;COT24;GVBUS;EQ14;DMX200 MOD H3.1;;;DF21;Atualização de FW ;211
01/04/2023;COT3;TEU;EQ14;DMX200 MOD H3.1;;;DF21;Atualização de FW ;12
01/04/2023;COT3;TEU;EQ14;DMX200 MOD H3.1;;;DF115;Restauração da ROM via PC;13
01/04/2023;COT3;TEU;EQ14;DMX200 MOD H3.1;;;DF41;Envio para manutenção central-CTG;1
01/04/2023;COT22;Taguatur PM NOVO;EQ39;DMX200L JI21 SEM BATERIA;OP82;TAGUATUR;DF41;Envio para manutenção central-CTG;19
01/04/2023;COT23;UTB;EQ40;DMX200L JI21 COM BATERIA;OP83;UTB;DF41;Envio para manutenção central-CTG;29
01/04/2023;COT11;Gov. Valadares;EQ13;DMX200L;OP53;VIAÇÃO MOBI;DF209;Subst. Do Display;1
01/04/2023;COT1;Transfacil;EQ10;CONNECTION CCIT 4.0;;;DF88;Reparo com formatação e reinst. FW/SW;26
01/04/2023;COT1;Transfacil;EQ10;CONNECTION CCIT 4.0;;;DF136;Subst. Da Carcaça inferior;1
01/04/2023;COT1;Transfacil;EQ10;CONNECTION CCIT 4.0;;;DF169;Subst. De Componente eletrônico;2
01/04/2023;COT2;Transcard;EQ10;CONNECTION CCIT 4.0;;;DF46;Formatação da memória e subst. FW;37
01/04/2023;COT2;Transcard;EQ10;CONNECTION CCIT 4.0;;;DF41;Envio para manutenção central-CTG;15
01/04/2023;COT2;Transcard;EQ10;CONNECTION CCIT 4.0;;;DF127;Subst. Conector USB;3
01/04/2023;COT2;Transcard;EQ10;CONNECTION CCIT 4.0;;;DF256;Substituição de fusível;1
01/04/2023;COT19;SÃO JOÃO;EQ10;CONNECTION CCIT 4.0;OP67;SÃO JOÃO;DF21;Atualização de FW ;6
01/04/2023;COT20;ROSA TURISMO;EQ10;CONNECTION CCIT 4.0;OP66;ROSA TURISMO;DF21;Atualização de FW ;5
01/04/2023;COT24;GVBUS;EQ10;CONNECTION CCIT 4.0;;;DF41;Envio para manutenção central-CTG;2
01/04/2023;COT4;Setut;EQ10;CONNECTION CCIT 4.0;;;DF41;Envio para manutenção central-CTG;1
01/04/2023;COT3;TEU;EQ22;V3000M;;;DF21;Atualização de FW ;26
01/04/2023;COT3;TEU;EQ22;V3000M;;;DF115;Restauração da ROM via PC;26
01/04/2023;COT3;TEU;EQ22;V3000M;;;DF232;Subst. Do SDCard;5
01/04/2023;COT3;TEU;EQ26;V3000M DVR;;;DF21;Atualização de FW ;11
01/04/2023;COT3;TEU;EQ26;V3000M DVR;;;DF115;Restauração da ROM via PC;11
01/04/2023;COT3;TEU;EQ26;V3000M DVR;;;DF41;Envio para manutenção central-CTG;3
01/04/2023;COT3;TEU;EQ22;V3000M;;;DF26;Atualização do PIC;3
01/04/2023;COT3;TEU;EQ22;V3000M;;;DF41;Envio para manutenção central-CTG;1
01/04/2023;COT1;Transfacil;EQ27;UT (FTV 3000);;;DF169;Subst. De Componente eletrônico;1
01/04/2023;COT1;Transfacil;EQ27;UT (FTV 3000);;;DF88;Reparo com formatação e reinst. FW/SW;1
01/04/2023;COT24;GVBUS;EQ33;POS MOVE 2500;;;DF41;Envio para manutenção central-CTG;21
01/04/2023;COT2;Transcard;EQ31;POS 250;;;DF46;Formatação da memória e subst. FW;11
01/04/2023;COT2;Transcard;EQ31;POS 250;;;DF41;Envio para manutenção central-CTG;1
01/04/2023;COT25;COOTRAPS - CE;EQ17;FONTE PM;OP129;COOTRAPS;DF41;Envio para manutenção central-CTG;7
01/05/2023;COT7;Alagoinhas;EQ34;CCIT 4.0 FRONTAL H2.1 C SEM BATERIA;OP68;ALAGOINHAS;DF113;Restaura RAM via PC;12
01/05/2023;COT21;Araguarina;EQ35;CCIT 4.0 FRONTAL H2 COM BATERIA;OP81;VIAÇÃO ARAGUARINA;DF41;Envio para manutenção central-CTG;3
01/05/2023;COT8;CBTU;EQ1;CCIT 3.0;OP47;CBTU - COMPANHIA BRASILEIRA DE TRENS URBANOS;DF88;Reparo com formatação e reinst. FW/SW;3
01/05/2023;COT12;DIVPASS;EQ6;CCIT 4.0 FRONTAL H2.1;OP124;DIVPASS;DF88;Reparo com formatação e reinst. FW/SW;25
01/05/2023;COT12;DIVPASS;EQ6;CCIT 4.0 FRONTAL H2.1;OP124;DIVPASS;DF272;Subst. Do Touchscreen do módulo;1
01/05/2023;COT12;DIVPASS;EQ6;CCIT 4.0 FRONTAL H2.1;OP124;DIVPASS;DF209;Subst. Do Display;6
01/05/2023;COT12;DIVPASS;EQ6;CCIT 4.0 FRONTAL H2.1;OP124;DIVPASS;DF133;Subst. Da Campainha CCIT;1
01/05/2023;COT33;FLORIANÓPOLIS;EQ8;CCIT 4.0 FRONTAL JI21 SEM BATERIA;;;DF115;Restauração da ROM via PC;3
01/05/2023;COT33;FLORIANÓPOLIS;EQ8;CCIT 4.0 FRONTAL JI21 SEM BATERIA;;;DF41;Envio para manutenção central-CTG;8
01/05/2023;COT11;Gov. Valadares;EQ6;CCIT 4.0 FRONTAL H2.1;OP53;VIAÇÃO MOBI;DF88;Reparo com formatação e reinst. FW/SW;25
01/05/2023;COT11;Gov. Valadares;EQ6;CCIT 4.0 FRONTAL H2.1;OP53;VIAÇÃO MOBI;DF272;Subst. Do Touchscreen do módulo;1
01/05/2023;COT11;Gov. Valadares;EQ6;CCIT 4.0 FRONTAL H2.1;OP53;VIAÇÃO MOBI;DF210;Subst. Do Display CCIT;6
01/05/2023;COT11;Gov. Valadares;EQ6;CCIT 4.0 FRONTAL H2.1;OP53;VIAÇÃO MOBI;DF133;Subst. Da Campainha CCIT;1
01/05/2023;COT24;GVBUS;EQ28;ATM;OP108;GVBUS - SIND. DAS EMP. DE TRANP. METROP. DA GRANDE VITÓRIA;DF77;PC ATM Travado;2
01/05/2023;COT24;GVBUS;EQ28;ATM;OP108;GVBUS - SIND. DAS EMP. DE TRANP. METROP. DA GRANDE VITÓRIA;DF231;Subst. Do PINpad;2
01/05/2023;COT24;GVBUS;EQ28;ATM;OP108;GVBUS - SIND. DAS EMP. DE TRANP. METROP. DA GRANDE VITÓRIA;DF143;Subst. da Impressora;2
01/05/2023;COT24;GVBUS;EQ28;ATM;OP108;GVBUS - SIND. DAS EMP. DE TRANP. METROP. DA GRANDE VITÓRIA;DF208;Subst. Do Dispenser do cartão;1
01/05/2023;COT24;GVBUS;EQ28;ATM;OP108;GVBUS - SIND. DAS EMP. DE TRANP. METROP. DA GRANDE VITÓRIA;DF19;ATM - defeito não confirmado;1
01/05/2023;COT24;GVBUS;EQ28;ATM;OP108;GVBUS - SIND. DAS EMP. DE TRANP. METROP. DA GRANDE VITÓRIA;DF68;Manutenção no Dispenser;2
01/05/2023;COT24;GVBUS;EQ6;CCIT 4.0 FRONTAL H2.1;;;DF91;Reparo com Gravação de PIC e reinst. Do FW;163
01/05/2023;COT24;GVBUS;EQ6;CCIT 4.0 FRONTAL H2.1;;;DF41;Envio para manutenção central-CTG;44
01/05/2023;COT24;GVBUS;EQ6;CCIT 4.0 FRONTAL H2.1;;;DF21;Atualização de FW ;172
01/05/2023;COT13;Mariana;EQ5;CCIT 4.0 FRONTAL;OP54;TRANSCOTTA MARIANA MG;DF90;Reparo com formatação e subst. FW/SW;2
01/05/2023;COT6;Metro-Bahia;EQ28;ATM;OP63;METRO-BAHIA;DF237;Subst. Do Validador de Notas;18
01/05/2023;COT6;Metro-Bahia;EQ28;ATM;OP63;METRO-BAHIA;DF143;Subst. da Impressora;7
01/05/2023;COT6;Metro-Bahia;EQ28;ATM;OP63;METRO-BAHIA;DF284;Manutenção PC ATM;1
01/05/2023;COT6;Metro-Bahia;EQ28;ATM;OP63;METRO-BAHIA;DF218;Subst. Do Monitor;2
01/05/2023;COT6;Metro-Bahia;EQ28;ATM;OP63;METRO-BAHIA;DF179;Subst. Do Cabo de Comunicação da Impressora;2
01/05/2023;COT6;METRO-BAHIA;EQ6;CCIT 4.0 FRONTAL H2.1;OP63;METRO-BAHIA;DF113;Restaura RAM via PC;10
01/05/2023;COT6;METRO-BAHIA;EQ6;CCIT 4.0 FRONTAL H2.1;OP63;METRO-BAHIA;DF41;Envio para manutenção central-CTG;2
01/05/2023;COT5;METROFOR/ VLT FORTALEZA;EQ38;CCIT 4.0 METROFOR;OP105;METROFOR LINHA SUL;DF88;Reparo com formatação e reinst. FW/SW;1
01/05/2023;COT5;METROFOR/ VLT FORTALEZA;EQ38;CCIT 4.0 METROFOR;OP105;METROFOR LINHA SUL;DF41;Enviados para manutenção central CTG;3
01/05/2023;COT10;Metropolitano-Bahia;EQ6;CCIT 4.0 FRONTAL H2.1;OP64;METROPOLITANO SSA;DF41;Envio para manutenção central-CTG;8
01/05/2023;COT10;Metropolitano-Bahia;EQ6;CCIT 4.0 FRONTAL H2.1;OP64;METROPOLITANO SSA;DF113;Restaura RAM via PC;33
01/05/2023;COT20;ROSA TURISMO;EQ36;CCIT 4.0 FRONTAL H1 COM BATERIA;OP66;ROSA TURISMO;DF113;Restaura RAM via PC;5
01/05/2023;COT20;ROSA TURISMO;EQ36;CCIT 4.0 FRONTAL H1 COM BATERIA;OP66;ROSA TURISMO;DF41;Envio para manutenção central-CTG;4
01/05/2023;COT19;SÃO JOÃO;EQ36;CCIT 4.0 FRONTAL H1 COM BATERIA;OP67;SÃO JOÃO;DF113;Restaura RAM via PC;9
01/05/2023;COT19;SÃO JOÃO;EQ36;CCIT 4.0 FRONTAL H1 COM BATERIA;OP67;SÃO JOÃO;DF41;Envio para manutenção central-CTG;1
01/05/2023;COT4;Setut;EQ6;CCIT 4.0 FRONTAL H2.1;;;DF41;Envio para manutenção central-CTG;38
01/05/2023;COT4;Setut;EQ6;CCIT 4.0 FRONTAL H2.1;;;DF113;Restaura RAM via PC;2
01/05/2023;COT4;Setut;EQ6;CCIT 4.0 FRONTAL H2.1;;;DF132;Subst. Da Bateria de Lithium;2
01/05/2023;COT18;Sindpautras;EQ6;CCIT 4.0 FRONTAL H2.1;OP48;SINDPAUTRAS-SIND. PERM. AUT. TRANSP. SU;DF88;Reparo com formatação e reinst. FW/SW;19
01/05/2023;COT18;Sindpautras;EQ6;CCIT 4.0 FRONTAL H2.1;OP48;SINDPAUTRAS-SIND. PERM. AUT. TRANSP. SU;DF136;Subst. Da Carcaça inferior;2
01/05/2023;COT18;Sindpautras;EQ6;CCIT 4.0 FRONTAL H2.1;OP48;SINDPAUTRAS-SIND. PERM. AUT. TRANSP. SU;DF37;Defeito não encontrado e subst. FW/SW;2
01/05/2023;COT3;TEU;EQ3;CCIT 3.5;;;DF157;Subst. Da Placa FTCLess;1
01/05/2023;COT3;TEU;EQ3;CCIT 3.5;;;DF21;Atualização de FW ;1
01/05/2023;COT3;TEU;EQ36;CCIT 4.0 FRONTAL H1 COM BATERIA;;;DF115;Restauração da ROM via PC;199
01/05/2023;COT3;TEU;EQ36;CCIT 4.0 FRONTAL H1 COM BATERIA;;;DF60;Limpeza de cache;13
01/05/2023;COT3;TEU;EQ36;CCIT 4.0 FRONTAL H1 COM BATERIA;;;DF132;Subst. Da Bateria de Lithium;6
01/05/2023;COT3;TEU;EQ36;CCIT 4.0 FRONTAL H1 COM BATERIA;;;DF41;Envio para manutenção central-CTG;7
01/05/2023;COT3;TEU;EQ36;CCIT 4.0 FRONTAL H1 COM BATERIA;;;DF136;Subst. Da Carcaça inferior;12
01/05/2023;COT2;Transcard;EQ28;ATM;OP61;Setps (Transcard);DF237;Subst. Do Validador de Notas;3
01/05/2023;COT2;Transcard;EQ28;ATM;OP61;Setps (Transcard);DF236;Subst. Do Teclado de Metal Frontal;1
01/05/2023;COT2;Transcard;EQ28;ATM;OP61;Setps (Transcard);DF128;Subst. Da antena Cless;1
01/05/2023;COT2;Transcard;EQ28;ATM;OP61;Setps (Transcard);DF143;Subst. da Impressora;3
01/05/2023;COT2;Transcard;EQ28;ATM;OP61;Setps (Transcard);DF218;Subst. Do Monitor;2
01/05/2023;COT2;Transcard;EQ28;ATM;OP61;Setps (Transcard);DF284;Manutenção PC ATM;2
01/05/2023;COT2;Transcard;EQ6;CCIT 4.0 FRONTAL H2.1;;;DF113;Restaura RAM via PC;153
01/05/2023;COT2;Transcard;EQ6;CCIT 4.0 FRONTAL H2.1;;;DF114;Restaura RAM via pendrive;19
01/05/2023;COT2;Transcard;EQ6;CCIT 4.0 FRONTAL H2.1;;;DF101;Ressolda Mbccit;4
01/05/2023;COT2;Transcard;EQ6;CCIT 4.0 FRONTAL H2.1;;;DF41;Enviados para manutenção central CTG;47
01/05/2023;COT2;Transcard;EQ6;CCIT 4.0 FRONTAL H2.1;;;DF9;Ajuste e aperto de conexão;5
01/05/2023;COT1;Transfacil;EQ28;ATM;OP27;TRANSFÁCIL;DF281;Subst. Fechadura Digital;1
01/05/2023;COT1;Transfacil;EQ28;ATM;OP27;TRANSFÁCIL;DF65;Manutenção Cofre;6
01/05/2023;COT1;Transfacil;EQ28;ATM;OP27;TRANSFÁCIL;DF19;ATM - defeito não confirmado;13
01/05/2023;COT1;Transfacil;EQ28;ATM;OP27;TRANSFÁCIL;DF237;Subst. Do Validador de Notas;7
01/05/2023;COT1;Transfacil;EQ28;ATM;OP27;TRANSFÁCIL;DF197;Subst. Do Cofre;1
01/05/2023;COT1;Transfacil;EQ28;ATM;OP27;TRANSFÁCIL;DF257;Manut. no Validador de Notas;1
01/05/2023;COT1;Transfacil;EQ28;ATM;OP27;TRANSFÁCIL;DF68;Manutenção no Dispenser;1
01/05/2023;COT1;Transfacil;EQ28;ATM;OP27;TRANSFÁCIL;DF10;Ajuste mecânico fechadura Porta Interna;1
01/05/2023;COT1;Transfacil;EQ28;ATM;OP27;TRANSFÁCIL;DF283;Subst. Tampa Plastico Validador de Notas;1
01/05/2023;COT1;Transfacil;EQ6;CCIT 4.0 FRONTAL H2.1;;;DF88;Reparo com formatação e reinst. FW/SW;170
01/05/2023;COT1;Transfacil;EQ6;CCIT 4.0 FRONTAL H2.1;;;DF238;Subst. Do Vidro CCIT V4.0;5
01/05/2023;COT1;Transfacil;EQ6;CCIT 4.0 FRONTAL H2.1;;;DF216;Subst. Do Módulo H2;1
01/05/2023;COT1;Transfacil;EQ6;CCIT 4.0 FRONTAL H2.1;OP13;Estações BRT Move;DF88;Reparo com formatação e reinst. FW/SW;43
01/05/2023;COT1;Transfacil;EQ6;CCIT 4.0 FRONTAL H2.1;OP13;Estações BRT Move;DF136;Subst. Da Carcaça inferior;3
01/05/2023;COT1;Transfacil;EQ6;CCIT 4.0 FRONTAL H2.1;;;DF37;Defeito não encontrado e subst. FW/SW;5
01/05/2023;COT1;Transfacil;EQ6;CCIT 4.0 FRONTAL H2.1;;;DF169;Subst. De Componente eletrônico;2
01/05/2023;COT1;Transfacil;EQ6;CCIT 4.0 FRONTAL H2.1;;;DF242;Subst. Placa Mbccit;1
01/05/2023;COT1;Transfacil;EQ6;CCIT 4.0 FRONTAL H2.1;;;DF135;Subst. Da Carcaça frontal;1
01/05/2023;COT1;Transfacil;EQ6;CCIT 4.0 FRONTAL H2.1;;;DF211;Subst. Do Equipamento completo;1
01/05/2023;COT35;TURIN CONGONHAS;EQ5;CCIT 4.0 FRONTAL;OP138;VIAÇÃO TURIN CONGONHAS;DF88;Reparo com formatação e reinst. FW/SW;1
01/05/2023;COT35;TURIN CONGONHAS;EQ5;CCIT 4.0 FRONTAL;OP138;VIAÇÃO TURIN CONGONHAS;DF210;Subst. Do Display CCIT;1
01/05/2023;COT14;TURIN OURO PRETO;EQ6;CCIT 4.0 FRONTAL H2.1;OP52;VIAÇÃO TURIN OURO PRETO MG;DF90;Reparo com formatação e subst. FW/SW;7
01/05/2023;COT14;TURIN OURO PRETO;EQ6;CCIT 4.0 FRONTAL H2.1;OP52;VIAÇÃO TURIN OURO PRETO MG;DF238;Subst. Do Vidro CCIT V4.0;2
01/05/2023;COT14;TURIN OURO PRETO;EQ6;CCIT 4.0 FRONTAL H2.1;OP52;VIAÇÃO TURIN OURO PRETO MG;DF210;Subst. Do Display CCIT;1
01/05/2023;COT14;TURIN OURO PRETO;EQ6;CCIT 4.0 FRONTAL H2.1;OP52;VIAÇÃO TURIN OURO PRETO MG;DF131;Subst. Da Antena Wlan do CCIT;1
01/05/2023;COT16;Via Ouro;EQ6;CCIT 4.0 FRONTAL H2.1;OP49;VIA OURO COLETIVOS LTDA;DF90;Reparo com formatação e subst. FW/SW;2
01/05/2023;COT1;Transfacil;EQ14;DMX200 MOD H3.1;;;DF41;Envio para manutenção central-CTG;6
01/05/2023;COT1;Transfacil;EQ14;DMX200 MOD H3.1;;;DF88;Reparo com formatação e reinst. FW/SW;47
01/05/2023;COT1;Transfacil;EQ14;DMX200 MOD H3.1;;;DF170;Subst. De Gorila Glass;2
01/05/2023;COT16;Via Ouro;EQ39;DMX200L JI21 SEM BATERIA;;;DF88;Reparo com formatação e reinst. FW/SW;10
01/05/2023;COT16;Via Ouro;EQ39;DMX200L JI21 SEM BATERIA;;;DF186;Subst. Do cartão SD 32 GB;1
01/05/2023;COT16;Via Ouro;EQ39;DMX200L JI21 SEM BATERIA;;;DF144;Subst. Da Memória;1
01/05/2023;COT11;Gov. Valadares;EQ13;DMX200L;OP53;VIAÇÃO MOBI;DF88;Reparo com formatação e reinst. FW/SW;3
01/05/2023;COT11;Gov. Valadares;EQ13;DMX200L;OP53;VIAÇÃO MOBI;DF209;Subst. Do Display;1
01/05/2023;COT12;DIVPASS;EQ13;DMX200L;OP124;DIVPASS;DF90;Reparo com formatação e subst. FW/SW;5
01/05/2023;COT35;TURIN CONGONHAS;EQ5;CCIT 4.0 FRONTAL;OP138;VIAÇÃO TURIN CONGONHAS;DF90;Reparo com formatação e subst. FW/SW;2
01/05/2023;COT2;Transcard;EQ16;PDM03;;;DF22;Atualização de pacote;3
01/05/2023;COT2;Transcard;EQ16;PDM03;;;DF127;Subst. Conector USB;2
01/05/2023;COT19;SÃO JOÃO;EQ39;DMX200L JI21 SEM BATERIA;OP67;SÃO JOÃO;DF115;Restauração da ROM via PC;13
01/05/2023;COT20;ROSA TURISMO;EQ39;DMX200L JI21 SEM BATERIA;OP66;ROSA TURISMO;DF115;Restauração da ROM via PC;5
01/05/2023;COT20;ROSA TURISMO;EQ39;DMX200L JI21 SEM BATERIA;OP66;ROSA TURISMO;DF41;Envio para manutenção central-CTG;1
01/05/2023;COT4;Setut;EQ14;DMX200 MOD H3.1;;;DF41;Envio para manutenção central-CTG;17
01/05/2023;COT25;COOTRAPS - CE;EQ14;DMX200 MOD H3.1;OP129;COOTRAPS;DF39;Enviados para manutenção central CTG;15
01/05/2023;COT25;COOTRAPS - CE;EQ14;DMX200 MOD H3.1;OP129;COOTRAPS;DF90;Reparo com formatação e subst. FW/SW;18
01/05/2023;COT24;GVBUS;EQ14;DMX200 MOD H3.1;;;DF41;Envio para manutenção central-CTG;50
01/05/2023;COT24;GVBUS;EQ14;DMX200 MOD H3.1;;;DF292;Ressolda conector USB;6
01/05/2023;COT24;GVBUS;EQ14;DMX200 MOD H3.1;;;DF21;Atualização de FW ;280
01/05/2023;COT3;TEU;EQ14;DMX200 MOD H3.1;;;DF21;Atualização de FW ;12
01/05/2023;COT3;TEU;EQ14;DMX200 MOD H3.1;;;DF115;Restauração da ROM via PC;12
01/05/2023;COT3;TEU;EQ14;DMX200 MOD H3.1;;;DF41;Envio para manutenção central-CTG;12
01/05/2023;COT33;FLORIANÓPOLIS;EQ15;DMX200L SEM BATERIA;;;DF115;Restauração da ROM via PC;8
01/05/2023;COT33;FLORIANÓPOLIS;EQ15;DMX200L SEM BATERIA;;;DF41;Envio para manutenção central-CTG;10
01/05/2023;COT33;FLORIANÓPOLIS;EQ15;DMX200L SEM BATERIA;;;DF21;Atualização de FW ;8
01/05/2023;COT22;Taguatur PM NOVO;EQ39;DMX200L JI21 SEM BATERIA;OP82;TAGUATUR;DF41;Envio para manutenção central-CTG;46
01/05/2023;COT1;Transfacil;EQ10;CONNECTION CCIT 4.0;;;DF88;Reparo com formatação e reinst. FW/SW;16
01/05/2023;COT1;Transfacil;EQ10;CONNECTION CCIT 4.0;;;DF37;Defeito não encontrado e subst. FW/SW;1
01/05/2023;COT2;Transcard;EQ10;CONNECTION CCIT 4.0;;;DF46;Formatação da memória e subst. FW;32
01/05/2023;COT2;Transcard;EQ10;CONNECTION CCIT 4.0;;;DF41;Envio para manutenção central-CTG;23
01/05/2023;COT2;Transcard;EQ10;CONNECTION CCIT 4.0;;;DF127;Subst. Conector USB;3
01/05/2023;COT2;Transcard;EQ10;CONNECTION CCIT 4.0;;;DF256;Substituição de fusível;3
01/05/2023;COT10;Metropolitano-Bahia;EQ10;CONNECTION CCIT 4.0;OP64;METROPOLITANO SSA;DF21;Atualização de FW ;9
01/05/2023;COT10;Metropolitano-Bahia;EQ10;CONNECTION CCIT 4.0;OP64;METROPOLITANO SSA;DF41;Envio para manutenção central-CTG;4
01/05/2023;COT19;SÃO JOÃO;EQ10;CONNECTION CCIT 4.0;OP67;SÃO JOÃO;DF21;Atualização de FW ;1
01/05/2023;COT20;ROSA TURISMO;EQ10;CONNECTION CCIT 4.0;OP66;ROSA TURISMO;DF21;Atualização de FW ;5
01/05/2023;COT20;ROSA TURISMO;EQ10;CONNECTION CCIT 4.0;OP66;ROSA TURISMO;DF41;Envio para manutenção central-CTG;4
01/05/2023;COT4;Setut;EQ10;CONNECTION CCIT 4.0;;;DF41;Envio para manutenção central-CTG;1
01/05/2023;COT24;GVBUS;EQ10;CONNECTION CCIT 4.0;;;DF41;Envio para manutenção central-CTG;1
01/05/2023;COT24;GVBUS;EQ10;CONNECTION CCIT 4.0;;;DF35;Defeito não encontrado / testes e liberação;15
01/05/2023;COT3;TEU;EQ22;V3000M;;;DF21;Atualização de FW ;44
01/05/2023;COT3;TEU;EQ22;V3000M;;;DF115;Restauração da ROM via PC;44
01/05/2023;COT3;TEU;EQ22;V3000M;;;DF232;Subst. Do SDCard;7
01/05/2023;COT3;TEU;EQ22;V3000M;;;DF26;Atualização do PIC;5
01/05/2023;COT3;TEU;EQ22;V3000M;;;DF41;Envio para manutenção central-CTG;5
01/05/2023;COT3;TEU;EQ26;V3000M DVR;;;DF21;Atualização de FW ;15
01/05/2023;COT3;TEU;EQ26;V3000M DVR;;;DF115;Restauração da ROM via PC;6
01/05/2023;COT3;TEU;EQ26;V3000M DVR;;;DF41;Envio para manutenção central-CTG;2
01/05/2023;COT3;TEU;EQ26;V3000M DVR;;;DF232;Subst. Do SDCard;1
01/05/2023;COT1;Transfacil;EQ27;UT (FTV 3000);;;DF169;Subst. De Componente eletrônico;2
01/05/2023;COT24;GVBUS;EQ33;POS MOVE 2500;;;DF41;Envio para manutenção central-CTG;17
01/05/2023;COT24;GVBUS;EQ33;POS MOVE 2500;;;DF309;Corrigido número de série repetido - POS;1
01/05/2023;COT10;Metropolitano-Bahia;EQ31;POS 250;OP64;METROPOLITANO SSA;DF41;Envio para manutenção central-CTG;1
01/05/2023;COT2;Transcard;EQ31;POS 250;;;DF46;Formatação da memória e subst. FW;6
01/05/2023;COT2;Transcard;EQ31;POS 250;;;DF41;Envio para manutenção central-CTG;4
01/05/2023;COT25;COOTRAPS - CE;EQ17;FONTE PM;OP129;COOTRAPS;DF41;Envio para manutenção central-CTG;8
01/06/2023;COT21;Araguarina;EQ35;CCIT 4.0 FRONTAL H2 COM BATERIA;OP81;VIAÇÃO ARAGUARINA;DF41;Envio para manutenção central-CTG;6
01/06/2023;COT8;CBTU;EQ1;CCIT 3.0;OP47;CBTU - COMPANHIA BRASILEIRA DE TRENS URBANOS;DF88;Reparo com formatação e reinst. FW/SW;5
01/06/2023;COT27;Cidade das Águas;EQ6;CCIT 4.0 FRONTAL H2.1;OP128;VIAÇÃO CIDADE DAS ÁGUAS;DF113;Restaura RAM via PC;1
01/06/2023;COT12;DIVPASS;EQ6;CCIT 4.0 FRONTAL H2.1;OP124;DIVPASS;DF88;Reparo com formatação e reinst. FW/SW;15
01/06/2023;COT12;DIVPASS;EQ6;CCIT 4.0 FRONTAL H2.1;OP124;DIVPASS;DF272;Subst. Do Touchscreen do módulo;3
01/06/2023;COT12;DIVPASS;EQ6;CCIT 4.0 FRONTAL H2.1;OP124;DIVPASS;DF209;Subst. Do Display;3
01/06/2023;COT12;DIVPASS;EQ6;CCIT 4.0 FRONTAL H2.1;OP124;DIVPASS;DF133;Subst. Da Campainha CCIT;1
01/06/2023;COT12;DIVPASS;EQ6;CCIT 4.0 FRONTAL H2.1;OP124;DIVPASS;DF37;Defeito não encontrado e subst. FW/SW;3
01/06/2023;COT12;DIVPASS;EQ6;CCIT 4.0 FRONTAL H2.1;OP124;DIVPASS;DF162;Subst. Da Placa Mbccit;2
01/06/2023;COT12;DIVPASS;EQ6;CCIT 4.0 FRONTAL H2.1;OP124;DIVPASS;DF136;Subst. Da Carcaça inferior;1
01/06/2023;COT12;DIVPASS;EQ6;CCIT 4.0 FRONTAL H2.1;OP124;DIVPASS;DF169;Subst. De Componente eletrônico;1
01/06/2023;COT12;DIVPASS;EQ6;CCIT 4.0 FRONTAL H2.1;OP124;DIVPASS;DF238;Subst. Do Vidro CCIT V4.0;1
01/06/2023;COT12;DIVPASS;EQ6;CCIT 4.0 FRONTAL H2.1;OP124;DIVPASS;DF130;Subst. Da Antena WLAN;1
01/06/2023;COT33;FLORIANÓPOLIS;EQ8;CCIT 4.0 FRONTAL JI21 SEM BATERIA;;;DF115;Restauração da ROM via PC;9
01/06/2023;COT24;GVBUS;EQ28;ATM;OP108;GVBUS - SIND. DAS EMP. DE TRANP. METROP. DA GRANDE VITÓRIA;DF77;PC ATM Travado;3
01/06/2023;COT24;GVBUS;EQ28;ATM;OP108;GVBUS - SIND. DAS EMP. DE TRANP. METROP. DA GRANDE VITÓRIA;DF208;Subst. Do Dispenser do cartão;1
01/06/2023;COT24;GVBUS;EQ28;ATM;OP108;GVBUS - SIND. DAS EMP. DE TRANP. METROP. DA GRANDE VITÓRIA;DF19;ATM - defeito não confirmado;2
01/06/2023;COT24;GVBUS;EQ28;ATM;OP108;GVBUS - SIND. DAS EMP. DE TRANP. METROP. DA GRANDE VITÓRIA;DF299;Subst. De UPEX ATM;2
01/06/2023;COT24;GVBUS;EQ28;ATM;OP108;GVBUS - SIND. DAS EMP. DE TRANP. METROP. DA GRANDE VITÓRIA;DF312;Ajustes cabo de rede;1
01/06/2023;COT24;GVBUS;EQ28;ATM;OP108;GVBUS - SIND. DAS EMP. DE TRANP. METROP. DA GRANDE VITÓRIA;DF262;Retirada de nota ATM e testes;3
01/06/2023;COT24;GVBUS;EQ28;ATM;OP108;GVBUS - SIND. DAS EMP. DE TRANP. METROP. DA GRANDE VITÓRIA;DF237;Subst. Do Validador de Notas;1
01/06/2023;COT24;GVBUS;EQ6;CCIT 4.0 FRONTAL H2.1;;;DF91;Reparo com Gravação de PIC e reinst. Do FW;116
01/06/2023;COT24;GVBUS;EQ6;CCIT 4.0 FRONTAL H2.1;;;DF41;Envio para manutenção central-CTG;37
01/06/2023;COT24;GVBUS;EQ6;CCIT 4.0 FRONTAL H2.1;;;DF21;Atualização de FW ;15
01/06/2023;COT24;GVBUS;EQ6;CCIT 4.0 FRONTAL H2.1;;;DF310;Subst. Da Câmera;2
01/06/2023;COT24;GVBUS;EQ6;CCIT 4.0 FRONTAL H2.1;;;DF311;Regulagem do foco da câmera;5
01/06/2023;COT13;Mariana;EQ5;CCIT 4.0 FRONTAL;OP54;TRANSCOTTA MARIANA MG;DF90;Reparo com formatação e subst. FW/SW;2
01/06/2023;COT6;Metro-Bahia;EQ28;ATM;OP63;METRO-BAHIA;DF237;Subst. Do Validador de Notas;8
01/06/2023;COT6;Metro-Bahia;EQ28;ATM;OP63;METRO-BAHIA;DF143;Subst. da Impressora;1
01/06/2023;COT6;Metro-Bahia;EQ28;ATM;OP63;METRO-BAHIA;DF284;Manutenção PC ATM;3
01/06/2023;COT6;Metro-Bahia;EQ28;ATM;OP63;METRO-BAHIA;DF236;Subst. Do Teclado de Metal Frontal;1
01/06/2023;COT6;Metro-Bahia;EQ28;ATM;OP63;METRO-BAHIA;DF228;Subst. Do PDV ATM;1
01/06/2023;COT6;METRO-BAHIA;EQ6;CCIT 4.0 FRONTAL H2.1;OP63;METRO-BAHIA;DF113;Restaura RAM via PC;13
01/06/2023;COT6;METRO-BAHIA;EQ6;CCIT 4.0 FRONTAL H2.1;OP63;METRO-BAHIA;DF41;Envio para manutenção central-CTG;1
01/06/2023;COT5;METROFOR/ VLT FORTALEZA;EQ38;CCIT 4.0 METROFOR;OP105;METROFOR LINHA SUL;DF41;Enviados para manutenção central CTG;6
01/06/2023;COT10;Metropolitano-Bahia;EQ6;CCIT 4.0 FRONTAL H2.1;OP64;METROPOLITANO SSA;DF41;Envio para manutenção central-CTG;5
01/06/2023;COT10;Metropolitano-Bahia;EQ6;CCIT 4.0 FRONTAL H2.1;OP64;METROPOLITANO SSA;DF113;Restaura RAM via PC;35
01/06/2023;COT20;ROSA TURISMO;EQ36;CCIT 4.0 FRONTAL H1 COM BATERIA;OP66;ROSA TURISMO;DF113;Restaura RAM via PC;8
01/06/2023;COT20;ROSA TURISMO;EQ36;CCIT 4.0 FRONTAL H1 COM BATERIA;OP66;ROSA TURISMO;DF41;Envio para manutenção central-CTG;1
01/06/2023;COT19;SÃO JOÃO;EQ36;CCIT 4.0 FRONTAL H1 COM BATERIA;OP67;SÃO JOÃO;DF113;Restaura RAM via PC;9
01/06/2023;COT19;SÃO JOÃO;EQ36;CCIT 4.0 FRONTAL H1 COM BATERIA;OP67;SÃO JOÃO;DF41;Envio para manutenção central-CTG;1
01/06/2023;COT4;Setut;EQ6;CCIT 4.0 FRONTAL H2.1;;;DF41;Envio para manutenção central-CTG;8
01/06/2023;COT4;Setut;EQ6;CCIT 4.0 FRONTAL H2.1;;;DF113;Restaura RAM via PC;2
01/06/2023;COT18;Sindpautras;EQ6;CCIT 4.0 FRONTAL H2.1;OP48;SINDPAUTRAS-SIND. PERM. AUT. TRANSP. SU;DF88;Reparo com formatação e reinst. FW/SW;23
01/06/2023;COT18;Sindpautras;EQ6;CCIT 4.0 FRONTAL H2.1;OP48;SINDPAUTRAS-SIND. PERM. AUT. TRANSP. SU;DF136;Subst. Da Carcaça inferior;1
01/06/2023;COT18;Sindpautras;EQ6;CCIT 4.0 FRONTAL H2.1;OP48;SINDPAUTRAS-SIND. PERM. AUT. TRANSP. SU;DF37;Defeito não encontrado e subst. FW/SW;2
01/06/2023;COT18;Sindpautras;EQ6;CCIT 4.0 FRONTAL H2.1;OP48;SINDPAUTRAS-SIND. PERM. AUT. TRANSP. SU;DF133;Subst. Da Campainha CCIT;1
01/06/2023;COT22;Taguatur;EQ35;CCIT 4.0 FRONTAL H2 COM BATERIA;OP82;TAGUATUR;DF41;Envio para manutenção central-CTG;21
01/06/2023;COT3;TEU;EQ3;CCIT 3.5;;;DF157;Subst. Da Placa FTCLess;1
01/06/2023;COT3;TEU;EQ3;CCIT 3.5;;;DF21;Atualização de FW ;1
01/06/2023;COT3;TEU;EQ36;CCIT 4.0 FRONTAL H1 COM BATERIA;;;DF115;Restauração da ROM via PC;224
01/06/2023;COT3;TEU;EQ36;CCIT 4.0 FRONTAL H1 COM BATERIA;;;DF60;Limpeza de cache;35
01/06/2023;COT3;TEU;EQ36;CCIT 4.0 FRONTAL H1 COM BATERIA;;;DF132;Subst. Da Bateria de Lithium;15
01/06/2023;COT3;TEU;EQ36;CCIT 4.0 FRONTAL H1 COM BATERIA;;;DF41;Envio para manutenção central-CTG;40
01/06/2023;COT3;TEU;EQ36;CCIT 4.0 FRONTAL H1 COM BATERIA;;;DF136;Subst. Da Carcaça inferior;5
01/06/2023;COT2;Transcard;EQ28;ATM;OP61;Setps (Transcard);DF237;Subst. Do Validador de Notas;3
01/06/2023;COT2;Transcard;EQ28;ATM;OP61;Setps (Transcard);DF284;Manutenção PC ATM;6
01/06/2023;COT2;Transcard;EQ28;ATM;OP61;Setps (Transcard);DF228;Subst. Do PDV ATM;2
01/06/2023;COT2;Transcard;EQ28;ATM;OP61;Setps (Transcard);DF260;Subst. HUB Serial;1
01/06/2023;COT2;Transcard;EQ6;CCIT 4.0 FRONTAL H2.1;;;DF113;Restaura RAM via PC;144
01/06/2023;COT2;Transcard;EQ6;CCIT 4.0 FRONTAL H2.1;;;DF114;Restaura RAM via pendrive;23
01/06/2023;COT2;Transcard;EQ6;CCIT 4.0 FRONTAL H2.1;;;DF41;Enviados para manutenção central CTG;48
01/06/2023;COT1;Transfacil;EQ28;ATM;OP27;TRANSFÁCIL;DF65;Manutenção Cofre;2
01/06/2023;COT1;Transfacil;EQ28;ATM;OP27;TRANSFÁCIL;DF19;ATM - defeito não confirmado;12
01/06/2023;COT1;Transfacil;EQ28;ATM;OP27;TRANSFÁCIL;DF237;Subst. Do Validador de Notas;1
01/06/2023;COT1;Transfacil;EQ28;ATM;OP27;TRANSFÁCIL;DF257;Manut. no Validador de Notas;2
01/06/2023;COT1;Transfacil;EQ28;ATM;OP27;TRANSFÁCIL;DF67;Manutenção na Impressora;2
01/06/2023;COT1;Transfacil;EQ28;ATM;OP27;TRANSFÁCIL;DF258;Subst. Da Cabeça de Impressão;2
01/06/2023;COT1;Transfacil;EQ28;ATM;OP27;TRANSFÁCIL;DF284;Manutenção PC ATM;1
01/06/2023;COT1;Transfacil;EQ6;CCIT 4.0 FRONTAL H2.1;;;DF88;Reparo com formatação e reinst. FW/SW;171
01/06/2023;COT1;Transfacil;EQ6;CCIT 4.0 FRONTAL H2.1;;;DF238;Subst. Do Vidro CCIT V4.0;8
01/06/2023;COT1;Transfacil;EQ6;CCIT 4.0 FRONTAL H2.1;;;DF216;Subst. Do Módulo H2;1
01/06/2023;COT1;Transfacil;EQ6;CCIT 4.0 FRONTAL H2.1;OP13;Estações BRT Move;DF88;Reparo com formatação e reinst. FW/SW;21
01/06/2023;COT1;Transfacil;EQ6;CCIT 4.0 FRONTAL H2.1;OP13;Estações BRT Move;DF136;Subst. Da Carcaça inferior;2
01/06/2023;COT1;Transfacil;EQ6;CCIT 4.0 FRONTAL H2.1;;;DF37;Defeito não encontrado e subst. FW/SW;5
01/06/2023;COT1;Transfacil;EQ6;CCIT 4.0 FRONTAL H2.1;;;DF130;Subst. Da Antena WLAN;2
01/06/2023;COT1;Transfacil;EQ6;CCIT 4.0 FRONTAL H2.1;;;DF136;Subst. Da Carcaça inferior;3
01/06/2023;COT14;TURIN OURO PRETO;EQ6;CCIT 4.0 FRONTAL H2.1;OP52;VIAÇÃO TURIN OURO PRETO MG;DF90;Reparo com formatação e subst. FW/SW;2
01/06/2023;COT14;TURIN OURO PRETO;EQ6;CCIT 4.0 FRONTAL H2.1;OP52;VIAÇÃO TURIN OURO PRETO MG;DF238;Subst. Do Vidro CCIT V4.0;1
01/06/2023;COT23;UTB;EQ6;CCIT 4.0 FRONTAL H2.1;OP83;UTB;DF41;Envio para manutenção central-CTG;8
01/06/2023;COT16;Via Ouro;EQ6;CCIT 4.0 FRONTAL H2.1;OP49;VIA OURO COLETIVOS LTDA;DF90;Reparo com formatação e subst. FW/SW;2
01/06/2023;COT16;Via Ouro;EQ6;CCIT 4.0 FRONTAL H2.1;OP49;VIA OURO COLETIVOS LTDA;DF90;Reparo com formatação e subst. FW/SW;3
01/06/2023;COT16;Via Ouro;EQ6;CCIT 4.0 FRONTAL H2.1;OP49;VIA OURO COLETIVOS LTDA;DF93;Reparo no módulo;2
01/06/2023;COT1;Transfacil;EQ14;DMX200 MOD H3.1;;;DF209;Subst. Do Display;1
01/06/2023;COT1;Transfacil;EQ14;DMX200 MOD H3.1;;;DF88;Reparo com formatação e reinst. FW/SW;48
01/06/2023;COT1;Transfacil;EQ14;DMX200 MOD H3.1;;;DF169;Subst. De Componente eletrônico;28
01/06/2023;COT16;Via Ouro;EQ39;DMX200L JI21 SEM BATERIA;;;DF88;Reparo com formatação e reinst. FW/SW;1
01/06/2023;COT16;Via Ouro;EQ39;DMX200L JI21 SEM BATERIA;;;DF169;Subst. De Componente eletrônico;1
01/06/2023;COT2;Transcard;EQ16;PDM03;;;DF22;Atualização de pacote;1
01/06/2023;COT2;Transcard;EQ16;PDM03;;;DF127;Subst. Conector USB;2
01/06/2023;COT2;Transcard;EQ16;PDM03;;;DF300;Ressolda antena GPRS e slot de chip;3
01/06/2023;COT2;Transcard;EQ16;PDM03;;;DF41;Envio para manutenção central-CTG;3
01/06/2023;COT19;SÃO JOÃO;EQ39;DMX200L JI21 SEM BATERIA;OP67;SÃO JOÃO;DF115;Restauração da ROM via PC;10
01/06/2023;COT20;ROSA TURISMO;EQ39;DMX200L JI21 SEM BATERIA;OP66;ROSA TURISMO;DF115;Restauração da ROM via PC;2
01/06/2023;COT4;Setut;EQ14;DMX200 MOD H3.1;;;DF41;Envio para manutenção central-CTG;9
01/06/2023;COT25;COOTRAPS - CE;EQ14;DMX200 MOD H3.1;OP129;COOTRAPS;DF39;Enviados para manutenção central CTG;27
01/06/2023;COT25;COOTRAPS - CE;EQ14;DMX200 MOD H3.1;OP129;COOTRAPS;DF90;Reparo com formatação e subst. FW/SW;25
01/06/2023;COT3;TEU;EQ14;DMX200 MOD H3.1;;;DF21;Atualização de FW ;8
01/06/2023;COT3;TEU;EQ14;DMX200 MOD H3.1;;;DF115;Restauração da ROM via PC;8
01/06/2023;COT3;TEU;EQ14;DMX200 MOD H3.1;;;DF41;Envio para manutenção central-CTG;1
01/06/2023;COT33;FLORIANÓPOLIS;EQ15;DMX200L SEM BATERIA;;;DF115;Restauração da ROM via PC;4
01/06/2023;COT33;FLORIANÓPOLIS;EQ15;DMX200L SEM BATERIA;;;DF41;Envio para manutenção central-CTG;4
01/06/2023;COT33;FLORIANÓPOLIS;EQ15;DMX200L SEM BATERIA;;;DF21;Atualização de FW ;5
01/06/2023;COT24;GVBUS;EQ14;DMX200 MOD H3.1;;;DF41;Envio para manutenção central-CTG;38
01/06/2023;COT24;GVBUS;EQ14;DMX200 MOD H3.1;;;DF292;Ressolda conector USB;157
01/06/2023;COT24;GVBUS;EQ14;DMX200 MOD H3.1;;;DF21;Atualização de FW ;267
01/06/2023;COT22;Taguatur PM NOVO;EQ39;DMX200L JI21 SEM BATERIA;OP82;TAGUATUR;DF41;Envio para manutenção central-CTG;28
01/06/2023;COT23;UTB;EQ40;DMX200L JI21 COM BATERIA;OP83;UTB;DF41;Envio para manutenção central-CTG;13
01/06/2023;COT1;Transfacil;EQ10;CONNECTION CCIT 4.0;;;DF88;Reparo com formatação e reinst. FW/SW;18
01/06/2023;COT1;Transfacil;EQ10;CONNECTION CCIT 4.0;;;DF37;Defeito não encontrado e subst. FW/SW;4
01/06/2023;COT1;Transfacil;EQ10;CONNECTION CCIT 4.0;;;DF169;Subst. De Componente eletrônico;1
01/06/2023;COT2;Transcard;EQ10;CONNECTION CCIT 4.0;;;DF46;Formatação da memória e subst. FW;28
01/06/2023;COT2;Transcard;EQ10;CONNECTION CCIT 4.0;;;DF41;Envio para manutenção central-CTG;8
01/06/2023;COT2;Transcard;EQ10;CONNECTION CCIT 4.0;;;DF127;Subst. Conector USB;2
01/06/2023;COT2;Transcard;EQ10;CONNECTION CCIT 4.0;;;DF256;Substituição de fusível;3
01/06/2023;COT6;METRO-BAHIA;EQ10;CONNECTION CCIT 4.0;;;DF90;Reparo com formatação e subst. FW/SW;2
01/06/2023;COT10;Metropolitano-Bahia;EQ10;CONNECTION CCIT 4.0;OP64;METROPOLITANO SSA;DF21;Atualização de FW ;3
01/06/2023;COT10;Metropolitano-Bahia;EQ10;CONNECTION CCIT 4.0;OP64;METROPOLITANO SSA;DF41;Envio para manutenção central-CTG;4
01/06/2023;COT19;SÃO JOÃO;EQ10;CONNECTION CCIT 4.0;OP67;SÃO JOÃO;DF21;Atualização de FW ;5
01/06/2023;COT20;ROSA TURISMO;EQ10;CONNECTION CCIT 4.0;OP66;ROSA TURISMO;DF21;Atualização de FW ;6
01/06/2023;COT20;ROSA TURISMO;EQ10;CONNECTION CCIT 4.0;OP66;ROSA TURISMO;DF41;Envio para manutenção central-CTG;1
01/06/2023;COT19;SÃO JOÃO;EQ10;CONNECTION CCIT 4.0;OP67;SÃO JOÃO;DF41;Envio para manutenção central-CTG;1
01/06/2023;COT4;Setut;EQ10;CONNECTION CCIT 4.0;;;DF41;Envio para manutenção central-CTG;4
01/06/2023;COT24;GVBUS;EQ10;CONNECTION CCIT 4.0;;;DF35;Defeito não encontrado / testes e liberação;1
01/06/2023;COT3;TEU;EQ22;V3000M;;;DF21;Atualização de FW ;59
01/06/2023;COT3;TEU;EQ22;V3000M;;;DF115;Restauração da ROM via PC;59
01/06/2023;COT3;TEU;EQ22;V3000M;;;DF26;Atualização do PIC;5
01/06/2023;COT3;TEU;EQ22;V3000M;;;DF41;Envio para manutenção central-CTG;2
01/06/2023;COT3;TEU;EQ26;V3000M DVR;;;DF21;Atualização de FW ;27
01/06/2023;COT3;TEU;EQ26;V3000M DVR;;;DF115;Restauração da ROM via PC;25
01/06/2023;COT3;TEU;EQ26;V3000M DVR;;;DF232;Subst. Do SDCard;2
01/06/2023;COT1;Transfacil;EQ27;UT (FTV 3000);;;DF169;Subst. De Componente eletrônico;2
01/06/2023;COT24;GVBUS;EQ33;POS MOVE 2500;;;DF41;Envio para manutenção central-CTG;11
01/06/2023;COT2;Transcard;EQ31;POS 250;;;DF46;Formatação da memória e subst. FW;4
01/06/2023;COT2;Transcard;EQ31;POS 250;;;DF41;Envio para manutenção central-CTG;2
01/06/2023;COT25;COOTRAPS - CE;EQ17;FONTE PM;OP129;COOTRAPS;DF41;Envio para manutenção central-CTG;4
01/06/2023;COT25;COOTRAPS - CE;EQ17;FONTE PM;OP129;COOTRAPS;DF88;Reparo com formatação e reinst. FW/SW;4
01/07/2023;COT8;CBTU;EQ1;CCIT 3.0;OP47;CBTU - COMPANHIA BRASILEIRA DE TRENS URBANOS;DF88;Reparo com formatação e reinst. FW/SW;6
01/07/2023;COT24;GVBUS;EQ28;ATM;OP108;GVBUS - SIND. DAS EMP. DE TRANP. METROP. DA GRANDE VITÓRIA;DF77;PC ATM Travado;2
01/07/2023;COT24;GVBUS;EQ28;ATM;OP108;GVBUS - SIND. DAS EMP. DE TRANP. METROP. DA GRANDE VITÓRIA;DF208;Subst. Do Dispenser do cartão;1
01/07/2023;COT24;GVBUS;EQ28;ATM;OP108;GVBUS - SIND. DAS EMP. DE TRANP. METROP. DA GRANDE VITÓRIA;DF237;Subst. Do Validador de Notas;1
01/07/2023;COT24;GVBUS;EQ28;ATM;OP108;GVBUS - SIND. DAS EMP. DE TRANP. METROP. DA GRANDE VITÓRIA;DF228;Subst. Do PDV ATM;1
01/07/2023;COT24;GVBUS;EQ28;ATM;OP108;GVBUS - SIND. DAS EMP. DE TRANP. METROP. DA GRANDE VITÓRIA;DF197;Subst. Do Cofre;1
01/07/2023;COT24;GVBUS;EQ28;ATM;OP108;GVBUS - SIND. DAS EMP. DE TRANP. METROP. DA GRANDE VITÓRIA;DF218;Subst. Do Monitor;1
01/07/2023;COT24;GVBUS;EQ28;ATM;OP108;GVBUS - SIND. DAS EMP. DE TRANP. METROP. DA GRANDE VITÓRIA;DF69;Manutenção no Sensor de Porta;1
01/07/2023;COT24;GVBUS;EQ28;ATM;OP108;GVBUS - SIND. DAS EMP. DE TRANP. METROP. DA GRANDE VITÓRIA;DF281;Subst. Fechadura Digital;1
01/07/2023;COT24;GVBUS;EQ28;ATM;OP108;GVBUS - SIND. DAS EMP. DE TRANP. METROP. DA GRANDE VITÓRIA;DF68;Manutenção no Dispenser;2
01/07/2023;COT24;GVBUS;EQ28;ATM;OP108;GVBUS - SIND. DAS EMP. DE TRANP. METROP. DA GRANDE VITÓRIA;DF231;Subst. Do PINpad;1
01/07/2023;COT24;GVBUS;EQ28;ATM;OP108;GVBUS - SIND. DAS EMP. DE TRANP. METROP. DA GRANDE VITÓRIA;DF313;Disjuntor religado;1
01/07/2023;COT24;GVBUS;EQ28;ATM;OP108;GVBUS - SIND. DAS EMP. DE TRANP. METROP. DA GRANDE VITÓRIA;DF237;Subst. Do Validador de Notas;1
01/07/2023;COT24;GVBUS;EQ6;CCIT 4.0 FRONTAL H2.1;;;DF91;Reparo com Gravação de PIC e reinst. Do FW;77
01/07/2023;COT24;GVBUS;EQ6;CCIT 4.0 FRONTAL H2.1;;;DF41;Envio para manutenção central-CTG;30
01/07/2023;COT24;GVBUS;EQ6;CCIT 4.0 FRONTAL H2.1;;;DF21;Atualização de FW ;16
01/07/2023;COT13;Mariana;EQ5;CCIT 4.0 FRONTAL;OP54;TRANSCOTTA MARIANA MG;DF90;Reparo com formatação e subst. FW/SW;2
01/07/2023;COT6;Metro-Bahia;EQ28;ATM;OP63;METRO-BAHIA;DF237;Subst. Do Validador de Notas;11
01/07/2023;COT6;Metro-Bahia;EQ28;ATM;OP63;METRO-BAHIA;DF143;Subst. da Impressora;4
01/07/2023;COT6;Metro-Bahia;EQ28;ATM;OP63;METRO-BAHIA;DF284;Manutenção PC ATM;1
01/07/2023;COT6;Metro-Bahia;EQ28;ATM;OP63;METRO-BAHIA;DF218;Subst. Do Monitor;3
01/07/2023;COT6;Metro-Bahia;EQ28;ATM;OP63;METRO-BAHIA;DF228;Subst. Do PDV ATM;1
01/07/2023;COT6;Metro-Bahia;EQ28;ATM;OP63;METRO-BAHIA;DF7;Ajuste do Módulo de Impressão;1
01/07/2023;COT6;Metro-Bahia;EQ28;ATM;OP63;METRO-BAHIA;DF11;Ajuste na impressora;1
01/07/2023;COT6;Metro-Bahia;EQ28;ATM;OP63;METRO-BAHIA;DF5;Ajuste da porta Externa;1
01/07/2023;COT6;METRO-BAHIA;EQ6;CCIT 4.0 FRONTAL H2.1;OP63;METRO-BAHIA;DF113;Restaura RAM via PC;3
01/07/2023;COT5;METROFOR/ VLT FORTALEZA;EQ38;CCIT 4.0 METROFOR;OP105;METROFOR LINHA SUL;DF116;Restauração de aplicativo (4.0);9
01/07/2023;COT10;Metropolitano-Bahia;EQ6;CCIT 4.0 FRONTAL H2.1;OP64;METROPOLITANO SSA;DF41;Envio para manutenção central-CTG;7
01/07/2023;COT10;Metropolitano-Bahia;EQ6;CCIT 4.0 FRONTAL H2.1;OP64;METROPOLITANO SSA;DF113;Restaura RAM via PC;39
01/07/2023;COT20;ROSA TURISMO;EQ36;CCIT 4.0 FRONTAL H1 COM BATERIA;OP66;ROSA TURISMO;DF113;Restaura RAM via PC;5
01/07/2023;COT20;ROSA TURISMO;EQ36;CCIT 4.0 FRONTAL H1 COM BATERIA;OP66;ROSA TURISMO;DF41;Envio para manutenção central-CTG;1
01/07/2023;COT19;SÃO JOÃO;EQ36;CCIT 4.0 FRONTAL H1 COM BATERIA;OP67;SÃO JOÃO;DF113;Restaura RAM via PC;6
01/07/2023;COT19;SÃO JOÃO;EQ36;CCIT 4.0 FRONTAL H1 COM BATERIA;OP67;SÃO JOÃO;DF41;Envio para manutenção central-CTG;1
01/07/2023;COT4;Setut;EQ6;CCIT 4.0 FRONTAL H2.1;;;DF41;Envio para manutenção central-CTG;11
01/07/2023;COT4;Setut;EQ6;CCIT 4.0 FRONTAL H2.1;;;DF60;Limpeza de cache;1
01/07/2023;COT18;Sindpautras;EQ6;CCIT 4.0 FRONTAL H2.1;OP48;SINDPAUTRAS-SIND. PERM. AUT. TRANSP. SU;DF88;Reparo com formatação e reinst. FW/SW;25
01/07/2023;COT22;Taguatur;EQ35;CCIT 4.0 FRONTAL H2 COM BATERIA;OP82;TAGUATUR;DF41;Envio para manutenção central-CTG;21
01/07/2023;COT3;TEU;EQ3;CCIT 3.5;;;DF157;Subst. Da Placa FTCLess;1
01/07/2023;COT3;TEU;EQ3;CCIT 3.5;;;DF242;Subst. Placa Mbccit;1
01/07/2023;COT3;TEU;EQ36;CCIT 4.0 FRONTAL H1 COM BATERIA;;;DF115;Restauração da ROM via PC;209
01/07/2023;COT3;TEU;EQ36;CCIT 4.0 FRONTAL H1 COM BATERIA;;;DF60;Limpeza de cache;8
01/07/2023;COT3;TEU;EQ36;CCIT 4.0 FRONTAL H1 COM BATERIA;;;DF132;Subst. Da Bateria de Lithium;19
01/07/2023;COT3;TEU;EQ36;CCIT 4.0 FRONTAL H1 COM BATERIA;;;DF41;Envio para manutenção central-CTG;13
01/07/2023;COT3;TEU;EQ36;CCIT 4.0 FRONTAL H1 COM BATERIA;;;DF136;Subst. Da Carcaça inferior;4
01/07/2023;COT2;Transcard;EQ28;ATM;OP61;Setps (Transcard);DF237;Subst. Do Validador de Notas;2
01/07/2023;COT2;Transcard;EQ28;ATM;OP61;Setps (Transcard);DF284;Manutenção PC ATM;2
01/07/2023;COT2;Transcard;EQ28;ATM;OP61;Setps (Transcard);DF228;Subst. Do PDV ATM;1
01/07/2023;COT2;Transcard;EQ28;ATM;OP61;Setps (Transcard);DF142;Subst. Da Fonte Lambda ATM;3
01/07/2023;COT2;Transcard;EQ28;ATM;OP61;Setps (Transcard);DF143;Subst. da Impressora;1
01/07/2023;COT2;Transcard;EQ28;ATM;OP61;Setps (Transcard);DF218;Subst. Do Monitor;1
01/07/2023;COT2;Transcard;EQ28;ATM;OP61;Setps (Transcard);DF314;Ajustes Cabo VGA;2
01/07/2023;COT2;Transcard;EQ6;CCIT 4.0 FRONTAL H2.1;;;DF113;Restaura RAM via PC;132
01/07/2023;COT2;Transcard;EQ6;CCIT 4.0 FRONTAL H2.1;;;DF114;Restaura RAM via pendrive;22
01/07/2023;COT2;Transcard;EQ6;CCIT 4.0 FRONTAL H2.1;;;DF41;Enviados para manutenção central CTG;37
01/07/2023;COT1;Transfacil;EQ28;ATM;OP27;TRANSFÁCIL;DF19;ATM - defeito não confirmado;3
01/07/2023;COT1;Transfacil;EQ28;ATM;OP27;TRANSFÁCIL;DF237;Subst. Do Validador de Notas;5
01/07/2023;COT1;Transfacil;EQ28;ATM;OP27;TRANSFÁCIL;DF67;Manutenção na Impressora;1
01/07/2023;COT1;Transfacil;EQ28;ATM;OP27;TRANSFÁCIL;DF197;Subst. Do Cofre;2
01/07/2023;COT1;Transfacil;EQ28;ATM;OP27;TRANSFÁCIL;DF69;Manutenção no Sensor de Porta;1
01/07/2023;COT1;Transfacil;EQ28;ATM;OP27;TRANSFÁCIL;DF128;Subst. Da antena Cless;1
01/07/2023;COT1;Transfacil;EQ28;ATM;OP27;TRANSFÁCIL;DF143;Subst. da Impressora;1
01/07/2023;COT1;Transfacil;EQ6;CCIT 4.0 FRONTAL H2.1;;;DF88;Reparo com formatação e reinst. FW/SW;143
01/07/2023;COT1;Transfacil;EQ6;CCIT 4.0 FRONTAL H2.1;;;DF238;Subst. Do Vidro CCIT V4.0;10
01/07/2023;COT1;Transfacil;EQ6;CCIT 4.0 FRONTAL H2.1;;;DF216;Subst. Do Módulo H2;1
01/07/2023;COT1;Transfacil;EQ6;CCIT 4.0 FRONTAL H2.1;OP13;Estações BRT Move;DF88;Reparo com formatação e reinst. FW/SW;36
01/07/2023;COT1;Transfacil;EQ6;CCIT 4.0 FRONTAL H2.1;OP13;Estações BRT Move;DF136;Subst. Da Carcaça inferior;1
01/07/2023;COT1;Transfacil;EQ6;CCIT 4.0 FRONTAL H2.1;;;DF37;Defeito não encontrado e subst. FW/SW;5
01/07/2023;COT1;Transfacil;EQ6;CCIT 4.0 FRONTAL H2.1;;;DF130;Subst. Da Antena WLAN;1
01/07/2023;COT1;Transfacil;EQ6;CCIT 4.0 FRONTAL H2.1;;;DF136;Subst. Da Carcaça inferior;5
01/07/2023;COT1;Transfacil;EQ6;CCIT 4.0 FRONTAL H2.1;OP13;Estações BRT Move;DF238;Subst. Do Vidro CCIT V4.0;1
01/07/2023;COT14;TURIN OURO PRETO;EQ6;CCIT 4.0 FRONTAL H2.1;OP52;VIAÇÃO TURIN OURO PRETO MG;DF90;Reparo com formatação e subst. FW/SW;2
01/07/2023;COT14;TURIN OURO PRETO;EQ6;CCIT 4.0 FRONTAL H2.1;OP52;VIAÇÃO TURIN OURO PRETO MG;DF238;Subst. Do Vidro CCIT V4.0;1
01/07/2023;COT23;UTB;EQ6;CCIT 4.0 FRONTAL H2.1;OP83;UTB;DF41;Envio para manutenção central-CTG;9
01/07/2023;COT1;Transfacil;EQ14;DMX200 MOD H3.1;;;DF41;Envio para manutenção central-CTG;9
01/07/2023;COT1;Transfacil;EQ14;DMX200 MOD H3.1;;;DF88;Reparo com formatação e reinst. FW/SW;60
01/07/2023;COT1;Transfacil;EQ14;DMX200 MOD H3.1;;;DF169;Subst. De Componente eletrônico;4
01/07/2023;COT16;Via Ouro;EQ39;DMX200L JI21 SEM BATERIA;;;DF88;Reparo com formatação e reinst. FW/SW;4
01/07/2023;COT16;Via Ouro;EQ39;DMX200L JI21 SEM BATERIA;;;DF169;Subst. De Componente eletrônico;1
01/07/2023;COT11;Gov. Valadares;EQ13;DMX200L;OP53;VIAÇÃO MOBI;DF88;Reparo com formatação e reinst. FW/SW;7
01/07/2023;COT12;DIVPASS;EQ13;DMX200L;OP124;DIVPASS;DF90;Reparo com formatação e subst. FW/SW;2
01/07/2023;COT12;DIVPASS;EQ13;DMX200L;OP124;DIVPASS;DF170;Subst. De Gorila Glass;1
01/07/2023;COT22;Taguatur PM NOVO;EQ39;DMX200L JI21 SEM BATERIA;OP82;TAGUATUR;DF41;Envio para manutenção central-CTG;6
01/07/2023;COT23;UTB;EQ40;DMX200L JI21 COM BATERIA;OP83;UTB;DF41;Envio para manutenção central-CTG;22
01/07/2023;COT24;GVBUS;EQ14;DMX200 MOD H3.1;;;DF41;Envio para manutenção central-CTG;57
01/07/2023;COT24;GVBUS;EQ14;DMX200 MOD H3.1;;;DF292;Ressolda conector USB;53
01/07/2023;COT24;GVBUS;EQ14;DMX200 MOD H3.1;;;DF21;Atualização de FW ;187
01/07/2023;COT34;BRT SSA;EQ15;DMX200L SEM BATERIA;;;DF22;Atualização de pacote;2
01/07/2023;COT34;BRT SSA;EQ15;DMX200L SEM BATERIA;;;DF300;Ressolda antena GPRS e slot de chip;5
01/07/2023;COT34;BRT SSA;EQ15;DMX200L SEM BATERIA;;;DF127;Subst. Conector USB;2
01/07/2023;COT19;SÃO JOÃO;EQ39;DMX200L JI21 SEM BATERIA;OP67;SÃO JOÃO;DF115;Restauração da ROM via PC;3
01/07/2023;COT20;ROSA TURISMO;EQ39;DMX200L JI21 SEM BATERIA;OP66;ROSA TURISMO;DF115;Restauração da ROM via PC;5
01/07/2023;COT4;Setut;EQ14;DMX200 MOD H3.1;;;DF41;Envio para manutenção central-CTG;8
01/07/2023;COT25;COOTRAPS - CE;EQ14;DMX200 MOD H3.1;OP129;COOTRAPS;DF39;Enviados para manutenção central CTG;30
01/07/2023;COT25;COOTRAPS - CE;EQ14;DMX200 MOD H3.1;OP129;COOTRAPS;DF90;Reparo com formatação e subst. FW/SW;29
01/07/2023;COT25;COOTRAPS - CE;EQ14;DMX200 MOD H3.1;OP129;COOTRAPS;DF21;Atualização de FW ;3
01/07/2023;COT1;Transfacil;EQ10;CONNECTION CCIT 4.0;;;DF88;Reparo com formatação e reinst. FW/SW;25
01/07/2023;COT1;Transfacil;EQ10;CONNECTION CCIT 4.0;;;DF37;Defeito não encontrado e subst. FW/SW;4
01/07/2023;COT1;Transfacil;EQ10;CONNECTION CCIT 4.0;;;DF136;Subst. Da Carcaça inferior;1
01/07/2023;COT24;GVBUS;EQ10;CONNECTION CCIT 4.0;;;DF278;Modificação circuito catraca;6
01/07/2023;COT2;Transcard;EQ10;CONNECTION CCIT 4.0;;;DF46;Formatação da memória e subst. FW;28
01/07/2023;COT2;Transcard;EQ10;CONNECTION CCIT 4.0;;;DF41;Envio para manutenção central-CTG;8
01/07/2023;COT2;Transcard;EQ10;CONNECTION CCIT 4.0;;;DF127;Subst. Conector USB;2
01/07/2023;COT2;Transcard;EQ10;CONNECTION CCIT 4.0;;;DF256;Substituição de fusível;3
01/07/2023;COT10;Metropolitano-Bahia;EQ10;CONNECTION CCIT 4.0;OP64;METROPOLITANO SSA;DF21;Atualização de FW ;15
01/07/2023;COT10;Metropolitano-Bahia;EQ10;CONNECTION CCIT 4.0;OP64;METROPOLITANO SSA;DF41;Envio para manutenção central-CTG;6
01/07/2023;COT10;Metropolitano-Bahia;EQ10;CONNECTION CCIT 4.0;OP64;METROPOLITANO SSA;DF256;Substituição de fusível;2
01/07/2023;COT10;Metropolitano-Bahia;EQ10;CONNECTION CCIT 4.0;OP64;METROPOLITANO SSA;DF127;Subst. Conector USB;1
01/07/2023;COT19;SÃO JOÃO;EQ10;CONNECTION CCIT 4.0;OP67;SÃO JOÃO;DF21;Atualização de FW ;9
01/07/2023;COT20;ROSA TURISMO;EQ10;CONNECTION CCIT 4.0;OP66;ROSA TURISMO;DF21;Atualização de FW ;2
01/07/2023;COT20;ROSA TURISMO;EQ10;CONNECTION CCIT 4.0;OP66;ROSA TURISMO;DF41;Envio para manutenção central-CTG;3
01/07/2023;COT4;Setut;EQ10;CONNECTION CCIT 4.0;;;DF41;Envio para manutenção central-CTG;1
01/07/2023;COT3;TEU;EQ22;V3000M;;;DF21;Atualização de FW ;59
01/07/2023;COT3;TEU;EQ22;V3000M;;;DF115;Restauração da ROM via PC;59
01/07/2023;COT3;TEU;EQ22;V3000M;;;DF41;Envio para manutenção central-CTG;2
01/07/2023;COT3;TEU;EQ26;V3000M DVR;;;DF21;Atualização de FW ;12
01/07/2023;COT3;TEU;EQ26;V3000M DVR;;;DF115;Restauração da ROM via PC;11
01/07/2023;COT1;Transfacil;EQ27;UT (FTV 3000);;;DF169;Subst. De Componente eletrônico;2
01/07/2023;COT24;GVBUS;EQ33;POS MOVE 2500;;;DF41;Envio para manutenção central-CTG;7
01/07/2023;COT2;Transcard;EQ31;POS 250;;;DF46;Formatação da memória e subst. FW;3
01/07/2023;COT2;Transcard;EQ31;POS 250;;;DF41;Envio para manutenção central-CTG;3
01/07/2023;COT25;COOTRAPS - CE;EQ17;FONTE PM;OP129;COOTRAPS;DF88;Reparo com formatação e reinst. FW/SW;5
01/08/2023;COT7;Alagoinhas;EQ34;CCIT 4.0 FRONTAL H2.1 C SEM BATERIA;OP68;ALAGOINHAS;DF113;Restaura RAM via PC;1
01/08/2023;COT36;CAMACARI;EQ34;CCIT 4.0 FRONTAL H2.1 C SEM BATERIA;OP139;PREFEITURA DE CAMAÇARI;DF113;Restaura RAM via PC;4
01/08/2023;COT8;CBTU;EQ1;CCIT 3.0;OP47;CBTU - COMPANHIA BRASILEIRA DE TRENS URBANOS;DF88;Reparo com formatação e reinst. FW/SW;18
01/08/2023;COT27;Cidade das Águas;EQ6;CCIT 4.0 FRONTAL H2.1;OP128;VIAÇÃO CIDADE DAS ÁGUAS;DF41;Envio para manutenção central-CTG;1
01/08/2023;COT12;DIVPASS;EQ6;CCIT 4.0 FRONTAL H2.1;OP124;DIVPASS;DF88;Reparo com formatação e reinst. FW/SW;16
01/08/2023;COT12;DIVPASS;EQ6;CCIT 4.0 FRONTAL H2.1;OP124;DIVPASS;DF272;Subst. Do Touchscreen do módulo;1
01/08/2023;COT12;DIVPASS;EQ6;CCIT 4.0 FRONTAL H2.1;OP124;DIVPASS;DF209;Subst. Do Display;6
01/08/2023;COT12;DIVPASS;EQ6;CCIT 4.0 FRONTAL H2.1;OP124;DIVPASS;DF93;Reparo no módulo;16
01/08/2023;COT33;FLORIANÓPOLIS;EQ8;CCIT 4.0 FRONTAL JI21 SEM BATERIA;;;DF115;Restauração da ROM via PC;23
01/08/2023;COT33;FLORIANÓPOLIS;EQ8;CCIT 4.0 FRONTAL JI21 SEM BATERIA;;;DF41;Envio para manutenção central-CTG;4
01/08/2023;COT11;Gov. Valadares;EQ6;CCIT 4.0 FRONTAL H2.1;OP53;VIAÇÃO MOBI;DF88;Reparo com formatação e reinst. FW/SW;4
01/08/2023;COT24;GVBUS;EQ28;ATM;OP108;GVBUS - SIND. DAS EMP. DE TRANP. METROP. DA GRANDE VITÓRIA;DF208;Subst. Do Dispenser do cartão;1
01/08/2023;COT24;GVBUS;EQ28;ATM;OP108;GVBUS - SIND. DAS EMP. DE TRANP. METROP. DA GRANDE VITÓRIA;DF69;Manutenção no Sensor de Porta;1
01/08/2023;COT24;GVBUS;EQ28;ATM;OP108;GVBUS - SIND. DAS EMP. DE TRANP. METROP. DA GRANDE VITÓRIA;DF231;Subst. Do PINpad;3
01/08/2023;COT24;GVBUS;EQ28;ATM;OP108;GVBUS - SIND. DAS EMP. DE TRANP. METROP. DA GRANDE VITÓRIA;DF280;Manutenção no Validador de Notas;6
01/08/2023;COT24;GVBUS;EQ28;ATM;OP108;GVBUS - SIND. DAS EMP. DE TRANP. METROP. DA GRANDE VITÓRIA;DF299;Subst. De UPEX ATM;2
01/08/2023;COT24;GVBUS;EQ6;CCIT 4.0 FRONTAL H2.1;;;DF91;Reparo com Gravação de PIC e reinst. Do FW;115
01/08/2023;COT24;GVBUS;EQ6;CCIT 4.0 FRONTAL H2.1;;;DF41;Envio para manutenção central-CTG;5
01/08/2023;COT13;Mariana;EQ5;CCIT 4.0 FRONTAL;OP54;TRANSCOTTA MARIANA MG;DF90;Reparo com formatação e subst. FW/SW;2
01/08/2023;COT6;Metro-Bahia;EQ28;ATM;OP63;METRO-BAHIA;DF237;Subst. Do Validador de Notas;17
01/08/2023;COT6;Metro-Bahia;EQ28;ATM;OP63;METRO-BAHIA;DF143;Subst. da Impressora;4
01/08/2023;COT6;Metro-Bahia;EQ28;ATM;OP63;METRO-BAHIA;DF284;Manutenção PC ATM;2
01/08/2023;COT6;Metro-Bahia;EQ28;ATM;OP63;METRO-BAHIA;DF218;Subst. Do Monitor;3
01/08/2023;COT6;Metro-Bahia;EQ28;ATM;OP63;METRO-BAHIA;DF228;Subst. Do PDV ATM;1
01/08/2023;COT6;Metro-Bahia;EQ28;ATM;OP63;METRO-BAHIA;DF260;Subst. HUB Serial;1
01/08/2023;COT6;Metro-Bahia;EQ28;ATM;OP63;METRO-BAHIA;DF148;Subst. Da Placa de led;1
01/08/2023;COT6;METRO-BAHIA;EQ6;CCIT 4.0 FRONTAL H2.1;OP63;METRO-BAHIA;DF113;Restaura RAM via PC;7
01/08/2023;COT6;METRO-BAHIA;EQ6;CCIT 4.0 FRONTAL H2.1;OP63;METRO-BAHIA;DF41;Envio para manutenção central-CTG;4
01/08/2023;COT5;METROFOR/ VLT FORTALEZA;EQ38;CCIT 4.0 METROFOR;OP105;METROFOR LINHA SUL;DF116;Restauração de aplicativo (4.0);4
01/08/2023;COT5;METROFOR/ VLT FORTALEZA;EQ38;CCIT 4.0 METROFOR;OP105;METROFOR LINHA SUL;DF41;Envio para manutenção central-CTG;23
01/08/2023;COT10;Metropolitano-Bahia;EQ6;CCIT 4.0 FRONTAL H2.1;OP64;METROPOLITANO SSA;DF41;Envio para manutenção central-CTG;9
01/08/2023;COT10;Metropolitano-Bahia;EQ6;CCIT 4.0 FRONTAL H2.1;OP64;METROPOLITANO SSA;DF113;Restaura RAM via PC;36
01/08/2023;COT20;ROSA TURISMO;EQ36;CCIT 4.0 FRONTAL H1 COM BATERIA;OP66;ROSA TURISMO;DF113;Restaura RAM via PC;9
01/08/2023;COT20;ROSA TURISMO;EQ36;CCIT 4.0 FRONTAL H1 COM BATERIA;OP66;ROSA TURISMO;DF41;Envio para manutenção central-CTG;3
01/08/2023;COT19;SÃO JOÃO;EQ36;CCIT 4.0 FRONTAL H1 COM BATERIA;OP67;SÃO JOÃO;DF113;Restaura RAM via PC;5
01/08/2023;COT19;SÃO JOÃO;EQ36;CCIT 4.0 FRONTAL H1 COM BATERIA;OP67;SÃO JOÃO;DF41;Envio para manutenção central-CTG;1
01/08/2023;COT4;Setut;EQ6;CCIT 4.0 FRONTAL H2.1;;;DF41;Envio para manutenção central-CTG;19
01/08/2023;COT4;Setut;EQ6;CCIT 4.0 FRONTAL H2.1;;;DF113;Restaura RAM via PC;1
01/08/2023;COT18;Sindpautras;EQ6;CCIT 4.0 FRONTAL H2.1;OP48;SINDPAUTRAS-SIND. PERM. AUT. TRANSP. SU;DF88;Reparo com formatação e reinst. FW/SW;66
01/08/2023;COT18;Sindpautras;EQ6;CCIT 4.0 FRONTAL H2.1;OP48;SINDPAUTRAS-SIND. PERM. AUT. TRANSP. SU;DF238;Subst. Do Vidro CCIT V4.0;1
01/08/2023;COT18;Sindpautras;EQ6;CCIT 4.0 FRONTAL H2.1;OP48;SINDPAUTRAS-SIND. PERM. AUT. TRANSP. SU;DF209;Subst. Do Display;2
01/08/2023;COT18;Sindpautras;EQ6;CCIT 4.0 FRONTAL H2.1;OP48;SINDPAUTRAS-SIND. PERM. AUT. TRANSP. SU;DF216;Subst. Do Módulo H2;1
01/08/2023;COT22;Taguatur;EQ35;CCIT 4.0 FRONTAL H2 COM BATERIA;OP82;TAGUATUR;DF41;Envio para manutenção central-CTG;15
01/08/2023;COT3;TEU;EQ3;CCIT 3.5;;;DF157;Subst. Da Placa FTCLess;1
01/08/2023;COT3;TEU;EQ3;CCIT 3.5;;;DF242;Subst. Placa Mbccit;1
01/08/2023;COT3;TEU;EQ36;CCIT 4.0 FRONTAL H1 COM BATERIA;;;DF115;Restauração da ROM via PC;169
01/08/2023;COT3;TEU;EQ36;CCIT 4.0 FRONTAL H1 COM BATERIA;;;DF60;Limpeza de cache;7
01/08/2023;COT3;TEU;EQ36;CCIT 4.0 FRONTAL H1 COM BATERIA;;;DF132;Subst. Da Bateria de Lithium;14
01/08/2023;COT3;TEU;EQ36;CCIT 4.0 FRONTAL H1 COM BATERIA;;;DF41;Envio para manutenção central-CTG;10
01/08/2023;COT3;TEU;EQ36;CCIT 4.0 FRONTAL H1 COM BATERIA;;;DF136;Subst. Da Carcaça inferior;3
01/08/2023;COT2;Transcard;EQ28;ATM;OP61;Setps (Transcard);DF237;Subst. Do Validador de Notas;4
01/08/2023;COT2;Transcard;EQ28;ATM;OP61;Setps (Transcard);DF284;Manutenção PC ATM;10
01/08/2023;COT2;Transcard;EQ28;ATM;OP61;Setps (Transcard);DF143;Subst. da Impressora;1
01/08/2023;COT2;Transcard;EQ28;ATM;OP61;Setps (Transcard);DF218;Subst. Do Monitor;1
01/08/2023;COT2;Transcard;EQ28;ATM;OP61;Setps (Transcard);DF231;Subst. Do PINpad;2
01/08/2023;COT2;Transcard;EQ28;ATM;OP61;Setps (Transcard);DF66;Manutenção na Fechadura Eletrônica;2
01/08/2023;COT2;Transcard;EQ6;CCIT 4.0 FRONTAL H2.1;;;DF113;Restaura RAM via PC;140
01/08/2023;COT2;Transcard;EQ6;CCIT 4.0 FRONTAL H2.1;;;DF114;Restaura RAM via pendrive;24
01/08/2023;COT2;Transcard;EQ6;CCIT 4.0 FRONTAL H2.1;;;DF41;Enviados para manutenção central CTG;31
01/08/2023;COT1;Transfacil;EQ28;ATM;OP27;TRANSFÁCIL;DF19;ATM - defeito não confirmado;12
01/08/2023;COT1;Transfacil;EQ28;ATM;OP27;TRANSFÁCIL;DF237;Subst. Do Validador de Notas;10
01/08/2023;COT1;Transfacil;EQ28;ATM;OP27;TRANSFÁCIL;DF128;Subst. Da antena Cless;1
01/08/2023;COT1;Transfacil;EQ28;ATM;OP27;TRANSFÁCIL;DF143;Subst. da Impressora;4
01/08/2023;COT1;Transfacil;EQ28;ATM;OP27;TRANSFÁCIL;DF280;Manutenção no Validador de Notas;5
01/08/2023;COT1;Transfacil;EQ28;ATM;OP27;TRANSFÁCIL;DF65;Manutenção Cofre;2
01/08/2023;COT1;Transfacil;EQ28;ATM;OP27;TRANSFÁCIL;DF258;Subst. Da Cabeça de Impressão;2
01/08/2023;COT1;Transfacil;EQ28;ATM;OP27;TRANSFÁCIL;DF281;Subst. Fechadura Digital;1
01/08/2023;COT1;Transfacil;EQ6;CCIT 4.0 FRONTAL H2.1;;;DF88;Reparo com formatação e reinst. FW/SW;203
01/08/2023;COT1;Transfacil;EQ6;CCIT 4.0 FRONTAL H2.1;;;DF238;Subst. Do Vidro CCIT V4.0;7
01/08/2023;COT1;Transfacil;EQ6;CCIT 4.0 FRONTAL H2.1;;;DF216;Subst. Do Módulo H2;1
01/08/2023;COT1;Transfacil;EQ6;CCIT 4.0 FRONTAL H2.1;OP13;Estações BRT Move;DF88;Reparo com formatação e reinst. FW/SW;34
01/08/2023;COT1;Transfacil;EQ6;CCIT 4.0 FRONTAL H2.1;OP13;Estações BRT Move;DF136;Subst. Da Carcaça inferior;4
01/08/2023;COT1;Transfacil;EQ6;CCIT 4.0 FRONTAL H2.1;;;DF37;Defeito não encontrado e subst. FW/SW;3
01/08/2023;COT1;Transfacil;EQ6;CCIT 4.0 FRONTAL H2.1;;;DF133;Subst. Da Campainha CCIT;5
01/08/2023;COT1;Transfacil;EQ6;CCIT 4.0 FRONTAL H2.1;;;DF136;Subst. Da Carcaça inferior;7
01/08/2023;COT1;Transfacil;EQ6;CCIT 4.0 FRONTAL H2.1;OP13;Estações BRT Move;DF238;Subst. Do Vidro CCIT V4.0;9
01/08/2023;COT1;Transfacil;EQ6;CCIT 4.0 FRONTAL H2.1;;;DF169;Subst. De Componente eletrônico;2
01/08/2023;COT1;Transfacil;EQ6;CCIT 4.0 FRONTAL H2.1;;;DF242;Subst. Placa Mbccit;1
01/08/2023;COT1;Transfacil;EQ6;CCIT 4.0 FRONTAL H2.1;OP13;Estações BRT Move;DF21;Atualização de FW ;39
01/08/2023;COT1;Transfacil;EQ6;CCIT 4.0 FRONTAL H2.1;OP13;Estações BRT Move;DF61;Limpeza e testes;27
01/08/2023;COT1;Transfacil;EQ6;CCIT 4.0 FRONTAL H2.1;OP13;Estações BRT Move;DF93;Reparo no módulo;10
01/08/2023;COT14;TURIN OURO PRETO;EQ6;CCIT 4.0 FRONTAL H2.1;OP52;VIAÇÃO TURIN OURO PRETO MG;DF90;Reparo com formatação e subst. FW/SW;3
01/08/2023;COT14;TURIN OURO PRETO;EQ6;CCIT 4.0 FRONTAL H2.1;OP52;VIAÇÃO TURIN OURO PRETO MG;DF90;Reparo com formatação e subst. FW/SW;10
01/08/2023;COT14;TURIN OURO PRETO;EQ6;CCIT 4.0 FRONTAL H2.1;OP52;VIAÇÃO TURIN OURO PRETO MG;DF210;Subst. Do Display CCIT;1
01/08/2023;COT14;TURIN OURO PRETO;EQ6;CCIT 4.0 FRONTAL H2.1;OP52;VIAÇÃO TURIN OURO PRETO MG;DF136;Subst. Da Carcaça inferior;1
01/08/2023;COT14;TURIN OURO PRETO;EQ6;CCIT 4.0 FRONTAL H2.1;OP52;VIAÇÃO TURIN OURO PRETO MG;DF93;Reparo no módulo;3
01/08/2023;COT23;UTB;EQ6;CCIT 4.0 FRONTAL H2.1;OP83;UTB;DF41;Envio para manutenção central-CTG;8
01/08/2023;COT1;Transfacil;EQ14;DMX200 MOD H3.1;;;DF41;Envio para manutenção central-CTG;15
01/08/2023;COT1;Transfacil;EQ14;DMX200 MOD H3.1;;;DF88;Reparo com formatação e reinst. FW/SW;74
01/08/2023;COT1;Transfacil;EQ14;DMX200 MOD H3.1;;;DF135;Subst. Da Carcaça frontal;1
01/08/2023;COT16;Via Ouro;EQ39;DMX200L JI21 SEM BATERIA;;;DF88;Reparo com formatação e reinst. FW/SW;16
01/08/2023;COT16;Via Ouro;EQ39;DMX200L JI21 SEM BATERIA;;;DF169;Subst. De Componente eletrônico;1
01/08/2023;COT12;DIVPASS;EQ13;DMX200L;OP124;DIVPASS;DF90;Reparo com formatação e subst. FW/SW;9
01/08/2023;COT12;DIVPASS;EQ13;DMX200L;OP124;DIVPASS;DF170;Subst. De Gorila Glass;3
01/08/2023;COT22;Taguatur PM NOVO;EQ39;DMX200L JI21 SEM BATERIA;OP82;TAGUATUR;DF41;Envio para manutenção central-CTG;43
01/08/2023;COT23;UTB;EQ40;DMX200L JI21 COM BATERIA;OP83;UTB;DF41;Envio para manutenção central-CTG;26
01/08/2023;COT24;GVBUS;EQ14;DMX200 MOD H3.1;;;DF41;Envio para manutenção central-CTG;17
01/08/2023;COT24;GVBUS;EQ14;DMX200 MOD H3.1;;;DF292;Ressolda conector USB;25
01/08/2023;COT34;BRT SSA;EQ15;DMX200L SEM BATERIA;;;DF300;Ressolda antena GPRS e slot de chip;12
01/08/2023;COT19;SÃO JOÃO;EQ39;DMX200L JI21 SEM BATERIA;OP67;SÃO JOÃO;DF115;Restauração da ROM via PC;11
01/08/2023;COT20;ROSA TURISMO;EQ39;DMX200L JI21 SEM BATERIA;OP66;ROSA TURISMO;DF115;Restauração da ROM via PC;3
01/08/2023;COT4;Setut;EQ14;DMX200 MOD H3.1;;;DF41;Envio para manutenção central-CTG;14
01/08/2023;COT25;COOTRAPS - CE;EQ14;DMX200 MOD H3.1;OP129;COOTRAPS;DF39;Enviados para manutenção central CTG;5
01/08/2023;COT25;COOTRAPS - CE;EQ14;DMX200 MOD H3.1;OP129;COOTRAPS;DF90;Reparo com formatação e subst. FW/SW;24
01/08/2023;COT25;COOTRAPS - CE;EQ14;DMX200 MOD H3.1;OP129;COOTRAPS;DF21;Atualização de FW ;5
01/08/2023;COT36;CAMACARI;EQ39;DMX200L JI21 SEM BATERIA;OP139;PREFEITURA DE CAMAÇARI;DF115;Restauração da ROM via PC;8
01/08/2023;COT3;TEU;EQ14;DMX200 MOD H3.1;;;DF21;Atualização de FW ;6
01/08/2023;COT3;TEU;EQ14;DMX200 MOD H3.1;;;DF115;Restauração da ROM via PC;6
01/08/2023;COT3;TEU;EQ14;DMX200 MOD H3.1;;;DF41;Envio para manutenção central-CTG;3
01/08/2023;COT33;FLORIANÓPOLIS;EQ15;DMX200L SEM BATERIA;;;DF115;Restauração da ROM via PC;10
01/08/2023;COT33;FLORIANÓPOLIS;EQ15;DMX200L SEM BATERIA;;;DF41;Envio para manutenção central-CTG;15
01/08/2023;COT33;FLORIANÓPOLIS;EQ15;DMX200L SEM BATERIA;;;DF21;Atualização de FW ;10
01/08/2023;COT1;Transfacil;EQ10;CONNECTION CCIT 4.0;;;DF88;Reparo com formatação e reinst. FW/SW;19
01/08/2023;COT1;Transfacil;EQ10;CONNECTION CCIT 4.0;;;DF37;Defeito não encontrado e subst. FW/SW;5
01/08/2023;COT1;Transfacil;EQ10;CONNECTION CCIT 4.0;;;DF136;Subst. Da Carcaça inferior;1
01/08/2023;COT24;GVBUS;EQ10;CONNECTION CCIT 4.0;;;DF41;Envio para manutenção central-CTG;2
01/08/2023;COT2;Transcard;EQ10;CONNECTION CCIT 4.0;;;DF46;Formatação da memória e subst. FW;33
01/08/2023;COT2;Transcard;EQ10;CONNECTION CCIT 4.0;;;DF41;Envio para manutenção central-CTG;9
01/08/2023;COT2;Transcard;EQ10;CONNECTION CCIT 4.0;;;DF127;Subst. Conector USB;2
01/08/2023;COT2;Transcard;EQ10;CONNECTION CCIT 4.0;;;DF256;Substituição de fusível;5
01/08/2023;COT10;Metropolitano-Bahia;EQ10;CONNECTION CCIT 4.0;OP64;METROPOLITANO SSA;DF21;Atualização de FW ;8
01/08/2023;COT10;Metropolitano-Bahia;EQ10;CONNECTION CCIT 4.0;OP64;METROPOLITANO SSA;DF41;Envio para manutenção central-CTG;6
01/08/2023;COT10;Metropolitano-Bahia;EQ10;CONNECTION CCIT 4.0;OP64;METROPOLITANO SSA;DF256;Substituição de fusível;1
01/08/2023;COT10;Metropolitano-Bahia;EQ10;CONNECTION CCIT 4.0;OP64;METROPOLITANO SSA;DF127;Subst. Conector USB;1
01/08/2023;COT19;SÃO JOÃO;EQ10;CONNECTION CCIT 4.0;OP67;SÃO JOÃO;DF21;Atualização de FW ;8
01/08/2023;COT20;ROSA TURISMO;EQ10;CONNECTION CCIT 4.0;OP66;ROSA TURISMO;DF21;Atualização de FW ;6
01/08/2023;COT20;ROSA TURISMO;EQ10;CONNECTION CCIT 4.0;OP66;ROSA TURISMO;DF41;Envio para manutenção central-CTG;2
01/08/2023;COT4;Setut;EQ10;CONNECTION CCIT 4.0;;;DF41;Envio para manutenção central-CTG;4
01/08/2023;COT36;CAMACARI;EQ10;CONNECTION CCIT 4.0;OP139;PREFEITURA DE CAMAÇARI;DF21;Atualização de FW ;4
01/08/2023;COT1;Transfacil;EQ10;CONNECTION CCIT 4.0;;;DF169;Subst. De Componente eletrônico;1
01/08/2023;COT3;TEU;EQ22;V3000M;;;DF21;Atualização de FW ;71
01/08/2023;COT3;TEU;EQ22;V3000M;;;DF115;Restauração da ROM via PC;71
01/08/2023;COT3;TEU;EQ26;V3000M DVR;;;DF21;Atualização de FW ;32
01/08/2023;COT3;TEU;EQ26;V3000M DVR;;;DF115;Restauração da ROM via PC;32
01/08/2023;COT1;Transfacil;EQ27;UT (FTV 3000);;;DF169;Subst. De Componente eletrônico;2
01/08/2023;COT24;GVBUS;EQ33;POS MOVE 2500;;;DF41;Envio para manutenção central-CTG;13
01/08/2023;COT20;Rosa Turismo;EQ31;POS 250;OP66;ROSA TURISMO;DF41;Envio para manutenção central-CTG;1
01/08/2023;COT2;Transcard;EQ31;POS 250;;;DF46;Formatação da memória e subst. FW;8
01/08/2023;COT2;Transcard;EQ31;POS 250;;;DF41;Envio para manutenção central-CTG;3
01/08/2023;COT25;COOTRAPS - CE;EQ17;FONTE PM;OP129;COOTRAPS;DF41;Envio para manutenção central-CTG;13
01/09/2023;COT7;Alagoinhas;EQ34;CCIT 4.0 FRONTAL H2.1 C SEM BATERIA;OP68;ALAGOINHAS;DF113;Restaura RAM via PC;3
01/09/2023;COT21;Araguarina;EQ35;CCIT 4.0 FRONTAL H2 COM BATERIA;OP81;VIAÇÃO ARAGUARINA;DF41;Envio para manutenção central-CTG;3
01/09/2023;COT36;CAMACARI;EQ34;CCIT 4.0 FRONTAL H2.1 C SEM BATERIA;OP139;PREFEITURA DE CAMAÇARI;DF113;Restaura RAM via PC;5
01/09/2023;COT8;CBTU;EQ1;CCIT 3.0;OP47;CBTU - COMPANHIA BRASILEIRA DE TRENS URBANOS;DF88;Reparo com formatação e reinst. FW/SW;11
01/09/2023;COT12;DIVPASS;EQ6;CCIT 4.0 FRONTAL H2.1;OP124;DIVPASS;DF88;Reparo com formatação e reinst. FW/SW;47
01/09/2023;COT12;DIVPASS;EQ6;CCIT 4.0 FRONTAL H2.1;OP124;DIVPASS;DF272;Subst. Do Touchscreen do módulo;1
01/09/2023;COT12;DIVPASS;EQ6;CCIT 4.0 FRONTAL H2.1;OP124;DIVPASS;DF209;Subst. Do Display;1
01/09/2023;COT12;DIVPASS;EQ6;CCIT 4.0 FRONTAL H2.1;OP124;DIVPASS;DF93;Reparo no módulo;16
01/09/2023;COT12;DIVPASS;EQ6;CCIT 4.0 FRONTAL H2.1;OP124;DIVPASS;DF136;Subst. Da Carcaça inferior;3
01/09/2023;COT12;DIVPASS;EQ6;CCIT 4.0 FRONTAL H2.1;OP124;DIVPASS;DF238;Subst. Do Vidro CCIT V4.0;1
01/09/2023;COT12;DIVPASS;EQ6;CCIT 4.0 FRONTAL H2.1;OP124;DIVPASS;DF169;Subst. De Componente eletrônico;3
01/09/2023;COT33;FLORIANÓPOLIS;EQ8;CCIT 4.0 FRONTAL JI21 SEM BATERIA;;;DF115;Restauração da ROM via PC;5
01/09/2023;COT33;FLORIANÓPOLIS;EQ8;CCIT 4.0 FRONTAL JI21 SEM BATERIA;;;DF41;Envio para manutenção central-CTG;2
01/09/2023;COT11;Gov. Valadares;EQ6;CCIT 4.0 FRONTAL H2.1;OP53;VIAÇÃO MOBI;DF88;Reparo com formatação e reinst. FW/SW;9
01/09/2023;COT11;Gov. Valadares;EQ6;CCIT 4.0 FRONTAL H2.1;OP53;VIAÇÃO MOBI;DF210;Subst. Do Display CCIT;1
01/09/2023;COT11;Gov. Valadares;EQ6;CCIT 4.0 FRONTAL H2.1;OP53;VIAÇÃO MOBI;DF93;Reparo no módulo;3
01/09/2023;COT24;GVBUS;EQ28;ATM;OP108;GVBUS - SIND. DAS EMP. DE TRANP. METROP. DA GRANDE VITÓRIA;DF231;Subst. Do PINpad;1
01/09/2023;COT24;GVBUS;EQ28;ATM;OP108;GVBUS - SIND. DAS EMP. DE TRANP. METROP. DA GRANDE VITÓRIA;DF262;Retirada de nota ATM e testes;10
01/09/2023;COT24;GVBUS;EQ28;ATM;OP108;GVBUS - SIND. DAS EMP. DE TRANP. METROP. DA GRANDE VITÓRIA;DF207;Subst. Do Conversor Serial;3
01/09/2023;COT24;GVBUS;EQ28;ATM;OP108;GVBUS - SIND. DAS EMP. DE TRANP. METROP. DA GRANDE VITÓRIA;DF317;Banco conectado após testes check ATM;2
01/09/2023;COT24;GVBUS;EQ28;ATM;OP108;GVBUS - SIND. DAS EMP. DE TRANP. METROP. DA GRANDE VITÓRIA;DF218;Subst. Do Monitor;2
01/09/2023;COT24;GVBUS;EQ28;ATM;OP108;GVBUS - SIND. DAS EMP. DE TRANP. METROP. DA GRANDE VITÓRIA;DF318;Subst. do Amortecedor da Porta Superior;1
01/09/2023;COT24;GVBUS;EQ28;ATM;OP108;GVBUS - SIND. DAS EMP. DE TRANP. METROP. DA GRANDE VITÓRIA;DF78;PC Reiniciado;1
01/09/2023;COT24;GVBUS;EQ28;ATM;OP108;GVBUS - SIND. DAS EMP. DE TRANP. METROP. DA GRANDE VITÓRIA;DF237;Subst. Do Validador de Notas;1
01/09/2023;COT24;GVBUS;EQ28;ATM;OP108;GVBUS - SIND. DAS EMP. DE TRANP. METROP. DA GRANDE VITÓRIA;DF143;Subst. da Impressora;1
01/09/2023;COT24;GVBUS;EQ28;ATM;OP108;GVBUS - SIND. DAS EMP. DE TRANP. METROP. DA GRANDE VITÓRIA;DF197;Subst. Do Cofre;1
01/09/2023;COT24;GVBUS;EQ28;ATM;OP108;GVBUS - SIND. DAS EMP. DE TRANP. METROP. DA GRANDE VITÓRIA;DF319;Subst. da Antena do PDV;1
01/09/2023;COT24;GVBUS;EQ28;ATM;OP108;GVBUS - SIND. DAS EMP. DE TRANP. METROP. DA GRANDE VITÓRIA;DF140;Subst. Da Fechadura Tetra Chave;1
01/09/2023;COT24;GVBUS;EQ6;CCIT 4.0 FRONTAL H2.1;;;DF91;Reparo com Gravação de PIC e reinst. Do FW;141
01/09/2023;COT24;GVBUS;EQ6;CCIT 4.0 FRONTAL H2.1;;;DF41;Envio para manutenção central-CTG;34
01/09/2023;COT24;GVBUS;EQ6;CCIT 4.0 FRONTAL H2.1;;;DF21;Atualização de FW ;23
01/09/2023;COT13;Mariana;EQ5;CCIT 4.0 FRONTAL;OP54;TRANSCOTTA MARIANA MG;DF90;Reparo com formatação e subst. FW/SW;1
01/09/2023;COT13;Mariana;EQ5;CCIT 4.0 FRONTAL;OP54;TRANSCOTTA MARIANA MG;DF93;Reparo no módulo;1
01/09/2023;COT6;Metro-Bahia;EQ28;ATM;OP63;METRO-BAHIA;DF237;Subst. Do Validador de Notas;4
01/09/2023;COT6;Metro-Bahia;EQ28;ATM;OP63;METRO-BAHIA;DF142;Subst. Da Fonte Lambda ATM;1
01/09/2023;COT6;Metro-Bahia;EQ28;ATM;OP63;METRO-BAHIA;DF179;Subst. Do Cabo de Comunicação da Impressora;1
01/09/2023;COT6;Metro-Bahia;EQ28;ATM;OP63;METRO-BAHIA;DF218;Subst. Do Monitor;3
01/09/2023;COT6;METRO-BAHIA;EQ6;CCIT 4.0 FRONTAL H2.1;OP63;METRO-BAHIA;DF113;Restaura RAM via PC;11
01/09/2023;COT6;METRO-BAHIA;EQ6;CCIT 4.0 FRONTAL H2.1;OP63;METRO-BAHIA;DF41;Envio para manutenção central-CTG;1
01/09/2023;COT5;METROFOR/ VLT FORTALEZA;EQ38;CCIT 4.0 METROFOR;OP105;METROFOR LINHA SUL;DF116;Restauração de aplicativo (4.0);7
01/09/2023;COT5;METROFOR/ VLT FORTALEZA;EQ38;CCIT 4.0 METROFOR;OP105;METROFOR LINHA SUL;DF88;Reparo com formatação e reinst. FW/SW;23
01/09/2023;COT5;METROFOR/ VLT FORTALEZA;EQ38;CCIT 4.0 METROFOR;OP105;METROFOR LINHA SUL;DF209;Subst. Do Display;1
01/09/2023;COT10;Metropolitano-Bahia;EQ6;CCIT 4.0 FRONTAL H2.1;OP64;METROPOLITANO SSA;DF41;Envio para manutenção central-CTG;3
01/09/2023;COT10;Metropolitano-Bahia;EQ6;CCIT 4.0 FRONTAL H2.1;OP64;METROPOLITANO SSA;DF113;Restaura RAM via PC;36
01/09/2023;COT20;ROSA TURISMO;EQ36;CCIT 4.0 FRONTAL H1 COM BATERIA;OP66;ROSA TURISMO;DF113;Restaura RAM via PC;8
01/09/2023;COT19;SÃO JOÃO;EQ36;CCIT 4.0 FRONTAL H1 COM BATERIA;OP67;SÃO JOÃO;DF113;Restaura RAM via PC;8
01/09/2023;COT19;SÃO JOÃO;EQ36;CCIT 4.0 FRONTAL H1 COM BATERIA;OP67;SÃO JOÃO;DF41;Envio para manutenção central-CTG;1
01/09/2023;COT4;Setut;EQ6;CCIT 4.0 FRONTAL H2.1;;;DF41;Envio para manutenção central-CTG;16
01/09/2023;COT18;Sindpautras;EQ6;CCIT 4.0 FRONTAL H2.1;OP48;SINDPAUTRAS-SIND. PERM. AUT. TRANSP. SU;DF88;Reparo com formatação e reinst. FW/SW;3
01/09/2023;COT18;Sindpautras;EQ6;CCIT 4.0 FRONTAL H2.1;OP48;SINDPAUTRAS-SIND. PERM. AUT. TRANSP. SU;DF93;Reparo no módulo;1
01/09/2023;COT22;Taguatur;EQ35;CCIT 4.0 FRONTAL H2 COM BATERIA;OP82;TAGUATUR;DF41;Envio para manutenção central-CTG;13
01/09/2023;COT3;TEU;EQ36;CCIT 4.0 FRONTAL H1 COM BATERIA;;;DF115;Restauração da ROM via PC;164
01/09/2023;COT3;TEU;EQ36;CCIT 4.0 FRONTAL H1 COM BATERIA;;;DF60;Limpeza de cache;6
01/09/2023;COT3;TEU;EQ36;CCIT 4.0 FRONTAL H1 COM BATERIA;;;DF132;Subst. Da Bateria de Lithium;6
01/09/2023;COT3;TEU;EQ36;CCIT 4.0 FRONTAL H1 COM BATERIA;;;DF41;Envio para manutenção central-CTG;8
01/09/2023;COT3;TEU;EQ36;CCIT 4.0 FRONTAL H1 COM BATERIA;;;DF136;Subst. Da Carcaça inferior;21
01/09/2023;COT2;Transcard;EQ28;ATM;OP61;Setps (Transcard);DF237;Subst. Do Validador de Notas;6
01/09/2023;COT2;Transcard;EQ28;ATM;OP61;Setps (Transcard);DF284;Manutenção PC ATM;2
01/09/2023;COT2;Transcard;EQ28;ATM;OP61;Setps (Transcard);DF143;Subst. da Impressora;4
01/09/2023;COT2;Transcard;EQ28;ATM;OP61;Setps (Transcard);DF218;Subst. Do Monitor;3
01/09/2023;COT2;Transcard;EQ28;ATM;OP61;Setps (Transcard);DF231;Subst. Do PINpad;3
01/09/2023;COT2;Transcard;EQ28;ATM;OP61;Setps (Transcard);DF7;Ajuste do Módulo de Impressão;1
01/09/2023;COT2;Transcard;EQ28;ATM;OP61;Setps (Transcard);DF316;Alinhamento do Dispenser;4
01/09/2023;COT2;Transcard;EQ28;ATM;OP61;Setps (Transcard);DF179;Subst. Do Cabo de Comunicação da Impressora;3
01/09/2023;COT2;Transcard;EQ6;CCIT 4.0 FRONTAL H2.1;;;DF113;Restaura RAM via PC;155
01/09/2023;COT2;Transcard;EQ6;CCIT 4.0 FRONTAL H2.1;;;DF114;Restaura RAM via pendrive;39
01/09/2023;COT2;Transcard;EQ6;CCIT 4.0 FRONTAL H2.1;;;DF41;Enviados para manutenção central CTG;39
01/09/2023;COT1;Transfacil;EQ28;ATM;OP27;TRANSFÁCIL;DF19;ATM - defeito não confirmado;2
01/09/2023;COT1;Transfacil;EQ28;ATM;OP27;TRANSFÁCIL;DF237;Subst. Do Validador de Notas;7
01/09/2023;COT1;Transfacil;EQ28;ATM;OP27;TRANSFÁCIL;DF284;Manutenção PC ATM;1
01/09/2023;COT1;Transfacil;EQ28;ATM;OP27;TRANSFÁCIL;DF143;Subst. da Impressora;1
01/09/2023;COT1;Transfacil;EQ28;ATM;OP27;TRANSFÁCIL;DF280;Manutenção no Validador de Notas;1
01/09/2023;COT1;Transfacil;EQ28;ATM;OP27;TRANSFÁCIL;DF208;Subst. Do Dispenser do cartão;1
01/09/2023;COT1;Transfacil;EQ28;ATM;OP27;TRANSFÁCIL;DF258;Subst. Da Cabeça de Impressão;1
01/09/2023;COT1;Transfacil;EQ6;CCIT 4.0 FRONTAL H2.1;;;DF88;Reparo com formatação e reinst. FW/SW;173
01/09/2023;COT1;Transfacil;EQ6;CCIT 4.0 FRONTAL H2.1;;;DF238;Subst. Do Vidro CCIT V4.0;8
01/09/2023;COT1;Transfacil;EQ6;CCIT 4.0 FRONTAL H2.1;;;DF216;Subst. Do Módulo H2;3
01/09/2023;COT1;Transfacil;EQ6;CCIT 4.0 FRONTAL H2.1;OP13;Estações BRT Move;DF88;Reparo com formatação e reinst. FW/SW;61
01/09/2023;COT1;Transfacil;EQ6;CCIT 4.0 FRONTAL H2.1;OP13;Estações BRT Move;DF136;Subst. Da Carcaça inferior;7
01/09/2023;COT1;Transfacil;EQ6;CCIT 4.0 FRONTAL H2.1;;;DF37;Defeito não encontrado e subst. FW/SW;12
01/09/2023;COT1;Transfacil;EQ6;CCIT 4.0 FRONTAL H2.1;;;DF133;Subst. Da Campainha CCIT;2
01/09/2023;COT1;Transfacil;EQ6;CCIT 4.0 FRONTAL H2.1;;;DF136;Subst. Da Carcaça inferior;7
01/09/2023;COT1;Transfacil;EQ6;CCIT 4.0 FRONTAL H2.1;OP13;Estações BRT Move;DF238;Subst. Do Vidro CCIT V4.0;1
01/09/2023;COT1;Transfacil;EQ6;CCIT 4.0 FRONTAL H2.1;;;DF169;Subst. De Componente eletrônico;1
01/09/2023;COT1;Transfacil;EQ6;CCIT 4.0 FRONTAL H2.1;;;DF130;Subst. Da Antena WLAN;1
01/09/2023;COT1;Transfacil;EQ6;CCIT 4.0 FRONTAL H2.1;OP13;Estações BRT Move;DF21;Atualização de FW ;41
01/09/2023;COT1;Transfacil;EQ6;CCIT 4.0 FRONTAL H2.1;OP13;Estações BRT Move;DF61;Limpeza e testes;11
01/09/2023;COT1;Transfacil;EQ6;CCIT 4.0 FRONTAL H2.1;OP13;Estações BRT Move;DF93;Reparo no módulo;14
01/09/2023;COT1;Transfacil;EQ6;CCIT 4.0 FRONTAL H2.1;;;DF135;Subst. Da Carcaça frontal;1
01/09/2023;COT1;Transfacil;EQ6;CCIT 4.0 FRONTAL H2.1;OP13;Estações BRT Move;DF135;Subst. Da Carcaça frontal;1
01/09/2023;COT1;Transfacil;EQ6;CCIT 4.0 FRONTAL H2.1;OP13;Estações BRT Move;DF209;Subst. Do Display;4
01/09/2023;COT1;Transfacil;EQ6;CCIT 4.0 FRONTAL H2.1;OP13;Estações BRT Move;DF272;Subst. Do Touchscreen do módulo;1
01/09/2023;COT35;TURIN CONGONHAS;EQ5;CCIT 4.0 FRONTAL;OP138;VIAÇÃO TURIN CONGONHAS;DF88;Reparo com formatação e reinst. FW/SW;4
01/09/2023;COT35;TURIN CONGONHAS;EQ5;CCIT 4.0 FRONTAL;OP138;VIAÇÃO TURIN CONGONHAS;DF93;Reparo no módulo;1
01/09/2023;COT15;TURIN OURO BRANCO;EQ6;CCIT 4.0 FRONTAL H2.1;OP127;TURIN OURO BRANCO MG;DF88;Reparo com formatação e reinst. FW/SW;4
01/09/2023;COT15;TURIN OURO BRANCO;EQ6;CCIT 4.0 FRONTAL H2.1;OP127;TURIN OURO BRANCO MG;DF93;Reparo no módulo;1
01/09/2023;COT23;UTB;EQ6;CCIT 4.0 FRONTAL H2.1;OP83;UTB;DF41;Envio para manutenção central-CTG;15
01/09/2023;COT1;Transfacil;EQ14;DMX200 MOD H3.1;;;DF41;Envio para manutenção central-CTG;8
01/09/2023;COT1;Transfacil;EQ14;DMX200 MOD H3.1;;;DF88;Reparo com formatação e reinst. FW/SW;47
01/09/2023;COT16;Via Ouro;EQ39;DMX200L JI21 SEM BATERIA;;;DF88;Reparo com formatação e reinst. FW/SW;2
01/09/2023;COT16;Via Ouro;EQ39;DMX200L JI21 SEM BATERIA;;;DF271;Subst. Do Vidro;2
01/09/2023;COT12;DIVPASS;EQ13;DMX200L;OP124;DIVPASS;DF90;Reparo com formatação e subst. FW/SW;18
01/09/2023;COT12;DIVPASS;EQ13;DMX200L;OP124;DIVPASS;DF272;Subst. Do Touchscreen do módulo;3
01/09/2023;COT24;GVBUS;EQ14;DMX200 MOD H3.1;;;DF41;Envio para manutenção central-CTG;33
01/09/2023;COT19;SÃO JOÃO;EQ39;DMX200L JI21 SEM BATERIA;OP67;SÃO JOÃO;DF115;Restauração da ROM via PC;3
01/09/2023;COT20;ROSA TURISMO;EQ39;DMX200L JI21 SEM BATERIA;OP66;ROSA TURISMO;DF115;Restauração da ROM via PC;1
01/09/2023;COT4;Setut;EQ14;DMX200 MOD H3.1;;;DF41;Envio para manutenção central-CTG;22
01/09/2023;COT25;COOTRAPS - CE;EQ14;DMX200 MOD H3.1;OP129;COOTRAPS;DF39;Enviados para manutenção central CTG;16
01/09/2023;COT25;COOTRAPS - CE;EQ14;DMX200 MOD H3.1;OP129;COOTRAPS;DF90;Reparo com formatação e subst. FW/SW;12
01/09/2023;COT25;COOTRAPS - CE;EQ14;DMX200 MOD H3.1;OP129;COOTRAPS;DF169;Subst. De Componente eletrônico;15
01/09/2023;COT36;CAMACARI;EQ39;DMX200L JI21 SEM BATERIA;OP139;PREFEITURA DE CAMAÇARI;DF115;Restauração da ROM via PC;11
01/09/2023;COT3;TEU;EQ14;DMX200 MOD H3.1;;;DF21;Atualização de FW ;17
01/09/2023;COT3;TEU;EQ14;DMX200 MOD H3.1;;;DF115;Restauração da ROM via PC;6
01/09/2023;COT3;TEU;EQ14;DMX200 MOD H3.1;;;DF41;Envio para manutenção central-CTG;16
01/09/2023;COT33;FLORIANÓPOLIS;EQ15;DMX200L SEM BATERIA;;;DF115;Restauração da ROM via PC;9
01/09/2023;COT33;FLORIANÓPOLIS;EQ15;DMX200L SEM BATERIA;;;DF41;Envio para manutenção central-CTG;5
01/09/2023;COT33;FLORIANÓPOLIS;EQ15;DMX200L SEM BATERIA;;;DF21;Atualização de FW ;9
01/09/2023;COT16;Via Ouro;EQ39;DMX200L JI21 SEM BATERIA;;;DF21;Atualização de FW ;2
01/09/2023;COT16;Via Ouro;EQ39;DMX200L JI21 SEM BATERIA;;;DF272;Subst. Do Touchscreen do módulo;2
01/09/2023;COT16;Via Ouro;EQ39;DMX200L JI21 SEM BATERIA;;;DF315;Colagem de Tela;2
01/09/2023;COT11;Gov. Valadares;EQ13;DMX200L;OP53;VIAÇÃO MOBI;DF88;Reparo com formatação e reinst. FW/SW;24
01/09/2023;COT11;Gov. Valadares;EQ13;DMX200L;OP53;VIAÇÃO MOBI;DF315;Colagem de Tela;3
01/09/2023;COT11;Gov. Valadares;EQ13;DMX200L;OP53;VIAÇÃO MOBI;DF169;Subst. De Componente eletrônico;5
01/09/2023;COT11;Gov. Valadares;EQ13;DMX200L;OP53;VIAÇÃO MOBI;DF135;Subst. Da Carcaça frontal;2
01/09/2023;COT11;Gov. Valadares;EQ13;DMX200L;OP53;VIAÇÃO MOBI;DF271;Subst. Do Vidro;3
01/09/2023;COT11;Gov. Valadares;EQ13;DMX200L;OP53;VIAÇÃO MOBI;DF272;Subst. Do Touchscreen do módulo;3
01/09/2023;COT12;DIVPASS;EQ13;DMX200L;OP124;DIVPASS;DF169;Subst. De Componente eletrônico;9
01/09/2023;COT12;DIVPASS;EQ13;DMX200L;OP124;DIVPASS;DF271;Subst. Do Vidro;3
01/09/2023;COT2;Transcard;EQ16;PDM03;;;DF300;Ressolda antena GPRS e slot de chip;3
01/09/2023;COT19;SÃO JOÃO;EQ39;DMX200L JI21 SEM BATERIA;OP67;SÃO JOÃO;DF41;Envio para manutenção central-CTG;1
01/09/2023;COT20;ROSA TURISMO;EQ39;DMX200L JI21 SEM BATERIA;OP66;ROSA TURISMO;DF41;Envio para manutenção central-CTG;2
01/09/2023;COT24;GVBUS;EQ14;DMX200 MOD H3.1;;;DF21;Atualização de FW ;112
01/09/2023;COT22;Taguatur PM NOVO;EQ39;DMX200L JI21 SEM BATERIA;OP82;TAGUATUR;DF41;Envio para manutenção central-CTG;50
01/09/2023;COT23;UTB;EQ40;DMX200L JI21 COM BATERIA;OP83;UTB;DF41;Envio para manutenção central-CTG;21
01/09/2023;COT1;Transfacil;EQ10;CONNECTION CCIT 4.0;;;DF88;Reparo com formatação e reinst. FW/SW;43
01/09/2023;COT1;Transfacil;EQ10;CONNECTION CCIT 4.0;;;DF37;Defeito não encontrado e subst. FW/SW;4
01/09/2023;COT1;Transfacil;EQ10;CONNECTION CCIT 4.0;;;DF136;Subst. Da Carcaça inferior;4
01/09/2023;COT24;GVBUS;EQ10;CONNECTION CCIT 4.0;;;DF41;Envio para manutenção central-CTG;2
01/09/2023;COT2;Transcard;EQ10;CONNECTION CCIT 4.0;;;DF46;Formatação da memória e subst. FW;49
01/09/2023;COT2;Transcard;EQ10;CONNECTION CCIT 4.0;;;DF41;Envio para manutenção central-CTG;9
01/09/2023;COT2;Transcard;EQ10;CONNECTION CCIT 4.0;;;DF127;Subst. Conector USB;2
01/09/2023;COT2;Transcard;EQ10;CONNECTION CCIT 4.0;;;DF256;Substituição de fusível;5
01/09/2023;COT10;Metropolitano-Bahia;EQ10;CONNECTION CCIT 4.0;OP64;METROPOLITANO SSA;DF21;Atualização de FW ;8
01/09/2023;COT10;Metropolitano-Bahia;EQ10;CONNECTION CCIT 4.0;OP64;METROPOLITANO SSA;DF41;Envio para manutenção central-CTG;6
01/09/2023;COT10;Metropolitano-Bahia;EQ10;CONNECTION CCIT 4.0;OP64;METROPOLITANO SSA;DF256;Substituição de fusível;1
01/09/2023;COT10;Metropolitano-Bahia;EQ10;CONNECTION CCIT 4.0;OP64;METROPOLITANO SSA;DF127;Subst. Conector USB;1
01/09/2023;COT19;SÃO JOÃO;EQ10;CONNECTION CCIT 4.0;OP67;SÃO JOÃO;DF21;Atualização de FW ;6
01/09/2023;COT20;ROSA TURISMO;EQ10;CONNECTION CCIT 4.0;OP66;ROSA TURISMO;DF21;Atualização de FW ;5
01/09/2023;COT20;ROSA TURISMO;EQ10;CONNECTION CCIT 4.0;OP66;ROSA TURISMO;DF41;Envio para manutenção central-CTG;1
01/09/2023;COT4;Setut;EQ10;CONNECTION CCIT 4.0;;;DF41;Envio para manutenção central-CTG;1
01/09/2023;COT36;CAMACARI;EQ10;CONNECTION CCIT 4.0;OP139;PREFEITURA DE CAMAÇARI;DF21;Atualização de FW ;7
01/09/2023;COT1;Transfacil;EQ10;CONNECTION CCIT 4.0;;;DF169;Subst. De Componente eletrônico;10
01/09/2023;COT1;Transfacil;EQ10;CONNECTION CCIT 4.0;;;DF127;Subst. Conector USB;1
01/09/2023;COT1;Transfacil;EQ10;CONNECTION CCIT 4.0;;;DF107;Ressolda no circuito connections;1
01/09/2023;COT2;Transcard;EQ10;CONNECTION CCIT 4.0;;;DF245;Subst. Terminal Block;1
01/09/2023;COT19;SÃO JOÃO;EQ10;CONNECTION CCIT 4.0;OP67;SÃO JOÃO;DF41;Envio para manutenção central-CTG;2
01/09/2023;COT24;GVBUS;EQ10;CONNECTION CCIT 4.0;;;DF21;Atualização de FW ;4
01/09/2023;COT3;TEU;EQ22;V3000M;;;DF21;Atualização de FW ;42
01/09/2023;COT3;TEU;EQ22;V3000M;;;DF115;Restauração da ROM via PC;42
01/09/2023;COT3;TEU;EQ26;V3000M DVR;;;DF21;Atualização de FW ;10
01/09/2023;COT3;TEU;EQ26;V3000M DVR;;;DF115;Restauração da ROM via PC;10
01/09/2023;COT24;GVBUS;EQ33;POS MOVE 2500;;;DF41;Envio para manutenção central-CTG;14
01/09/2023;COT20;Rosa Turismo;EQ31;POS 250;OP66;ROSA TURISMO;DF41;Envio para manutenção central-CTG;1
01/09/2023;COT2;Transcard;EQ31;POS 250;;;DF46;Formatação da memória e subst. FW;2
01/09/2023;COT25;COOTRAPS - CE;EQ17;FONTE PM;OP129;COOTRAPS;DF41;Envio para manutenção central-CTG;2
01/10/2023;COT8;CBTU;EQ1;CCIT 3.0;OP47;CBTU - COMPANHIA BRASILEIRA DE TRENS URBANOS;DF88;Reparo com formatação e reinst. FW/SW;4
01/10/2023;COT8;CBTU;EQ1;CCIT 3.0;OP47;CBTU - COMPANHIA BRASILEIRA DE TRENS URBANOS;DF136;Subst. Da Carcaça inferior;1
01/10/2023;COT8;CBTU;EQ1;CCIT 3.0;OP47;CBTU - COMPANHIA BRASILEIRA DE TRENS URBANOS;DF128;Subst. Da antena Cless;1
01/10/2023;COT12;DIVPASS;EQ6;CCIT 4.0 FRONTAL H2.1;OP124;DIVPASS;DF88;Reparo com formatação e reinst. FW/SW;29
01/10/2023;COT12;DIVPASS;EQ6;CCIT 4.0 FRONTAL H2.1;OP124;DIVPASS;DF272;Subst. Do Touchscreen do módulo;2
01/10/2023;COT12;DIVPASS;EQ6;CCIT 4.0 FRONTAL H2.1;OP124;DIVPASS;DF209;Subst. Do Display;2
01/10/2023;COT12;DIVPASS;EQ6;CCIT 4.0 FRONTAL H2.1;OP124;DIVPASS;DF93;Reparo no módulo;9
01/10/2023;COT12;DIVPASS;EQ6;CCIT 4.0 FRONTAL H2.1;OP124;DIVPASS;DF238;Subst. Do Vidro CCIT V4.0;2
01/10/2023;COT12;DIVPASS;EQ6;CCIT 4.0 FRONTAL H2.1;OP124;DIVPASS;DF272;Subst. Do Touchscreen do módulo;2
01/10/2023;COT33;FLORIANÓPOLIS;EQ8;CCIT 4.0 FRONTAL JI21 SEM BATERIA;;;DF115;Restauração da ROM via PC;21
01/10/2023;COT33;FLORIANÓPOLIS;EQ8;CCIT 4.0 FRONTAL JI21 SEM BATERIA;;;DF41;Envio para manutenção central-CTG;6
01/10/2023;COT33;FLORIANÓPOLIS;EQ8;CCIT 4.0 FRONTAL JI21 SEM BATERIA;;;DF60;Limpeza de cache;2
01/10/2023;COT11;Gov. Valadares;EQ6;CCIT 4.0 FRONTAL H2.1;OP53;VIAÇÃO MOBI;DF88;Reparo com formatação e reinst. FW/SW;42
01/10/2023;COT11;Gov. Valadares;EQ6;CCIT 4.0 FRONTAL H2.1;OP53;VIAÇÃO MOBI;DF210;Subst. Do Display CCIT;1
01/10/2023;COT11;Gov. Valadares;EQ6;CCIT 4.0 FRONTAL H2.1;OP53;VIAÇÃO MOBI;DF93;Reparo no módulo;14
01/10/2023;COT11;Gov. Valadares;EQ6;CCIT 4.0 FRONTAL H2.1;OP53;VIAÇÃO MOBI;DF136;Subst. Da Carcaça inferior;2
01/10/2023;COT11;Gov. Valadares;EQ6;CCIT 4.0 FRONTAL H2.1;OP53;VIAÇÃO MOBI;DF238;Subst. Do Vidro CCIT V4.0;1
01/10/2023;COT11;Gov. Valadares;EQ6;CCIT 4.0 FRONTAL H2.1;OP53;VIAÇÃO MOBI;DF272;Subst. Do Touchscreen do módulo;1
01/10/2023;COT24;GVBUS;EQ28;ATM;OP108;GVBUS - SIND. DAS EMP. DE TRANP. METROP. DA GRANDE VITÓRIA;DF262;Retirada de nota ATM e testes;3
01/10/2023;COT24;GVBUS;EQ28;ATM;OP108;GVBUS - SIND. DAS EMP. DE TRANP. METROP. DA GRANDE VITÓRIA;DF218;Subst. Do Monitor;1
01/10/2023;COT24;GVBUS;EQ28;ATM;OP108;GVBUS - SIND. DAS EMP. DE TRANP. METROP. DA GRANDE VITÓRIA;DF78;PC Reiniciado;3
01/10/2023;COT24;GVBUS;EQ28;ATM;OP108;GVBUS - SIND. DAS EMP. DE TRANP. METROP. DA GRANDE VITÓRIA;DF143;Subst. da Impressora;1
01/10/2023;COT24;GVBUS;EQ28;ATM;OP108;GVBUS - SIND. DAS EMP. DE TRANP. METROP. DA GRANDE VITÓRIA;DF208;Subst. Do Dispenser do cartão;1
01/10/2023;COT24;GVBUS;EQ6;CCIT 4.0 FRONTAL H2.1;;;DF91;Reparo com Gravação de PIC e reinst. Do FW;185
01/10/2023;COT24;GVBUS;EQ6;CCIT 4.0 FRONTAL H2.1;;;DF41;Envio para manutenção central-CTG;39
01/10/2023;COT24;GVBUS;EQ6;CCIT 4.0 FRONTAL H2.1;;;DF21;Atualização de FW ;198
01/10/2023;COT13;Mariana;EQ5;CCIT 4.0 FRONTAL;OP54;TRANSCOTTA MARIANA MG;DF90;Reparo com formatação e subst. FW/SW;22
01/10/2023;COT13;Mariana;EQ5;CCIT 4.0 FRONTAL;OP54;TRANSCOTTA MARIANA MG;DF93;Reparo no módulo;7
01/10/2023;COT13;Mariana;EQ5;CCIT 4.0 FRONTAL;OP54;TRANSCOTTA MARIANA MG;DF136;Subst. Da Carcaça inferior;1
01/10/2023;COT13;Mariana;EQ5;CCIT 4.0 FRONTAL;OP54;TRANSCOTTA MARIANA MG;DF238;Subst. Do Vidro CCIT V4.0;1
01/10/2023;COT13;Mariana;EQ5;CCIT 4.0 FRONTAL;OP54;TRANSCOTTA MARIANA MG;DF209;Subst. Do Display;3
01/10/2023;COT13;Mariana;EQ5;CCIT 4.0 FRONTAL;OP54;TRANSCOTTA MARIANA MG;DF272;Subst. Do Touchscreen do módulo;1
01/10/2023;COT6;Metro-Bahia;EQ28;ATM;OP63;METRO-BAHIA;DF237;Subst. Do Validador de Notas;16
01/10/2023;COT6;Metro-Bahia;EQ28;ATM;OP63;METRO-BAHIA;DF142;Subst. Da Fonte Lambda ATM;1
01/10/2023;COT6;Metro-Bahia;EQ28;ATM;OP63;METRO-BAHIA;DF179;Subst. Do Cabo de Comunicação da Impressora;3
01/10/2023;COT6;Metro-Bahia;EQ28;ATM;OP63;METRO-BAHIA;DF218;Subst. Do Monitor;2
01/10/2023;COT6;Metro-Bahia;EQ28;ATM;OP63;METRO-BAHIA;DF143;Subst. da Impressora;5
01/10/2023;COT6;Metro-Bahia;EQ28;ATM;OP63;METRO-BAHIA;DF141;Subst. Da Fonte do PDV ATM;4
01/10/2023;COT6;METRO-BAHIA;EQ6;CCIT 4.0 FRONTAL H2.1;OP63;METRO-BAHIA;DF113;Restaura RAM via PC;14
01/10/2023;COT5;METROFOR/ VLT FORTALEZA;EQ38;CCIT 4.0 METROFOR;OP105;METROFOR LINHA SUL;DF113;Restaura RAM via PC;8
01/10/2023;COT5;METROFOR/ VLT FORTALEZA;EQ38;CCIT 4.0 METROFOR;OP105;METROFOR LINHA SUL;DF88;Reparo com formatação e reinst. FW/SW;2
01/10/2023;COT5;METROFOR/ VLT FORTALEZA;EQ38;CCIT 4.0 METROFOR;OP105;METROFOR LINHA SUL;DF41;Envio para manutenção central-CTG;6
01/10/2023;COT10;Metropolitano-Bahia;EQ6;CCIT 4.0 FRONTAL H2.1;OP64;METROPOLITANO SSA;DF41;Envio para manutenção central-CTG;1
01/10/2023;COT10;Metropolitano-Bahia;EQ6;CCIT 4.0 FRONTAL H2.1;OP64;METROPOLITANO SSA;DF113;Restaura RAM via PC;53
01/10/2023;COT20;ROSA TURISMO;EQ36;CCIT 4.0 FRONTAL H1 COM BATERIA;OP66;ROSA TURISMO;DF41;Envio para manutenção central-CTG;2
01/10/2023;COT20;ROSA TURISMO;EQ36;CCIT 4.0 FRONTAL H1 COM BATERIA;OP66;ROSA TURISMO;DF113;Restaura RAM via PC;6
01/10/2023;COT19;SÃO JOÃO;EQ36;CCIT 4.0 FRONTAL H1 COM BATERIA;OP67;SÃO JOÃO;DF113;Restaura RAM via PC;6
01/10/2023;COT4;Setut;EQ6;CCIT 4.0 FRONTAL H2.1;;;DF41;Envio para manutenção central-CTG;16
01/10/2023;COT18;Sindpautras;EQ6;CCIT 4.0 FRONTAL H2.1;OP48;SINDPAUTRAS-SIND. PERM. AUT. TRANSP. SU;DF88;Reparo com formatação e reinst. FW/SW;110
01/10/2023;COT18;Sindpautras;EQ6;CCIT 4.0 FRONTAL H2.1;OP48;SINDPAUTRAS-SIND. PERM. AUT. TRANSP. SU;DF93;Reparo no módulo;38
01/10/2023;COT18;Sindpautras;EQ6;CCIT 4.0 FRONTAL H2.1;OP48;SINDPAUTRAS-SIND. PERM. AUT. TRANSP. SU;DF136;Subst. Da Carcaça inferior;4
01/10/2023;COT18;Sindpautras;EQ6;CCIT 4.0 FRONTAL H2.1;OP48;SINDPAUTRAS-SIND. PERM. AUT. TRANSP. SU;DF209;Subst. Do Display;1
01/10/2023;COT18;Sindpautras;EQ6;CCIT 4.0 FRONTAL H2.1;OP48;SINDPAUTRAS-SIND. PERM. AUT. TRANSP. SU;DF272;Subst. Do Touchscreen do módulo;2
01/10/2023;COT22;Taguatur;EQ35;CCIT 4.0 FRONTAL H2 COM BATERIA;OP82;TAGUATUR;DF41;Envio para manutenção central-CTG;14
01/10/2023;COT3;TEU;EQ36;CCIT 4.0 FRONTAL H1 COM BATERIA;;;DF115;Restauração da ROM via PC;234
01/10/2023;COT3;TEU;EQ36;CCIT 4.0 FRONTAL H1 COM BATERIA;;;DF41;Envio para manutenção central-CTG;5
01/10/2023;COT3;TEU;EQ36;CCIT 4.0 FRONTAL H1 COM BATERIA;;;DF136;Subst. Da Carcaça inferior;6
01/10/2023;COT2;Transcard;EQ28;ATM;OP61;Setps (Transcard);DF237;Subst. Do Validador de Notas;10
01/10/2023;COT2;Transcard;EQ28;ATM;OP61;Setps (Transcard);DF284;Manutenção PC ATM;3
01/10/2023;COT2;Transcard;EQ28;ATM;OP61;Setps (Transcard);DF143;Subst. da Impressora;3
01/10/2023;COT2;Transcard;EQ28;ATM;OP61;Setps (Transcard);DF231;Subst. Do PINpad;1
01/10/2023;COT2;Transcard;EQ28;ATM;OP61;Setps (Transcard);DF179;Subst. Do Cabo de Comunicação da Impressora;1
01/10/2023;COT2;Transcard;EQ6;CCIT 4.0 FRONTAL H2.1;;;DF113;Restaura RAM via PC;172
01/10/2023;COT2;Transcard;EQ6;CCIT 4.0 FRONTAL H2.1;;;DF114;Restaura RAM via pendrive;58
01/10/2023;COT2;Transcard;EQ6;CCIT 4.0 FRONTAL H2.1;;;DF41;Enviados para manutenção central CTG;23
01/10/2023;COT1;Transfacil;EQ28;ATM;OP27;TRANSFÁCIL;DF19;ATM - defeito não confirmado;3
01/10/2023;COT1;Transfacil;EQ28;ATM;OP27;TRANSFÁCIL;DF237;Subst. Do Validador de Notas;2
01/10/2023;COT1;Transfacil;EQ28;ATM;OP27;TRANSFÁCIL;DF284;Manutenção PC ATM;1
01/10/2023;COT1;Transfacil;EQ28;ATM;OP27;TRANSFÁCIL;DF143;Subst. da Impressora;1
01/10/2023;COT1;Transfacil;EQ28;ATM;OP27;TRANSFÁCIL;DF67;Manutenção na Impressora;3
01/10/2023;COT1;Transfacil;EQ28;ATM;OP27;TRANSFÁCIL;DF208;Subst. Do Dispenser do cartão;1
01/10/2023;COT1;Transfacil;EQ28;ATM;OP27;TRANSFÁCIL;DF258;Subst. Da Cabeça de Impressão;1
01/10/2023;COT1;Transfacil;EQ28;ATM;OP27;TRANSFÁCIL;DF128;Subst. Da antena Cless;1
01/10/2023;COT1;Transfacil;EQ6;CCIT 4.0 FRONTAL H2.1;;;DF88;Reparo com formatação e reinst. FW/SW;208
01/10/2023;COT1;Transfacil;EQ6;CCIT 4.0 FRONTAL H2.1;;;DF238;Subst. Do Vidro CCIT V4.0;6
01/10/2023;COT1;Transfacil;EQ6;CCIT 4.0 FRONTAL H2.1;;;DF216;Subst. Do Módulo H2;2
01/10/2023;COT1;Transfacil;EQ6;CCIT 4.0 FRONTAL H2.1;OP13;Estações BRT Move;DF88;Reparo com formatação e reinst. FW/SW;66
01/10/2023;COT1;Transfacil;EQ6;CCIT 4.0 FRONTAL H2.1;OP13;Estações BRT Move;DF136;Subst. Da Carcaça inferior;2
01/10/2023;COT1;Transfacil;EQ6;CCIT 4.0 FRONTAL H2.1;;;DF37;Defeito não encontrado e subst. FW/SW;15
01/10/2023;COT1;Transfacil;EQ6;CCIT 4.0 FRONTAL H2.1;;;DF133;Subst. Da Campainha CCIT;1
01/10/2023;COT1;Transfacil;EQ6;CCIT 4.0 FRONTAL H2.1;;;DF136;Subst. Da Carcaça inferior;13
01/10/2023;COT1;Transfacil;EQ6;CCIT 4.0 FRONTAL H2.1;;;DF169;Subst. De Componente eletrônico;8
01/10/2023;COT1;Transfacil;EQ6;CCIT 4.0 FRONTAL H2.1;;;DF130;Subst. Da Antena WLAN;2
01/10/2023;COT1;Transfacil;EQ6;CCIT 4.0 FRONTAL H2.1;OP13;Estações BRT Move;DF21;Atualização de FW ;59
01/10/2023;COT1;Transfacil;EQ6;CCIT 4.0 FRONTAL H2.1;OP13;Estações BRT Move;DF93;Reparo no módulo;35
01/10/2023;COT1;Transfacil;EQ6;CCIT 4.0 FRONTAL H2.1;;;DF129;Subst. Da Antena Cless e adesivo frontal;1
01/10/2023;COT1;Transfacil;EQ6;CCIT 4.0 FRONTAL H2.1;OP13;Estações BRT Move;DF209;Subst. Do Display;6
01/10/2023;COT1;Transfacil;EQ6;CCIT 4.0 FRONTAL H2.1;OP13;Estações BRT Move;DF272;Subst. Do Touchscreen do módulo;2
01/10/2023;COT1;Transfacil;EQ6;CCIT 4.0 FRONTAL H2.1;;;DF162;Subst. Da Placa Mbccit;1
01/10/2023;COT35;TURIN CONGONHAS;EQ5;CCIT 4.0 FRONTAL;OP138;VIAÇÃO TURIN CONGONHAS;DF88;Reparo com formatação e reinst. FW/SW;6
01/10/2023;COT35;TURIN CONGONHAS;EQ5;CCIT 4.0 FRONTAL;OP138;VIAÇÃO TURIN CONGONHAS;DF93;Reparo no módulo;2
01/10/2023;COT35;TURIN CONGONHAS;EQ5;CCIT 4.0 FRONTAL;OP138;VIAÇÃO TURIN CONGONHAS;DF238;Subst. Do Vidro CCIT V4.0;1
01/10/2023;COT35;TURIN CONGONHAS;EQ5;CCIT 4.0 FRONTAL;OP138;VIAÇÃO TURIN CONGONHAS;DF272;Subst. Do Touchscreen do módulo;1
01/10/2023;COT14;TURIN OURO PRETO;EQ6;CCIT 4.0 FRONTAL H2.1;OP52;VIAÇÃO TURIN OURO PRETO;DF88;Reparo com formatação e reinst. FW/SW;25
01/10/2023;COT14;TURIN OURO PRETO;EQ6;CCIT 4.0 FRONTAL H2.1;OP52;VIAÇÃO TURIN OURO PRETO;DF93;Reparo no módulo;8
01/10/2023;COT14;TURIN OURO PRETO;EQ6;CCIT 4.0 FRONTAL H2.1;OP52;VIAÇÃO TURIN OURO PRETO;DF272;Subst. Do Touchscreen do módulo;1
01/10/2023;COT14;TURIN OURO PRETO;EQ6;CCIT 4.0 FRONTAL H2.1;OP52;VIAÇÃO TURIN OURO PRETO;DF209;Subst. Do Display;3
01/10/2023;COT14;TURIN OURO PRETO;EQ6;CCIT 4.0 FRONTAL H2.1;OP52;VIAÇÃO TURIN OURO PRETO;DF238;Subst. Do Vidro CCIT V4.0;1
01/10/2023;COT14;TURIN OURO PRETO;EQ6;CCIT 4.0 FRONTAL H2.1;OP52;VIAÇÃO TURIN OURO PRETO;DF136;Subst. Da Carcaça inferior;1
01/10/2023;COT23;UTB;EQ6;CCIT 4.0 FRONTAL H2.1;OP83;UTB;DF41;Envio para manutenção central-CTG;12
01/10/2023;COT1;Transfacil;EQ14;DMX200 MOD H3.1;;;DF169;Subst. De Componente eletrônico;14
01/10/2023;COT1;Transfacil;EQ14;DMX200 MOD H3.1;;;DF88;Reparo com formatação e reinst. FW/SW;51
01/10/2023;COT12;DIVPASS;EQ13;DMX200L;OP124;DIVPASS;DF90;Reparo com formatação e subst. FW/SW;4
01/10/2023;COT24;GVBUS;EQ14;DMX200 MOD H3.1;;;DF41;Envio para manutenção central-CTG;26
01/10/2023;COT19;SÃO JOÃO;EQ39;DMX200L JI21 SEM BATERIA;OP67;SÃO JOÃO;DF115;Restauração da ROM via PC;9
01/10/2023;COT20;ROSA TURISMO;EQ39;DMX200L JI21 SEM BATERIA;OP66;ROSA TURISMO;DF115;Restauração da ROM via PC;4
01/10/2023;COT4;Setut;EQ14;DMX200 MOD H3.1;;;DF41;Envio para manutenção central-CTG;20
01/10/2023;COT25;COOTRAPS - CE;EQ14;DMX200 MOD H3.1;OP129;COOTRAPS;DF39;Enviados para manutenção central CTG;22
01/10/2023;COT25;COOTRAPS - CE;EQ14;DMX200 MOD H3.1;OP129;COOTRAPS;DF90;Reparo com formatação e subst. FW/SW;10
01/10/2023;COT3;TEU;EQ14;DMX200 MOD H3.1;;;DF21;Atualização de FW ;17
01/10/2023;COT3;TEU;EQ14;DMX200 MOD H3.1;;;DF115;Restauração da ROM via PC;3
01/10/2023;COT3;TEU;EQ14;DMX200 MOD H3.1;;;DF41;Envio para manutenção central-CTG;4
01/10/2023;COT33;FLORIANÓPOLIS;EQ15;DMX200L SEM BATERIA;;;DF115;Restauração da ROM via PC;11
01/10/2023;COT33;FLORIANÓPOLIS;EQ15;DMX200L SEM BATERIA;;;DF41;Envio para manutenção central-CTG;3
01/10/2023;COT33;FLORIANÓPOLIS;EQ15;DMX200L SEM BATERIA;;;DF21;Atualização de FW ;11
01/10/2023;COT16;Via Ouro;EQ39;DMX200L JI21 SEM BATERIA;;;DF21;Atualização de FW ;4
01/10/2023;COT12;DIVPASS;EQ13;DMX200L;OP124;DIVPASS;DF169;Subst. De Componente eletrônico;1
01/10/2023;COT2;Transcard;EQ16;PDM03;;;DF300;Ressolda antena GPRS e slot de chip;5
01/10/2023;COT24;GVBUS;EQ14;DMX200 MOD H3.1;;;DF21;Atualização de FW ;120
01/10/2023;COT22;Taguatur PM NOVO;EQ39;DMX200L JI21 SEM BATERIA;OP82;TAGUATUR;DF41;Envio para manutenção central-CTG;19
01/10/2023;COT23;UTB;EQ40;DMX200L JI21 COM BATERIA;OP83;UTB;DF41;Envio para manutenção central-CTG;24
01/10/2023;COT2;Transcard;EQ16;PDM03;;;DF300;Ressolda antena GPRS e slot de chip;5
01/10/2023;COT2;Transcard;EQ16;PDM03;;;DF41;Enviados para manutenção central CTG;1
01/10/2023;COT35;TURIN CONGONHAS;EQ5;CCIT 4.0 FRONTAL;OP138;VIAÇÃO TURIN CONGONHAS;DF90;Reparo com formatação e subst. FW/SW;1
01/10/2023;COT24;GVBUS;EQ14;DMX200 MOD H3.1;;;DF292;Ressolda conector USB;37
01/10/2023;COT1;Transfacil;EQ10;CONNECTION CCIT 4.0;;;DF88;Reparo com formatação e reinst. FW/SW;36
01/10/2023;COT1;Transfacil;EQ10;CONNECTION CCIT 4.0;;;DF37;Defeito não encontrado e subst. FW/SW;5
01/10/2023;COT1;Transfacil;EQ10;CONNECTION CCIT 4.0;;;DF136;Subst. Da Carcaça inferior;1
01/10/2023;COT2;Transcard;EQ10;CONNECTION CCIT 4.0;;;DF46;Formatação da memória e subst. FW;59
01/10/2023;COT2;Transcard;EQ10;CONNECTION CCIT 4.0;;;DF41;Envio para manutenção central-CTG;10
01/10/2023;COT2;Transcard;EQ10;CONNECTION CCIT 4.0;;;DF127;Subst. Conector USB;2
01/10/2023;COT2;Transcard;EQ10;CONNECTION CCIT 4.0;;;DF256;Substituição de fusível;3
01/10/2023;COT10;Metropolitano-Bahia;EQ10;CONNECTION CCIT 4.0;OP64;METROPOLITANO SSA;DF21;Atualização de FW ;7
01/10/2023;COT19;SÃO JOÃO;EQ10;CONNECTION CCIT 4.0;OP67;SÃO JOÃO;DF21;Atualização de FW ;1
01/10/2023;COT20;ROSA TURISMO;EQ10;CONNECTION CCIT 4.0;OP66;ROSA TURISMO;DF21;Atualização de FW ;4
01/10/2023;COT4;Setut;EQ10;CONNECTION CCIT 4.0;;;DF41;Envio para manutenção central-CTG;3
01/10/2023;COT1;Transfacil;EQ10;CONNECTION CCIT 4.0;;;DF169;Subst. De Componente eletrônico;6
01/10/2023;COT1;Transfacil;EQ10;CONNECTION CCIT 4.0;;;DF107;Ressolda no circuito connections;3
01/10/2023;COT24;GVBUS;EQ10;CONNECTION CCIT 4.0;;;DF21;Atualização de FW ;4
01/10/2023;COT3;TEU;EQ22;V3000M;;;DF21;Atualização de FW ;56
01/10/2023;COT3;TEU;EQ22;V3000M;;;DF115;Restauração da ROM via PC;56
01/10/2023;COT3;TEU;EQ26;V3000M DVR;;;DF21;Atualização de FW ;8
01/10/2023;COT3;TEU;EQ26;V3000M DVR;;;DF115;Restauração da ROM via PC;8
01/10/2023;COT3;TEU;EQ26;V3000M DVR;;;DF41;Envio para manutenção central-CTG;6
01/10/2023;COT3;TEU;EQ26;V3000M DVR;;;DF26;Atualização do PIC;2
01/10/2023;COT24;GVBUS;EQ33;POS MOVE 2500;;;DF41;Envio para manutenção central-CTG;9
01/10/2023;COT10;Metropolitano-Bahia;EQ31;POS 250;OP64;METROPOLITANO SSA;DF41;Envio para manutenção central-CTG;3
01/10/2023;COT2;Transcard;EQ31;POS 250;;;DF46;Formatação da memória e subst. FW;4
01/10/2023;COT2;Transcard;EQ31;POS 250;;;DF132;Subst. Da Bateria de Lithium;4
01/10/2023;COT2;Transcard;EQ31;POS 250;;;DF41;Envio para manutenção central-CTG;15
01/11/2023;COT7;Alagoinhas;EQ34;CCIT 4.0 FRONTAL H2.1 C SEM BATERIA;OP68;ALAGOINHAS;DF113;Restaura RAM via PC;8
01/11/2023;COT21;Araguarina;EQ35;CCIT 4.0 FRONTAL H2 COM BATERIA;OP81;VIAÇÃO ARAGUARINA;DF41;Envio para manutenção central-CTG;6
01/11/2023;COT36;CAMACARI;EQ34;CCIT 4.0 FRONTAL H2.1 C SEM BATERIA;OP139;PREFEITURA DE CAMAÇARI;DF113;Restaura RAM via PC;2
01/11/2023;COT8;CBTU;EQ1;CCIT 3.0;OP47;CBTU - COMPANHIA BRASILEIRA DE TRENS URBANOS;DF88;Reparo com formatação e reinst. FW/SW;3
01/11/2023;COT27;Cidade das Águas;EQ6;CCIT 4.0 FRONTAL H2.1;OP128;VIAÇÃO CIDADE DAS ÁGUAS;DF113;Restaura RAM via PC;1
01/11/2023;COT12;DIVPASS;EQ6;CCIT 4.0 FRONTAL H2.1;OP124;DIVPASS;DF88;Reparo com formatação e reinst. FW/SW;8
01/11/2023;COT12;DIVPASS;EQ6;CCIT 4.0 FRONTAL H2.1;OP124;DIVPASS;DF272;Subst. Do Touchscreen do módulo;1
01/11/2023;COT12;DIVPASS;EQ6;CCIT 4.0 FRONTAL H2.1;OP124;DIVPASS;DF209;Subst. Do Display;4
01/11/2023;COT12;DIVPASS;EQ6;CCIT 4.0 FRONTAL H2.1;OP124;DIVPASS;DF93;Reparo no módulo;8
01/11/2023;COT12;DIVPASS;EQ6;CCIT 4.0 FRONTAL H2.1;OP124;DIVPASS;DF136;Subst. Da Carcaça inferior;1
01/11/2023;COT11;Gov. Valadares;EQ6;CCIT 4.0 FRONTAL H2.1;OP53;VIAÇÃO MOBI;DF88;Reparo com formatação e reinst. FW/SW;18
01/11/2023;COT11;Gov. Valadares;EQ6;CCIT 4.0 FRONTAL H2.1;OP53;VIAÇÃO MOBI;DF210;Subst. Do Display CCIT;4
01/11/2023;COT11;Gov. Valadares;EQ6;CCIT 4.0 FRONTAL H2.1;OP53;VIAÇÃO MOBI;DF93;Reparo no módulo;18
01/11/2023;COT11;Gov. Valadares;EQ6;CCIT 4.0 FRONTAL H2.1;OP53;VIAÇÃO MOBI;DF136;Subst. Da Carcaça inferior;1
01/11/2023;COT11;Gov. Valadares;EQ6;CCIT 4.0 FRONTAL H2.1;OP53;VIAÇÃO MOBI;DF238;Subst. Do Vidro CCIT V4.0;1
01/11/2023;COT11;Gov. Valadares;EQ6;CCIT 4.0 FRONTAL H2.1;OP53;VIAÇÃO MOBI;DF272;Subst. Do Touchscreen do módulo;1
01/11/2023;COT11;Gov. Valadares;EQ6;CCIT 4.0 FRONTAL H2.1;OP53;VIAÇÃO MOBI;DF162;Subst. Da Placa Mbccit;1
01/11/2023;COT24;GVBUS;EQ28;ATM;OP108;GVBUS - SIND. DAS EMP. DE TRANP. METROP. DA GRANDE VITÓRIA;DF262;Retirada de nota ATM e testes;3
01/11/2023;COT24;GVBUS;EQ28;ATM;OP108;GVBUS - SIND. DAS EMP. DE TRANP. METROP. DA GRANDE VITÓRIA;DF218;Subst. Do Monitor;1
01/11/2023;COT24;GVBUS;EQ28;ATM;OP108;GVBUS - SIND. DAS EMP. DE TRANP. METROP. DA GRANDE VITÓRIA;DF78;PC Reiniciado;1
01/11/2023;COT24;GVBUS;EQ28;ATM;OP108;GVBUS - SIND. DAS EMP. DE TRANP. METROP. DA GRANDE VITÓRIA;DF208;Subst. Do Dispenser do cartão;2
01/11/2023;COT24;GVBUS;EQ28;ATM;OP108;GVBUS - SIND. DAS EMP. DE TRANP. METROP. DA GRANDE VITÓRIA;DF65;Manutenção Cofre;1
01/11/2023;COT24;GVBUS;EQ28;ATM;OP108;GVBUS - SIND. DAS EMP. DE TRANP. METROP. DA GRANDE VITÓRIA;DF231;Subst. Do PINpad;1
01/11/2023;COT24;GVBUS;EQ6;CCIT 4.0 FRONTAL H2.1;;;DF91;Reparo com Gravação de PIC e reinst. Do FW;176
01/11/2023;COT24;GVBUS;EQ6;CCIT 4.0 FRONTAL H2.1;;;DF41;Envio para manutenção central-CTG;38
01/11/2023;COT24;GVBUS;EQ6;CCIT 4.0 FRONTAL H2.1;;;DF21;Atualização de FW ;181
01/11/2023;COT24;GVBUS;EQ6;CCIT 4.0 FRONTAL H2.1;;;DF93;Reparo no módulo;176
01/11/2023;COT13;Mariana;EQ5;CCIT 4.0 FRONTAL;OP54;TRANSCOTTA MARIANA MG;DF90;Reparo com formatação e subst. FW/SW;6
01/11/2023;COT13;Mariana;EQ5;CCIT 4.0 FRONTAL;OP54;TRANSCOTTA MARIANA MG;DF93;Reparo no módulo;6
01/11/2023;COT13;Mariana;EQ5;CCIT 4.0 FRONTAL;OP54;TRANSCOTTA MARIANA MG;DF209;Subst. Do Display;1
01/11/2023;COT6;Metro-Bahia;EQ28;ATM;OP63;METRO-BAHIA;DF237;Subst. Do Validador de Notas;12
01/11/2023;COT6;Metro-Bahia;EQ28;ATM;OP63;METRO-BAHIA;DF284;Manutenção PC ATM;2
01/11/2023;COT6;Metro-Bahia;EQ28;ATM;OP63;METRO-BAHIA;DF218;Subst. Do Monitor;2
01/11/2023;COT6;Metro-Bahia;EQ28;ATM;OP63;METRO-BAHIA;DF143;Subst. da Impressora;4
01/11/2023;COT6;METRO-BAHIA;EQ6;CCIT 4.0 FRONTAL H2.1;OP63;METRO-BAHIA;DF113;Restaura RAM via PC;4
01/11/2023;COT5;METROFOR/ VLT FORTALEZA;EQ38;CCIT 4.0 METROFOR;OP105;METROFOR LINHA SUL;DF113;Restaura RAM via PC;12
01/11/2023;COT5;METROFOR/ VLT FORTALEZA;EQ38;CCIT 4.0 METROFOR;OP105;METROFOR LINHA SUL;DF88;Reparo com formatação e reinst. FW/SW;8
01/11/2023;COT5;METROFOR/ VLT FORTALEZA;EQ38;CCIT 4.0 METROFOR;OP105;METROFOR LINHA SUL;DF41;Envio para manutenção central-CTG;8
01/11/2023;COT10;Metropolitano-Bahia;EQ6;CCIT 4.0 FRONTAL H2.1;OP64;METROPOLITANO SSA;DF113;Restaura RAM via PC;44
01/11/2023;COT20;ROSA TURISMO;EQ36;CCIT 4.0 FRONTAL H1 COM BATERIA;OP66;ROSA TURISMO;DF41;Envio para manutenção central-CTG;2
01/11/2023;COT20;ROSA TURISMO;EQ36;CCIT 4.0 FRONTAL H1 COM BATERIA;OP66;ROSA TURISMO;DF113;Restaura RAM via PC;7
01/11/2023;COT19;SÃO JOÃO;EQ36;CCIT 4.0 FRONTAL H1 COM BATERIA;OP67;SÃO JOÃO;DF113;Restaura RAM via PC;10
01/11/2023;COT19;SÃO JOÃO;EQ36;CCIT 4.0 FRONTAL H1 COM BATERIA;OP67;SÃO JOÃO;DF41;Envio para manutenção central-CTG;1
01/11/2023;COT4;Setut;EQ6;CCIT 4.0 FRONTAL H2.1;;;DF41;Envio para manutenção central-CTG;9
01/11/2023;COT4;Setut;EQ6;CCIT 4.0 FRONTAL H2.1;;;DF113;Restaura RAM via PC;4
01/11/2023;COT4;Setut;EQ6;CCIT 4.0 FRONTAL H2.1;;;DF60;Limpeza de cache;1
01/11/2023;COT18;Sindpautras;EQ6;CCIT 4.0 FRONTAL H2.1;OP48;SINDPAUTRAS-SIND. PERM. AUT. TRANSP. SU;DF88;Reparo com formatação e reinst. FW/SW;20
01/11/2023;COT18;Sindpautras;EQ6;CCIT 4.0 FRONTAL H2.1;OP48;SINDPAUTRAS-SIND. PERM. AUT. TRANSP. SU;DF93;Reparo no módulo;20
01/11/2023;COT18;Sindpautras;EQ6;CCIT 4.0 FRONTAL H2.1;OP48;SINDPAUTRAS-SIND. PERM. AUT. TRANSP. SU;DF136;Subst. Da Carcaça inferior;1
01/11/2023;COT18;Sindpautras;EQ6;CCIT 4.0 FRONTAL H2.1;OP48;SINDPAUTRAS-SIND. PERM. AUT. TRANSP. SU;DF209;Subst. Do Display;1
01/11/2023;COT18;Sindpautras;EQ6;CCIT 4.0 FRONTAL H2.1;OP48;SINDPAUTRAS-SIND. PERM. AUT. TRANSP. SU;DF272;Subst. Do Touchscreen do módulo;1
01/11/2023;COT22;Taguatur;EQ35;CCIT 4.0 FRONTAL H2 COM BATERIA;OP82;TAGUATUR;DF41;Envio para manutenção central-CTG;16
01/11/2023;COT3;TEU;EQ3;CCIT 3.5;;;DF157;Subst. Da Placa FTCLess;3
01/11/2023;COT3;TEU;EQ3;CCIT 3.5;;;DF242;Subst. Placa Mbccit;2
01/11/2023;COT3;TEU;EQ36;CCIT 4.0 FRONTAL H1 COM BATERIA;;;DF115;Restauração da ROM via PC;154
01/11/2023;COT3;TEU;EQ36;CCIT 4.0 FRONTAL H1 COM BATERIA;;;DF41;Envio para manutenção central-CTG;12
01/11/2023;COT3;TEU;EQ36;CCIT 4.0 FRONTAL H1 COM BATERIA;;;DF136;Subst. Da Carcaça inferior;1
01/11/2023;COT3;TEU;EQ36;CCIT 4.0 FRONTAL H1 COM BATERIA;;;DF60;Limpeza de cache;3
01/11/2023;COT2;Transcard;EQ28;ATM;OP61;Setps (Transcard);DF237;Subst. Do Validador de Notas;6
01/11/2023;COT2;Transcard;EQ28;ATM;OP61;Setps (Transcard);DF284;Manutenção PC ATM;1
01/11/2023;COT2;Transcard;EQ28;ATM;OP61;Setps (Transcard);DF143;Subst. da Impressora;1
01/11/2023;COT2;Transcard;EQ28;ATM;OP61;Setps (Transcard);DF231;Subst. Do PINpad;1
01/11/2023;COT2;Transcard;EQ6;CCIT 4.0 FRONTAL H2.1;;;DF113;Restaura RAM via PC;169
01/11/2023;COT2;Transcard;EQ6;CCIT 4.0 FRONTAL H2.1;;;DF114;Restaura RAM via pendrive;31
01/11/2023;COT2;Transcard;EQ6;CCIT 4.0 FRONTAL H2.1;;;DF41;Enviados para manutenção central CTG;39
01/11/2023;COT1;Transfacil;EQ28;ATM;OP27;TRANSFÁCIL;DF19;ATM - defeito não confirmado;7
01/11/2023;COT1;Transfacil;EQ28;ATM;OP27;TRANSFÁCIL;DF237;Subst. Do Validador de Notas;8
01/11/2023;COT1;Transfacil;EQ28;ATM;OP27;TRANSFÁCIL;DF69;Manutenção no Sensor de Porta;1
01/11/2023;COT1;Transfacil;EQ28;ATM;OP27;TRANSFÁCIL;DF143;Subst. da Impressora;3
01/11/2023;COT1;Transfacil;EQ28;ATM;OP27;TRANSFÁCIL;DF67;Manutenção na Impressora;1
01/11/2023;COT1;Transfacil;EQ28;ATM;OP27;TRANSFÁCIL;DF208;Subst. Do Dispenser do cartão;1
01/11/2023;COT1;Transfacil;EQ28;ATM;OP27;TRANSFÁCIL;DF258;Subst. Da Cabeça de Impressão;3
01/11/2023;COT1;Transfacil;EQ28;ATM;OP27;TRANSFÁCIL;DF281;Subst. Fechadura Digital;1
01/11/2023;COT1;Transfacil;EQ28;ATM;OP27;TRANSFÁCIL;DF65;Manutenção Cofre;1
01/11/2023;COT1;Transfacil;EQ6;CCIT 4.0 FRONTAL H2.1;;;DF88;Reparo com formatação e reinst. FW/SW;179
01/11/2023;COT1;Transfacil;EQ6;CCIT 4.0 FRONTAL H2.1;;;DF238;Subst. Do Vidro CCIT V4.0;6
01/11/2023;COT1;Transfacil;EQ6;CCIT 4.0 FRONTAL H2.1;;;DF216;Subst. Do Módulo H2;1
01/11/2023;COT1;Transfacil;EQ6;CCIT 4.0 FRONTAL H2.1;OP13;Estações BRT Move;DF88;Reparo com formatação e reinst. FW/SW;26
01/11/2023;COT1;Transfacil;EQ6;CCIT 4.0 FRONTAL H2.1;OP13;Estações BRT Move;DF136;Subst. Da Carcaça inferior;1
01/11/2023;COT1;Transfacil;EQ6;CCIT 4.0 FRONTAL H2.1;;;DF37;Defeito não encontrado e subst. FW/SW;5
01/11/2023;COT1;Transfacil;EQ6;CCIT 4.0 FRONTAL H2.1;;;DF133;Subst. Da Campainha CCIT;1
01/11/2023;COT1;Transfacil;EQ6;CCIT 4.0 FRONTAL H2.1;;;DF136;Subst. Da Carcaça inferior;10
01/11/2023;COT1;Transfacil;EQ6;CCIT 4.0 FRONTAL H2.1;;;DF169;Subst. De Componente eletrônico;5
01/11/2023;COT1;Transfacil;EQ6;CCIT 4.0 FRONTAL H2.1;;;DF130;Subst. Da Antena WLAN;2
01/11/2023;COT1;Transfacil;EQ6;CCIT 4.0 FRONTAL H2.1;OP13;Estações BRT Move;DF21;Atualização de FW ;37
01/11/2023;COT1;Transfacil;EQ6;CCIT 4.0 FRONTAL H2.1;OP13;Estações BRT Move;DF93;Reparo no módulo;25
01/11/2023;COT1;Transfacil;EQ6;CCIT 4.0 FRONTAL H2.1;;;DF135;Subst. Da Carcaça frontal;1
01/11/2023;COT1;Transfacil;EQ6;CCIT 4.0 FRONTAL H2.1;OP13;Estações BRT Move;DF209;Subst. Do Display;4
01/11/2023;COT1;Transfacil;EQ6;CCIT 4.0 FRONTAL H2.1;OP13;Estações BRT Move;DF272;Subst. Do Touchscreen do módulo;2
01/11/2023;COT14;TURIN OURO PRETO;EQ6;CCIT 4.0 FRONTAL H2.1;OP52;VIAÇÃO TURIN OURO PRETO;DF88;Reparo com formatação e reinst. FW/SW;6
01/11/2023;COT14;TURIN OURO PRETO;EQ6;CCIT 4.0 FRONTAL H2.1;OP52;VIAÇÃO TURIN OURO PRETO;DF93;Reparo no módulo;6
01/11/2023;COT14;TURIN OURO PRETO;EQ6;CCIT 4.0 FRONTAL H2.1;OP52;VIAÇÃO TURIN OURO PRETO;DF136;Subst. Da Carcaça inferior;1
01/11/2023;COT23;UTB;EQ6;CCIT 4.0 FRONTAL H2.1;OP83;UTB;DF41;Envio para manutenção central-CTG;15
01/11/2023;COT32;Veleiro;EQ6;CCIT 4.0 FRONTAL H2.1;;;DF41;Envio para manutenção central-CTG;11
01/11/2023;COT16;Via Ouro;EQ6;CCIT 4.0 FRONTAL H2.1;OP49;VIA OURO COLETIVOS LTDA;DF90;Reparo com formatação e subst. FW/SW;3
01/11/2023;COT16;Via Ouro;EQ6;CCIT 4.0 FRONTAL H2.1;OP49;VIA OURO COLETIVOS LTDA;DF93;Reparo no módulo;3
01/11/2023;COT16;Via Ouro;EQ6;CCIT 4.0 FRONTAL H2.1;OP49;VIA OURO COLETIVOS LTDA;DF272;Subst. Do Touchscreen do módulo;2
01/11/2023;COT1;Transfacil;EQ14;DMX200 MOD H3.1;;;DF88;Reparo com formatação e reinst. FW/SW;67
01/11/2023;COT12;DIVPASS;EQ13;DMX200L;OP124;DIVPASS;DF90;Reparo com formatação e subst. FW/SW;5
01/11/2023;COT24;GVBUS;EQ14;DMX200 MOD H3.1;;;DF41;Envio para manutenção central-CTG;44
01/11/2023;COT19;SÃO JOÃO;EQ39;DMX200L JI21 SEM BATERIA;OP67;SÃO JOÃO;DF115;Restauração da ROM via PC;6
01/11/2023;COT20;ROSA TURISMO;EQ39;DMX200L JI21 SEM BATERIA;OP66;ROSA TURISMO;DF115;Restauração da ROM via PC;9
01/11/2023;COT4;Setut;EQ14;DMX200 MOD H3.1;;;DF41;Envio para manutenção central-CTG;15
01/11/2023;COT25;COOTRAPS - CE;EQ14;DMX200 MOD H3.1;OP129;COOTRAPS;DF39;Enviados para manutenção central CTG;27
01/11/2023;COT25;COOTRAPS - CE;EQ14;DMX200 MOD H3.1;OP129;COOTRAPS;DF90;Reparo com formatação e subst. FW/SW;19
01/11/2023;COT3;TEU;EQ14;DMX200 MOD H3.1;;;DF21;Atualização de FW ;18
01/11/2023;COT3;TEU;EQ14;DMX200 MOD H3.1;;;DF115;Restauração da ROM via PC;16
01/11/2023;COT3;TEU;EQ14;DMX200 MOD H3.1;;;DF41;Envio para manutenção central-CTG;10
01/11/2023;COT16;Via Ouro;EQ39;DMX200L JI21 SEM BATERIA;;;DF21;Atualização de FW ;4
01/11/2023;COT2;Transcard;EQ16;PDM03;;;DF93;Reparo no módulo;8
01/11/2023;COT24;GVBUS;EQ14;DMX200 MOD H3.1;;;DF21;Atualização de FW ;119
01/11/2023;COT22;Taguatur PM NOVO;EQ39;DMX200L JI21 SEM BATERIA;OP82;TAGUATUR;DF41;Envio para manutenção central-CTG;39
01/11/2023;COT23;UTB;EQ40;DMX200L JI21 COM BATERIA;OP83;UTB;DF41;Envio para manutenção central-CTG;33
01/11/2023;COT24;GVBUS;EQ14;DMX200 MOD H3.1;;;DF292;Ressolda conector USB;34
01/11/2023;COT11;Gov. Valadares;EQ13;DMX200L;OP53;VIAÇÃO MOBI;DF88;Reparo com formatação e reinst. FW/SW;11
01/11/2023;COT11;Gov. Valadares;EQ13;DMX200L;OP53;VIAÇÃO MOBI;DF271;Subst. Do Vidro;2
01/11/2023;COT11;Gov. Valadares;EQ13;DMX200L;OP53;VIAÇÃO MOBI;DF272;Subst. Do Touchscreen do módulo;2
01/11/2023;COT19;SÃO JOÃO;EQ39;DMX200L JI21 SEM BATERIA;OP67;SÃO JOÃO;DF41;Envio para manutenção central-CTG;5
01/11/2023;COT36;CAMACARI;EQ39;DMX200L JI21 SEM BATERIA;OP139;PREFEITURA DE CAMAÇARI;DF115;Restauração da ROM via PC;1
01/11/2023;COT1;Transfacil;EQ10;CONNECTION CCIT 4.0;;;DF88;Reparo com formatação e reinst. FW/SW;36
01/11/2023;COT1;Transfacil;EQ10;CONNECTION CCIT 4.0;;;DF37;Defeito não encontrado e subst. FW/SW;5
01/11/2023;COT1;Transfacil;EQ10;CONNECTION CCIT 4.0;;;DF136;Subst. Da Carcaça inferior;1
01/11/2023;COT2;Transcard;EQ10;CONNECTION CCIT 4.0;;;DF46;Formatação da memória e subst. FW;63
01/11/2023;COT2;Transcard;EQ10;CONNECTION CCIT 4.0;;;DF41;Envio para manutenção central-CTG;19
01/11/2023;COT2;Transcard;EQ10;CONNECTION CCIT 4.0;;;DF127;Subst. Conector USB;3
01/11/2023;COT2;Transcard;EQ10;CONNECTION CCIT 4.0;;;DF256;Substituição de fusível;5
01/11/2023;COT19;SÃO JOÃO;EQ10;CONNECTION CCIT 4.0;OP67;SÃO JOÃO;DF21;Atualização de FW ;3
01/11/2023;COT20;ROSA TURISMO;EQ10;CONNECTION CCIT 4.0;OP66;ROSA TURISMO;DF21;Atualização de FW ;6
01/11/2023;COT4;Setut;EQ10;CONNECTION CCIT 4.0;;;DF41;Envio para manutenção central-CTG;4
01/11/2023;COT1;Transfacil;EQ10;CONNECTION CCIT 4.0;;;DF169;Subst. De Componente eletrônico;6
01/11/2023;COT1;Transfacil;EQ10;CONNECTION CCIT 4.0;;;DF107;Ressolda no circuito connections;3
01/11/2023;COT24;GVBUS;EQ10;CONNECTION CCIT 4.0;;;DF21;Atualização de FW ;9
01/11/2023;COT19;SÃO JOÃO;EQ10;CONNECTION CCIT 4.0;OP67;SÃO JOÃO;DF41;Envio para manutenção central-CTG;1
01/11/2023;COT20;ROSA TURISMO;EQ10;CONNECTION CCIT 4.0;OP66;ROSA TURISMO;DF41;Envio para manutenção central-CTG;1
01/11/2023;COT4;Setut;EQ10;CONNECTION CCIT 4.0;;;DF256;Substituição de fusível;1
01/11/2023;COT3;TEU;EQ22;V3000M;;;DF21;Atualização de FW ;43
01/11/2023;COT3;TEU;EQ22;V3000M;;;DF115;Restauração da ROM via PC;43
01/11/2023;COT3;TEU;EQ26;V3000M DVR;;;DF21;Atualização de FW ;12
01/11/2023;COT3;TEU;EQ26;V3000M DVR;;;DF115;Restauração da ROM via PC;12
01/11/2023;COT24;GVBUS;EQ33;POS MOVE 2500;;;DF41;Envio para manutenção central-CTG;18
01/11/2023;COT2;Transcard;EQ31;POS 250;;;DF46;Formatação da memória e subst. FW;7
01/11/2023;COT2;Transcard;EQ31;POS 250;;;DF41;Envio para manutenção central-CTG;4
01/11/2023;COT25;COOTRAPS - CE;EQ17;FONTE PM;OP129;COOTRAPS;DF41;Envio para manutenção central-CTG;4
01/11/2023;COT25;COOTRAPS - CE;EQ17;FONTE PM;OP129;COOTRAPS;DF37;Defeito não encontrado e subst. FW/SW;1
01/12/2023;COT7;Alagoinhas;EQ34;CCIT 4.0 FRONTAL H2.1 C SEM BATERIA;OP68;ALAGOINHAS;DF113;Restaura RAM via PC;4
01/12/2023;COT7;Alagoinhas;EQ34;CCIT 4.0 FRONTAL H2.1 C SEM BATERIA;OP68;ALAGOINHAS;DF41;Envio para manutenção central-CTG;1
01/12/2023;COT21;Araguarina;EQ35;CCIT 4.0 FRONTAL H2 COM BATERIA;OP81;VIAÇÃO ARAGUARINA;DF41;Envio para manutenção central-CTG;4
01/12/2023;COT8;CBTU;EQ1;CCIT 3.0;OP47;CBTU - COMPANHIA BRASILEIRA DE TRENS URBANOS;DF88;Reparo com formatação e reinst. FW/SW;7
01/12/2023;COT27;Cidade das Águas;EQ6;CCIT 4.0 FRONTAL H2.1;OP128;VIAÇÃO CIDADE DAS ÁGUAS;DF113;Restaura RAM via PC;3
01/12/2023;COT12;DIVPASS;EQ6;CCIT 4.0 FRONTAL H2.1;OP124;DIVPASS;DF88;Reparo com formatação e reinst. FW/SW;16
01/12/2023;COT12;DIVPASS;EQ6;CCIT 4.0 FRONTAL H2.1;OP124;DIVPASS;DF216;Subst. Do Módulo H2;1
01/12/2023;COT12;DIVPASS;EQ6;CCIT 4.0 FRONTAL H2.1;OP124;DIVPASS;DF209;Subst. Do Display;2
01/12/2023;COT12;DIVPASS;EQ6;CCIT 4.0 FRONTAL H2.1;OP124;DIVPASS;DF93;Reparo no módulo;8
01/12/2023;COT33;FLORIANÓPOLIS;EQ8;CCIT 4.0 FRONTAL JI21 SEM BATERIA;;;DF115;Restauração da ROM via PC;14
01/12/2023;COT33;FLORIANÓPOLIS;EQ8;CCIT 4.0 FRONTAL JI21 SEM BATERIA;;;DF41;Envio para manutenção central-CTG;5
01/12/2023;COT33;FLORIANÓPOLIS;EQ8;CCIT 4.0 FRONTAL JI21 SEM BATERIA;;;DF60;Limpeza de cache;22
01/12/2023;COT11;Gov. Valadares;EQ6;CCIT 4.0 FRONTAL H2.1;OP53;VIAÇÃO MOBI;DF88;Reparo com formatação e reinst. FW/SW;10
01/12/2023;COT11;Gov. Valadares;EQ6;CCIT 4.0 FRONTAL H2.1;OP53;VIAÇÃO MOBI;DF210;Subst. Do Display CCIT;2
01/12/2023;COT11;Gov. Valadares;EQ6;CCIT 4.0 FRONTAL H2.1;OP53;VIAÇÃO MOBI;DF93;Reparo no módulo;5
01/12/2023;COT11;Gov. Valadares;EQ6;CCIT 4.0 FRONTAL H2.1;OP53;VIAÇÃO MOBI;DF136;Subst. Da Carcaça inferior;1
01/12/2023;COT11;Gov. Valadares;EQ6;CCIT 4.0 FRONTAL H2.1;OP53;VIAÇÃO MOBI;DF216;Subst. Do Módulo H2;1
01/12/2023;COT11;Gov. Valadares;EQ6;CCIT 4.0 FRONTAL H2.1;OP53;VIAÇÃO MOBI;DF272;Subst. Do Touchscreen do módulo;1
01/12/2023;COT24;GVBUS;EQ28;ATM;OP108;GVBUS - SIND. DAS EMP. DE TRANP. METROP. DA GRANDE VITÓRIA;DF262;Retirada de nota ATM e testes;11
01/12/2023;COT24;GVBUS;EQ28;ATM;OP108;GVBUS - SIND. DAS EMP. DE TRANP. METROP. DA GRANDE VITÓRIA;DF218;Subst. Do Monitor;1
01/12/2023;COT24;GVBUS;EQ28;ATM;OP108;GVBUS - SIND. DAS EMP. DE TRANP. METROP. DA GRANDE VITÓRIA;DF78;PC Reiniciado;3
01/12/2023;COT24;GVBUS;EQ28;ATM;OP108;GVBUS - SIND. DAS EMP. DE TRANP. METROP. DA GRANDE VITÓRIA;DF237;Subst. Do Validador de Notas;1
01/12/2023;COT24;GVBUS;EQ28;ATM;OP108;GVBUS - SIND. DAS EMP. DE TRANP. METROP. DA GRANDE VITÓRIA;DF197;Subst. Do Cofre;1
01/12/2023;COT24;GVBUS;EQ28;ATM;OP108;GVBUS - SIND. DAS EMP. DE TRANP. METROP. DA GRANDE VITÓRIA;DF231;Subst. Do PINpad;2
01/12/2023;COT24;GVBUS;EQ6;CCIT 4.0 FRONTAL H2.1;;;DF91;Reparo com Gravação de PIC e reinst. Do FW;113
01/12/2023;COT24;GVBUS;EQ6;CCIT 4.0 FRONTAL H2.1;;;DF41;Envio para manutenção central-CTG;26
01/12/2023;COT24;GVBUS;EQ6;CCIT 4.0 FRONTAL H2.1;;;DF21;Atualização de FW ;114
01/12/2023;COT24;GVBUS;EQ6;CCIT 4.0 FRONTAL H2.1;;;DF93;Reparo no módulo;113
01/12/2023;COT6;Metro-Bahia;EQ28;ATM;OP63;METRO-BAHIA;DF237;Subst. Do Validador de Notas;10
01/12/2023;COT6;Metro-Bahia;EQ28;ATM;OP63;METRO-BAHIA;DF179;Subst. Do Cabo de Comunicação da Impressora;2
01/12/2023;COT6;Metro-Bahia;EQ28;ATM;OP63;METRO-BAHIA;DF143;Subst. da Impressora;4
01/12/2023;COT6;METRO-BAHIA;EQ6;CCIT 4.0 FRONTAL H2.1;OP63;METRO-BAHIA;DF113;Restaura RAM via PC;17
01/12/2023;COT5;METROFOR/ VLT FORTALEZA;EQ38;CCIT 4.0 METROFOR;OP105;METROFOR LINHA SUL;DF88;Reparo com formatação e reinst. FW/SW;10
01/12/2023;COT5;METROFOR/ VLT FORTALEZA;EQ38;CCIT 4.0 METROFOR;OP105;METROFOR LINHA SUL;DF41;Envio para manutenção central-CTG;4
01/12/2023;COT10;Metropolitano-Bahia;EQ6;CCIT 4.0 FRONTAL H2.1;OP64;METROPOLITANO SSA;DF113;Restaura RAM via PC;40
01/12/2023;COT10;Metropolitano-Bahia;EQ6;CCIT 4.0 FRONTAL H2.1;OP64;METROPOLITANO SSA;DF41;Envio para manutenção central-CTG;4
01/12/2023;COT20;ROSA TURISMO;EQ36;CCIT 4.0 FRONTAL H1 COM BATERIA;OP66;ROSA TURISMO;DF41;Envio para manutenção central-CTG;1
01/12/2023;COT20;ROSA TURISMO;EQ36;CCIT 4.0 FRONTAL H1 COM BATERIA;OP66;ROSA TURISMO;DF113;Restaura RAM via PC;5
01/12/2023;COT19;SÃO JOÃO;EQ36;CCIT 4.0 FRONTAL H1 COM BATERIA;OP67;SÃO JOÃO;DF113;Restaura RAM via PC;13
01/12/2023;COT19;SÃO JOÃO;EQ36;CCIT 4.0 FRONTAL H1 COM BATERIA;OP67;SÃO JOÃO;DF41;Envio para manutenção central-CTG;1
01/12/2023;COT17;São Jorge;EQ6;CCIT 4.0 FRONTAL H2.1;OP50;SÃO JORGE AUTO ONIBUS ;DF21;Atualização de FW ;1
01/12/2023;COT4;Setut;EQ6;CCIT 4.0 FRONTAL H2.1;;;DF41;Envio para manutenção central-CTG;6
01/12/2023;COT18;Sindpautras;EQ6;CCIT 4.0 FRONTAL H2.1;OP48;SINDPAUTRAS-SIND. PERM. AUT. TRANSP. SU;DF88;Reparo com formatação e reinst. FW/SW;40
01/12/2023;COT18;Sindpautras;EQ6;CCIT 4.0 FRONTAL H2.1;OP48;SINDPAUTRAS-SIND. PERM. AUT. TRANSP. SU;DF93;Reparo no módulo;19
01/12/2023;COT18;Sindpautras;EQ6;CCIT 4.0 FRONTAL H2.1;OP48;SINDPAUTRAS-SIND. PERM. AUT. TRANSP. SU;DF136;Subst. Da Carcaça inferior;1
01/12/2023;COT18;Sindpautras;EQ6;CCIT 4.0 FRONTAL H2.1;OP48;SINDPAUTRAS-SIND. PERM. AUT. TRANSP. SU;DF209;Subst. Do Display;3
01/12/2023;COT18;Sindpautras;EQ6;CCIT 4.0 FRONTAL H2.1;OP48;SINDPAUTRAS-SIND. PERM. AUT. TRANSP. SU;DF272;Subst. Do Touchscreen do módulo;1
01/12/2023;COT18;Sindpautras;EQ6;CCIT 4.0 FRONTAL H2.1;OP48;SINDPAUTRAS-SIND. PERM. AUT. TRANSP. SU;DF238;Subst. Do Vidro CCIT V4.0;1
01/12/2023;COT18;Sindpautras;EQ6;CCIT 4.0 FRONTAL H2.1;OP48;SINDPAUTRAS-SIND. PERM. AUT. TRANSP. SU;DF135;Subst. Da Carcaça frontal;1
01/12/2023;COT22;Taguatur;EQ35;CCIT 4.0 FRONTAL H2 COM BATERIA;OP82;TAGUATUR;DF41;Envio para manutenção central-CTG;35
01/12/2023;COT3;TEU;EQ3;CCIT 3.5;;;DF157;Subst. Da Placa FTCLess;3
01/12/2023;COT3;TEU;EQ3;CCIT 3.5;;;DF242;Subst. Placa Mbccit;2
01/12/2023;COT3;TEU;EQ36;CCIT 4.0 FRONTAL H1 COM BATERIA;;;DF115;Restauração da ROM via PC;169
01/12/2023;COT3;TEU;EQ36;CCIT 4.0 FRONTAL H1 COM BATERIA;;;DF41;Envio para manutenção central-CTG;11
01/12/2023;COT3;TEU;EQ36;CCIT 4.0 FRONTAL H1 COM BATERIA;;;DF136;Subst. Da Carcaça inferior;7
01/12/2023;COT3;TEU;EQ36;CCIT 4.0 FRONTAL H1 COM BATERIA;;;DF60;Limpeza de cache;16
01/12/2023;COT3;TEU;EQ36;CCIT 4.0 FRONTAL H1 COM BATERIA;;;DF132;Subst. Da Bateria de Lithium;3
01/12/2023;COT2;Transcard;EQ28;ATM;OP61;Setps (Transcard);DF237;Subst. Do Validador de Notas;4
01/12/2023;COT2;Transcard;EQ28;ATM;OP61;Setps (Transcard);DF284;Manutenção PC ATM;2
01/12/2023;COT2;Transcard;EQ28;ATM;OP61;Setps (Transcard);DF143;Subst. da Impressora;2
01/12/2023;COT2;Transcard;EQ28;ATM;OP61;Setps (Transcard);DF231;Subst. Do PINpad;1
01/12/2023;COT2;Transcard;EQ28;ATM;OP61;Setps (Transcard);DF128;Subst. Da antena Cless;1
01/12/2023;COT2;Transcard;EQ28;ATM;OP61;Setps (Transcard);DF179;Subst. Do Cabo de Comunicação da Impressora;2
01/12/2023;COT2;Transcard;EQ28;ATM;OP61;Setps (Transcard);DF314;Ajustes Cabo VGA;2
01/12/2023;COT2;Transcard;EQ6;CCIT 4.0 FRONTAL H2.1;;;DF113;Restaura RAM via PC;151
01/12/2023;COT2;Transcard;EQ6;CCIT 4.0 FRONTAL H2.1;;;DF114;Restaura RAM via pendrive;24
01/12/2023;COT2;Transcard;EQ6;CCIT 4.0 FRONTAL H2.1;;;DF41;Enviados para manutenção central CTG;38
01/12/2023;COT1;Transfacil;EQ28;ATM;OP27;TRANSFÁCIL;DF19;ATM - defeito não confirmado;2
01/12/2023;COT1;Transfacil;EQ28;ATM;OP27;TRANSFÁCIL;DF237;Subst. Do Validador de Notas;3
01/12/2023;COT1;Transfacil;EQ28;ATM;OP27;TRANSFÁCIL;DF284;Manutenção PC ATM;1
01/12/2023;COT1;Transfacil;EQ28;ATM;OP27;TRANSFÁCIL;DF143;Subst. da Impressora;3
01/12/2023;COT1;Transfacil;EQ28;ATM;OP27;TRANSFÁCIL;DF67;Manutenção na Impressora;1
01/12/2023;COT1;Transfacil;EQ6;CCIT 4.0 FRONTAL H2.1;;;DF88;Reparo com formatação e reinst. FW/SW;202
01/12/2023;COT1;Transfacil;EQ6;CCIT 4.0 FRONTAL H2.1;;;DF238;Subst. Do Vidro CCIT V4.0;5
01/12/2023;COT1;Transfacil;EQ6;CCIT 4.0 FRONTAL H2.1;;;DF216;Subst. Do Módulo H2;3
01/12/2023;COT1;Transfacil;EQ6;CCIT 4.0 FRONTAL H2.1;OP13;Estações BRT Move;DF88;Reparo com formatação e reinst. FW/SW;24
01/12/2023;COT1;Transfacil;EQ6;CCIT 4.0 FRONTAL H2.1;OP13;Estações BRT Move;DF306;Retirada da bateria;1
01/12/2023;COT1;Transfacil;EQ6;CCIT 4.0 FRONTAL H2.1;;;DF136;Subst. Da Carcaça inferior;5
01/12/2023;COT1;Transfacil;EQ6;CCIT 4.0 FRONTAL H2.1;;;DF169;Subst. De Componente eletrônico;1
01/12/2023;COT1;Transfacil;EQ6;CCIT 4.0 FRONTAL H2.1;OP13;Estações BRT Move;DF21;Atualização de FW ;10
01/12/2023;COT1;Transfacil;EQ6;CCIT 4.0 FRONTAL H2.1;OP13;Estações BRT Move;DF93;Reparo no módulo;13
01/12/2023;COT1;Transfacil;EQ6;CCIT 4.0 FRONTAL H2.1;OP13;Estações BRT Move;DF216;Subst. Do Módulo H2;4
01/12/2023;COT14;TURIN OURO PRETO;EQ6;CCIT 4.0 FRONTAL H2.1;OP52;VIAÇÃO TURIN OURO PRETO;DF88;Reparo com formatação e reinst. FW/SW;4
01/12/2023;COT14;TURIN OURO PRETO;EQ6;CCIT 4.0 FRONTAL H2.1;OP52;VIAÇÃO TURIN OURO PRETO;DF93;Reparo no módulo;2
01/12/2023;COT14;TURIN OURO PRETO;EQ6;CCIT 4.0 FRONTAL H2.1;OP52;VIAÇÃO TURIN OURO PRETO;DF209;Subst. Do Display;1
01/12/2023;COT23;UTB;EQ6;CCIT 4.0 FRONTAL H2.1;OP83;UTB;DF41;Envio para manutenção central-CTG;17
01/12/2023;COT1;Transfacil;EQ14;DMX200 MOD H3.1;;;DF88;Reparo com formatação e reinst. FW/SW;53
01/12/2023;COT12;DIVPASS;EQ13;DMX200L;OP124;DIVPASS;DF21;Atualização de FW ;18
01/12/2023;COT24;GVBUS;EQ14;DMX200 MOD H3.1;;;DF41;Envio para manutenção central-CTG;39
01/12/2023;COT19;SÃO JOÃO;EQ39;DMX200L JI21 SEM BATERIA;OP67;SÃO JOÃO;DF115;Restauração da ROM via PC;7
01/12/2023;COT20;ROSA TURISMO;EQ39;DMX200L JI21 SEM BATERIA;OP66;ROSA TURISMO;DF115;Restauração da ROM via PC;4
01/12/2023;COT4;Setut;EQ14;DMX200 MOD H3.1;;;DF41;Envio para manutenção central-CTG;14
01/12/2023;COT25;COOTRAPS - CE;EQ14;DMX200 MOD H3.1;OP129;COOTRAPS;DF39;Enviados para manutenção central CTG;14
01/12/2023;COT25;COOTRAPS - CE;EQ14;DMX200 MOD H3.1;OP129;COOTRAPS;DF90;Reparo com formatação e subst. FW/SW;11
01/12/2023;COT3;TEU;EQ14;DMX200 MOD H3.1;;;DF21;Atualização de FW ;10
01/12/2023;COT3;TEU;EQ14;DMX200 MOD H3.1;;;DF115;Restauração da ROM via PC;10
01/12/2023;COT3;TEU;EQ14;DMX200 MOD H3.1;;;DF41;Envio para manutenção central-CTG;4
01/12/2023;COT2;Transcard;EQ16;PDM03;;;DF93;Reparo no módulo;8
01/12/2023;COT24;GVBUS;EQ14;DMX200 MOD H3.1;;;DF21;Atualização de FW ;158
01/12/2023;COT24;GVBUS;EQ14;DMX200 MOD H3.1;;;DF292;Ressolda conector USB;20
01/12/2023;COT11;Gov. Valadares;EQ13;DMX200L;OP53;VIAÇÃO MOBI;DF21;Atualização de FW ;13
01/12/2023;COT19;SÃO JOÃO;EQ39;DMX200L JI21 SEM BATERIA;OP67;SÃO JOÃO;DF41;Envio para manutenção central-CTG;2
01/12/2023;COT2;Transcard;EQ16;PDM03;;;DF41;Envio para manutenção central-CTG;1
01/12/2023;COT20;ROSA TURISMO;EQ39;DMX200L JI21 SEM BATERIA;OP66;ROSA TURISMO;DF41;Envio para manutenção central-CTG;1
01/12/2023;COT25;COOTRAPS - CE;EQ14;DMX200 MOD H3.1;OP129;COOTRAPS;DF298;Subst. De placa do sensor;8
01/12/2023;COT33;FLORIANÓPOLIS;EQ15;DMX200L SEM BATERIA;;;DF115;Restauração da ROM via PC;30
01/12/2023;COT33;FLORIANÓPOLIS;EQ15;DMX200L SEM BATERIA;;;DF41;Envio para manutenção central-CTG;17
01/12/2023;COT33;FLORIANÓPOLIS;EQ15;DMX200L SEM BATERIA;;;DF21;Atualização de FW ;32
01/12/2023;COT12;DIVPASS;EQ13;DMX200L;OP124;DIVPASS;DF271;Subst. Do Vidro;1
01/12/2023;COT12;DIVPASS;EQ13;DMX200L;OP124;DIVPASS;DF272;Subst. Do Touchscreen do módulo;1
01/12/2023;COT12;DIVPASS;EQ13;DMX200L;OP124;DIVPASS;DF170;Subst. De Gorila Glass;1
01/12/2023;COT35;TURIN CONGONHAS;EQ5;CCIT 4.0 FRONTAL;OP138;VIAÇÃO TURIN CONGONHAS;DF21;Atualização de FW ;1
01/12/2023;COT35;TURIN CONGONHAS;EQ5;CCIT 4.0 FRONTAL;OP138;VIAÇÃO TURIN CONGONHAS;DF271;Subst. Do Vidro;1
01/12/2023;COT35;TURIN CONGONHAS;EQ5;CCIT 4.0 FRONTAL;OP138;VIAÇÃO TURIN CONGONHAS;DF272;Subst. Do Touchscreen do módulo;1
01/12/2023;COT35;TURIN CONGONHAS;EQ5;CCIT 4.0 FRONTAL;OP138;VIAÇÃO TURIN CONGONHAS;DF170;Subst. De Gorila Glass;1
01/12/2023;COT23;UTB;EQ40;DMX200L JI21 COM BATERIA;OP83;UTB;DF41;Envio para manutenção central-CTG;13
01/12/2023;COT1;Transfacil;EQ10;CONNECTION CCIT 4.0;;;DF88;Reparo com formatação e reinst. FW/SW;11
01/12/2023;COT2;Transcard;EQ10;CONNECTION CCIT 4.0;;;DF46;Formatação da memória e subst. FW;33
01/12/2023;COT2;Transcard;EQ10;CONNECTION CCIT 4.0;;;DF41;Envio para manutenção central-CTG;25
01/12/2023;COT19;SÃO JOÃO;EQ10;CONNECTION CCIT 4.0;OP67;SÃO JOÃO;DF21;Atualização de FW ;4
01/12/2023;COT4;Setut;EQ10;CONNECTION CCIT 4.0;;;DF41;Envio para manutenção central-CTG;1
01/12/2023;COT1;Transfacil;EQ10;CONNECTION CCIT 4.0;;;DF169;Subst. De Componente eletrônico;1
01/12/2023;COT1;Transfacil;EQ10;CONNECTION CCIT 4.0;;;DF107;Ressolda no circuito connections;3
01/12/2023;COT24;GVBUS;EQ10;CONNECTION CCIT 4.0;;;DF21;Atualização de FW ;3
01/12/2023;COT19;SÃO JOÃO;EQ10;CONNECTION CCIT 4.0;OP67;SÃO JOÃO;DF41;Envio para manutenção central-CTG;1
01/12/2023;COT6;METRO-BAHIA;EQ10;CONNECTION CCIT 4.0;;;DF90;Reparo com formatação e subst. FW/SW;3
01/12/2023;COT10;Metropolitano-Bahia;EQ10;CONNECTION CCIT 4.0;OP64;METROPOLITANO SSA;DF21;Atualização de FW ;13
01/12/2023;COT10;Metropolitano-Bahia;EQ10;CONNECTION CCIT 4.0;OP64;METROPOLITANO SSA;DF41;Envio para manutenção central-CTG;4
01/12/2023;COT24;GVBUS;EQ10;CONNECTION CCIT 4.0;;;DF41;Envio para manutenção central-CTG;3
01/12/2023;COT3;TEU;EQ22;V3000M;;;DF21;Atualização de FW ;53
01/12/2023;COT3;TEU;EQ22;V3000M;;;DF115;Restauração da ROM via PC;53
01/12/2023;COT3;TEU;EQ26;V3000M DVR;;;DF21;Atualização de FW ;6
01/12/2023;COT3;TEU;EQ26;V3000M DVR;;;DF115;Restauração da ROM via PC;6
01/12/2023;COT3;TEU;EQ21;V3000L;;;DF21;Atualização de FW ;1
01/12/2023;COT3;TEU;EQ21;V3000L;;;DF115;Restauração da ROM via PC;1
01/12/2023;COT10;Metropolitano-Bahia;EQ31;POS 250;OP64;METROPOLITANO SSA;DF46;Formatação da memória e subst. FW;3
01/12/2023;COT2;Transcard;EQ31;POS 250;;;DF46;Formatação da memória e subst. FW;9
01/12/2023;COT2;Transcard;EQ31;POS 250;;;DF41;Envio para manutenção central-CTG;6
01/12/2023;COT1;Transfacil;EQ31;POS 250;OP27;TRANSFÁCIL;DF41;Envio para manutenção central-CTG;1
01/12/2023;COT25;COOTRAPS - CE;EQ17;FONTE PM;OP129;COOTRAPS;DF41;Envio para manutenção central-CTG;2
01/12/2023;COT25;COOTRAPS - CE;EQ17;FONTE PM;OP129;COOTRAPS;DF37;Defeito não encontrado e subst. FW/SW;3
01/01/2024;COT7;Alagoinhas;EQ34;CCIT 4.0 FRONTAL H2.1 C SEM BATERIA;OP68;ALAGOINHAS;DF113;Restaura RAM via PC;5
01/01/2024;COT8;CBTU;EQ1;CCIT 3.0;OP47;CBTU - COMPANHIA BRASILEIRA DE TRENS URBANOS;DF21;Atualização de FW ;5
01/01/2024;COT8;CBTU;EQ1;CCIT 3.0;OP47;CBTU - COMPANHIA BRASILEIRA DE TRENS URBANOS;DF210;Subst. Do Display CCIT;1
01/01/2024;COT27;Cidade das Águas;EQ6;CCIT 4.0 FRONTAL H2.1;OP128;VIAÇÃO CIDADE DAS ÁGUAS;DF113;Restaura RAM via PC;4
01/01/2024;COT12;DIVPASS;EQ6;CCIT 4.0 FRONTAL H2.1;OP124;DIVPASS;DF88;Reparo com formatação e reinst. FW/SW;12
01/01/2024;COT12;DIVPASS;EQ6;CCIT 4.0 FRONTAL H2.1;OP124;DIVPASS;DF93;Reparo no módulo;12
01/01/2024;COT12;DIVPASS;EQ6;CCIT 4.0 FRONTAL H2.1;OP124;DIVPASS;DF136;Subst. Da Carcaça inferior;1
01/01/2024;COT12;DIVPASS;EQ6;CCIT 4.0 FRONTAL H2.1;OP124;DIVPASS;DF272;Subst. Do Touchscreen do módulo;2
01/01/2024;COT33;FLORIANÓPOLIS;EQ8;CCIT 4.0 FRONTAL JI21 SEM BATERIA;;;DF21;Atualização de FW ;49
01/01/2024;COT33;FLORIANÓPOLIS;EQ8;CCIT 4.0 FRONTAL JI21 SEM BATERIA;;;DF41;Envio para manutenção central-CTG;11
01/01/2024;COT33;FLORIANÓPOLIS;EQ8;CCIT 4.0 FRONTAL JI21 SEM BATERIA;;;DF115;Restauração da ROM via PC;36
01/01/2024;COT11;Gov. Valadares;EQ6;CCIT 4.0 FRONTAL H2.1;OP53;VIAÇÃO MOBI;DF88;Reparo com formatação e reinst. FW/SW;6
01/01/2024;COT11;Gov. Valadares;EQ6;CCIT 4.0 FRONTAL H2.1;OP53;VIAÇÃO MOBI;DF93;Reparo no módulo;6
01/01/2024;COT11;Gov. Valadares;EQ6;CCIT 4.0 FRONTAL H2.1;OP53;VIAÇÃO MOBI;DF209;Subst. Do Display;3
01/01/2024;COT11;Gov. Valadares;EQ6;CCIT 4.0 FRONTAL H2.1;OP53;VIAÇÃO MOBI;DF210;Subst. Do Display CCIT;3
01/01/2024;COT11;Gov. Valadares;EQ6;CCIT 4.0 FRONTAL H2.1;OP53;VIAÇÃO MOBI;DF272;Subst. Do Touchscreen do módulo;2
01/01/2024;COT11;Gov. Valadares;EQ6;CCIT 4.0 FRONTAL H2.1;OP53;VIAÇÃO MOBI;DF271;Subst. Do Vidro;1
01/01/2024;COT24;GVBUS;EQ28;ATM;OP108;GVBUS - SIND. DAS EMP. DE TRANP. METROP. DA GRANDE VITÓRIA;DF262;Retirada de nota ATM e testes;1
01/01/2024;COT24;GVBUS;EQ28;ATM;OP108;GVBUS - SIND. DAS EMP. DE TRANP. METROP. DA GRANDE VITÓRIA;DF218;Subst. Do Monitor;4
01/01/2024;COT24;GVBUS;EQ28;ATM;OP108;GVBUS - SIND. DAS EMP. DE TRANP. METROP. DA GRANDE VITÓRIA;DF231;Subst. Do PINpad;3
01/01/2024;COT24;GVBUS;EQ28;ATM;OP108;GVBUS - SIND. DAS EMP. DE TRANP. METROP. DA GRANDE VITÓRIA;DF142;Subst. Da Fonte Lambda ATM;1
01/01/2024;COT24;GVBUS;EQ28;ATM;OP108;GVBUS - SIND. DAS EMP. DE TRANP. METROP. DA GRANDE VITÓRIA;DF143;Subst. da Impressora;1
01/01/2024;COT24;GVBUS;EQ28;ATM;OP108;GVBUS - SIND. DAS EMP. DE TRANP. METROP. DA GRANDE VITÓRIA;DF299;Subst. De UPEX ATM;1
01/01/2024;COT24;GVBUS;EQ6;CCIT 4.0 FRONTAL H2.1;;;DF21;Atualização de FW ;18
01/01/2024;COT24;GVBUS;EQ6;CCIT 4.0 FRONTAL H2.1;;;DF41;Envio para manutenção central-CTG;30
01/01/2024;COT24;GVBUS;EQ6;CCIT 4.0 FRONTAL H2.1;;;DF91;Reparo com Gravação de PIC e reinst. Do FW;153
01/01/2024;COT13;Mariana;EQ5;CCIT 4.0 FRONTAL;OP54;TRANSCOTTA MARIANA MG;DF90;Reparo com formatação e subst. FW/SW;4
01/01/2024;COT13;Mariana;EQ5;CCIT 4.0 FRONTAL;OP54;TRANSCOTTA MARIANA MG;DF93;Reparo no módulo;4
01/01/2024;COT13;Mariana;EQ5;CCIT 4.0 FRONTAL;OP54;TRANSCOTTA MARIANA MG;DF209;Subst. Do Display;1
01/01/2024;COT13;Mariana;EQ5;CCIT 4.0 FRONTAL;OP54;TRANSCOTTA MARIANA MG;DF272;Subst. Do Touchscreen do módulo;2
01/01/2024;COT13;Mariana;EQ5;CCIT 4.0 FRONTAL;OP54;TRANSCOTTA MARIANA MG;DF238;Subst. Do Vidro CCIT V4.0;1
01/01/2024;COT6;Metro-Bahia;EQ28;ATM;OP63;METRO-BAHIA;DF237;Subst. Do Validador de Notas;23
01/01/2024;COT6;Metro-Bahia;EQ28;ATM;OP63;METRO-BAHIA;DF218;Subst. Do Monitor;1
01/01/2024;COT6;Metro-Bahia;EQ28;ATM;OP63;METRO-BAHIA;DF143;Subst. da Impressora;7
01/01/2024;COT6;Metro-Bahia;EQ28;ATM;OP63;METRO-BAHIA;DF7;Ajuste do Módulo de Impressão;3
01/01/2024;COT6;Metro-Bahia;EQ28;ATM;OP63;METRO-BAHIA;DF228;Subst. Do PDV ATM;1
01/01/2024;COT6;Metro-Bahia;EQ28;ATM;OP63;METRO-BAHIA;DF284;Manutenção PC ATM;1
01/01/2024;COT6;Metro-Bahia;EQ28;ATM;OP63;METRO-BAHIA;DF260;Subst. HUB Serial;2
01/01/2024;COT6;Metro-Bahia;EQ28;ATM;OP63;METRO-BAHIA;DF141;Subst. Da Fonte do PDV ATM;1
01/01/2024;COT6;Metro-Bahia;EQ28;ATM;OP63;METRO-BAHIA;DF236;Subst. Do Teclado de Metal Frontal;1
01/01/2024;COT6;METRO-BAHIA;EQ6;CCIT 4.0 FRONTAL H2.1;OP63;METRO-BAHIA;DF113;Restaura RAM via PC;12
01/01/2024;COT5;METROFOR/ VLT FORTALEZA;EQ38;CCIT 4.0 METROFOR;OP105;METROFOR LINHA SUL;DF41;Envio para manutenção central-CTG;15
01/01/2024;COT5;METROFOR/ VLT FORTALEZA;EQ38;CCIT 4.0 METROFOR;OP105;METROFOR LINHA SUL;DF88;Reparo com formatação e reinst. FW/SW;5
01/01/2024;COT5;METROFOR/ VLT FORTALEZA;EQ38;CCIT 4.0 METROFOR;OP105;METROFOR LINHA SUL;DF113;Restaura RAM via PC;19
01/01/2024;COT10;Metropolitano-Bahia;EQ6;CCIT 4.0 FRONTAL H2.1;OP64;METROPOLITANO SSA;DF113;Restaura RAM via PC;34
01/01/2024;COT10;Metropolitano-Bahia;EQ6;CCIT 4.0 FRONTAL H2.1;OP64;METROPOLITANO SSA;DF272;Subst. Do Touchscreen do módulo;7
01/01/2024;COT20;ROSA TURISMO;EQ36;CCIT 4.0 FRONTAL H1 COM BATERIA;OP66;ROSA TURISMO;DF41;Envio para manutenção central-CTG;1
01/01/2024;COT20;ROSA TURISMO;EQ36;CCIT 4.0 FRONTAL H1 COM BATERIA;OP66;ROSA TURISMO;DF113;Restaura RAM via PC;15
01/01/2024;COT20;ROSA TURISMO;EQ36;CCIT 4.0 FRONTAL H1 COM BATERIA;OP66;ROSA TURISMO;DF272;Subst. Do Touchscreen do módulo;2
01/01/2024;COT19;SÃO JOÃO;EQ36;CCIT 4.0 FRONTAL H1 COM BATERIA;OP67;SÃO JOÃO;DF113;Restaura RAM via PC;9
01/01/2024;COT19;SÃO JOÃO;EQ36;CCIT 4.0 FRONTAL H1 COM BATERIA;OP67;SÃO JOÃO;DF272;Subst. Do Touchscreen do módulo;3
01/01/2024;COT4;Setut;EQ6;CCIT 4.0 FRONTAL H2.1;;;DF41;Envio para manutenção central-CTG;4
01/01/2024;COT4;Setut;EQ6;CCIT 4.0 FRONTAL H2.1;;;DF113;Restaura RAM via PC;2
01/01/2024;COT18;Sindpautras;EQ6;CCIT 4.0 FRONTAL H2.1;OP48;SINDPAUTRAS-SIND. PERM. AUT. TRANSP. SU;DF21;Atualização de FW ;24
01/01/2024;COT18;Sindpautras;EQ6;CCIT 4.0 FRONTAL H2.1;OP48;SINDPAUTRAS-SIND. PERM. AUT. TRANSP. SU;DF93;Reparo no módulo;24
01/01/2024;COT18;Sindpautras;EQ6;CCIT 4.0 FRONTAL H2.1;OP48;SINDPAUTRAS-SIND. PERM. AUT. TRANSP. SU;DF209;Subst. Do Display;1
01/01/2024;COT18;Sindpautras;EQ6;CCIT 4.0 FRONTAL H2.1;OP48;SINDPAUTRAS-SIND. PERM. AUT. TRANSP. SU;DF272;Subst. Do Touchscreen do módulo;1
01/01/2024;COT22;Taguatur;EQ35;CCIT 4.0 FRONTAL H2 COM BATERIA;OP82;TAGUATUR;DF41;Envio para manutenção central-CTG;30
01/01/2024;COT3;TEU;EQ3;CCIT 3.5;;;DF157;Subst. Da Placa FTCLess;2
01/01/2024;COT3;TEU;EQ3;CCIT 3.5;;;DF135;Subst. Da Carcaça frontal;3
01/01/2024;COT3;TEU;EQ36;CCIT 4.0 FRONTAL H1 COM BATERIA;;;DF41;Envio para manutenção central-CTG;13
01/01/2024;COT3;TEU;EQ36;CCIT 4.0 FRONTAL H1 COM BATERIA;;;DF60;Limpeza de cache;11
01/01/2024;COT3;TEU;EQ36;CCIT 4.0 FRONTAL H1 COM BATERIA;;;DF115;Restauração da ROM via PC;252
01/01/2024;COT3;TEU;EQ36;CCIT 4.0 FRONTAL H1 COM BATERIA;;;DF132;Subst. Da Bateria de Lithium;7
01/01/2024;COT3;TEU;EQ36;CCIT 4.0 FRONTAL H1 COM BATERIA;;;DF136;Subst. Da Carcaça inferior;21
01/01/2024;COT2;Transcard;EQ28;ATM;OP61;Setps (Transcard);DF237;Subst. Do Validador de Notas;3
01/01/2024;COT2;Transcard;EQ28;ATM;OP61;Setps (Transcard);DF284;Manutenção PC ATM;4
01/01/2024;COT2;Transcard;EQ28;ATM;OP61;Setps (Transcard);DF143;Subst. da Impressora;2
01/01/2024;COT2;Transcard;EQ28;ATM;OP61;Setps (Transcard);DF231;Subst. Do PINpad;3
01/01/2024;COT2;Transcard;EQ28;ATM;OP61;Setps (Transcard);DF128;Subst. Da antena Cless;1
01/01/2024;COT2;Transcard;EQ28;ATM;OP61;Setps (Transcard);DF179;Subst. Do Cabo de Comunicação da Impressora;1
01/01/2024;COT2;Transcard;EQ28;ATM;OP61;Setps (Transcard);DF314;Ajustes Cabo VGA;1
01/01/2024;COT2;Transcard;EQ6;CCIT 4.0 FRONTAL H2.1;;;DF41;Enviados para manutenção central CTG;7
01/01/2024;COT2;Transcard;EQ6;CCIT 4.0 FRONTAL H2.1;;;DF113;Restaura RAM via PC;191
01/01/2024;COT2;Transcard;EQ6;CCIT 4.0 FRONTAL H2.1;;;DF114;Restaura RAM via pendrive;18
01/01/2024;COT2;Transcard;EQ6;CCIT 4.0 FRONTAL H2.1;;;DF272;Subst. Do Touchscreen do módulo;35
01/01/2024;COT1;Transfacil;EQ28;ATM;OP27;TRANSFÁCIL;DF19;ATM - defeito não confirmado;5
01/01/2024;COT1;Transfacil;EQ28;ATM;OP27;TRANSFÁCIL;DF237;Subst. Do Validador de Notas;3
01/01/2024;COT1;Transfacil;EQ28;ATM;OP27;TRANSFÁCIL;DF197;Subst. Do Cofre;1
01/01/2024;COT1;Transfacil;EQ28;ATM;OP27;TRANSFÁCIL;DF143;Subst. da Impressora;1
01/01/2024;COT1;Transfacil;EQ28;ATM;OP27;TRANSFÁCIL;DF67;Manutenção na Impressora;1
01/01/2024;COT1;Transfacil;EQ28;ATM;OP27;TRANSFÁCIL;DF258;Subst. Da Cabeça de Impressão;3
01/01/2024;COT1;Transfacil;EQ6;CCIT 4.0 FRONTAL H2.1;;;DF21;Atualização de FW ;186
01/01/2024;COT1;Transfacil;EQ6;CCIT 4.0 FRONTAL H2.1;OP13;Estações BRT Move;DF21;Atualização de FW ;24
01/01/2024;COT1;Transfacil;EQ6;CCIT 4.0 FRONTAL H2.1;;;DF93;Reparo no módulo;178
01/01/2024;COT1;Transfacil;EQ6;CCIT 4.0 FRONTAL H2.1;OP13;Estações BRT Move;DF322;Restore do módulo;24
01/01/2024;COT1;Transfacil;EQ6;CCIT 4.0 FRONTAL H2.1;OP13;Estações BRT Move;DF306;Retirada da bateria;1
01/01/2024;COT1;Transfacil;EQ6;CCIT 4.0 FRONTAL H2.1;;;DF306;Retirada da bateria;2
01/01/2024;COT1;Transfacil;EQ6;CCIT 4.0 FRONTAL H2.1;;;DF131;Subst. Da Antena Wlan do CCIT;1
01/01/2024;COT1;Transfacil;EQ6;CCIT 4.0 FRONTAL H2.1;;;DF135;Subst. Da Carcaça frontal;1
01/01/2024;COT1;Transfacil;EQ6;CCIT 4.0 FRONTAL H2.1;OP13;Estações BRT Move;DF136;Subst. Da Carcaça inferior;2
01/01/2024;COT1;Transfacil;EQ6;CCIT 4.0 FRONTAL H2.1;;;DF136;Subst. Da Carcaça inferior;4
01/01/2024;COT1;Transfacil;EQ6;CCIT 4.0 FRONTAL H2.1;;;DF210;Subst. Do Display CCIT;1
01/01/2024;COT1;Transfacil;EQ6;CCIT 4.0 FRONTAL H2.1;OP13;Estações BRT Move;DF210;Subst. Do Display CCIT;2
01/01/2024;COT1;Transfacil;EQ6;CCIT 4.0 FRONTAL H2.1;;;DF216;Subst. Do Módulo H2;12
01/01/2024;COT1;Transfacil;EQ6;CCIT 4.0 FRONTAL H2.1;OP13;Estações BRT Move;DF216;Subst. Do Módulo H2;1
01/01/2024;COT1;Transfacil;EQ6;CCIT 4.0 FRONTAL H2.1;;;DF272;Subst. Do Touchscreen do módulo;1
01/01/2024;COT1;Transfacil;EQ6;CCIT 4.0 FRONTAL H2.1;OP13;Estações BRT Move;DF272;Subst. Do Touchscreen do módulo;1
01/01/2024;COT1;Transfacil;EQ6;CCIT 4.0 FRONTAL H2.1;;;DF238;Subst. Do Vidro CCIT V4.0;5
01/01/2024;COT23;UTB;EQ6;CCIT 4.0 FRONTAL H2.1;OP83;UTB;DF41;Envio para manutenção central-CTG;29
01/01/2024;COT16;Via Ouro;EQ6;CCIT 4.0 FRONTAL H2.1;OP49;VIA OURO COLETIVOS LTDA;DF90;Reparo com formatação e subst. FW/SW;5
01/01/2024;COT16;Via Ouro;EQ6;CCIT 4.0 FRONTAL H2.1;OP49;VIA OURO COLETIVOS LTDA;DF93;Reparo no módulo;5
01/01/2024;COT16;Via Ouro;EQ6;CCIT 4.0 FRONTAL H2.1;OP49;VIA OURO COLETIVOS LTDA;DF136;Subst. Da Carcaça inferior;1
01/01/2024;COT1;Transfacil;EQ14;DMX200 MOD H3.1;;;DF21;Atualização de FW ;104
01/01/2024;COT12;DIVPASS;EQ13;DMX200L;OP124;DIVPASS;DF21;Atualização de FW ;11
01/01/2024;COT25;COOTRAPS - CE;EQ14;DMX200 MOD H3.1;OP129;COOTRAPS;DF39;Enviados para manutenção central CTG;33
01/01/2024;COT19;SÃO JOÃO;EQ39;DMX200L JI21 SEM BATERIA;OP67;SÃO JOÃO;DF115;Restauração da ROM via PC;11
01/01/2024;COT20;ROSA TURISMO;EQ39;DMX200L JI21 SEM BATERIA;OP66;ROSA TURISMO;DF115;Restauração da ROM via PC;9
01/01/2024;COT33;FLORIANÓPOLIS;EQ15;DMX200L SEM BATERIA;;;DF41;Envio para manutenção central-CTG;17
01/01/2024;COT24;GVBUS;EQ14;DMX200 MOD H3.1;;;DF41;Envio para manutenção central-CTG;29
01/01/2024;COT25;COOTRAPS - CE;EQ14;DMX200 MOD H3.1;OP129;COOTRAPS;DF90;Reparo com formatação e subst. FW/SW;45
01/01/2024;COT3;TEU;EQ14;DMX200 MOD H3.1;;;DF21;Atualização de FW ;3
01/01/2024;COT3;TEU;EQ14;DMX200 MOD H3.1;;;DF115;Restauração da ROM via PC;3
01/01/2024;COT4;Setut;EQ14;DMX200 MOD H3.1;;;DF41;Envio para manutenção central-CTG;15
01/01/2024;COT2;Transcard;EQ16;PDM03;;;DF93;Reparo no módulo;6
01/01/2024;COT24;GVBUS;EQ14;DMX200 MOD H3.1;;;DF21;Atualização de FW ;117
01/01/2024;COT24;GVBUS;EQ14;DMX200 MOD H3.1;;;DF292;Ressolda conector USB;23
01/01/2024;COT11;Gov. Valadares;EQ13;DMX200L;OP53;VIAÇÃO MOBI;DF21;Atualização de FW ;7
01/01/2024;COT33;FLORIANÓPOLIS;EQ15;DMX200L SEM BATERIA;;;DF115;Restauração da ROM via PC;30
01/01/2024;COT22;Taguatur PM NOVO;EQ39;DMX200L JI21 SEM BATERIA;OP82;TAGUATUR;DF41;Envio para manutenção central-CTG;60
01/01/2024;COT33;FLORIANÓPOLIS;EQ15;DMX200L SEM BATERIA;;;DF21;Atualização de FW ;32
01/01/2024;COT35;TURIN CONGONHAS;EQ5;CCIT 4.0 FRONTAL;OP138;VIAÇÃO TURIN CONGONHAS;DF21;Atualização de FW ;1
01/01/2024;COT3;TEU;EQ14;DMX200 MOD H3.1;;;DF41;Envio para manutenção central-CTG;4
01/01/2024;COT23;UTB;EQ40;DMX200L JI21 COM BATERIA;OP83;UTB;DF41;Envio para manutenção central-CTG;37
01/01/2024;COT36;CAMACARI;EQ10;CONNECTION CCIT 4.0;OP139;PREFEITURA DE CAMAÇARI;DF21;Atualização de FW ;1
01/01/2024;COT24;GVBUS;EQ10;CONNECTION CCIT 4.0;;;DF21;Atualização de FW ;26
01/01/2024;COT10;Metropolitano-Bahia;EQ10;CONNECTION CCIT 4.0;OP64;METROPOLITANO SSA;DF21;Atualização de FW ;4
01/01/2024;COT20;ROSA TURISMO;EQ10;CONNECTION CCIT 4.0;OP66;ROSA TURISMO;DF21;Atualização de FW ;1
01/01/2024;COT19;SÃO JOÃO;EQ10;CONNECTION CCIT 4.0;OP67;SÃO JOÃO;DF21;Atualização de FW ;3
01/01/2024;COT2;Transcard;EQ10;CONNECTION CCIT 4.0;;;DF46;Formatação da memória e subst. FW;19
01/01/2024;COT1;Transfacil;EQ10;CONNECTION CCIT 4.0;;;DF21;Atualização de FW ;1
01/01/2024;COT1;Transfacil;EQ10;CONNECTION CCIT 4.0;;;DF107;Ressolda no circuito connections;1
01/01/2024;COT3;TEU;EQ22;V3000M;;;DF21;Atualização de FW ;66
01/01/2024;COT3;TEU;EQ22;V3000M;;;DF115;Restauração da ROM via PC;63
01/01/2024;COT3;TEU;EQ26;V3000M DVR;;;DF21;Atualização de FW ;31
01/01/2024;COT3;TEU;EQ26;V3000M DVR;;;DF115;Restauração da ROM via PC;13
01/01/2024;COT3;TEU;EQ26;V3000M DVR;;;DF41;Envio para manutenção central-CTG;3
01/01/2024;COT1;Transfacil;EQ27;UT (FTV 3000);;;DF169;Subst. De Componente eletrônico;1
01/01/2024;COT1;Transfacil;EQ27;UT (FTV 3000);;;DF21;Atualização de FW ;1
01/01/2024;COT24;GVBUS;EQ33;POS MOVE 2500;;;DF41;Envio para manutenção central-CTG;18
01/01/2024;COT2;Transcard;EQ31;POS 250;;;DF46;Formatação da memória e subst. FW;10
01/01/2024;COT2;Transcard;EQ31;POS 250;;;DF132;Subst. Da Bateria de Lithium;2
01/01/2024;COT25;COOTRAPS - CE;EQ17;FONTE PM;OP129;COOTRAPS;DF41;Envio para manutenção central-CTG;6
01/01/2024;COT25;COOTRAPS - CE;EQ17;FONTE PM;OP129;COOTRAPS;DF320;Reparo em loco;7
01/02/2024;COT7;Alagoinhas;EQ34;CCIT 4.0 FRONTAL H2.1 C SEM BATERIA;OP68;ALAGOINHAS;DF113;Restaura RAM via PC;1
01/02/2024;COT8;CBTU;EQ1;CCIT 3.0;OP47;CBTU - COMPANHIA BRASILEIRA DE TRENS URBANOS;DF21;Atualização de FW ;0
01/02/2024;COT8;CBTU;EQ1;CCIT 3.0;OP47;CBTU - COMPANHIA BRASILEIRA DE TRENS URBANOS;DF210;Subst. Do Display CCIT;0
01/02/2024;COT27;Cidade das Águas;EQ6;CCIT 4.0 FRONTAL H2.1;OP128;VIAÇÃO CIDADE DAS ÁGUAS;DF113;Restaura RAM via PC;3
01/02/2024;COT12;DIVPASS;EQ6;CCIT 4.0 FRONTAL H2.1;OP124;DIVPASS;DF20;Atualização de data;2
01/02/2024;COT12;DIVPASS;EQ6;CCIT 4.0 FRONTAL H2.1;OP124;DIVPASS;DF51;Gravação BootLoader;3
01/02/2024;COT12;DIVPASS;EQ6;CCIT 4.0 FRONTAL H2.1;OP124;DIVPASS;DF63;Lista restaurada;8
01/02/2024;COT12;DIVPASS;EQ6;CCIT 4.0 FRONTAL H2.1;OP124;DIVPASS;DF93;Reparo com formatação e reinst. FW/SW;5
01/02/2024;COT12;DIVPASS;EQ6;CCIT 4.0 FRONTAL H2.1;OP124;DIVPASS;DF93;Reparo no módulo;8
01/02/2024;COT12;DIVPASS;EQ6;CCIT 4.0 FRONTAL H2.1;OP124;DIVPASS;DF216;Subst. Do Módulo H2;1
01/02/2024;COT12;DIVPASS;EQ6;CCIT 4.0 FRONTAL H2.1;OP124;DIVPASS;DF272;Subst. Do Touchscreen do módulo;1
01/02/2024;COT33;FLORIANÓPOLIS;EQ8;CCIT 4.0 FRONTAL JI21 SEM BATERIA;;;DF41;Envio para manutenção central-CTG;6
01/02/2024;COT33;FLORIANÓPOLIS;EQ8;CCIT 4.0 FRONTAL JI21 SEM BATERIA;;;DF60;Limpeza de cache;9
01/02/2024;COT33;FLORIANÓPOLIS;EQ8;CCIT 4.0 FRONTAL JI21 SEM BATERIA;;;DF115;Restauração da ROM via PC;31
01/02/2024;COT11;Gov. Valadares;EQ6;CCIT 4.0 FRONTAL H2.1;OP53;VIAÇÃO MOBI;DF88;Reparo com formatação e reinst. FW/SW;16
01/02/2024;COT11;Gov. Valadares;EQ6;CCIT 4.0 FRONTAL H2.1;OP53;VIAÇÃO MOBI;DF93;Reparo no módulo;8
01/02/2024;COT11;Gov. Valadares;EQ6;CCIT 4.0 FRONTAL H2.1;OP53;VIAÇÃO MOBI;DF210;Subst. Do Display CCIT;1
01/02/2024;COT11;Gov. Valadares;EQ6;CCIT 4.0 FRONTAL H2.1;OP53;VIAÇÃO MOBI;DF216;Subst. Do Módulo H2;3
01/02/2024;COT11;Gov. Valadares;EQ6;CCIT 4.0 FRONTAL H2.1;OP53;VIAÇÃO MOBI;DF272;Subst. Do Touchscreen do módulo;1
01/02/2024;COT24;GVBUS;EQ28;ATM;OP108;GVBUS - SIND. DAS EMP. DE TRANP. METROP. DA GRANDE VITÓRIA;DF143;Subst. da Impressora;3
01/02/2024;COT24;GVBUS;EQ28;ATM;OP108;GVBUS - SIND. DAS EMP. DE TRANP. METROP. DA GRANDE VITÓRIA;DF299;Subst. De UPEX ATM;3
01/02/2024;COT24;GVBUS;EQ28;ATM;OP108;GVBUS - SIND. DAS EMP. DE TRANP. METROP. DA GRANDE VITÓRIA;DF78;PC Reiniciado;4
01/02/2024;COT24;GVBUS;EQ28;ATM;OP108;GVBUS - SIND. DAS EMP. DE TRANP. METROP. DA GRANDE VITÓRIA;DF68;Manutenção no Dispenser;1
01/02/2024;COT24;GVBUS;EQ28;ATM;OP108;GVBUS - SIND. DAS EMP. DE TRANP. METROP. DA GRANDE VITÓRIA;DF218;Subst. Do Monitor;1
01/02/2024;COT24;GVBUS;EQ28;ATM;OP108;GVBUS - SIND. DAS EMP. DE TRANP. METROP. DA GRANDE VITÓRIA;DF231;Subst. Do PINpad;1
01/02/2024;COT24;GVBUS;EQ6;CCIT 4.0 FRONTAL H2.1;;;DF21;Atualização de FW ;43
01/02/2024;COT24;GVBUS;EQ6;CCIT 4.0 FRONTAL H2.1;;;DF41;Envio para manutenção central-CTG;44
01/02/2024;COT24;GVBUS;EQ6;CCIT 4.0 FRONTAL H2.1;;;DF91;Reparo com Gravação de PIC e reinst. Do FW;94
01/02/2024;COT24;GVBUS;EQ6;CCIT 4.0 FRONTAL H2.1;;;DF93;Reparo no módulo;4
01/02/2024;COT24;GVBUS;EQ6;CCIT 4.0 FRONTAL H2.1;;;DF101;Ressolda Mbccit;4
01/02/2024;COT13;Mariana;EQ5;CCIT 4.0 FRONTAL;OP54;TRANSCOTTA MARIANA MG;DF51;Gravação BootLoader;2
01/02/2024;COT13;Mariana;EQ5;CCIT 4.0 FRONTAL;OP54;TRANSCOTTA MARIANA MG;DF63;Lista restaurada;2
01/02/2024;COT13;Mariana;EQ5;CCIT 4.0 FRONTAL;OP54;TRANSCOTTA MARIANA MG;DF93;Reparo no módulo;2
01/02/2024;COT13;Mariana;EQ5;CCIT 4.0 FRONTAL;OP54;TRANSCOTTA MARIANA MG;DF136;Subst. Da Carcaça inferior;1
01/02/2024;COT6;Metro-Bahia;EQ28;ATM;OP63;METRO-BAHIA;DF237;Subst. Do Validador de Notas;17
01/02/2024;COT6;Metro-Bahia;EQ28;ATM;OP63;METRO-BAHIA;DF143;Subst. da Impressora;5
01/02/2024;COT6;Metro-Bahia;EQ28;ATM;OP63;METRO-BAHIA;DF67;Manutenção na Impressora;3
01/02/2024;COT6;Metro-Bahia;EQ28;ATM;OP63;METRO-BAHIA;DF228;Subst. Do PDV ATM;1
01/02/2024;COT6;Metro-Bahia;EQ28;ATM;OP63;METRO-BAHIA;DF284;Manutenção PC ATM;1
01/02/2024;COT6;Metro-Bahia;EQ28;ATM;OP63;METRO-BAHIA;DF260;Subst. HUB Serial;2
01/02/2024;COT6;Metro-Bahia;EQ28;ATM;OP63;METRO-BAHIA;DF179;Subst. Do Cabo de Comunicação da Impressora;2
01/02/2024;COT6;Metro-Bahia;EQ28;ATM;OP63;METRO-BAHIA;DF141;Subst. Da Fonte do PDV ATM;1
01/02/2024;COT6;Metro-Bahia;EQ28;ATM;OP63;METRO-BAHIA;DF236;Subst. Do Teclado de Metal Frontal;1
01/02/2024;COT6;Metro-Bahia;EQ28;ATM;OP63;METRO-BAHIA;DF218;Subst. Do Monitor;1
01/02/2024;COT6;METRO-BAHIA;EQ6;CCIT 4.0 FRONTAL H2.1;OP63;METRO-BAHIA;DF41;Envio para manutenção central-CTG;3
01/02/2024;COT6;METRO-BAHIA;EQ6;CCIT 4.0 FRONTAL H2.1;OP63;METRO-BAHIA;DF113;Restaura RAM via PC;9
01/02/2024;COT5;METROFOR/ VLT FORTALEZA;EQ38;CCIT 4.0 METROFOR;OP105;METROFOR LINHA SUL;DF41;Envio para manutenção central-CTG;4
01/02/2024;COT5;METROFOR/ VLT FORTALEZA;EQ38;CCIT 4.0 METROFOR;OP105;METROFOR LINHA SUL;DF88;Reparo com formatação e reinst. FW/SW;5
01/02/2024;COT5;METROFOR/ VLT FORTALEZA;EQ38;CCIT 4.0 METROFOR;OP105;METROFOR LINHA SUL;DF113;Restaura RAM via PC;13
01/02/2024;COT10;Metropolitano-Bahia;EQ6;CCIT 4.0 FRONTAL H2.1;OP64;METROPOLITANO SSA;DF41;Envio para manutenção central-CTG;3
01/02/2024;COT10;Metropolitano-Bahia;EQ6;CCIT 4.0 FRONTAL H2.1;OP64;METROPOLITANO SSA;DF113;Restaura RAM via PC;26
01/02/2024;COT10;Metropolitano-Bahia;EQ6;CCIT 4.0 FRONTAL H2.1;OP64;METROPOLITANO SSA;DF114;Restaura RAM via pendrive;9
01/02/2024;COT10;Metropolitano-Bahia;EQ6;CCIT 4.0 FRONTAL H2.1;OP64;METROPOLITANO SSA;DF272;Subst. Do Touchscreen do módulo;12
01/02/2024;COT20;ROSA TURISMO;EQ36;CCIT 4.0 FRONTAL H1 COM BATERIA;OP66;ROSA TURISMO;DF41;Envio para manutenção central-CTG;1
01/02/2024;COT20;ROSA TURISMO;EQ36;CCIT 4.0 FRONTAL H1 COM BATERIA;OP66;ROSA TURISMO;DF113;Restaura RAM via PC;9
01/02/2024;COT19;SÃO JOÃO;EQ36;CCIT 4.0 FRONTAL H1 COM BATERIA;OP67;SÃO JOÃO;DF41;Envio para manutenção central-CTG;4
01/02/2024;COT19;SÃO JOÃO;EQ36;CCIT 4.0 FRONTAL H1 COM BATERIA;OP67;SÃO JOÃO;DF113;Restaura RAM via PC;9
01/02/2024;COT4;Setut;EQ6;CCIT 4.0 FRONTAL H2.1;;;DF41;Envio para manutenção central-CTG;15
01/02/2024;COT18;Sindpautras;EQ6;CCIT 4.0 FRONTAL H2.1;OP48;SINDPAUTRAS-SIND. PERM. AUT. TRANSP. SU;DF51;Gravação BootLoader;13
01/02/2024;COT18;Sindpautras;EQ6;CCIT 4.0 FRONTAL H2.1;OP48;SINDPAUTRAS-SIND. PERM. AUT. TRANSP. SU;DF63;Lista restaurada;20
01/02/2024;COT18;Sindpautras;EQ6;CCIT 4.0 FRONTAL H2.1;OP48;SINDPAUTRAS-SIND. PERM. AUT. TRANSP. SU;DF88;Reparo com formatação e reinst. FW/SW;6
01/02/2024;COT18;Sindpautras;EQ6;CCIT 4.0 FRONTAL H2.1;OP48;SINDPAUTRAS-SIND. PERM. AUT. TRANSP. SU;DF93;Reparo no módulo;21
01/02/2024;COT18;Sindpautras;EQ6;CCIT 4.0 FRONTAL H2.1;OP48;SINDPAUTRAS-SIND. PERM. AUT. TRANSP. SU;DF136;Subst. Da Carcaça inferior;1
01/02/2024;COT18;Sindpautras;EQ6;CCIT 4.0 FRONTAL H2.1;OP48;SINDPAUTRAS-SIND. PERM. AUT. TRANSP. SU;DF209;Subst. Do Display;2
01/02/2024;COT18;Sindpautras;EQ6;CCIT 4.0 FRONTAL H2.1;OP48;SINDPAUTRAS-SIND. PERM. AUT. TRANSP. SU;DF272;Subst. Do Touchscreen do módulo;7
01/02/2024;COT22;Taguatur;EQ35;CCIT 4.0 FRONTAL JI21 SEM BATERIA;OP82;TAGUATUR;DF41;Envio para manutenção central-CTG;23
01/02/2024;COT3;TEU;EQ36;CCIT 4.0 FRONTAL H1 COM BATERIA;;;DF41;Envio para manutenção central-CTG;7
01/02/2024;COT3;TEU;EQ36;CCIT 4.0 FRONTAL H1 COM BATERIA;;;DF60;Limpeza de cache;14
01/02/2024;COT3;TEU;EQ36;CCIT 4.0 FRONTAL H1 COM BATERIA;;;DF115;Restauração da ROM via PC;199
01/02/2024;COT3;TEU;EQ36;CCIT 4.0 FRONTAL H1 COM BATERIA;;;DF132;Substituição do SD card;34
01/02/2024;COT2;Transcard;EQ28;ATM;OP61;Setps (Transcard);DF237;Subst. Do Validador de Notas;2
01/02/2024;COT2;Transcard;EQ28;ATM;OP61;Setps (Transcard);DF218;Subst. Do Monitor;1
01/02/2024;COT2;Transcard;EQ28;ATM;OP61;Setps (Transcard);DF143;Subst. da Impressora;1
01/02/2024;COT2;Transcard;EQ28;ATM;OP61;Setps (Transcard);DF231;Subst. Do PINpad;2
01/02/2024;COT2;Transcard;EQ28;ATM;OP61;Setps (Transcard);DF128;Subst. Da antena Cless;1
01/02/2024;COT2;Transcard;EQ28;ATM;OP61;Setps (Transcard);DF284;Manutenção PC ATM;2
01/02/2024;COT2;Transcard;EQ28;ATM;OP61;Setps (Transcard);DF142;Subst. Da Fonte Lambda ATM;3
01/02/2024;COT2;Transcard;EQ28;ATM;OP61;Setps (Transcard);DF236;Subst. Do Teclado de Metal Frontal;2
01/02/2024;COT2;Transcard;EQ6;CCIT 4.0 FRONTAL H2.1;;;DF9;Ajuste e aperto de conexão;2
01/02/2024;COT2;Transcard;EQ6;CCIT 4.0 FRONTAL H2.1;;;DF41;Enviados para manutenção central CTG;20
01/02/2024;COT2;Transcard;EQ6;CCIT 4.0 FRONTAL H2.1;;;DF41;Envio para manutenção central-CTG;28
01/02/2024;COT2;Transcard;EQ6;CCIT 4.0 FRONTAL H2.1;;;DF101;Ressolda Mbccit;8
01/02/2024;COT2;Transcard;EQ6;CCIT 4.0 FRONTAL H2.1;;;DF113;Restaura RAM via PC;88
01/02/2024;COT2;Transcard;EQ6;CCIT 4.0 FRONTAL H2.1;;;DF113;Restaura RAM via PC;112
01/02/2024;COT2;Transcard;EQ6;CCIT 4.0 FRONTAL H2.1;;;DF114;Restaura RAM via pendrive;51
01/02/2024;COT2;Transcard;EQ6;CCIT 4.0 FRONTAL H2.1;;;DF114;Restaura RAM via pendrive;27
01/02/2024;COT2;Transcard;EQ6;CCIT 4.0 FRONTAL H2.1;;;DF209;Subst. Do Display;5
01/02/2024;COT2;Transcard;EQ6;CCIT 4.0 FRONTAL H2.1;;;DF272;Subst. Do Touchscreen do módulo;33
01/02/2024;COT2;Transcard;EQ6;CCIT 4.0 FRONTAL H2.1;;;DF272;Subst. Do Touchscreen do módulo;37
01/02/2024;COT1;Transfacil;EQ28;ATM;OP27;TRANSFÁCIL;DF19;ATM - defeito não confirmado;5
01/02/2024;COT1;Transfacil;EQ28;ATM;OP27;TRANSFÁCIL;DF237;Subst. Do Validador de Notas;3
01/02/2024;COT1;Transfacil;EQ28;ATM;OP27;TRANSFÁCIL;DF197;Subst. Do Cofre;1
01/02/2024;COT1;Transfacil;EQ28;ATM;OP27;TRANSFÁCIL;DF143;Subst. da Impressora;1
01/02/2024;COT1;Transfacil;EQ28;ATM;OP27;TRANSFÁCIL;DF67;Manutenção na Impressora;1
01/02/2024;COT1;Transfacil;EQ28;ATM;OP27;TRANSFÁCIL;DF258;Subst. Da Cabeça de Impressão;3
01/02/2024;COT1;Transfacil;EQ6;CCIT 4.0 FRONTAL H2.1;;;DF21;Atualização de FW ;198
01/02/2024;COT1;Transfacil;EQ6;CCIT 4.0 FRONTAL H2.1;OP13;Estações BRT Move;DF21;Atualização de FW ;11
01/02/2024;COT1;Transfacil;EQ6;CCIT 4.0 FRONTAL H2.1;;;DF93;Reparo no módulo;178
01/02/2024;COT1;Transfacil;EQ6;CCIT 4.0 FRONTAL H2.1;OP13;Estações BRT Move;DF322;Restore do módulo;10
01/02/2024;COT1;Transfacil;EQ6;CCIT 4.0 FRONTAL H2.1;OP13;Estações BRT Move;DF306;Retirada da bateria;2
01/02/2024;COT1;Transfacil;EQ6;CCIT 4.0 FRONTAL H2.1;;;DF306;Retirada da bateria;1
01/02/2024;COT1;Transfacil;EQ6;CCIT 4.0 FRONTAL H2.1;;;DF131;Subst. Da Antena Wlan do CCIT;2
01/02/2024;COT1;Transfacil;EQ6;CCIT 4.0 FRONTAL H2.1;;;DF135;Subst. Da Carcaça frontal;1
01/02/2024;COT1;Transfacil;EQ6;CCIT 4.0 FRONTAL H2.1;;;DF136;Subst. Da Carcaça inferior;13
01/02/2024;COT1;Transfacil;EQ6;CCIT 4.0 FRONTAL H2.1;;;DF210;Subst. Do Display CCIT;13
01/02/2024;COT1;Transfacil;EQ6;CCIT 4.0 FRONTAL H2.1;OP13;Estações BRT Move;DF210;Subst. Do Display CCIT;2
01/02/2024;COT1;Transfacil;EQ6;CCIT 4.0 FRONTAL H2.1;;;DF216;Subst. Do Módulo H2;22
01/02/2024;COT1;Transfacil;EQ6;CCIT 4.0 FRONTAL H2.1;;;DF272;Subst. Do Touchscreen do módulo;15
01/02/2024;COT1;Transfacil;EQ6;CCIT 4.0 FRONTAL H2.1;;;DF238;Subst. Do Vidro CCIT V4.0;9
01/02/2024;COT14;TURIN OURO PRETO;EQ6;CCIT 4.0 FRONTAL H2.1;OP52;VIAÇÃO TURIN OURO PRETO;DF21;Atualização de FW ;3
01/02/2024;COT14;TURIN OURO PRETO;EQ6;CCIT 4.0 FRONTAL H2.1;OP52;VIAÇÃO TURIN OURO PRETO;DF51;Gravação BootLoader;6
01/02/2024;COT14;TURIN OURO PRETO;EQ6;CCIT 4.0 FRONTAL H2.1;OP52;VIAÇÃO TURIN OURO PRETO;DF90;Reparo com formatação e subst. FW/SW;9
01/02/2024;COT14;TURIN OURO PRETO;EQ6;CCIT 4.0 FRONTAL H2.1;OP52;VIAÇÃO TURIN OURO PRETO;DF93;Reparo no módulo;8
01/02/2024;COT14;TURIN OURO PRETO;EQ6;CCIT 4.0 FRONTAL H2.1;OP52;VIAÇÃO TURIN OURO PRETO;DF306;Retirada da bateria;1
01/02/2024;COT14;TURIN OURO PRETO;EQ6;CCIT 4.0 FRONTAL H2.1;OP52;VIAÇÃO TURIN OURO PRETO;DF136;Subst. Da Carcaça inferior;1
01/02/2024;COT14;TURIN OURO PRETO;EQ6;CCIT 4.0 FRONTAL H2.1;OP52;VIAÇÃO TURIN OURO PRETO;DF209;Subst. Do Display;3
01/02/2024;COT14;TURIN OURO PRETO;EQ6;CCIT 4.0 FRONTAL H2.1;OP52;VIAÇÃO TURIN OURO PRETO;DF242;Subst. Placa Mbccit;1
01/02/2024;COT23;UTB;EQ6;CCIT 4.0 FRONTAL H2.1;OP83;UTB;DF41;Envio para manutenção central-CTG;34
01/02/2024;COT16;Via Ouro;EQ6;CCIT 4.0 FRONTAL H2.1;OP49;VIA OURO COLETIVOS LTDA;DF51;Gravação BootLoader;1
01/02/2024;COT16;Via Ouro;EQ6;CCIT 4.0 FRONTAL H2.1;OP49;VIA OURO COLETIVOS LTDA;DF63;Lista restaurada;3
01/02/2024;COT16;Via Ouro;EQ6;CCIT 4.0 FRONTAL H2.1;OP49;VIA OURO COLETIVOS LTDA;DF90;Reparo com formatação e subst. FW/SW;2
01/02/2024;COT16;Via Ouro;EQ6;CCIT 4.0 FRONTAL H2.1;OP49;VIA OURO COLETIVOS LTDA;DF93;Reparo no módulo;3
01/02/2024;COT1;Transfacil;EQ14;DMX200 MOD H3.1;;;DF21;Atualização de FW ;74
01/02/2024;COT12;DIVPASS;EQ13;DMX200L;OP124;DIVPASS;DF21;Atualização de FW ;7
01/02/2024;COT25;COOTRAPS - CE;EQ14;DMX200 MOD H3.1;OP129;COOTRAPS;DF39;Enviados para manutenção central CTG;7
01/02/2024;COT19;SÃO JOÃO;EQ39;DMX200L JI21 SEM BATERIA;OP67;SÃO JOÃO;DF115;Restauração da ROM via PC;15
01/02/2024;COT20;ROSA TURISMO;EQ39;DMX200L JI21 SEM BATERIA;OP66;ROSA TURISMO;DF115;Restauração da ROM via PC;15
01/02/2024;COT33;FLORIANÓPOLIS;EQ15;DMX200L SEM BATERIA;;;DF41;Envio para manutenção central-CTG;17
01/02/2024;COT24;GVBUS;EQ14;DMX200 MOD H3.1;;;DF41;Envio para manutenção central-CTG;38
01/02/2024;COT25;COOTRAPS - CE;EQ14;DMX200 MOD H3.1;OP129;COOTRAPS;DF90;Reparo com formatação e subst. FW/SW;3
01/02/2024;COT3;TEU;EQ14;DMX200 MOD H3.1;;;DF21;Atualização de FW ;2
01/02/2024;COT3;TEU;EQ14;DMX200 MOD H3.1;;;DF115;Restauração da ROM via PC;2
01/02/2024;COT2;Transcard;EQ16;PDM03;;;DF93;Reparo no módulo;5
01/02/2024;COT24;GVBUS;EQ14;DMX200 MOD H3.1;;;DF21;Atualização de FW ;79
01/02/2024;COT24;GVBUS;EQ14;DMX200 MOD H3.1;;;DF292;Ressolda conector USB;43
01/02/2024;COT11;Gov. Valadares;EQ13;DMX200L;OP53;VIAÇÃO MOBI;DF21;Atualização de FW ;7
01/02/2024;COT33;FLORIANÓPOLIS;EQ15;DMX200L SEM BATERIA;;;DF115;Restauração da ROM via PC;35
01/02/2024;COT20;ROSA TURISMO;EQ39;DMX200L JI21 SEM BATERIA;OP66;ROSA TURISMO;DF41;Envio para manutenção central-CTG;1
01/02/2024;COT33;FLORIANÓPOLIS;EQ15;DMX200L SEM BATERIA;;;DF21;Atualização de FW ;51
01/02/2024;COT35;TURIN CONGONHAS;EQ5;CCIT 4.0 FRONTAL;OP138;VIAÇÃO TURIN CONGONHAS;DF21;Atualização de FW ;1
01/02/2024;COT19;SÃO JOÃO;EQ39;DMX200L JI21 SEM BATERIA;OP67;SÃO JOÃO;DF41;Envio para manutenção central-CTG;3
01/02/2024;COT16;Via Ouro;EQ39;DMX200L JI21 SEM BATERIA;;;DF21;Atualização de FW ;3
01/02/2024;COT25;COOTRAPS - CE;EQ14;DMX200 MOD H3.1;OP129;COOTRAPS;DF298;Subst. De placa do sensor;33
01/02/2024;COT4;Setut;EQ14;DMX200 MOD H3.1;;;DF41;Envio para manutenção central-CTG;12
01/02/2024;COT22;Taguatur PM NOVO;EQ39;DMX200L JI21 SEM BATERIA;OP82;TAGUATUR;DF41;Envio para manutenção central-CTG;34
01/02/2024;COT3;TEU;EQ14;DMX200 MOD H3.1;;;DF41;Envio para manutenção central-CTG;1
01/02/2024;COT23;UTB;EQ40;DMX200L JI21 COM BATERIA;OP83;UTB;DF41;Envio para manutenção central-CTG;25
01/02/2024;COT27;Cidade das Águas;EQ10;CONNECTION CCIT 4.0;OP128;VIAÇÃO CIDADE DAS ÁGUAS;DF50;FW Restaurado;1
01/02/2024;COT24;GVBUS;EQ10;CONNECTION CCIT 4.0;;;DF278;Modificação circuito catraca;3
01/02/2024;COT10;Metropolitano-Bahia;EQ10;CONNECTION CCIT 4.0;OP64;METROPOLITANO SSA;DF41;Envio para manutenção central-CTG;1
01/02/2024;COT10;Metropolitano-Bahia;EQ10;CONNECTION CCIT 4.0;OP64;METROPOLITANO SSA;DF50;FW Restaurado;11
01/02/2024;COT20;ROSA TURISMO;EQ10;CONNECTION CCIT 4.0;OP66;ROSA TURISMO;DF50;FW Restaurado;11
01/02/2024;COT19;SÃO JOÃO;EQ10;CONNECTION CCIT 4.0;OP67;SÃO JOÃO;DF50;FW Restaurado;3
01/02/2024;COT19;SÃO JOÃO;EQ10;CONNECTION CCIT 4.0;OP67;SÃO JOÃO;DF41;Envio para manutenção central-CTG;1
01/02/2024;COT2;Transcard;EQ10;CONNECTION CCIT 4.0;;;DF46;Formatação da memória e subst. FW;43
01/02/2024;COT2;Transcard;EQ10;CONNECTION CCIT 4.0;;;DF41;Envio para manutenção central-CTG;24
01/02/2024;COT1;Transfacil;EQ10;CONNECTION CCIT 4.0;;;DF278;Modificação circuito catraca;1
01/02/2024;COT1;Transfacil;EQ10;CONNECTION CCIT 4.0;;;DF21;Atualização de FW ;36
01/02/2024;COT1;Transfacil;EQ10;CONNECTION CCIT 4.0;;;DF278;Modificação circuito catraca;5
01/02/2024;COT1;Transfacil;EQ10;CONNECTION CCIT 4.0;;;DF169;Subst. De Componente eletrônico;1
01/02/2024;COT1;Transfacil;EQ10;CONNECTION CCIT 4.0;;;DF136;Subst. Da Carcaça inferior;1
01/02/2024;COT1;Transfacil;EQ10;CONNECTION CCIT 4.0;;;DF277;Subst. Da Connections;3
01/02/2024;COT3;TEU;EQ22;V3000M;;;DF21;Atualização de FW ;63
01/02/2024;COT3;TEU;EQ22;V3000M;;;DF115;Restauração da ROM via PC;65
01/02/2024;COT3;TEU;EQ26;V3000M DVR;;;DF21;Atualização de FW ;58
01/02/2024;COT3;TEU;EQ26;V3000M DVR;;;DF115;Restauração da ROM via PC;54
01/02/2024;COT3;TEU;EQ26;V3000M DVR;;;DF41;Envio para manutenção central-CTG;4
01/02/2024;COT3;TEU;EQ26;V3000M DVR;;;DF232;Subst. Do SDCard;2
01/02/2024;COT1;Transfacil;EQ27;UT (FTV 3000);;;DF21;Atualização de FW ;2
01/02/2024;COT24;GVBUS;EQ33;POS MOVE 2500;;;DF41;Envio para manutenção central-CTG;8
01/02/2024;COT10;Metropolitano-Bahia;EQ31;POS 250;OP64;METROPOLITANO SSA;DF41;Envio para manutenção central-CTG;1
01/02/2024;COT20;Rosa Turismo;EQ31;POS 250;OP66;ROSA TURISMO;DF41;Formatação da memória e subst. FW;2
01/02/2024;COT19;São João;EQ31;POS 250;OP67;SÃO JOÃO;DF46;Formatação da memória e subst. FW;2
01/02/2024;COT2;Transcard;EQ31;POS 250;;;DF46;Envio para manutenção central-CTG;1
01/02/2024;COT25;COOTRAPS - CE;EQ17;FONTE PM;OP129;COOTRAPS;DF41;Envio para manutenção central-CTG;1
01/02/2024;COT25;COOTRAPS - CE;EQ17;FONTE PM;OP129;COOTRAPS;DF33;Defeito não encontrado - testes e liberação;14
01/02/2024;COT19;SÃO JOÃO;EQ17;FONTE PM;OP67;SÃO JOÃO;DF127;Subst. Conector USB;1
02/02/2024;COT21;Araguarina;EQ35;CCIT 4.0 FRONTAL H2 COM BATERIA;OP81;VIAÇÃO ARAGUARINA;DF41;Envio para manutenção central-CTG;3
01/03/2024;COT7;Alagoinhas;EQ34;CCIT 4.0 FRONTAL H2.1 C SEM BATERIA;OP68;ALAGOINHAS;DF113;Restaura RAM via PC;2
01/03/2024;COT7;Alagoinhas;EQ34;CCIT 4.0 FRONTAL H2.1 C SEM BATERIA;OP68;ALAGOINHAS;DF286;Subst. Tela;4
01/03/2024;COT8;CBTU;EQ1;CCIT 3.0;OP47;CBTU - COMPANHIA BRASILEIRA DE TRENS URBANOS;DF21;Atualização de FW ;2
01/03/2024;COT8;CBTU;EQ1;CCIT 3.0;OP47;CBTU - COMPANHIA BRASILEIRA DE TRENS URBANOS;DF63;Lista restaurada;2
01/03/2024;COT12;DIVPASS;EQ6;CCIT 4.0 FRONTAL H2.1;OP124;DIVPASS;DF51;Gravação BootLoader;8
01/03/2024;COT12;DIVPASS;EQ6;CCIT 4.0 FRONTAL H2.1;OP124;DIVPASS;DF63;Lista restaurada;13
01/03/2024;COT12;DIVPASS;EQ6;CCIT 4.0 FRONTAL H2.1;OP124;DIVPASS;DF93;Reparo com formatação e reinst. FW/SW;13
01/03/2024;COT12;DIVPASS;EQ6;CCIT 4.0 FRONTAL H2.1;OP124;DIVPASS;DF93;Reparo no módulo;15
01/03/2024;COT12;DIVPASS;EQ6;CCIT 4.0 FRONTAL H2.1;OP124;DIVPASS;DF216;Subst. Do Módulo H2;2
01/03/2024;COT12;DIVPASS;EQ6;CCIT 4.0 FRONTAL H2.1;OP124;DIVPASS;DF272;Subst. Do Touchscreen do módulo;2
01/03/2024;COT12;DIVPASS;EQ6;CCIT 4.0 FRONTAL H2.1;OP124;DIVPASS;DF26;Atualização do PIC;2
01/03/2024;COT12;DIVPASS;EQ6;CCIT 4.0 FRONTAL H2.1;OP124;DIVPASS;DF238;Subst. Do Vidro CCIT V4.0;1
01/03/2024;COT12;DIVPASS;EQ6;CCIT 4.0 FRONTAL H2.1;OP124;DIVPASS;DF306;Retirada da bateria;1
01/03/2024;COT12;DIVPASS;EQ6;CCIT 4.0 FRONTAL H2.1;OP124;DIVPASS;DF211;Subst. Do Equipamento completo;2
01/03/2024;COT12;DIVPASS;EQ6;CCIT 4.0 FRONTAL H2.1;OP124;DIVPASS;DF210;Subst. Do Display CCIT;1
01/03/2024;COT33;FLORIANÓPOLIS;EQ8;CCIT 4.0 FRONTAL JI21 SEM BATERIA;;;DF21;Atualização de FW ;12
01/03/2024;COT33;FLORIANÓPOLIS;EQ8;CCIT 4.0 FRONTAL JI21 SEM BATERIA;;;DF41;Envio para manutenção central-CTG;10
01/03/2024;COT33;FLORIANÓPOLIS;EQ8;CCIT 4.0 FRONTAL JI21 SEM BATERIA;;;DF115;Restauração da ROM via PC;5
01/03/2024;COT11;Gov. Valadares;EQ6;CCIT 4.0 FRONTAL H2.1;OP53;VIAÇÃO MOBI;DF88;Reparo com formatação e reinst. FW/SW;4
01/03/2024;COT11;Gov. Valadares;EQ6;CCIT 4.0 FRONTAL H2.1;OP53;VIAÇÃO MOBI;DF93;Reparo no módulo;8
01/03/2024;COT11;Gov. Valadares;EQ6;CCIT 4.0 FRONTAL H2.1;OP53;VIAÇÃO MOBI;DF210;Subst. Do Display CCIT;1
01/03/2024;COT11;Gov. Valadares;EQ6;CCIT 4.0 FRONTAL H2.1;OP53;VIAÇÃO MOBI;DF51;Gravação BootLoader;5
01/03/2024;COT11;Gov. Valadares;EQ6;CCIT 4.0 FRONTAL H2.1;OP53;VIAÇÃO MOBI;DF63;Lista restaurada;7
01/03/2024;COT11;Gov. Valadares;EQ6;CCIT 4.0 FRONTAL H2.1;OP53;VIAÇÃO MOBI;DF136;Subst. Da Carcaça inferior;1
01/03/2024;COT11;Gov. Valadares;EQ6;CCIT 4.0 FRONTAL H2.1;OP53;VIAÇÃO MOBI;DF306;Retirada da bateria;2
01/03/2024;COT24;GVBUS;EQ28;ATM;OP108;GVBUS - SIND. DAS EMP. DE TRANP. METROP. DA GRANDE VITÓRIA;DF78;PC Reiniciado;2
01/03/2024;COT24;GVBUS;EQ28;ATM;OP108;GVBUS - SIND. DAS EMP. DE TRANP. METROP. DA GRANDE VITÓRIA;DF262;Retirada de nota ATM e testes;2
01/03/2024;COT24;GVBUS;EQ28;ATM;OP108;GVBUS - SIND. DAS EMP. DE TRANP. METROP. DA GRANDE VITÓRIA;DF280;Manutenção no Validador de Notas;2
01/03/2024;COT24;GVBUS;EQ28;ATM;OP108;GVBUS - SIND. DAS EMP. DE TRANP. METROP. DA GRANDE VITÓRIA;DF87;Reparo com configuração Setup - Upex;1
01/03/2024;COT24;GVBUS;EQ6;CCIT 4.0 FRONTAL H2.1;;;DF21;Atualização de FW ;21
01/03/2024;COT24;GVBUS;EQ6;CCIT 4.0 FRONTAL H2.1;;;DF41;Envio para manutenção central-CTG;28
01/03/2024;COT24;GVBUS;EQ6;CCIT 4.0 FRONTAL H2.1;;;DF89;Reparo com Formatação e Subst. De FW;133
01/03/2024;COT6;Metro-Bahia;EQ28;ATM;OP63;METRO-BAHIA;DF237;Subst. Do Validador de Notas;18
01/03/2024;COT6;Metro-Bahia;EQ28;ATM;OP63;METRO-BAHIA;DF143;Subst. da Impressora;5
01/03/2024;COT6;Metro-Bahia;EQ28;ATM;OP63;METRO-BAHIA;DF67;Manutenção na Impressora;1
01/03/2024;COT6;Metro-Bahia;EQ28;ATM;OP63;METRO-BAHIA;DF228;Subst. Do PDV ATM;1
01/03/2024;COT6;Metro-Bahia;EQ28;ATM;OP63;METRO-BAHIA;DF69;Manutenção no Sensor de Porta;1
01/03/2024;COT6;Metro-Bahia;EQ28;ATM;OP63;METRO-BAHIA;DF260;Subst. HUB Serial;3
01/03/2024;COT6;Metro-Bahia;EQ28;ATM;OP63;METRO-BAHIA;DF179;Subst. Do Cabo de Comunicação da Impressora;2
01/03/2024;COT6;Metro-Bahia;EQ28;ATM;OP63;METRO-BAHIA;DF141;Subst. Da Fonte do PDV ATM;1
01/03/2024;COT6;Metro-Bahia;EQ28;ATM;OP63;METRO-BAHIA;DF236;Subst. Do Teclado de Metal Frontal;1
01/03/2024;COT6;Metro-Bahia;EQ28;ATM;OP63;METRO-BAHIA;DF218;Subst. Do Monitor;1
01/03/2024;COT6;METRO-BAHIA;EQ6;CCIT 4.0 FRONTAL H2.1;OP64;METROPOLITANO SSA;DF41;Envio para manutenção central-CTG;1
01/03/2024;COT6;METRO-BAHIA;EQ6;CCIT 4.0 FRONTAL H2.1;OP64;METROPOLITANO SSA;DF113;Restaura RAM via PC;7
01/03/2024;COT5;METROFOR/ VLT FORTALEZA;EQ38;CCIT 4.0 METROFOR;OP105;METROFOR LINHA SUL;DF113;Restaura RAM via PC;7
01/03/2024;COT5;METROFOR/ VLT FORTALEZA;EQ38;CCIT 4.0 METROFOR;OP105;METROFOR LINHA SUL;DF88;Reparo com formatação e reinst. FW/SW;3
01/03/2024;COT5;METROFOR/ VLT FORTALEZA;EQ38;CCIT 4.0 METROFOR;OP105;METROFOR LINHA SUL;DF286;Subst. Tela;2
01/03/2024;COT10;Metropolitano-Bahia;EQ6;CCIT 4.0 FRONTAL H2.1;OP64;METROPOLITANO SSA;DF113;Restaura RAM via PC;25
01/03/2024;COT10;Metropolitano-Bahia;EQ6;CCIT 4.0 FRONTAL H2.1;OP64;METROPOLITANO SSA;DF272;Subst. Do Touchscreen do módulo;5
01/03/2024;COT20;ROSA TURISMO;EQ36;CCIT 4.0 FRONTAL H1 COM BATERIA;OP66;ROSA TURISMO;DF41;Envio para manutenção central-CTG;1
01/03/2024;COT20;ROSA TURISMO;EQ36;CCIT 4.0 FRONTAL H1 COM BATERIA;OP66;ROSA TURISMO;DF113;Restaura RAM via PC;1
01/03/2024;COT19;SÃO JOÃO;EQ36;CCIT 4.0 FRONTAL H1 COM BATERIA;OP67;SÃO JOÃO;DF41;Envio para manutenção central-CTG;1
01/03/2024;COT19;SÃO JOÃO;EQ36;CCIT 4.0 FRONTAL H1 COM BATERIA;OP67;SÃO JOÃO;DF113;Restaura RAM via PC;9
01/03/2024;COT4;Setut;EQ6;CCIT 4.0 FRONTAL H2.1;;;DF41;Envio para manutenção central-CTG;8
01/03/2024;COT4;Setut;EQ6;CCIT 4.0 FRONTAL H2.1;;;DF60;Limpeza de cache;1
01/03/2024;COT18;Sindpautras;EQ6;CCIT 4.0 FRONTAL H2.1;OP48;SINDPAUTRAS-SIND. PERM. AUT. TRANSP. SU;DF51;Gravação BootLoader;9
01/03/2024;COT18;Sindpautras;EQ6;CCIT 4.0 FRONTAL H2.1;OP48;SINDPAUTRAS-SIND. PERM. AUT. TRANSP. SU;DF63;Lista restaurada;11
01/03/2024;COT18;Sindpautras;EQ6;CCIT 4.0 FRONTAL H2.1;OP48;SINDPAUTRAS-SIND. PERM. AUT. TRANSP. SU;DF88;Reparo com formatação e reinst. FW/SW;5
01/03/2024;COT18;Sindpautras;EQ6;CCIT 4.0 FRONTAL H2.1;OP48;SINDPAUTRAS-SIND. PERM. AUT. TRANSP. SU;DF93;Reparo no módulo;11
01/03/2024;COT18;Sindpautras;EQ6;CCIT 4.0 FRONTAL H2.1;OP48;SINDPAUTRAS-SIND. PERM. AUT. TRANSP. SU;DF272;Subst. Do Touchscreen do módulo;1
01/03/2024;COT18;Sindpautras;EQ6;CCIT 4.0 FRONTAL H2.1;OP48;SINDPAUTRAS-SIND. PERM. AUT. TRANSP. SU;DF26;Atualização do PIC;4
01/03/2024;COT18;Sindpautras;EQ6;CCIT 4.0 FRONTAL H2.1;OP48;SINDPAUTRAS-SIND. PERM. AUT. TRANSP. SU;DF9;Ajuste e aperto de conexão;1
01/03/2024;COT18;Sindpautras;EQ6;CCIT 4.0 FRONTAL H2.1;OP48;SINDPAUTRAS-SIND. PERM. AUT. TRANSP. SU;DF211;Subst. Do Equipamento completo;2
01/03/2024;COT18;Sindpautras;EQ6;CCIT 4.0 FRONTAL H2.1;OP48;SINDPAUTRAS-SIND. PERM. AUT. TRANSP. SU;DF76;Não lê cartão;1
01/03/2024;COT22;Taguatur;EQ35;CCIT 4.0 FRONTAL H2 COM BATERIA;OP82;TAGUATUR;DF41;Envio para manutenção central-CTG;22
01/03/2024;COT3;TEU;EQ36;CCIT 4.0 FRONTAL H1 COM BATERIA;;;DF60;Limpeza de cache;4
01/03/2024;COT3;TEU;EQ36;CCIT 4.0 FRONTAL H1 COM BATERIA;;;DF41;Envio para manutenção central-CTG;5
01/03/2024;COT3;TEU;EQ36;CCIT 4.0 FRONTAL H1 COM BATERIA;;;DF115;Restauração da ROM via PC;186
01/03/2024;COT3;TEU;EQ36;CCIT 4.0 FRONTAL H1 COM BATERIA;;;DF136;Subst. Da Bateria de Lithium;1
01/03/2024;COT3;TEU;EQ36;CCIT 4.0 FRONTAL H1 COM BATERIA;;;DF132;Substituição do SD card;12
01/03/2024;COT2;Transcard;EQ28;ATM;OP61;Setps (Transcard);DF237;Subst. Do Validador de Notas;3
01/03/2024;COT2;Transcard;EQ28;ATM;OP61;Setps (Transcard);DF218;Subst. Do Monitor;1
01/03/2024;COT2;Transcard;EQ28;ATM;OP61;Setps (Transcard);DF143;Subst. da Impressora;3
01/03/2024;COT2;Transcard;EQ28;ATM;OP61;Setps (Transcard);DF231;Subst. Do PINpad;2
01/03/2024;COT2;Transcard;EQ28;ATM;OP61;Setps (Transcard);DF284;Manutenção PC ATM;1
01/03/2024;COT2;Transcard;EQ28;ATM;OP61;Setps (Transcard);DF142;Subst. Da Fonte Lambda ATM;2
01/03/2024;COT2;Transcard;EQ28;ATM;OP61;Setps (Transcard);DF236;Subst. Do Teclado de Metal Frontal;1
01/03/2024;COT2;Transcard;EQ28;ATM;OP61;Setps (Transcard);DF228;Subst. Do PDV ATM;1
01/03/2024;COT2;Transcard;EQ6;CCIT 4.0 FRONTAL H2.1;;;DF41;Enviados para manutenção central CTG;35
01/03/2024;COT2;Transcard;EQ6;CCIT 4.0 FRONTAL H2.1;;;DF113;Restaura RAM via PC;103
01/03/2024;COT2;Transcard;EQ6;CCIT 4.0 FRONTAL H2.1;;;DF114;Restaura RAM via pendrive;22
01/03/2024;COT2;Transcard;EQ6;CCIT 4.0 FRONTAL H2.1;;;DF272;Subst. Do Touchscreen do módulo;52
01/03/2024;COT1;Transfacil;EQ28;ATM;OP27;TRANSFÁCIL;DF19;ATM - defeito não confirmado;8
01/03/2024;COT1;Transfacil;EQ28;ATM;OP27;TRANSFÁCIL;DF237;Subst. Do Validador de Notas;2
01/03/2024;COT1;Transfacil;EQ28;ATM;OP27;TRANSFÁCIL;DF197;Subst. Do Cofre;2
01/03/2024;COT1;Transfacil;EQ28;ATM;OP27;TRANSFÁCIL;DF67;Manutenção na Impressora;4
01/03/2024;COT1;Transfacil;EQ28;ATM;OP27;TRANSFÁCIL;DF258;Subst. Da Cabeça de Impressão;4
01/03/2024;COT1;Transfacil;EQ28;ATM;OP27;TRANSFÁCIL;DF65;Manutenção Cofre;2
01/03/2024;COT1;Transfacil;EQ28;ATM;OP27;TRANSFÁCIL;DF316;Alinhamento do Dispenser;1
01/03/2024;COT1;Transfacil;EQ28;ATM;OP27;TRANSFÁCIL;DF284;Manutenção PC ATM;1
01/03/2024;COT1;Transfacil;EQ28;ATM;OP27;TRANSFÁCIL;DF228;Subst. Do PDV ATM;1
01/03/2024;COT1;Transfacil;EQ6;CCIT 4.0 FRONTAL H2.1;;;DF21;Atualização de FW ;164
01/03/2024;COT1;Transfacil;EQ6;CCIT 4.0 FRONTAL H2.1;OP13;Estações BRT Move;DF21;Atualização de FW ;33
01/03/2024;COT1;Transfacil;EQ6;CCIT 4.0 FRONTAL H2.1;;;DF93;Reparo no módulo;177
01/03/2024;COT1;Transfacil;EQ6;CCIT 4.0 FRONTAL H2.1;OP13;Estações BRT Move;DF322;Restore do módulo;36
01/03/2024;COT1;Transfacil;EQ6;CCIT 4.0 FRONTAL H2.1;OP13;Estações BRT Move;DF306;Retirada da bateria;3
01/03/2024;COT1;Transfacil;EQ6;CCIT 4.0 FRONTAL H2.1;;;DF306;Retirada da bateria;4
01/03/2024;COT1;Transfacil;EQ6;CCIT 4.0 FRONTAL H2.1;;;DF131;Subst. Da Antena Wlan do CCIT;2
01/03/2024;COT1;Transfacil;EQ6;CCIT 4.0 FRONTAL H2.1;;;DF136;Subst. Da Carcaça inferior;6
01/03/2024;COT1;Transfacil;EQ6;CCIT 4.0 FRONTAL H2.1;;;DF210;Subst. Do Display CCIT;12
01/03/2024;COT1;Transfacil;EQ6;CCIT 4.0 FRONTAL H2.1;OP13;Estações BRT Move;DF210;Subst. Do Display CCIT;2
01/03/2024;COT1;Transfacil;EQ6;CCIT 4.0 FRONTAL H2.1;;;DF216;Subst. Do Módulo H2;19
01/03/2024;COT1;Transfacil;EQ6;CCIT 4.0 FRONTAL H2.1;;;DF272;Subst. Do Touchscreen do módulo;11
01/03/2024;COT1;Transfacil;EQ6;CCIT 4.0 FRONTAL H2.1;;;DF238;Subst. Do Vidro CCIT V4.0;4
01/03/2024;COT1;Transfacil;EQ6;CCIT 4.0 FRONTAL H2.1;;;DF63;Lista restaurada;174
01/03/2024;COT1;Transfacil;EQ6;CCIT 4.0 FRONTAL H2.1;;;DF242;Subst. Placa Mbccit;5
01/03/2024;COT1;Transfacil;EQ6;CCIT 4.0 FRONTAL H2.1;;;DF211;Subst. Do Equipamento completo;12
01/03/2024;COT1;Transfacil;EQ6;CCIT 4.0 FRONTAL H2.1;;;DF51;Gravação BootLoader;49
01/03/2024;COT1;Transfacil;EQ6;CCIT 4.0 FRONTAL H2.1;;;DF91;Reparo com Gravação de PIC e reinst. Do FW;20
01/03/2024;COT1;Transfacil;EQ6;CCIT 4.0 FRONTAL H2.1;;;DF20;Atualização de data;9
01/03/2024;COT1;Transfacil;EQ6;CCIT 4.0 FRONTAL H2.1;;;DF9;Ajuste e aperto de conexão;3
01/03/2024;COT1;Transfacil;EQ6;CCIT 4.0 FRONTAL H2.1;;;DF76;Não lê cartão;1
01/03/2024;COT1;Transfacil;EQ6;CCIT 4.0 FRONTAL H2.1;OP13;Estações BRT Move;DF63;Lista restaurada;37
01/03/2024;COT1;Transfacil;EQ6;CCIT 4.0 FRONTAL H2.1;OP13;Estações BRT Move;DF51;Gravação BootLoader;12
01/03/2024;COT1;Transfacil;EQ6;CCIT 4.0 FRONTAL H2.1;OP13;Estações BRT Move;DF26;Atualização do PIC;1
01/03/2024;COT1;Transfacil;EQ6;CCIT 4.0 FRONTAL H2.1;OP13;Estações BRT Move;DF276;Subst. Placa do Módulo;4
01/03/2024;COT1;Transfacil;EQ6;CCIT 4.0 FRONTAL H2.1;OP13;Estações BRT Move;DF136;Subst. Da Carcaça inferior;2
01/03/2024;COT1;Transfacil;EQ6;CCIT 4.0 FRONTAL H2.1;OP13;Estações BRT Move;DF20;Atualização de data;2
01/03/2024;COT1;Transfacil;EQ6;CCIT 4.0 FRONTAL H2.1;OP13;Estações BRT Move;DF272;Subst. Do Touchscreen do módulo;3
01/03/2024;COT1;Transfacil;EQ6;CCIT 4.0 FRONTAL H2.1;OP13;Estações BRT Move;DF238;Subst. Do Vidro CCIT V4.0;1
01/03/2024;COT1;Transfacil;EQ6;CCIT 4.0 FRONTAL H2.1;OP13;Estações BRT Move;DF211;Subst. Do Equipamento completo;1
01/03/2024;COT35;TURIN CONGONHAS;EQ5;CCIT 4.0 FRONTAL;OP138;VIAÇÃO TURIN CONGONHAS;DF21;Atualização de FW ;1
01/03/2024;COT35;TURIN CONGONHAS;EQ5;CCIT 4.0 FRONTAL;OP138;VIAÇÃO TURIN CONGONHAS;DF51;Gravação BootLoader;1
01/03/2024;COT35;TURIN CONGONHAS;EQ5;CCIT 4.0 FRONTAL;OP138;VIAÇÃO TURIN CONGONHAS;DF63;Lista restaurada;1
01/03/2024;COT35;TURIN CONGONHAS;EQ5;CCIT 4.0 FRONTAL;OP138;VIAÇÃO TURIN CONGONHAS;DF322;Restore do módulo;1
01/03/2024;COT23;UTB;EQ6;CCIT 4.0 FRONTAL H2.1;OP83;UTB;DF41;Envio para manutenção central-CTG;24
01/03/2024;COT16;Via Ouro;EQ6;CCIT 4.0 FRONTAL H2.1;OP49;VIA OURO COLETIVOS LTDA;DF51;Gravação BootLoader;1
01/03/2024;COT16;Via Ouro;EQ6;CCIT 4.0 FRONTAL H2.1;OP49;VIA OURO COLETIVOS LTDA;DF63;Lista restaurada;2
01/03/2024;COT16;Via Ouro;EQ6;CCIT 4.0 FRONTAL H2.1;OP49;VIA OURO COLETIVOS LTDA;DF90;Reparo com formatação e subst. FW/SW;1
01/03/2024;COT16;Via Ouro;EQ6;CCIT 4.0 FRONTAL H2.1;OP49;VIA OURO COLETIVOS LTDA;DF93;Reparo no módulo;2
01/03/2024;COT16;Via Ouro;EQ6;CCIT 4.0 FRONTAL H2.1;OP49;VIA OURO COLETIVOS LTDA;DF272;Subst. Do Touchscreen do módulo;2
01/03/2024;COT3;TEU;EQ14;DMX200 MOD H3.1;;;DF21;Atualização de FW ;1
01/03/2024;COT3;TEU;EQ14;DMX200 MOD H3.1;;;DF115;Restauração da ROM via PC;1
01/03/2024;COT2;Transcard;EQ16;PDM03;;;DF117;Restauração de módulos via PC e/ou SdCard;3
01/03/2024;COT25;COOTRAPS - CE;EQ14;DMX200 MOD H3.1;OP129;COOTRAPS;DF39;Enviados para manutenção central CTG;15
01/03/2024;COT19;SÃO JOÃO;EQ39;DMX200L JI21 SEM BATERIA;OP67;SÃO JOÃO;DF115;Restauração da ROM via PC;6
01/03/2024;COT20;ROSA TURISMO;EQ39;DMX200L JI21 SEM BATERIA;OP66;ROSA TURISMO;DF115;Restauração da ROM via PC;6
01/03/2024;COT33;FLORIANÓPOLIS;EQ15;DMX200L SEM BATERIA;;;DF41;Envio para manutenção central-CTG;14
01/03/2024;COT24;GVBUS;EQ14;DMX200 MOD H3.1;;;DF41;Envio para manutenção central-CTG;37
01/03/2024;COT20;ROSA TURISMO;EQ39;DMX200L JI21 SEM BATERIA;OP66;ROSA TURISMO;DF41;Envio para manutenção central-CTG;2
01/03/2024;COT19;SÃO JOÃO;EQ39;DMX200L JI21 SEM BATERIA;OP67;SÃO JOÃO;DF41;Envio para manutenção central-CTG;2
01/03/2024;COT25;COOTRAPS - CE;EQ14;DMX200 MOD H3.1;OP129;COOTRAPS;DF90;Reparo com formatação e subst. FW/SW;12
01/03/2024;COT25;COOTRAPS - CE;EQ14;DMX200 MOD H3.1;OP129;COOTRAPS;DF298;Subst. De placa do sensor;7
01/03/2024;COT1;Transfacil;EQ14;DMX200 MOD H3.1;;;DF21;Atualização de FW ;84
01/03/2024;COT16;Via Ouro;EQ39;DMX200L JI21 SEM BATERIA;;;DF21;Atualização de FW ;6
01/03/2024;COT12;DIVPASS;EQ13;DMX200L;OP124;DIVPASS;DF21;Atualização de FW ;12
01/03/2024;COT35;TURIN CONGONHAS;EQ5;CCIT 4.0 FRONTAL;OP138;VIAÇÃO TURIN CONGONHAS;DF21;Atualização de FW ;1
01/03/2024;COT4;Setut;EQ14;DMX200 MOD H3.1;;;DF41;Envio para manutenção central-CTG;18
01/03/2024;COT22;Taguatur PM NOVO;EQ39;DMX200L JI21 SEM BATERIA;OP82;TAGUATUR;DF41;Envio para manutenção central-CTG;41
01/03/2024;COT33;FLORIANÓPOLIS;EQ15;DMX200L SEM BATERIA;;;DF115;Restauração da ROM via PC;22
01/03/2024;COT3;TEU;EQ14;DMX200 MOD H3.1;;;DF41;Envio para manutenção central-CTG;5
01/03/2024;COT33;FLORIANÓPOLIS;EQ15;DMX200L SEM BATERIA;;;DF21;Atualização de FW ;26
01/03/2024;COT2;Transcard;EQ16;PDM03;;;DF41;Envio para manutenção central-CTG;2
01/03/2024;COT24;GVBUS;EQ14;DMX200 MOD H3.1;;;DF21;Atualização de FW ;68
01/03/2024;COT24;GVBUS;EQ14;DMX200 MOD H3.1;;;DF292;Ressolda conector USB;39
01/03/2024;COT24;GVBUS;EQ14;DMX200 MOD H3.1;;;DF322;Restore do módulo;14
01/03/2024;COT23;UTB;EQ40;DMX200L JI21 COM BATERIA;OP83;UTB;DF41;Envio para manutenção central-CTG;36
01/03/2024;COT24;GVBUS;EQ10;CONNECTION CCIT 4.0;;;DF278;Modificação circuito catraca;23
01/03/2024;COT24;GVBUS;EQ10;CONNECTION CCIT 4.0;;;DF41;Envio para manutenção central-CTG;5
01/03/2024;COT10;Metropolitano-Bahia;EQ10;CONNECTION CCIT 4.0;OP64;METROPOLITANO SSA;DF41;Envio para manutenção central-CTG;4
01/03/2024;COT10;Metropolitano-Bahia;EQ10;CONNECTION CCIT 4.0;OP64;METROPOLITANO SSA;DF50;FW Restaurado;4
01/03/2024;COT19;ROSA TURISMO;EQ10;CONNECTION CCIT 4.0;OP66;ROSA TURISMO;DF50;FW Restaurado;5
01/03/2024;COT19;ROSA TURISMO;EQ10;CONNECTION CCIT 4.0;OP66;ROSA TURISMO;DF41;Envio para manutenção central-CTG;1
01/03/2024;COT19;SÃO JOÃO;EQ10;CONNECTION CCIT 4.0;OP67;SÃO JOÃO;DF50;FW Restaurado;3
01/03/2024;COT19;SÃO JOÃO;EQ10;CONNECTION CCIT 4.0;OP67;SÃO JOÃO;DF41;Envio para manutenção central-CTG;1
01/03/2024;COT2;Transcard;EQ10;CONNECTION CCIT 4.0;;;DF46;Formatação da memória e subst. FW;40
01/03/2024;COT2;Transcard;EQ10;CONNECTION CCIT 4.0;;;DF41;Envio para manutenção central-CTG;24
01/03/2024;COT1;Transfacil;EQ10;CONNECTION CCIT 4.0;;;DF21;Atualização de FW ;22
01/03/2024;COT1;Transfacil;EQ10;CONNECTION CCIT 4.0;;;DF278;Modificação circuito catraca;3
01/03/2024;COT1;Transfacil;EQ10;CONNECTION CCIT 4.0;;;DF169;Subst. De Componente eletrônico;1
01/03/2024;COT1;Transfacil;EQ10;CONNECTION CCIT 4.0;;;DF26;Atualização do PIC;31
01/03/2024;COT1;Transfacil;EQ10;CONNECTION CCIT 4.0;;;DF51;Gravação BootLoader;9
01/03/2024;COT1;Transfacil;EQ10;CONNECTION CCIT 4.0;;;DF61;Limpeza e testes;1
01/03/2024;COT1;Transfacil;EQ10;CONNECTION CCIT 4.0;;;DF279;Modificado para Módulo JI21;1
01/03/2024;COT1;Transfacil;EQ10;CONNECTION CCIT 4.0;;;DF256;Substituição de fusível;1
01/03/2024;COT1;Transfacil;EQ10;CONNECTION CCIT 4.0;;;DF76;Não lê cartão;1
01/03/2024;COT1;Transfacil;EQ10;CONNECTION CCIT 4.0;;;DF211;Subst. Do Equipamento completo;2
01/03/2024;COT3;TEU;EQ22;V3000M;;;DF21;Atualização de FW ;46
01/03/2024;COT3;TEU;EQ22;V3000M;;;DF115;Restauração da ROM via PC;47
01/03/2024;COT3;TEU;EQ22;V3000M;;;DF41;Envio para manutenção central-CTG;5
01/03/2024;COT3;TEU;EQ22;V3000M;;;DF232;Subst. Do SDCard;6
01/03/2024;COT3;TEU;EQ22;V3000M;;;DF52;Gravação Supervisor;1
01/03/2024;COT3;TEU;EQ26;V3000M DVR;;;DF21;Atualização de FW ;14
01/03/2024;COT3;TEU;EQ26;V3000M DVR;;;DF115;Restauração da ROM via PC;9
01/03/2024;COT3;TEU;EQ26;V3000M DVR;;;DF41;Envio para manutenção central-CTG;5
01/03/2024;COT3;TEU;EQ26;V3000M DVR;;;DF232;Subst. Do SDCard;3
01/03/2024;COT1;Transfacil;EQ27;UT (FTV 3000);;;DF21;Atualização de FW ;1
01/03/2024;COT1;Transfacil;EQ27;UT (FTV 3000);;;DF198;Subst. Do componente eletrônico;5
01/03/2024;COT10;Metropolitano-Bahia;EQ31;POS 250;OP64;METROPOLITANO SSA;DF41;Envio para manutenção central-CTG;0
01/03/2024;COT2;Transcard;EQ31;POS 250;;;DF46;Envio para manutenção central-CTG;10
01/03/2024;COT2;Transcard;EQ31;POS 250;;;DF46;Formatação da memória e subst. FW;7
01/03/2024;COT25;COOTRAPS - CE;EQ17;FONTE PM;OP129;COOTRAPS;DF33;Defeito não encontrado - testes e liberação;2
01/03/2024;COT25;COOTRAPS - CE;EQ17;FONTE PM;OP129;COOTRAPS;DF41;Envio para manutenção central-CTG;2
01/04/2024;COT7;Alagoinhas;EQ34;CCIT 4.0 FRONTAL H2.1 C SEM BATERIA;OP68;ALAGOINHAS;DF113;Restaura RAM via PC;6
01/04/2024;COT7;Alagoinhas;EQ34;CCIT 4.0 FRONTAL H2.1 C SEM BATERIA;OP68;ALAGOINHAS;DF41;Envio para manutenção central-CTG;1
01/04/2024;COT21;Araguarina;EQ35;CCIT 4.0 FRONTAL H2 COM BATERIA;OP81;VIAÇÃO ARAGUARINA;DF41;Envio para manutenção central-CTG;3
01/04/2024;COT12;DIVPASS;EQ6;CCIT 4.0 FRONTAL H2.1;OP124;DIVPASS;DF20;Atualização de data;1
01/04/2024;COT12;DIVPASS;EQ6;CCIT 4.0 FRONTAL H2.1;OP124;DIVPASS;DF26;Atualização do PIC;1
01/04/2024;COT12;DIVPASS;EQ6;CCIT 4.0 FRONTAL H2.1;OP124;DIVPASS;DF136;Subst. Da Carcaça inferior;2
01/04/2024;COT12;DIVPASS;EQ6;CCIT 4.0 FRONTAL H2.1;OP124;DIVPASS;DF198;Subst. Do componente eletrônico;2
01/04/2024;COT12;DIVPASS;EQ6;CCIT 4.0 FRONTAL H2.1;OP124;DIVPASS;DF306;Retirada da bateria;3
01/04/2024;COT12;DIVPASS;EQ6;CCIT 4.0 FRONTAL H2.1;OP124;DIVPASS;DF209;Subst. Do Display;3
01/04/2024;COT12;DIVPASS;EQ6;CCIT 4.0 FRONTAL H2.1;OP124;DIVPASS;DF216;Subst. Do Módulo H2;3
01/04/2024;COT12;DIVPASS;EQ6;CCIT 4.0 FRONTAL H2.1;OP124;DIVPASS;DF93;Reparo com formatação e reinst. FW/SW;11
01/04/2024;COT12;DIVPASS;EQ6;CCIT 4.0 FRONTAL H2.1;OP124;DIVPASS;DF51;Gravação BootLoader;13
01/04/2024;COT12;DIVPASS;EQ6;CCIT 4.0 FRONTAL H2.1;OP124;DIVPASS;DF93;Reparo no módulo;14
01/04/2024;COT12;DIVPASS;EQ6;CCIT 4.0 FRONTAL H2.1;OP124;DIVPASS;DF63;Lista restaurada;15
01/04/2024;COT11;Gov. Valadares;EQ6;CCIT 4.0 FRONTAL H2.1;OP53;VIAÇÃO MOBI;DF51;Gravação BootLoader;6
01/04/2024;COT11;Gov. Valadares;EQ6;CCIT 4.0 FRONTAL H2.1;OP53;VIAÇÃO MOBI;DF63;Lista restaurada;8
01/04/2024;COT11;Gov. Valadares;EQ6;CCIT 4.0 FRONTAL H2.1;OP53;VIAÇÃO MOBI;DF93;Reparo com formatação e reinst. FW/SW;8
01/04/2024;COT11;Gov. Valadares;EQ6;CCIT 4.0 FRONTAL H2.1;OP53;VIAÇÃO MOBI;DF93;Reparo no módulo;8
01/04/2024;COT11;Gov. Valadares;EQ6;CCIT 4.0 FRONTAL H2.1;OP53;VIAÇÃO MOBI;DF216;Subst. Do Módulo H2;1
01/04/2024;COT11;Gov. Valadares;EQ6;CCIT 4.0 FRONTAL H2.1;OP53;VIAÇÃO MOBI;DF76;Não lê cartão;1
01/04/2024;COT11;Gov. Valadares;EQ6;CCIT 4.0 FRONTAL H2.1;OP53;VIAÇÃO MOBI;DF216;Subst. Do Módulo H2;1
01/04/2024;COT24;GVBUS;EQ28;ATM;OP108;GVBUS - SIND. DAS EMP. DE TRANP. METROP. DA GRANDE VITÓRIA;DF262;Retirada de nota ATM e testes;2
01/04/2024;COT24;GVBUS;EQ28;ATM;OP108;GVBUS - SIND. DAS EMP. DE TRANP. METROP. DA GRANDE VITÓRIA;DF74;Não emite Recibo;1
01/04/2024;COT24;GVBUS;EQ28;ATM;OP108;GVBUS - SIND. DAS EMP. DE TRANP. METROP. DA GRANDE VITÓRIA;DF87;Reparo com configuração Setup - Upex;3
01/04/2024;COT24;GVBUS;EQ6;CCIT 4.0 FRONTAL H2.1;;;DF41;Envio para manutenção central-CTG;53
01/04/2024;COT24;GVBUS;EQ6;CCIT 4.0 FRONTAL H2.1;;;DF322;Restore do módulo;146
01/04/2024;COT13;Mariana;EQ5;CCIT 4.0 FRONTAL;OP54;TRANSCOTTA MARIANA MG;DF51;Gravação BootLoader;1
01/04/2024;COT13;Mariana;EQ5;CCIT 4.0 FRONTAL;OP54;TRANSCOTTA MARIANA MG;DF63;Lista restaurada;1
01/04/2024;COT13;Mariana;EQ5;CCIT 4.0 FRONTAL;OP54;TRANSCOTTA MARIANA MG;DF93;Reparo no módulo;1
01/04/2024;COT13;Mariana;EQ5;CCIT 4.0 FRONTAL;OP54;TRANSCOTTA MARIANA MG;DF91;Reparo com Gravação de PIC e reinst. Do FW;1
01/04/2024;COT13;Mariana;EQ5;CCIT 4.0 FRONTAL;OP54;TRANSCOTTA MARIANA MG;DF136;Subst. Da Carcaça inferior;1
01/04/2024;COT6;Metro-Bahia;EQ28;ATM;OP63;METRO-BAHIA;DF237;Subst. Do Validador de Notas;11
01/04/2024;COT6;Metro-Bahia;EQ28;ATM;OP63;METRO-BAHIA;DF143;Subst. da Impressora;9
01/04/2024;COT6;Metro-Bahia;EQ28;ATM;OP63;METRO-BAHIA;DF67;Manutenção na Impressora;1
01/04/2024;COT6;Metro-Bahia;EQ28;ATM;OP63;METRO-BAHIA;DF228;Subst. Do PDV ATM;2
01/04/2024;COT6;Metro-Bahia;EQ28;ATM;OP63;METRO-BAHIA;DF260;Subst. HUB Serial;3
01/04/2024;COT6;Metro-Bahia;EQ28;ATM;OP63;METRO-BAHIA;DF141;Subst. Da Fonte do PDV ATM;1
01/04/2024;COT6;Metro-Bahia;EQ28;ATM;OP63;METRO-BAHIA;DF236;Subst. Do Teclado de Metal Frontal;2
01/04/2024;COT6;Metro-Bahia;EQ28;ATM;OP63;METRO-BAHIA;DF218;Subst. Do Monitor;2
01/04/2024;COT6;METRO-BAHIA;EQ6;CCIT 4.0 FRONTAL H2.1;OP64;METROPOLITANO SSA;DF113;Restaura RAM via PC;16
01/04/2024;COT6;METRO-BAHIA;EQ6;CCIT 4.0 FRONTAL H2.1;OP64;METROPOLITANO SSA;DF41;Envio para manutenção central-CTG;3
01/04/2024;COT5;METROFOR/ VLT FORTALEZA;EQ38;CCIT 4.0 METROFOR;OP105;METROFOR LINHA SUL;DF41;Envio para manutenção central-CTG;11
01/04/2024;COT5;METROFOR/ VLT FORTALEZA;EQ38;CCIT 4.0 METROFOR;OP105;METROFOR LINHA SUL;DF88;Reparo com formatação e reinst. FW/SW;5
01/04/2024;COT5;METROFOR/ VLT FORTALEZA;EQ38;CCIT 4.0 METROFOR;OP105;METROFOR LINHA SUL;DF113;Restaura RAM via PC;3
01/04/2024;COT5;METROFOR/ VLT FORTALEZA;EQ38;CCIT 4.0 METROFOR;OP105;METROFOR LINHA SUL;DF286;Subst. Tela;3
01/04/2024;COT10;Metropolitano-Bahia;EQ6;CCIT 4.0 FRONTAL H2.1;OP64;METROPOLITANO SSA;DF113;Restaura RAM via PC;27
01/04/2024;COT10;Metropolitano-Bahia;EQ6;CCIT 4.0 FRONTAL H2.1;OP64;METROPOLITANO SSA;DF272;Subst. Do Touchscreen do módulo;6
01/04/2024;COT10;Metropolitano-Bahia;EQ6;CCIT 4.0 FRONTAL H2.1;OP64;METROPOLITANO SSA;DF41;Envio para manutenção central-CTG;2
01/04/2024;COT20;ROSA TURISMO;EQ36;CCIT 4.0 FRONTAL H1 COM BATERIA;OP66;ROSA TURISMO;DF41;Envio para manutenção central-CTG;1
01/04/2024;COT20;ROSA TURISMO;EQ36;CCIT 4.0 FRONTAL H1 COM BATERIA;OP66;ROSA TURISMO;DF113;Restaura RAM via PC;1
01/04/2024;COT19;SÃO JOÃO;EQ36;CCIT 4.0 FRONTAL H1 COM BATERIA;OP67;SÃO JOÃO;DF41;Envio para manutenção central-CTG;1
01/04/2024;COT19;SÃO JOÃO;EQ36;CCIT 4.0 FRONTAL H1 COM BATERIA;OP67;SÃO JOÃO;DF113;Restaura RAM via PC;3
01/04/2024;COT17;São Jorge;EQ6;CCIT 4.0 FRONTAL H2.1;OP50;SÃO JORGE AUTO ONIBUS ;DF21;Atualização de FW ;3
01/04/2024;COT17;São Jorge;EQ6;CCIT 4.0 FRONTAL H2.1;OP50;SÃO JORGE AUTO ONIBUS ;DF63;Lista restaurada;2
01/04/2024;COT17;São Jorge;EQ6;CCIT 4.0 FRONTAL H2.1;OP50;SÃO JORGE AUTO ONIBUS ;DF51;Gravação BootLoader;3
01/04/2024;COT17;São Jorge;EQ6;CCIT 4.0 FRONTAL H2.1;OP50;SÃO JORGE AUTO ONIBUS ;DF322;Restore do módulo;3
01/04/2024;COT17;São Jorge;EQ6;CCIT 4.0 FRONTAL H2.1;OP50;SÃO JORGE AUTO ONIBUS ;DF272;Subst. Do Touchscreen do módulo;1
01/04/2024;COT17;São Jorge;EQ6;CCIT 4.0 FRONTAL H2.1;OP50;SÃO JORGE AUTO ONIBUS ;DF306;Retirada da bateria;1
01/04/2024;COT4;Setut;EQ6;CCIT 4.0 FRONTAL H2.1;;;DF41;Envio para manutenção central-CTG;17
01/04/2024;COT4;Setut;EQ6;CCIT 4.0 FRONTAL H2.1;;;DF60;Limpeza de cache;2
01/04/2024;COT4;Setut;EQ6;CCIT 4.0 FRONTAL H2.1;;;DF60;Restaura RAM via PC;2
01/04/2024;COT18;Sindpautras;EQ6;CCIT 4.0 FRONTAL H2.1;OP48;SINDPAUTRAS-SIND. PERM. AUT. TRANSP. SU;DF26;Atualização do PIC;1
01/04/2024;COT18;Sindpautras;EQ6;CCIT 4.0 FRONTAL H2.1;OP48;SINDPAUTRAS-SIND. PERM. AUT. TRANSP. SU;DF306;Retirada da bateria;1
01/04/2024;COT18;Sindpautras;EQ6;CCIT 4.0 FRONTAL H2.1;OP48;SINDPAUTRAS-SIND. PERM. AUT. TRANSP. SU;DF136;Subst. Da Carcaça inferior;2
01/04/2024;COT18;Sindpautras;EQ6;CCIT 4.0 FRONTAL H2.1;OP48;SINDPAUTRAS-SIND. PERM. AUT. TRANSP. SU;DF209;Subst. Do Display;3
01/04/2024;COT18;Sindpautras;EQ6;CCIT 4.0 FRONTAL H2.1;OP48;SINDPAUTRAS-SIND. PERM. AUT. TRANSP. SU;DF131;Subst. Da Antena Wlan do CCIT;3
01/04/2024;COT18;Sindpautras;EQ6;CCIT 4.0 FRONTAL H2.1;OP48;SINDPAUTRAS-SIND. PERM. AUT. TRANSP. SU;DF216;Subst. Do Módulo H2;7
01/04/2024;COT18;Sindpautras;EQ6;CCIT 4.0 FRONTAL H2.1;OP48;SINDPAUTRAS-SIND. PERM. AUT. TRANSP. SU;DF21;Atualização de FW ;21
01/04/2024;COT18;Sindpautras;EQ6;CCIT 4.0 FRONTAL H2.1;OP48;SINDPAUTRAS-SIND. PERM. AUT. TRANSP. SU;DF51;Gravação BootLoader;27
01/04/2024;COT18;Sindpautras;EQ6;CCIT 4.0 FRONTAL H2.1;OP48;SINDPAUTRAS-SIND. PERM. AUT. TRANSP. SU;DF63;Lista restaurada;29
01/04/2024;COT18;Sindpautras;EQ6;CCIT 4.0 FRONTAL H2.1;OP48;SINDPAUTRAS-SIND. PERM. AUT. TRANSP. SU;DF93;Reparo no módulo;30
01/04/2024;COT22;Taguatur;EQ35;CCIT 4.0 FRONTAL H2 COM BATERIA;OP82;TAGUATUR;DF41;Envio para manutenção central-CTG;24
01/04/2024;COT2;Transcard;EQ28;ATM;OP61;Setps (Transcard);DF237;Subst. Do Validador de Notas;5
01/04/2024;COT2;Transcard;EQ28;ATM;OP61;Setps (Transcard);DF143;Subst. da Impressora;4
01/04/2024;COT2;Transcard;EQ28;ATM;OP61;Setps (Transcard);DF231;Subst. Do PINpad;3
01/04/2024;COT2;Transcard;EQ28;ATM;OP61;Setps (Transcard);DF284;Manutenção PC ATM;4
01/04/2024;COT2;Transcard;EQ28;ATM;OP61;Setps (Transcard);DF228;Subst. Do PDV ATM;2
01/04/2024;COT2;Transcard;EQ6;CCIT 4.0 FRONTAL H2.1;;;DF41;Enviados para manutenção central CTG;40
01/04/2024;COT2;Transcard;EQ6;CCIT 4.0 FRONTAL H2.1;;;DF113;Restaura RAM via PC;94
01/04/2024;COT2;Transcard;EQ6;CCIT 4.0 FRONTAL H2.1;;;DF114;Restaura RAM via pendrive;34
01/04/2024;COT2;Transcard;EQ6;CCIT 4.0 FRONTAL H2.1;;;DF272;Subst. Do Touchscreen do módulo;36
01/04/2024;COT1;Transfacil;EQ28;ATM;OP27;TRANSFÁCIL;DF67;Manutenção na Impressora;1
01/04/2024;COT1;Transfacil;EQ28;ATM;OP27;TRANSFÁCIL;DF228;Subst. Do PDV ATM;1
01/04/2024;COT1;Transfacil;EQ28;ATM;OP27;TRANSFÁCIL;DF140;Subst. Da Fechadura Tetra Chave;1
01/04/2024;COT1;Transfacil;EQ28;ATM;OP27;TRANSFÁCIL;DF132;Subst. Da Bateria de Lithium;1
01/04/2024;COT1;Transfacil;EQ28;ATM;OP27;TRANSFÁCIL;DF266;Subst. Do cooler;1
01/04/2024;COT1;Transfacil;EQ28;ATM;OP27;TRANSFÁCIL;DF218;Subst. Do Monitor;1
01/04/2024;COT1;Transfacil;EQ28;ATM;OP27;TRANSFÁCIL;DF283;Subst. Tampa Plastico Validador de Notas;1
01/04/2024;COT1;Transfacil;EQ28;ATM;OP27;TRANSFÁCIL;DF258;Subst. Da Cabeça de Impressão;2
01/04/2024;COT1;Transfacil;EQ28;ATM;OP27;TRANSFÁCIL;DF212;Subst. Do HD;2
01/04/2024;COT1;Transfacil;EQ28;ATM;OP27;TRANSFÁCIL;DF10;Ajuste mecânico fechadura Porta Interna;2
01/04/2024;COT1;Transfacil;EQ28;ATM;OP27;TRANSFÁCIL;DF284;Manutenção PC ATM;3
01/04/2024;COT1;Transfacil;EQ28;ATM;OP27;TRANSFÁCIL;DF142;Subst. Da Fonte Lambda ATM;3
01/04/2024;COT1;Transfacil;EQ28;ATM;OP27;TRANSFÁCIL;DF207;Subst. Do Conversor Serial;3
01/04/2024;COT1;Transfacil;EQ28;ATM;OP27;TRANSFÁCIL;DF237;Subst. Do Validador de Notas;5
01/04/2024;COT1;Transfacil;EQ28;ATM;OP27;TRANSFÁCIL;DF19;ATM - defeito não confirmado;6
01/04/2024;COT1;Transfacil;EQ6;CCIT 4.0 FRONTAL H2.1;;;DF238;Subst. Do Vidro CCIT V4.0;1
01/04/2024;COT1;Transfacil;EQ6;CCIT 4.0 FRONTAL H2.1;OP13;Estações BRT Move;DF26;Atualização do PIC;1
01/04/2024;COT1;Transfacil;EQ6;CCIT 4.0 FRONTAL H2.1;;;DF9;Ajuste e aperto de conexão;1
01/04/2024;COT1;Transfacil;EQ6;CCIT 4.0 FRONTAL H2.1;OP13;Estações BRT Move;DF136;Subst. Da Carcaça inferior;5
01/04/2024;COT1;Transfacil;EQ6;CCIT 4.0 FRONTAL H2.1;OP13;Estações BRT Move;DF272;Subst. Do Touchscreen do módulo;5
01/04/2024;COT1;Transfacil;EQ6;CCIT 4.0 FRONTAL H2.1;;;DF306;Retirada da bateria;3
01/04/2024;COT1;Transfacil;EQ6;CCIT 4.0 FRONTAL H2.1;;;DF20;Atualização de data;5
01/04/2024;COT1;Transfacil;EQ6;CCIT 4.0 FRONTAL H2.1;;;DF91;Reparo com Gravação de PIC e reinst. Do FW;8
01/04/2024;COT1;Transfacil;EQ6;CCIT 4.0 FRONTAL H2.1;;;DF136;Subst. Da Carcaça inferior;10
01/04/2024;COT1;Transfacil;EQ6;CCIT 4.0 FRONTAL H2.1;OP13;Estações BRT Move;DF51;Gravação BootLoader;6
01/04/2024;COT1;Transfacil;EQ6;CCIT 4.0 FRONTAL H2.1;;;DF242;Subst. Placa Mbccit;10
01/04/2024;COT1;Transfacil;EQ6;CCIT 4.0 FRONTAL H2.1;;;DF169;Subst. De Componente eletrônico;11
01/04/2024;COT1;Transfacil;EQ6;CCIT 4.0 FRONTAL H2.1;;;DF216;Subst. Do Módulo H2;13
01/04/2024;COT1;Transfacil;EQ6;CCIT 4.0 FRONTAL H2.1;;;DF272;Subst. Do Touchscreen do módulo;14
01/04/2024;COT1;Transfacil;EQ6;CCIT 4.0 FRONTAL H2.1;;;DF210;Subst. Do Display CCIT;20
01/04/2024;COT1;Transfacil;EQ6;CCIT 4.0 FRONTAL H2.1;;;DF51;Gravação BootLoader;41
01/04/2024;COT1;Transfacil;EQ6;CCIT 4.0 FRONTAL H2.1;;;DF21;Atualização de FW ;166
01/04/2024;COT1;Transfacil;EQ6;CCIT 4.0 FRONTAL H2.1;;;DF93;Reparo no módulo;173
01/04/2024;COT1;Transfacil;EQ6;CCIT 4.0 FRONTAL H2.1;;;DF63;Lista restaurada;176
01/04/2024;COT1;Transfacil;EQ6;CCIT 4.0 FRONTAL H2.1;OP13;Estações BRT Move;DF210;Subst. Do Display CCIT;9
01/04/2024;COT1;Transfacil;EQ6;CCIT 4.0 FRONTAL H2.1;OP13;Estações BRT Move;DF322;Restore do módulo;37
01/04/2024;COT1;Transfacil;EQ6;CCIT 4.0 FRONTAL H2.1;OP13;Estações BRT Move;DF21;Atualização de FW ;39
01/04/2024;COT1;Transfacil;EQ6;CCIT 4.0 FRONTAL H2.1;OP13;Estações BRT Move;DF63;Lista restaurada;39
01/04/2024;COT14;TURIN OURO PRETO;EQ6;CCIT 4.0 FRONTAL H2.1;OP52;VIAÇÃO TURIN OURO PRETO;DF21;Atualização de FW ;1
01/04/2024;COT14;TURIN OURO PRETO;EQ6;CCIT 4.0 FRONTAL H2.1;OP52;VIAÇÃO TURIN OURO PRETO;DF51;Gravação BootLoader;1
01/04/2024;COT14;TURIN OURO PRETO;EQ6;CCIT 4.0 FRONTAL H2.1;OP52;VIAÇÃO TURIN OURO PRETO;DF90;Reparo com formatação e subst. FW/SW;1
01/04/2024;COT14;TURIN OURO PRETO;EQ6;CCIT 4.0 FRONTAL H2.1;OP52;VIAÇÃO TURIN OURO PRETO;DF93;Reparo no módulo;1
01/04/2024;COT14;TURIN OURO PRETO;EQ6;CCIT 4.0 FRONTAL H2.1;OP52;VIAÇÃO TURIN OURO PRETO;DF306;Retirada da bateria;1
01/04/2024;COT23;UTB;EQ6;CCIT 4.0 FRONTAL H2.1;OP83;UTB;DF41;Envio para manutenção central-CTG;36
01/04/2024;COT16;Via Ouro;EQ6;CCIT 4.0 FRONTAL H2.1;OP49;VIA OURO COLETIVOS LTDA;DF63;Lista restaurada;1
01/04/2024;COT16;Via Ouro;EQ6;CCIT 4.0 FRONTAL H2.1;OP49;VIA OURO COLETIVOS LTDA;DF90;Reparo com formatação e subst. FW/SW;1
01/04/2024;COT16;Via Ouro;EQ6;CCIT 4.0 FRONTAL H2.1;OP49;VIA OURO COLETIVOS LTDA;DF322;Restore do módulo;1
01/04/2024;COT16;Via Ouro;EQ6;CCIT 4.0 FRONTAL H2.1;OP49;VIA OURO COLETIVOS LTDA;DF272;Subst. Do Touchscreen do módulo;1
01/04/2024;COT24;GVBUS;EQ14;DMX200 MOD H3.1;;;DF21;Atualização de FW ;92
01/04/2024;COT24;GVBUS;EQ14;DMX200 MOD H3.1;;;DF292;Ressolda conector USB;17
01/04/2024;COT2;Transcard;EQ16;PDM03;;;DF117;Restauração de módulos via PC e/ou SdCard;4
01/04/2024;COT24;GVBUS;EQ14;DMX200 MOD H3.1;;;DF41;Envio para manutenção central-CTG;53
01/04/2024;COT20;ROSA TURISMO;EQ39;DMX200L JI21 SEM BATERIA;OP66;ROSA TURISMO;DF115;Restauração da ROM via PC;7
01/04/2024;COT20;ROSA TURISMO;EQ39;DMX200L JI21 SEM BATERIA;OP66;ROSA TURISMO;DF41;Envio para manutenção central-CTG;1
01/04/2024;COT20;ROSA TURISMO;EQ39;DMX200L JI21 SEM BATERIA;OP66;ROSA TURISMO;DF300;Ressolda antena GPRS e slot de chip;4
01/04/2024;COT19;SÃO JOÃO;EQ39;DMX200L JI21 SEM BATERIA;OP67;SÃO JOÃO;DF115;Restauração da ROM via PC;7
01/04/2024;COT19;SÃO JOÃO;EQ39;DMX200L JI21 SEM BATERIA;OP67;SÃO JOÃO;DF41;Envio para manutenção central-CTG;2
01/04/2024;COT19;SÃO JOÃO;EQ39;DMX200L JI21 SEM BATERIA;OP67;SÃO JOÃO;DF300;Ressolda antena GPRS e slot de chip;2
01/04/2024;COT4;Setut;EQ14;DMX200 MOD H3.1;;;DF41;Envio para manutenção central-CTG;16
01/04/2024;COT22;Taguatur PM NOVO;EQ39;DMX200L JI21 SEM BATERIA;OP82;TAGUATUR;DF41;Envio para manutenção central-CTG;10
01/04/2024;COT2;Transcard;EQ16;PDM03;;;DF41;Envio para manutenção central-CTG;1
01/04/2024;COT1;Transfacil;EQ14;DMX200 MOD H3.1;;;DF21;Atualização de FW ;74
01/04/2024;COT1;Transfacil;EQ14;DMX200 MOD H3.1;;;DF61;Limpeza e testes;19
01/04/2024;COT1;Transfacil;EQ14;DMX200 MOD H3.1;;;DF46;Formatação da memória e subst. FW;20
01/04/2024;COT1;Transfacil;EQ14;DMX200 MOD H3.1;;;DF267;Ressolda USB Interface;20
01/04/2024;COT1;Transfacil;EQ14;DMX200 MOD H3.1;;;DF271;Subst. Do Vidro;3
01/04/2024;COT1;Transfacil;EQ14;DMX200 MOD H3.1;;;DF209;Subst. Do Display;1
01/04/2024;COT1;Transfacil;EQ14;DMX200 MOD H3.1;;;DF272;Subst. Do Touchscreen do módulo;2
01/04/2024;COT1;Transfacil;EQ14;DMX200 MOD H3.1;;;DF211;Subst. Do Equipamento completo;9
01/04/2024;COT1;Transfacil;EQ14;DMX200 MOD H3.1;;;DF300;Ressolda antena GPRS e slot de chip;3
01/04/2024;COT1;Transfacil;EQ14;DMX200 MOD H3.1;;;DF221;Subst. do Painel Frontal;1
01/04/2024;COT16;Via Ouro;EQ39;DMX200L JI21 SEM BATERIA;;;DF21;Atualização de FW ;2
01/04/2024;COT11;Gov. Valadares;EQ13;DMX200L;OP53;VIAÇÃO MOBI;DF21;Atualização de FW ;12
01/04/2024;COT11;Gov. Valadares;EQ13;DMX200L;OP53;VIAÇÃO MOBI;DF271;Subst. Do Vidro;1
01/04/2024;COT11;Gov. Valadares;EQ13;DMX200L;OP53;VIAÇÃO MOBI;DF272;Subst. Do Touchscreen do módulo;1
01/04/2024;COT11;Gov. Valadares;EQ13;DMX200L;OP53;VIAÇÃO MOBI;DF211;Subst. Do Equipamento completo;1
01/04/2024;COT11;Gov. Valadares;EQ13;DMX200L;OP53;VIAÇÃO MOBI;DF137;Subst. Da Carcaça Traseira;1
01/04/2024;COT12;DIVPASS;EQ13;DMX200L;OP124;DIVPASS;DF21;Atualização de FW ;13
01/04/2024;COT12;DIVPASS;EQ13;DMX200L;OP124;DIVPASS;DF271;Subst. Do Vidro;1
01/04/2024;COT12;DIVPASS;EQ13;DMX200L;OP124;DIVPASS;DF272;Subst. Do Touchscreen do módulo;1
01/04/2024;COT23;UTB;EQ40;DMX200L JI21 COM BATERIA;OP83;UTB;DF41;Envio para manutenção central-CTG;40
01/04/2024;COT24;GVBUS;EQ10;CONNECTION CCIT 4.0;;;DF278;Modificação circuito catraca;15
01/04/2024;COT24;GVBUS;EQ10;CONNECTION CCIT 4.0;;;DF41;Envio para manutenção central-CTG;3
01/04/2024;COT19;ROSA TURISMO;EQ10;CONNECTION CCIT 4.0;OP66;ROSA TURISMO;DF50;FW Restaurado;3
01/04/2024;COT19;ROSA TURISMO;EQ10;CONNECTION CCIT 4.0;OP66;ROSA TURISMO;DF41;Envio para manutenção central-CTG;1
01/04/2024;COT19;SÃO JOÃO;EQ10;CONNECTION CCIT 4.0;OP67;SÃO JOÃO;DF50;FW Restaurado;1
01/04/2024;COT19;SÃO JOÃO;EQ10;CONNECTION CCIT 4.0;OP67;SÃO JOÃO;DF41;Envio para manutenção central-CTG;0
01/04/2024;COT4;Setut;EQ10;CONNECTION CCIT 4.0;;;DF41;Envio para manutenção central-CTG;6
01/04/2024;COT2;Transcard;EQ10;CONNECTION CCIT 4.0;;;DF46;Formatação da memória e subst. FW;55
01/04/2024;COT2;Transcard;EQ10;CONNECTION CCIT 4.0;;;DF41;Envio para manutenção central-CTG;26
01/04/2024;COT1;Transfacil;EQ10;CONNECTION CCIT 4.0;;;DF21;Atualização de FW ;18
01/04/2024;COT1;Transfacil;EQ10;CONNECTION CCIT 4.0;;;DF278;Modificação circuito catraca;3
01/04/2024;COT1;Transfacil;EQ10;CONNECTION CCIT 4.0;;;DF169;Subst. De Componente eletrônico;5
01/04/2024;COT1;Transfacil;EQ10;CONNECTION CCIT 4.0;;;DF26;Atualização do PIC;21
01/04/2024;COT1;Transfacil;EQ10;CONNECTION CCIT 4.0;;;DF51;Gravação BootLoader;3
01/04/2024;COT1;Transfacil;EQ10;CONNECTION CCIT 4.0;;;DF61;Limpeza e testes;1
01/04/2024;COT1;Transfacil;EQ10;CONNECTION CCIT 4.0;;;DF256;Substituição de fusível;3
01/04/2024;COT1;Transfacil;EQ10;CONNECTION CCIT 4.0;;;DF153;Subst. Da Placa Fonte;1
01/04/2024;COT1;Transfacil;EQ10;CONNECTION CCIT 4.0;;;DF136;Subst. Da Carcaça inferior;2
01/04/2024;COT1;Transfacil;EQ27;UT (FTV 3000);;;DF21;Atualização de FW ;7
01/04/2024;COT1;Transfacil;EQ27;UT (FTV 3000);;;DF198;Subst. Do componente eletrônico;5
01/04/2024;COT24;GVBUS;EQ33;POS MOVE 2500;;;DF41;Envio para manutenção central-CTG;10
01/04/2024;COT10;Metropolitano-Bahia;EQ31;POS 250;OP64;METROPOLITANO SSA;DF41;Envio para manutenção central-CTG;4
01/04/2024;COT10;Metropolitano-Bahia;EQ31;POS 250;OP64;METROPOLITANO SSA;DF21;Atualização de FW ;7
01/04/2024;COT2;Transcard;EQ31;POS 250;;;DF46;Envio para manutenção central-CTG;2
01/04/2024;COT2;Transcard;EQ31;POS 250;;;DF46;Formatação da memória e subst. FW;1
01/05/2024;COT7;Alagoinhas;EQ34;CCIT 4.0 FRONTAL H2.1 C SEM BATERIA;OP68;ALAGOINHAS;DF113;Restaura RAM via PC;4
01/05/2024;COT21;Araguarina;EQ35;CCIT 4.0 FRONTAL H2 COM BATERIA;OP81;VIAÇÃO ARAGUARINA;DF41;Envio para manutenção central-CTG;1
01/05/2024;COT37;CATEDRAL;EQ6;CCIT 4.0 FRONTAL H2.1;OP144;CATEDRAL;DF41;Envio para manutenção central-CTG;7
01/05/2024;COT8;CBTU;EQ1;CCIT 3.0;OP47;CBTU - COMPANHIA BRASILEIRA DE TRENS URBANOS;DF21;Atualização de FW ;1
01/05/2024;COT8;CBTU;EQ1;CCIT 3.0;OP47;CBTU - COMPANHIA BRASILEIRA DE TRENS URBANOS;DF63;Lista restaurada;1
01/05/2024;COT8;CBTU;EQ1;CCIT 3.0;OP47;CBTU - COMPANHIA BRASILEIRA DE TRENS URBANOS;DF20;Atualização de data;1
01/05/2024;COT12;DIVPASS;EQ6;CCIT 4.0 FRONTAL H2.1;OP124;DIVPASS;DF26;Atualização do PIC;1
01/05/2024;COT12;DIVPASS;EQ6;CCIT 4.0 FRONTAL H2.1;OP124;DIVPASS;DF198;Subst. Do componente eletrônico;1
01/05/2024;COT12;DIVPASS;EQ6;CCIT 4.0 FRONTAL H2.1;OP124;DIVPASS;DF216;Subst. Do Módulo H2;3
01/05/2024;COT12;DIVPASS;EQ6;CCIT 4.0 FRONTAL H2.1;OP124;DIVPASS;DF136;Subst. Da Carcaça inferior;4
01/05/2024;COT12;DIVPASS;EQ6;CCIT 4.0 FRONTAL H2.1;OP124;DIVPASS;DF272;Subst. Do Touchscreen do módulo;5
01/05/2024;COT12;DIVPASS;EQ6;CCIT 4.0 FRONTAL H2.1;OP124;DIVPASS;DF21;Atualização de FW ;20
01/05/2024;COT12;DIVPASS;EQ6;CCIT 4.0 FRONTAL H2.1;OP124;DIVPASS;DF51;Gravação BootLoader;24
01/05/2024;COT12;DIVPASS;EQ6;CCIT 4.0 FRONTAL H2.1;OP124;DIVPASS;DF93;Reparo no módulo;24
01/05/2024;COT12;DIVPASS;EQ6;CCIT 4.0 FRONTAL H2.1;OP124;DIVPASS;DF63;Lista restaurada;24
01/05/2024;COT11;Gov. Valadares;EQ6;CCIT 4.0 FRONTAL H2.1;OP53;VIAÇÃO MOBI;DF51;Gravação BootLoader;11
01/05/2024;COT11;Gov. Valadares;EQ6;CCIT 4.0 FRONTAL H2.1;OP53;VIAÇÃO MOBI;DF63;Lista restaurada;12
01/05/2024;COT11;Gov. Valadares;EQ6;CCIT 4.0 FRONTAL H2.1;OP53;VIAÇÃO MOBI;DF93;Reparo com formatação e reinst. FW/SW;10
01/05/2024;COT11;Gov. Valadares;EQ6;CCIT 4.0 FRONTAL H2.1;OP53;VIAÇÃO MOBI;DF93;Reparo no módulo;13
01/05/2024;COT11;Gov. Valadares;EQ6;CCIT 4.0 FRONTAL H2.1;OP53;VIAÇÃO MOBI;DF216;Subst. Do Módulo H2;3
01/05/2024;COT11;Gov. Valadares;EQ6;CCIT 4.0 FRONTAL H2.1;OP53;VIAÇÃO MOBI;DF210;Subst. Do Display CCIT;2
01/05/2024;COT11;Gov. Valadares;EQ6;CCIT 4.0 FRONTAL H2.1;OP53;VIAÇÃO MOBI;DF272;Subst. Do Touchscreen do módulo;2
01/05/2024;COT11;Gov. Valadares;EQ6;CCIT 4.0 FRONTAL H2.1;OP53;VIAÇÃO MOBI;DF198;Subst. Do componente eletrônico;3
01/05/2024;COT24;GVBUS;EQ28;ATM;OP108;GVBUS - SIND. DAS EMP. DE TRANP. METROP. DA GRANDE VITÓRIA;DF262;Retirada de nota ATM e testes;4
01/05/2024;COT24;GVBUS;EQ28;ATM;OP108;GVBUS - SIND. DAS EMP. DE TRANP. METROP. DA GRANDE VITÓRIA;DF296;ATM - sem conexão com internet;4
01/05/2024;COT24;GVBUS;EQ28;ATM;OP108;GVBUS - SIND. DAS EMP. DE TRANP. METROP. DA GRANDE VITÓRIA;DF308;Erro COF 67 ATM;1
01/05/2024;COT24;GVBUS;EQ6;CCIT 4.0 FRONTAL H2.1;;;DF89;Reparo com Formatação e Subst. De FW;121
01/05/2024;COT24;GVBUS;EQ6;CCIT 4.0 FRONTAL H2.1;;;DF41;Envio para manutenção central-CTG;38
01/05/2024;COT24;GVBUS;EQ6;CCIT 4.0 FRONTAL H2.1;;;DF322;Restore do módulo;24
01/05/2024;COT13;Mariana;EQ5;CCIT 4.0 FRONTAL;OP54;TRANSCOTTA MARIANA MG;DF51;Gravação BootLoader;2
01/05/2024;COT13;Mariana;EQ5;CCIT 4.0 FRONTAL;OP54;TRANSCOTTA MARIANA MG;DF63;Lista restaurada;4
01/05/2024;COT13;Mariana;EQ5;CCIT 4.0 FRONTAL;OP54;TRANSCOTTA MARIANA MG;DF21;Atualização de FW ;4
01/05/2024;COT13;Mariana;EQ5;CCIT 4.0 FRONTAL;OP54;TRANSCOTTA MARIANA MG;DF322;Restore do módulo;4
01/05/2024;COT13;Mariana;EQ5;CCIT 4.0 FRONTAL;OP54;TRANSCOTTA MARIANA MG;DF136;Subst. Da Carcaça inferior;1
01/05/2024;COT13;Mariana;EQ5;CCIT 4.0 FRONTAL;OP54;TRANSCOTTA MARIANA MG;DF306;Retirada da bateria;1
01/05/2024;COT13;Mariana;EQ5;CCIT 4.0 FRONTAL;OP54;TRANSCOTTA MARIANA MG;DF135;Subst. Da Carcaça frontal;1
01/05/2024;COT13;Mariana;EQ5;CCIT 4.0 FRONTAL;OP54;TRANSCOTTA MARIANA MG;DF238;Subst. Do Vidro CCIT V4.0;1
01/05/2024;COT13;Mariana;EQ5;CCIT 4.0 FRONTAL;OP54;TRANSCOTTA MARIANA MG;DF272;Subst. Do Touchscreen do módulo;1
01/05/2024;COT6;Metro-Bahia;EQ28;ATM;OP63;METRO-BAHIA;DF237;Subst. Do Validador de Notas;12
01/05/2024;COT6;Metro-Bahia;EQ28;ATM;OP63;METRO-BAHIA;DF143;Subst. da Impressora;3
01/05/2024;COT6;Metro-Bahia;EQ28;ATM;OP63;METRO-BAHIA;DF218;Subst. Do Monitor;2
01/05/2024;COT6;Metro-Bahia;EQ28;ATM;OP63;METRO-BAHIA;DF5;Ajuste da porta Externa;1
01/05/2024;COT6;Metro-Bahia;EQ28;ATM;OP63;METRO-BAHIA;DF260;Subst. HUB Serial;1
01/05/2024;COT6;Metro-Bahia;EQ28;ATM;OP63;METRO-BAHIA;DF284;Manutenção PC ATM;2
01/05/2024;COT6;METRO-BAHIA;EQ6;CCIT 4.0 FRONTAL H2.1;OP64;METROPOLITANO SSA;DF113;Restaura RAM via PC;13
01/05/2024;COT6;METRO-BAHIA;EQ6;CCIT 4.0 FRONTAL H2.1;OP64;METROPOLITANO SSA;DF41;Envio para manutenção central-CTG;2
01/05/2024;COT5;METROFOR/ VLT FORTALEZA;EQ38;CCIT 4.0 METROFOR;OP105;METROFOR LINHA SUL;DF41;Envio para manutenção central-CTG;5
01/05/2024;COT5;METROFOR/ VLT FORTALEZA;EQ38;CCIT 4.0 METROFOR;OP105;METROFOR LINHA SUL;DF113;Restaura RAM via PC;10
01/05/2024;COT5;METROFOR/ VLT FORTALEZA;EQ38;CCIT 4.0 METROFOR;OP105;METROFOR LINHA SUL;DF286;Subst. Tela;3
01/05/2024;COT10;Metropolitano-Bahia;EQ6;CCIT 4.0 FRONTAL H2.1;OP64;METROPOLITANO SSA;DF113;Restaura RAM via PC;21
01/05/2024;COT10;Metropolitano-Bahia;EQ6;CCIT 4.0 FRONTAL H2.1;OP64;METROPOLITANO SSA;DF272;Subst. Do Touchscreen do módulo;6
01/05/2024;COT10;Metropolitano-Bahia;EQ6;CCIT 4.0 FRONTAL H2.1;OP64;METROPOLITANO SSA;DF41;Envio para manutenção central-CTG;6
01/05/2024;COT19;SÃO JOÃO;EQ36;CCIT 4.0 FRONTAL H1 COM BATERIA;OP67;SÃO JOÃO;DF113;Restaura RAM via PC;7
01/05/2024;COT17;São Jorge;EQ6;CCIT 4.0 FRONTAL H2.1;OP50;SÃO JORGE AUTO ONIBUS ;DF21;Atualização de FW ;2
01/05/2024;COT17;São Jorge;EQ6;CCIT 4.0 FRONTAL H2.1;OP50;SÃO JORGE AUTO ONIBUS ;DF63;Lista restaurada;2
01/05/2024;COT17;São Jorge;EQ6;CCIT 4.0 FRONTAL H2.1;OP50;SÃO JORGE AUTO ONIBUS ;DF51;Gravação BootLoader;2
01/05/2024;COT17;São Jorge;EQ6;CCIT 4.0 FRONTAL H2.1;OP50;SÃO JORGE AUTO ONIBUS ;DF322;Restore do módulo;2
01/05/2024;COT17;São Jorge;EQ6;CCIT 4.0 FRONTAL H2.1;OP50;SÃO JORGE AUTO ONIBUS ;DF216;Subst. Do Módulo H2;1
01/05/2024;COT4;Setut;EQ6;CCIT 4.0 FRONTAL H2.1;;;DF41;Envio para manutenção central-CTG;13
01/05/2024;COT18;Sindpautras;EQ6;CCIT 4.0 FRONTAL H2.1;OP48;SINDPAUTRAS-SIND. PERM. AUT. TRANSP. SU;DF136;Subst. Da Carcaça inferior;5
01/05/2024;COT18;Sindpautras;EQ6;CCIT 4.0 FRONTAL H2.1;OP48;SINDPAUTRAS-SIND. PERM. AUT. TRANSP. SU;DF209;Subst. Do Display;3
01/05/2024;COT18;Sindpautras;EQ6;CCIT 4.0 FRONTAL H2.1;OP48;SINDPAUTRAS-SIND. PERM. AUT. TRANSP. SU;DF21;Atualização de FW ;5
01/05/2024;COT18;Sindpautras;EQ6;CCIT 4.0 FRONTAL H2.1;OP48;SINDPAUTRAS-SIND. PERM. AUT. TRANSP. SU;DF51;Gravação BootLoader;28
01/05/2024;COT18;Sindpautras;EQ6;CCIT 4.0 FRONTAL H2.1;OP48;SINDPAUTRAS-SIND. PERM. AUT. TRANSP. SU;DF63;Lista restaurada;30
01/05/2024;COT18;Sindpautras;EQ6;CCIT 4.0 FRONTAL H2.1;OP48;SINDPAUTRAS-SIND. PERM. AUT. TRANSP. SU;DF93;Reparo no módulo;31
01/05/2024;COT22;Taguatur;EQ35;CCIT 4.0 FRONTAL H2 COM BATERIA;OP82;TAGUATUR;DF41;Envio para manutenção central-CTG;19
01/05/2024;COT2;Transcard;EQ28;ATM;OP61;Setps (Transcard);DF237;Subst. Do Validador de Notas;4
01/05/2024;COT2;Transcard;EQ28;ATM;OP61;Setps (Transcard);DF143;Subst. da Impressora;3
01/05/2024;COT2;Transcard;EQ28;ATM;OP61;Setps (Transcard);DF4;Ajuste da Porta do Cofre;2
01/05/2024;COT2;Transcard;EQ28;ATM;OP61;Setps (Transcard);DF218;Subst. Do Monitor;1
01/05/2024;COT2;Transcard;EQ6;CCIT 4.0 FRONTAL H2.1;;;DF41;Enviados para manutenção central CTG;45
01/05/2024;COT2;Transcard;EQ6;CCIT 4.0 FRONTAL H2.1;;;DF113;Restaura RAM via PC;87
01/05/2024;COT2;Transcard;EQ6;CCIT 4.0 FRONTAL H2.1;;;DF114;Restaura RAM via pendrive;27
01/05/2024;COT2;Transcard;EQ6;CCIT 4.0 FRONTAL H2.1;;;DF272;Subst. Do Touchscreen do módulo;48
01/05/2024;COT1;Transfacil;EQ28;ATM;OP27;TRANSFÁCIL;DF67;Manutenção na Impressora;3
01/05/2024;COT1;Transfacil;EQ28;ATM;OP27;TRANSFÁCIL;DF218;Subst. Do Monitor;1
01/05/2024;COT1;Transfacil;EQ28;ATM;OP27;TRANSFÁCIL;DF258;Subst. Da Cabeça de Impressão;1
01/05/2024;COT1;Transfacil;EQ28;ATM;OP27;TRANSFÁCIL;DF212;Subst. Do HD;2
01/05/2024;COT1;Transfacil;EQ28;ATM;OP27;TRANSFÁCIL;DF10;Ajuste mecânico fechadura Porta Interna;1
01/05/2024;COT1;Transfacil;EQ28;ATM;OP27;TRANSFÁCIL;DF284;Manutenção PC ATM;1
01/05/2024;COT1;Transfacil;EQ28;ATM;OP27;TRANSFÁCIL;DF207;Subst. Do Conversor Serial;2
01/05/2024;COT1;Transfacil;EQ28;ATM;OP27;TRANSFÁCIL;DF237;Subst. Do Validador de Notas;8
01/05/2024;COT1;Transfacil;EQ28;ATM;OP27;TRANSFÁCIL;DF19;ATM - defeito não confirmado;8
01/05/2024;COT1;Transfacil;EQ28;ATM;OP27;TRANSFÁCIL;DF143;Subst. da Impressora;6
01/05/2024;COT1;Transfacil;EQ28;ATM;OP27;TRANSFÁCIL;DF208;Subst. Do Dispenser do cartão;4
01/05/2024;COT1;Transfacil;EQ28;ATM;OP27;TRANSFÁCIL;DF128;Subst. Da antena Cless;1
01/05/2024;COT1;Transfacil;EQ28;ATM;OP27;TRANSFÁCIL;DF227;Subst. Do PC ATM;3
01/05/2024;COT1;Transfacil;EQ28;ATM;OP27;TRANSFÁCIL;DF291;Subst. Da Placa Controladora da Impressora;1
01/05/2024;COT1;Transfacil;EQ28;ATM;OP27;TRANSFÁCIL;DF64;Mal contato - Filtro de Linha com Defeito;1
01/05/2024;COT1;Transfacil;EQ28;ATM;OP27;TRANSFÁCIL;DF141;Subst. Da Fonte do PDV ATM;1
01/05/2024;COT1;Transfacil;EQ28;ATM;OP27;TRANSFÁCIL;DF312;Ajustes cabo de rede;1
01/05/2024;COT1;Transfacil;EQ28;ATM;OP27;TRANSFÁCIL;DF5;Ajuste da porta Externa;2
01/05/2024;COT1;Transfacil;EQ6;CCIT 4.0 FRONTAL H2.1;;;DF238;Subst. Do Vidro CCIT V4.0;1
01/05/2024;COT1;Transfacil;EQ6;CCIT 4.0 FRONTAL H2.1;;;DF272;Subst. Do Touchscreen do módulo;1
01/05/2024;COT1;Transfacil;EQ6;CCIT 4.0 FRONTAL H2.1;;;DF94;Repassar SW via cabo;1
01/05/2024;COT1;Transfacil;EQ6;CCIT 4.0 FRONTAL H2.1;;;DF305;Subst. Do Buzzer;1
01/05/2024;COT1;Transfacil;EQ6;CCIT 4.0 FRONTAL H2.1;;;DF131;Subst. Da Antena Wlan do CCIT;1
01/05/2024;COT1;Transfacil;EQ6;CCIT 4.0 FRONTAL H2.1;;;DF242;Subst. Placa Mbccit;7
01/05/2024;COT1;Transfacil;EQ6;CCIT 4.0 FRONTAL H2.1;;;DF91;Reparo com Gravação de PIC e reinst. Do FW;10
01/05/2024;COT1;Transfacil;EQ6;CCIT 4.0 FRONTAL H2.1;;;DF169;Subst. De Componente eletrônico;10
01/05/2024;COT1;Transfacil;EQ6;CCIT 4.0 FRONTAL H2.1;;;DF216;Subst. Do Módulo H2;12
01/05/2024;COT1;Transfacil;EQ6;CCIT 4.0 FRONTAL H2.1;;;DF136;Subst. Da Carcaça inferior;13
01/05/2024;COT1;Transfacil;EQ6;CCIT 4.0 FRONTAL H2.1;;;DF210;Subst. Do Display CCIT;18
01/05/2024;COT1;Transfacil;EQ6;CCIT 4.0 FRONTAL H2.1;;;DF21;Atualização de FW ;67
01/05/2024;COT1;Transfacil;EQ6;CCIT 4.0 FRONTAL H2.1;;;DF20;Atualização de data;103
01/05/2024;COT1;Transfacil;EQ6;CCIT 4.0 FRONTAL H2.1;;;DF51;Gravação BootLoader;104
01/05/2024;COT1;Transfacil;EQ6;CCIT 4.0 FRONTAL H2.1;;;DF93;Reparo no módulo;170
01/05/2024;COT1;Transfacil;EQ6;CCIT 4.0 FRONTAL H2.1;;;DF63;Lista restaurada;170
01/05/2024;COT1;Transfacil;EQ6;CCIT 4.0 FRONTAL H2.1;OP13;Estações BRT Move;DF136;Subst. Da Carcaça inferior;1
01/05/2024;COT1;Transfacil;EQ6;CCIT 4.0 FRONTAL H2.1;OP13;Estações BRT Move;DF272;Subst. Do Touchscreen do módulo;1
01/05/2024;COT1;Transfacil;EQ6;CCIT 4.0 FRONTAL H2.1;OP13;Estações BRT Move;DF51;Gravação BootLoader;14
01/05/2024;COT1;Transfacil;EQ6;CCIT 4.0 FRONTAL H2.1;OP13;Estações BRT Move;DF210;Subst. Do Display CCIT;4
01/05/2024;COT1;Transfacil;EQ6;CCIT 4.0 FRONTAL H2.1;OP13;Estações BRT Move;DF322;Restore do módulo;27
01/05/2024;COT1;Transfacil;EQ6;CCIT 4.0 FRONTAL H2.1;OP13;Estações BRT Move;DF21;Atualização de FW ;13
01/05/2024;COT1;Transfacil;EQ6;CCIT 4.0 FRONTAL H2.1;OP13;Estações BRT Move;DF63;Lista restaurada;27
01/05/2024;COT1;Transfacil;EQ6;CCIT 4.0 FRONTAL H2.1;OP13;Estações BRT Move;DF20;Atualização de data;14
01/05/2024;COT1;Transfacil;EQ6;CCIT 4.0 FRONTAL H2.1;OP13;Estações BRT Move;DF238;Subst. Do Vidro CCIT V4.0;1
01/05/2024;COT1;Transfacil;EQ6;CCIT 4.0 FRONTAL H2.1;OP13;Estações BRT Move;DF242;Subst. Placa Mbccit;2
01/05/2024;COT1;Transfacil;EQ6;CCIT 4.0 FRONTAL H2.1;OP13;Estações BRT Move;DF276;Subst. Placa do Módulo;1
01/05/2024;COT14;TURIN OURO PRETO;EQ6;CCIT 4.0 FRONTAL H2.1;OP52;VIAÇÃO TURIN OURO PRETO;DF21;Atualização de FW ;4
01/05/2024;COT14;TURIN OURO PRETO;EQ6;CCIT 4.0 FRONTAL H2.1;OP52;VIAÇÃO TURIN OURO PRETO;DF51;Gravação BootLoader;5
01/05/2024;COT14;TURIN OURO PRETO;EQ6;CCIT 4.0 FRONTAL H2.1;OP52;VIAÇÃO TURIN OURO PRETO;DF90;Reparo com formatação e subst. FW/SW;4
01/05/2024;COT14;TURIN OURO PRETO;EQ6;CCIT 4.0 FRONTAL H2.1;OP52;VIAÇÃO TURIN OURO PRETO;DF93;Reparo no módulo;6
01/05/2024;COT14;TURIN OURO PRETO;EQ6;CCIT 4.0 FRONTAL H2.1;OP52;VIAÇÃO TURIN OURO PRETO;DF306;Retirada da bateria;1
01/05/2024;COT14;TURIN OURO PRETO;EQ6;CCIT 4.0 FRONTAL H2.1;OP52;VIAÇÃO TURIN OURO PRETO;DF136;Subst. Da Carcaça inferior;2
01/05/2024;COT14;TURIN OURO PRETO;EQ6;CCIT 4.0 FRONTAL H2.1;OP52;VIAÇÃO TURIN OURO PRETO;DF209;Subst. Do Display;5
01/05/2024;COT14;TURIN OURO PRETO;EQ6;CCIT 4.0 FRONTAL H2.1;OP52;VIAÇÃO TURIN OURO PRETO;DF306;Retirada da bateria;1
01/05/2024;COT14;TURIN OURO PRETO;EQ6;CCIT 4.0 FRONTAL H2.1;OP52;VIAÇÃO TURIN OURO PRETO;DF132;Subst. Da Bateria de Lithium;2
01/05/2024;COT14;TURIN OURO PRETO;EQ6;CCIT 4.0 FRONTAL H2.1;OP52;VIAÇÃO TURIN OURO PRETO;DF217;Subst. Do Módulo H3.1;1
01/05/2024;COT23;UTB;EQ6;CCIT 4.0 FRONTAL H2.1;OP83;UTB;DF41;Envio para manutenção central-CTG;7
01/05/2024;COT1;Transfacil;EQ14;DMX200 MOD H3.1;;;DF206;Subst. Do Conector USB;1
01/05/2024;COT1;Transfacil;EQ14;DMX200 MOD H3.1;;;DF300;Ressolda antena GPRS e slot de chip;2
01/05/2024;COT1;Transfacil;EQ14;DMX200 MOD H3.1;;;DF91;Reparo com Gravação de PIC e reinst. Do FW;2
01/05/2024;COT1;Transfacil;EQ14;DMX200 MOD H3.1;;;DF243;Subst. Placa Principal do PM;2
01/05/2024;COT1;Transfacil;EQ14;DMX200 MOD H3.1;;;DF252;Troca de Memória;2
01/05/2024;COT1;Transfacil;EQ14;DMX200 MOD H3.1;;;DF221;Subst. do Painel Frontal;3
01/05/2024;COT1;Transfacil;EQ14;DMX200 MOD H3.1;;;DF315;Colagem de Tela;3
01/05/2024;COT1;Transfacil;EQ14;DMX200 MOD H3.1;;;DF267;Ressolda USB Interface;4
01/05/2024;COT1;Transfacil;EQ14;DMX200 MOD H3.1;;;DF271;Subst. Do Vidro;6
01/05/2024;COT1;Transfacil;EQ14;DMX200 MOD H3.1;;;DF272;Subst. Do Touchscreen do módulo;8
01/05/2024;COT1;Transfacil;EQ14;DMX200 MOD H3.1;;;DF137;Subst. Da Carcaça Traseira;16
01/05/2024;COT1;Transfacil;EQ14;DMX200 MOD H3.1;;;DF211;Subst. Do Equipamento completo;17
01/05/2024;COT1;Transfacil;EQ14;DMX200 MOD H3.1;;;DF97;Ressolda;19
01/05/2024;COT1;Transfacil;EQ14;DMX200 MOD H3.1;;;DF21;Atualização de FW ;128
01/05/2024;COT16;Via Ouro;EQ39;DMX200L JI21 SEM BATERIA;;;DF21;Atualização de FW ;3
01/05/2024;COT16;Via Ouro;EQ39;DMX200L JI21 SEM BATERIA;;;DF272;Subst. Do Touchscreen do módulo;1
01/05/2024;COT16;Via Ouro;EQ39;DMX200L JI21 SEM BATERIA;;;DF137;Subst. Da Carcaça Traseira;2
01/05/2024;COT11;Gov. Valadares;EQ13;DMX200L;OP53;VIAÇÃO MOBI;DF21;Atualização de FW ;6
01/05/2024;COT11;Gov. Valadares;EQ13;DMX200L;OP53;VIAÇÃO MOBI;DF221;Subst. do Painel Frontal;1
01/05/2024;COT12;DIVPASS;EQ13;DMX200L;OP124;DIVPASS;DF21;Atualização de FW ;7
01/05/2024;COT12;DIVPASS;EQ13;DMX200L;OP124;DIVPASS;DF271;Subst. Do Vidro;1
01/05/2024;COT12;DIVPASS;EQ13;DMX200L;OP124;DIVPASS;DF252;Troca de Memória;2
01/05/2024;COT35;TURIN CONGONHAS;EQ5;CCIT 4.0 FRONTAL;OP138;VIAÇÃO TURIN CONGONHAS;DF21;Atualização de FW ;1
01/05/2024;COT24;GVBUS;EQ14;DMX200 MOD H3.1;;;DF292;Ressolda conector USB;1
01/05/2024;COT24;GVBUS;EQ14;DMX200 MOD H3.1;;;DF198;Subst. Do componente eletrônico;108
01/05/2024;COT37;CATEDRAL;EQ6;DMX200L JI21 COM BATERIA;OP144;CATEDRAL;DF41;Envio para manutenção central-CTG;2
01/05/2024;COT25;COOTRAPS - CE;EQ14;DMX200 MOD H3.1;OP129;COOTRAPS;DF39;Enviados para manutenção central CTG;19
01/05/2024;COT24;GVBUS;EQ14;DMX200 MOD H3.1;;;DF41;Envio para manutenção central-CTG;48
01/05/2024;COT2;Transcard;EQ16;PDM03;;;DF117;Restauração de módulos via PC e/ou SdCard;2
01/05/2024;COT4;Setut;EQ14;DMX200 MOD H3.1;;;DF41;Envio para manutenção central-CTG;5
01/05/2024;COT2;Transcard;EQ16;PDM03;;;DF300;Ressolda antena GPRS e slot de chip;1
01/05/2024;COT19;SÃO JOÃO;EQ39;DMX200L JI21 SEM BATERIA;OP67;SÃO JOÃO;DF115;Restauração da ROM via PC;1
01/05/2024;COT20;ROSA TURISMO;EQ39;DMX200L JI21 SEM BATERIA;OP66;ROSA TURISMO;DF115;Restauração da ROM via PC;1
01/05/2024;COT22;Taguatur PM NOVO;EQ39;DMX200L JI21 SEM BATERIA;OP82;TAGUATUR;DF41;Envio para manutenção central-CTG;31
01/05/2024;COT2;Transcard;EQ16;PDM03;;;DF41;Envio para manutenção central-CTG;2
01/05/2024;COT25;COOTRAPS - CE;EQ14;DMX200 MOD H3.1;OP129;COOTRAPS;DF90;Reparo com formatação e subst. FW/SW;24
01/05/2024;COT25;COOTRAPS - CE;EQ14;DMX200 MOD H3.1;OP129;COOTRAPS;DF320;Reparo em loco;8
01/05/2024;COT25;COOTRAPS - CE;EQ14;DMX200 MOD H3.1;OP129;COOTRAPS;DF264;Testado Track;4
01/05/2024;COT23;UTB;EQ40;DMX200L JI21 COM BATERIA;OP83;UTB;DF41;Envio para manutenção central-CTG;11
01/05/2024;COT24;GVBUS;EQ10;CONNECTION CCIT 4.0;;;DF278;Modificação circuito catraca;58
01/05/2024;COT24;GVBUS;EQ10;CONNECTION CCIT 4.0;;;DF41;Envio para manutenção central-CTG;18
01/05/2024;COT10;Metropolitano-Bahia;EQ10;CONNECTION CCIT 4.0;OP64;METROPOLITANO SSA;DF50;FW Restaurado;13
01/05/2024;COT19;ROSA TURISMO;EQ10;CONNECTION CCIT 4.0;OP66;ROSA TURISMO;DF50;FW Restaurado;1
01/05/2024;COT19;ROSA TURISMO;EQ10;CONNECTION CCIT 4.0;OP66;ROSA TURISMO;DF41;Envio para manutenção central-CTG;2
01/05/2024;COT19;SÃO JOÃO;EQ10;CONNECTION CCIT 4.0;OP67;SÃO JOÃO;DF50;FW Restaurado;1
01/05/2024;COT19;SÃO JOÃO;EQ10;CONNECTION CCIT 4.0;OP67;SÃO JOÃO;DF245;Subst. Terminal Block;1
01/05/2024;COT4;Setut;EQ10;CONNECTION CCIT 4.0;;;DF41;Envio para manutenção central-CTG;4
01/05/2024;COT2;Transcard;EQ10;CONNECTION CCIT 4.0;;;DF46;Formatação da memória e subst. FW;62
01/05/2024;COT2;Transcard;EQ10;CONNECTION CCIT 4.0;;;DF41;Envio para manutenção central-CTG;23
01/05/2024;COT24;GVBUS;EQ33;POS MOVE 2500;;;DF41;Envio para manutenção central-CTG;16
01/05/2024;COT2;Transcard;EQ31;POS 250;;;DF46;Envio para manutenção central-CTG;1
01/05/2024;COT2;Transcard;EQ31;POS 250;;;DF46;Formatação da memória e subst. FW;3
01/05/2024;COT25;COOTRAPS - CE;EQ17;FONTE PM;OP129;COOTRAPS;DF41;Envio para manutenção central-CTG;6
01/06/2024;COT7;Alagoinhas;EQ34;CCIT 4.0 FRONTAL H2.1 C SEM BATERIA;OP68;ALAGOINHAS;DF113;Restaura RAM via PC;4
01/06/2024;COT7;Alagoinhas;EQ34;CCIT 4.0 FRONTAL H2.1 C SEM BATERIA;OP68;ALAGOINHAS;DF41;Envio para manutenção central-CTG;1
01/06/2024;COT8;CBTU;EQ1;CCIT 3.0;OP47;CBTU - COMPANHIA BRASILEIRA DE TRENS URBANOS;DF21;Atualização de FW ;1
01/06/2024;COT8;CBTU;EQ1;CCIT 3.0;OP47;CBTU - COMPANHIA BRASILEIRA DE TRENS URBANOS;DF63;Lista restaurada;1
01/06/2024;COT8;CBTU;EQ1;CCIT 3.0;OP47;CBTU - COMPANHIA BRASILEIRA DE TRENS URBANOS;DF20;Atualização de data;1
01/06/2024;COT8;CBTU;EQ1;CCIT 3.0;OP47;CBTU - COMPANHIA BRASILEIRA DE TRENS URBANOS;DF97;Ressolda;1
01/06/2024;COT27;Cidade das Águas;EQ6;CCIT 4.0 FRONTAL H2.1;OP128;VIAÇÃO CIDADE DAS ÁGUAS;DF113;Restaura RAM via PC;5
01/06/2024;COT12;DIVPASS;EQ6;CCIT 4.0 FRONTAL H2.1;OP124;DIVPASS;DF136;Subst. Da Carcaça inferior;3
01/06/2024;COT12;DIVPASS;EQ6;CCIT 4.0 FRONTAL H2.1;OP124;DIVPASS;DF209;Subst. Do Display;3
01/06/2024;COT12;DIVPASS;EQ6;CCIT 4.0 FRONTAL H2.1;OP124;DIVPASS;DF51;Gravação BootLoader;21
01/06/2024;COT12;DIVPASS;EQ6;CCIT 4.0 FRONTAL H2.1;OP124;DIVPASS;DF63;Lista restaurada;21
01/06/2024;COT12;DIVPASS;EQ6;CCIT 4.0 FRONTAL H2.1;OP124;DIVPASS;DF322;Restore do módulo;21
01/06/2024;COT33;FLORIANÓPOLIS;EQ8;CCIT 4.0 FRONTAL JI21 SEM BATERIA;;;DF21;Atualização de FW ;17
01/06/2024;COT33;FLORIANÓPOLIS;EQ8;CCIT 4.0 FRONTAL JI21 SEM BATERIA;;;DF41;Envio para manutenção central-CTG;5
01/06/2024;COT33;FLORIANÓPOLIS;EQ8;CCIT 4.0 FRONTAL JI21 SEM BATERIA;;;DF115;Restauração da ROM via PC;17
01/06/2024;COT11;Gov. Valadares;EQ6;CCIT 4.0 FRONTAL H2.1;OP53;VIAÇÃO MOBI;DF272;Subst. Do Touchscreen do módulo;2
01/06/2024;COT11;Gov. Valadares;EQ6;CCIT 4.0 FRONTAL H2.1;OP53;VIAÇÃO MOBI;DF136;Subst. Da Carcaça inferior;1
01/06/2024;COT11;Gov. Valadares;EQ6;CCIT 4.0 FRONTAL H2.1;OP53;VIAÇÃO MOBI;DF51;Gravação BootLoader;17
01/06/2024;COT11;Gov. Valadares;EQ6;CCIT 4.0 FRONTAL H2.1;OP53;VIAÇÃO MOBI;DF63;Lista restaurada;17
01/06/2024;COT11;Gov. Valadares;EQ6;CCIT 4.0 FRONTAL H2.1;OP53;VIAÇÃO MOBI;DF210;Subst. Do Display CCIT;1
01/06/2024;COT11;Gov. Valadares;EQ6;CCIT 4.0 FRONTAL H2.1;OP53;VIAÇÃO MOBI;DF322;Restore do módulo;17
01/06/2024;COT24;GVBUS;EQ28;ATM;OP108;GVBUS - SIND. DAS EMP. DE TRANP. METROP. DA GRANDE VITÓRIA;DF262;Retirada de nota ATM e testes;4
01/06/2024;COT24;GVBUS;EQ28;ATM;OP108;GVBUS - SIND. DAS EMP. DE TRANP. METROP. DA GRANDE VITÓRIA;DF296;ATM - sem conexão com internet;4
01/06/2024;COT24;GVBUS;EQ28;ATM;OP108;GVBUS - SIND. DAS EMP. DE TRANP. METROP. DA GRANDE VITÓRIA;DF308;Erro COF 67 ATM;1
01/06/2024;COT24;GVBUS;EQ28;ATM;OP108;GVBUS - SIND. DAS EMP. DE TRANP. METROP. DA GRANDE VITÓRIA;DF4;Ajuste da Porta do Cofre;2
01/06/2024;COT24;GVBUS;EQ6;CCIT 4.0 FRONTAL H2.1;;;DF89;Reparo com Formatação e Subst. De FW;71
01/06/2024;COT24;GVBUS;EQ6;CCIT 4.0 FRONTAL H2.1;;;DF41;Envio para manutenção central-CTG;39
01/06/2024;COT24;GVBUS;EQ6;CCIT 4.0 FRONTAL H2.1;;;DF322;Restore do módulo;86
01/06/2024;COT13;Mariana;EQ5;CCIT 4.0 FRONTAL;OP54;TRANSCOTTA MARIANA MG;DF209;Subst. Do Display;1
01/06/2024;COT13;Mariana;EQ5;CCIT 4.0 FRONTAL;OP54;TRANSCOTTA MARIANA MG;DF51;Gravação BootLoader;4
01/06/2024;COT13;Mariana;EQ5;CCIT 4.0 FRONTAL;OP54;TRANSCOTTA MARIANA MG;DF63;Lista restaurada;4
01/06/2024;COT13;Mariana;EQ5;CCIT 4.0 FRONTAL;OP54;TRANSCOTTA MARIANA MG;DF322;Restore do módulo;4
01/06/2024;COT6;Metro-Bahia;EQ28;ATM;OP63;METRO-BAHIA;DF237;Subst. Do Validador de Notas;11
01/06/2024;COT6;Metro-Bahia;EQ28;ATM;OP63;METRO-BAHIA;DF143;Subst. da Impressora;5
01/06/2024;COT6;Metro-Bahia;EQ28;ATM;OP63;METRO-BAHIA;DF218;Subst. Do Monitor;2
01/06/2024;COT6;Metro-Bahia;EQ28;ATM;OP63;METRO-BAHIA;DF284;Manutenção PC ATM;4
01/06/2024;COT6;METRO-BAHIA;EQ6;CCIT 4.0 FRONTAL H2.1;OP64;METROPOLITANO SSA;DF113;Restaura RAM via PC;7
01/06/2024;COT6;METRO-BAHIA;EQ6;CCIT 4.0 FRONTAL H2.1;OP64;METROPOLITANO SSA;DF41;Envio para manutenção central-CTG;1
01/06/2024;COT5;METROFOR/ VLT FORTALEZA;EQ38;CCIT 4.0 METROFOR;OP105;METROFOR LINHA SUL;DF41;Envio para manutenção central-CTG;6
01/06/2024;COT5;METROFOR/ VLT FORTALEZA;EQ38;CCIT 4.0 METROFOR;OP105;METROFOR LINHA SUL;DF113;Restaura RAM via PC;5
01/06/2024;COT5;METROFOR/ VLT FORTALEZA;EQ38;CCIT 4.0 METROFOR;OP105;METROFOR LINHA SUL;DF320;Reparo em loco;13
01/06/2024;COT10;Metropolitano-Bahia;EQ6;CCIT 4.0 FRONTAL H2.1;OP64;METROPOLITANO SSA;DF272;Subst. Do Touchscreen do módulo;9
01/06/2024;COT10;Metropolitano-Bahia;EQ6;CCIT 4.0 FRONTAL H2.1;OP64;METROPOLITANO SSA;DF113;Restaura RAM via PC;15
01/06/2024;COT10;Metropolitano-Bahia;EQ6;CCIT 4.0 FRONTAL H2.1;OP64;METROPOLITANO SSA;DF41;Envio para manutenção central-CTG;3
01/06/2024;COT20;ROSA TURISMO;EQ36;CCIT 4.0 FRONTAL H1 COM BATERIA;OP66;ROSA TURISMO;DF113;Restaura RAM via PC;7
01/06/2024;COT19;SÃO JOÃO;EQ36;CCIT 4.0 FRONTAL H1 COM BATERIA;OP67;SÃO JOÃO;DF113;Restaura RAM via PC;7
01/06/2024;COT17;São Jorge;EQ6;CCIT 4.0 FRONTAL H2.1;OP50;SÃO JORGE AUTO ONIBUS ;DF63;Lista restaurada;1
01/06/2024;COT17;São Jorge;EQ6;CCIT 4.0 FRONTAL H2.1;OP50;SÃO JORGE AUTO ONIBUS ;DF51;Gravação BootLoader;1
01/06/2024;COT17;São Jorge;EQ6;CCIT 4.0 FRONTAL H2.1;OP50;SÃO JORGE AUTO ONIBUS ;DF322;Restore do módulo;1
01/06/2024;COT4;Setut;EQ6;CCIT 4.0 FRONTAL H2.1;;;DF60;Restaura RAM via PC;3
01/06/2024;COT4;Setut;EQ6;CCIT 4.0 FRONTAL H2.1;;;DF41;Envio para manutenção central-CTG;11
01/06/2024;COT18;Sindpautras;EQ6;CCIT 4.0 FRONTAL H2.1;OP48;SINDPAUTRAS-SIND. PERM. AUT. TRANSP. SU;DF136;Subst. Da Carcaça inferior;3
01/06/2024;COT18;Sindpautras;EQ6;CCIT 4.0 FRONTAL H2.1;OP48;SINDPAUTRAS-SIND. PERM. AUT. TRANSP. SU;DF209;Subst. Do Display;5
01/06/2024;COT18;Sindpautras;EQ6;CCIT 4.0 FRONTAL H2.1;OP48;SINDPAUTRAS-SIND. PERM. AUT. TRANSP. SU;DF51;Gravação BootLoader;55
01/06/2024;COT18;Sindpautras;EQ6;CCIT 4.0 FRONTAL H2.1;OP48;SINDPAUTRAS-SIND. PERM. AUT. TRANSP. SU;DF63;Lista restaurada;55
01/06/2024;COT18;Sindpautras;EQ6;CCIT 4.0 FRONTAL H2.1;OP48;SINDPAUTRAS-SIND. PERM. AUT. TRANSP. SU;DF93;Reparo no módulo;55
01/06/2024;COT22;Taguatur;EQ35;CCIT 4.0 FRONTAL H2 COM BATERIA;OP82;TAGUATUR;DF41;Envio para manutenção central-CTG;16
01/06/2024;COT3;TEU;EQ36;CCIT 4.0 FRONTAL H1 COM BATERIA;;;DF136;Subst. Da Carcaça inferior;1
01/06/2024;COT3;TEU;EQ36;CCIT 4.0 FRONTAL H1 COM BATERIA;;;DF41;Envio para manutenção central-CTG;16
01/06/2024;COT3;TEU;EQ36;CCIT 4.0 FRONTAL H1 COM BATERIA;;;DF115;Restauração da ROM via PC;99
01/06/2024;COT2;Transcard;EQ28;ATM;OP61;Setps (Transcard);DF237;Subst. Do Validador de Notas;9
01/06/2024;COT2;Transcard;EQ28;ATM;OP61;Setps (Transcard);DF143;Subst. da Impressora;6
01/06/2024;COT2;Transcard;EQ28;ATM;OP61;Setps (Transcard);DF218;Subst. Do Monitor;2
01/06/2024;COT2;Transcard;EQ28;ATM;OP61;Setps (Transcard);DF236;Subst. Do Teclado de Metal Frontal;1
01/06/2024;COT2;Transcard;EQ28;ATM;OP61;Setps (Transcard);DF228;Subst. Do PDV ATM;1
01/06/2024;COT2;Transcard;EQ28;ATM;OP61;Setps (Transcard);DF7;Ajuste do Módulo de Impressão;1
01/06/2024;COT2;Transcard;EQ6;CCIT 4.0 FRONTAL H2.1;;;DF41;Enviados para manutenção central CTG;28
01/06/2024;COT2;Transcard;EQ6;CCIT 4.0 FRONTAL H2.1;;;DF113;Restaura RAM via PC;101
01/06/2024;COT2;Transcard;EQ6;CCIT 4.0 FRONTAL H2.1;;;DF114;Restaura RAM via pendrive;44
01/06/2024;COT2;Transcard;EQ6;CCIT 4.0 FRONTAL H2.1;;;DF272;Subst. Do Touchscreen do módulo;49
01/06/2024;COT1;Transfacil;EQ28;ATM;OP27;TRANSFÁCIL;DF218;Subst. Do Monitor;1
01/06/2024;COT1;Transfacil;EQ28;ATM;OP27;TRANSFÁCIL;DF258;Subst. Da Cabeça de Impressão;1
01/06/2024;COT1;Transfacil;EQ28;ATM;OP27;TRANSFÁCIL;DF212;Subst. Do HD;1
01/06/2024;COT1;Transfacil;EQ28;ATM;OP27;TRANSFÁCIL;DF207;Subst. Do Conversor Serial;1
01/06/2024;COT1;Transfacil;EQ28;ATM;OP27;TRANSFÁCIL;DF143;Subst. da Impressora;1
01/06/2024;COT1;Transfacil;EQ28;ATM;OP27;TRANSFÁCIL;DF141;Subst. Da Fonte do PDV ATM;1
01/06/2024;COT1;Transfacil;EQ28;ATM;OP27;TRANSFÁCIL;DF5;Ajuste da porta Externa;1
01/06/2024;COT1;Transfacil;EQ28;ATM;OP27;TRANSFÁCIL;DF231;Subst. Do PINpad;1
01/06/2024;COT1;Transfacil;EQ28;ATM;OP27;TRANSFÁCIL;DF285;Retirado Mal Contato;1
01/06/2024;COT1;Transfacil;EQ28;ATM;OP27;TRANSFÁCIL;DF66;Manutenção na Fechadura Eletrônica;1
01/06/2024;COT1;Transfacil;EQ28;ATM;OP27;TRANSFÁCIL;DF266;Subst. Do cooler;1
01/06/2024;COT1;Transfacil;EQ28;ATM;OP27;TRANSFÁCIL;DF67;Manutenção na Impressora;2
01/06/2024;COT1;Transfacil;EQ28;ATM;OP27;TRANSFÁCIL;DF128;Subst. Da antena Cless;2
01/06/2024;COT1;Transfacil;EQ28;ATM;OP27;TRANSFÁCIL;DF280;Manutenção no Validador de Notas;2
01/06/2024;COT1;Transfacil;EQ28;ATM;OP27;TRANSFÁCIL;DF69;Manutenção no Sensor de Porta;2
01/06/2024;COT1;Transfacil;EQ28;ATM;OP27;TRANSFÁCIL;DF284;Manutenção PC ATM;4
01/06/2024;COT1;Transfacil;EQ28;ATM;OP27;TRANSFÁCIL;DF19;ATM - defeito não confirmado;5
01/06/2024;COT1;Transfacil;EQ28;ATM;OP27;TRANSFÁCIL;DF227;Subst. Do PC ATM;5
01/06/2024;COT1;Transfacil;EQ28;ATM;OP27;TRANSFÁCIL;DF237;Subst. Do Validador de Notas;9
01/06/2024;COT1;Transfacil;EQ6;CCIT 4.0 FRONTAL H2.1;;;DF63;Lista restaurada;232
01/06/2024;COT1;Transfacil;EQ6;CCIT 4.0 FRONTAL H2.1;;;DF20;Atualização de data;126
01/06/2024;COT1;Transfacil;EQ6;CCIT 4.0 FRONTAL H2.1;;;DF21;Atualização de FW ;104
01/06/2024;COT1;Transfacil;EQ6;CCIT 4.0 FRONTAL H2.1;;;DF51;Gravação BootLoader;175
01/06/2024;COT1;Transfacil;EQ6;CCIT 4.0 FRONTAL H2.1;;;DF91;Reparo com Gravação de PIC e reinst. Do FW;13
01/06/2024;COT1;Transfacil;EQ6;CCIT 4.0 FRONTAL H2.1;;;DF93;Reparo no módulo;235
01/06/2024;COT1;Transfacil;EQ6;CCIT 4.0 FRONTAL H2.1;;;DF136;Subst. Da Carcaça inferior;13
01/06/2024;COT1;Transfacil;EQ6;CCIT 4.0 FRONTAL H2.1;;;DF135;Subst. Da Carcaça frontal;5
01/06/2024;COT1;Transfacil;EQ6;CCIT 4.0 FRONTAL H2.1;;;DF238;Subst. Do Vidro CCIT V4.0;6
01/06/2024;COT1;Transfacil;EQ6;CCIT 4.0 FRONTAL H2.1;;;DF210;Subst. Do Display CCIT;20
01/06/2024;COT1;Transfacil;EQ6;CCIT 4.0 FRONTAL H2.1;;;DF272;Subst. Do Touchscreen do módulo;19
01/06/2024;COT1;Transfacil;EQ6;CCIT 4.0 FRONTAL H2.1;;;DF305;Subst. Do Buzzer;2
01/06/2024;COT1;Transfacil;EQ6;CCIT 4.0 FRONTAL H2.1;;;DF169;Subst. De Componente eletrônico;9
01/06/2024;COT1;Transfacil;EQ6;CCIT 4.0 FRONTAL H2.1;;;DF216;Subst. Do Módulo H2;31
01/06/2024;COT1;Transfacil;EQ6;CCIT 4.0 FRONTAL H2.1;;;DF131;Subst. Da Antena Wlan do CCIT;2
01/06/2024;COT1;Transfacil;EQ6;CCIT 4.0 FRONTAL H2.1;;;DF165;Subst. Da Placa-mãe;23
01/06/2024;COT1;Transfacil;EQ6;CCIT 4.0 FRONTAL H2.1;;;DF132;Subst. Da Bateria de Lithium;1
01/06/2024;COT1;Transfacil;EQ6;CCIT 4.0 FRONTAL H2.1;OP13;Estações BRT Move;DF63;Lista restaurada;26
01/06/2024;COT1;Transfacil;EQ6;CCIT 4.0 FRONTAL H2.1;OP13;Estações BRT Move;DF20;Atualização de data;9
01/06/2024;COT1;Transfacil;EQ6;CCIT 4.0 FRONTAL H2.1;OP13;Estações BRT Move;DF21;Atualização de FW ;16
01/06/2024;COT1;Transfacil;EQ6;CCIT 4.0 FRONTAL H2.1;OP13;Estações BRT Move;DF51;Gravação BootLoader;11
01/06/2024;COT1;Transfacil;EQ6;CCIT 4.0 FRONTAL H2.1;OP13;Estações BRT Move;DF322;Restore do módulo;26
01/06/2024;COT1;Transfacil;EQ6;CCIT 4.0 FRONTAL H2.1;OP13;Estações BRT Move;DF306;Retirada da bateria;1
01/06/2024;COT1;Transfacil;EQ6;CCIT 4.0 FRONTAL H2.1;OP13;Estações BRT Move;DF136;Subst. Da Carcaça inferior;4
01/06/2024;COT1;Transfacil;EQ6;CCIT 4.0 FRONTAL H2.1;OP13;Estações BRT Move;DF238;Subst. Do Vidro CCIT V4.0;1
01/06/2024;COT1;Transfacil;EQ6;CCIT 4.0 FRONTAL H2.1;OP13;Estações BRT Move;DF210;Subst. Do Display CCIT;4
01/06/2024;COT1;Transfacil;EQ6;CCIT 4.0 FRONTAL H2.1;OP13;Estações BRT Move;DF272;Subst. Do Touchscreen do módulo;1
01/06/2024;COT1;Transfacil;EQ6;CCIT 4.0 FRONTAL H2.1;OP13;Estações BRT Move;DF276;Subst. Placa do Módulo;1
01/06/2024;COT1;Transfacil;EQ6;CCIT 4.0 FRONTAL H2.1;OP13;Estações BRT Move;DF242;Subst. Placa Mbccit;1
01/06/2024;COT1;Transfacil;EQ6;CCIT 4.0 FRONTAL H2.1;OP13;Estações BRT Move;DF198;Subst. Do componente eletrônico;1
01/06/2024;COT35;TURIN CONGONHAS;EQ5;CCIT 4.0 FRONTAL;OP138;VIAÇÃO TURIN CONGONHAS;DF51;Gravação BootLoader;1
01/06/2024;COT35;TURIN CONGONHAS;EQ5;CCIT 4.0 FRONTAL;OP138;VIAÇÃO TURIN CONGONHAS;DF63;Lista restaurada;1
01/06/2024;COT35;TURIN CONGONHAS;EQ5;CCIT 4.0 FRONTAL;OP138;VIAÇÃO TURIN CONGONHAS;DF322;Restore do módulo;1
01/06/2024;COT14;TURIN OURO PRETO;EQ6;CCIT 4.0 FRONTAL H2.1;OP52;VIAÇÃO TURIN OURO PRETO;DF93;Reparo no módulo;3
01/06/2024;COT14;TURIN OURO PRETO;EQ6;CCIT 4.0 FRONTAL H2.1;OP52;VIAÇÃO TURIN OURO PRETO;DF51;Gravação BootLoader;3
01/06/2024;COT14;TURIN OURO PRETO;EQ6;CCIT 4.0 FRONTAL H2.1;OP52;VIAÇÃO TURIN OURO PRETO;DF209;Subst. Do Display;1
01/06/2024;COT14;TURIN OURO PRETO;EQ6;CCIT 4.0 FRONTAL H2.1;OP52;VIAÇÃO TURIN OURO PRETO;DF63;Lista restaurada;3
01/06/2024;COT23;UTB;EQ6;CCIT 4.0 FRONTAL H2.1;OP83;UTB;DF41;Envio para manutenção central-CTG;29
01/06/2024;COT16;Via Ouro;EQ6;CCIT 4.0 FRONTAL H2.1;OP49;VIA OURO COLETIVOS LTDA;DF136;Subst. Da Carcaça inferior;1
01/06/2024;COT16;Via Ouro;EQ6;CCIT 4.0 FRONTAL H2.1;OP49;VIA OURO COLETIVOS LTDA;DF271;Subst. Do Vidro;1
01/06/2024;COT16;Via Ouro;EQ6;CCIT 4.0 FRONTAL H2.1;OP49;VIA OURO COLETIVOS LTDA;DF51;Gravação BootLoader;2
01/06/2024;COT16;Via Ouro;EQ6;CCIT 4.0 FRONTAL H2.1;OP49;VIA OURO COLETIVOS LTDA;DF90;Reparo com formatação e subst. FW/SW;2
01/06/2024;COT16;Via Ouro;EQ6;CCIT 4.0 FRONTAL H2.1;OP49;VIA OURO COLETIVOS LTDA;DF272;Subst. Do Touchscreen do módulo;2
01/06/2024;COT16;Via Ouro;EQ6;CCIT 4.0 FRONTAL H2.1;OP49;VIA OURO COLETIVOS LTDA;DF63;Lista restaurada;3
01/06/2024;COT16;Via Ouro;EQ6;CCIT 4.0 FRONTAL H2.1;OP49;VIA OURO COLETIVOS LTDA;DF322;Restore do módulo;3
01/06/2024;COT33;FLORIANÓPOLIS;EQ15;DMX200L SEM BATERIA;;;DF115;Restauração da ROM via PC;47
01/06/2024;COT33;FLORIANÓPOLIS;EQ15;DMX200L SEM BATERIA;;;DF21;Atualização de FW ;47
01/06/2024;COT3;TEU;EQ14;DMX200 MOD H3.1;;;DF21;Atualização de FW ;1
01/06/2024;COT3;TEU;EQ14;DMX200 MOD H3.1;;;DF115;Restauração da ROM via PC;1
01/06/2024;COT25;COOTRAPS - CE;EQ14;DMX200 MOD H3.1;OP129;COOTRAPS;DF39;Enviados para manutenção central CTG;10
01/06/2024;COT33;FLORIANÓPOLIS;EQ15;DMX200L SEM BATERIA;;;DF41;Envio para manutenção central-CTG;8
01/06/2024;COT1;Transfacil;EQ14;DMX200 MOD H3.1;;;DF21;Atualização de FW ;125
01/06/2024;COT1;Transfacil;EQ14;DMX200 MOD H3.1;;;DF206;Subst. Do Conector USB;19
01/06/2024;COT1;Transfacil;EQ14;DMX200 MOD H3.1;;;DF243;Subst. Placa Principal do PM;8
01/06/2024;COT1;Transfacil;EQ14;DMX200 MOD H3.1;;;DF221;Subst. do Painel Frontal;6
01/06/2024;COT1;Transfacil;EQ14;DMX200 MOD H3.1;;;DF252;Troca de Memória;4
01/06/2024;COT1;Transfacil;EQ14;DMX200 MOD H3.1;;;DF300;Ressolda antena GPRS e slot de chip;6
01/06/2024;COT1;Transfacil;EQ14;DMX200 MOD H3.1;;;DF211;Subst. Do Equipamento completo;3
01/06/2024;COT1;Transfacil;EQ14;DMX200 MOD H3.1;;;DF272;Subst. Do Touchscreen do módulo;4
01/06/2024;COT1;Transfacil;EQ14;DMX200 MOD H3.1;;;DF137;Subst. Da Carcaça Traseira;3
01/06/2024;COT1;Transfacil;EQ14;DMX200 MOD H3.1;;;DF135;Subst. Da Carcaça frontal;1
01/06/2024;COT1;Transfacil;EQ14;DMX200 MOD H3.1;;;DF315;Colagem de Tela;2
01/06/2024;COT1;Transfacil;EQ14;DMX200 MOD H3.1;;;DF20;Atualização de data;1
01/06/2024;COT16;Via Ouro;EQ39;DMX200L JI21 SEM BATERIA;;;DF21;Atualização de FW ;4
01/06/2024;COT17;São Jorge;EQ14;DMX200 MOD H3.1;OP50;SÃO JORGE AUTO ONIBUS ;DF21;Atualização de FW ;12
01/06/2024;COT17;São Jorge;EQ14;DMX200 MOD H3.1;OP50;SÃO JORGE AUTO ONIBUS ;DF272;Subst. Do Touchscreen do módulo;5
01/06/2024;COT17;São Jorge;EQ14;DMX200 MOD H3.1;OP50;SÃO JORGE AUTO ONIBUS ;DF300;Ressolda antena GPRS e slot de chip;3
01/06/2024;COT11;Gov. Valadares;EQ13;DMX200L;OP53;VIAÇÃO MOBI;DF21;Atualização de FW ;2
01/06/2024;COT12;DIVPASS;EQ13;DMX200L;OP124;DIVPASS;DF21;Atualização de FW ;2
01/06/2024;COT12;DIVPASS;EQ13;DMX200L;OP124;DIVPASS;DF127;Subst. Conector USB;1
01/06/2024;COT24;GVBUS;EQ14;DMX200 MOD H3.1;;;DF292;Ressolda conector USB;24
01/06/2024;COT24;GVBUS;EQ14;DMX200 MOD H3.1;;;DF41;Envio para manutenção central-CTG;100
01/06/2024;COT24;GVBUS;EQ14;DMX200 MOD H3.1;;;DF198;Subst. Do componente eletrônico;148
01/06/2024;COT24;GVBUS;EQ14;DMX200 MOD H3.1;;;DF315;Colagem de Tela;1
01/06/2024;COT2;Transcard;EQ16;PDM03;;;DF300;Ressolda antena GPRS e slot de chip;1
01/06/2024;COT2;Transcard;EQ16;PDM03;;;DF117;Restauração de módulos via PC e/ou SdCard;4
01/06/2024;COT20;ROSA TURISMO;EQ39;DMX200L JI21 SEM BATERIA;OP66;ROSA TURISMO;DF115;Restauração da ROM via PC;2
01/06/2024;COT20;ROSA TURISMO;EQ39;DMX200L JI21 SEM BATERIA;OP66;ROSA TURISMO;DF300;Ressolda antena GPRS e slot de chip;2
01/06/2024;COT20;ROSA TURISMO;EQ39;DMX200L JI21 SEM BATERIA;OP66;ROSA TURISMO;DF41;Envio para manutenção central-CTG;1
01/06/2024;COT20;ROSA TURISMO;EQ39;DMX200L JI21 SEM BATERIA;OP66;ROSA TURISMO;DF267;Ressolda USB Interface;5
01/06/2024;COT19;SÃO JOÃO;EQ39;DMX200L JI21 SEM BATERIA;OP67;SÃO JOÃO;DF267;Ressolda USB Interface;6
01/06/2024;COT25;COOTRAPS - CE;EQ14;DMX200 MOD H3.1;OP129;COOTRAPS;DF90;Reparo com formatação e subst. FW/SW;8
01/06/2024;COT25;COOTRAPS - CE;EQ14;DMX200 MOD H3.1;OP129;COOTRAPS;DF320;Reparo em loco;10
01/06/2024;COT22;Taguatur PM NOVO;EQ39;DMX200L JI21 SEM BATERIA;OP82;TAGUATUR;DF41;Envio para manutenção central-CTG;45
01/06/2024;COT23;UTB;EQ40;DMX200L JI21 COM BATERIA;OP83;UTB;DF41;Envio para manutenção central-CTG;20
01/06/2024;COT24;GVBUS;EQ10;CONNECTION CCIT 4.0;;;DF41;Envio para manutenção central-CTG;4
01/06/2024;COT24;GVBUS;EQ10;CONNECTION CCIT 4.0;;;DF278;Modificação circuito catraca;39
01/06/2024;COT10;Metropolitano-Bahia;EQ10;CONNECTION CCIT 4.0;OP64;METROPOLITANO SSA;DF50;FW Restaurado;5
01/06/2024;COT10;Metropolitano-Bahia;EQ10;CONNECTION CCIT 4.0;OP64;METROPOLITANO SSA;DF41;Envio para manutenção central-CTG;1
01/06/2024;COT19;ROSA TURISMO;EQ10;CONNECTION CCIT 4.0;OP66;ROSA TURISMO;DF50;FW Restaurado;9
01/06/2024;COT19;ROSA TURISMO;EQ10;CONNECTION CCIT 4.0;OP66;ROSA TURISMO;DF41;Envio para manutenção central-CTG;1
01/06/2024;COT19;SÃO JOÃO;EQ10;CONNECTION CCIT 4.0;OP67;SÃO JOÃO;DF50;FW Restaurado;1
01/06/2024;COT19;SÃO JOÃO;EQ10;CONNECTION CCIT 4.0;OP67;SÃO JOÃO;DF41;Envio para manutenção central-CTG;2
01/06/2024;COT4;Setut;EQ10;CONNECTION CCIT 4.0;;;DF41;Envio para manutenção central-CTG;3
01/06/2024;COT2;Transcard;EQ10;CONNECTION CCIT 4.0;;;DF46;Formatação da memória e subst. FW;54
01/06/2024;COT2;Transcard;EQ10;CONNECTION CCIT 4.0;;;DF41;Envio para manutenção central-CTG;13
01/06/2024;COT1;Transfacil;EQ10;CONNECTION CCIT 4.0;;;DF21;Atualização de FW ;26
01/06/2024;COT1;Transfacil;EQ10;CONNECTION CCIT 4.0;;;DF51;Gravação BootLoader;12
01/06/2024;COT1;Transfacil;EQ10;CONNECTION CCIT 4.0;;;DF26;Atualização do PIC;38
01/06/2024;COT1;Transfacil;EQ10;CONNECTION CCIT 4.0;;;DF61;Limpeza e testes;11
01/06/2024;COT1;Transfacil;EQ10;CONNECTION CCIT 4.0;;;DF278;Modificação circuito catraca;1
01/06/2024;COT1;Transfacil;EQ10;CONNECTION CCIT 4.0;;;DF107;Ressolda no circuito connections;5
01/06/2024;COT1;Transfacil;EQ10;CONNECTION CCIT 4.0;;;DF169;Subst. De Componente eletrônico;6
01/06/2024;COT1;Transfacil;EQ10;CONNECTION CCIT 4.0;;;DF256;Substituição de fusível;1
01/06/2024;COT1;Transfacil;EQ10;CONNECTION CCIT 4.0;;;DF136;Subst. Da Carcaça inferior;2
01/06/2024;COT1;Transfacil;EQ10;CONNECTION CCIT 4.0;;;DF322;Restore do módulo;1
01/06/2024;COT3;TEU;EQ22;V3000M;;;DF21;Atualização de FW ;134
01/06/2024;COT3;TEU;EQ22;V3000M;;;DF41;Envio para manutenção central-CTG;16
01/06/2024;COT3;TEU;EQ22;V3000M;;;DF232;Subst. Do SDCard;6
01/06/2024;COT3;TEU;EQ22;V3000M;;;DF52;Gravação Supervisor;4
01/06/2024;COT3;TEU;EQ26;V3000M DVR;;;DF21;Atualização de FW ;9
01/06/2024;COT3;TEU;EQ26;V3000M DVR;;;DF115;Restauração da ROM via PC;9
01/06/2024;COT3;TEU;EQ26;V3000M DVR;;;DF41;Envio para manutenção central-CTG;3
01/06/2024;COT3;TEU;EQ26;V3000M DVR;;;DF232;Subst. Do SDCard;3
01/06/2024;COT1;Transfacil;EQ27;UT (FTV 3000);;;DF21;Atualização de FW ;17
01/06/2024;COT1;Transfacil;EQ27;UT (FTV 3000);;;DF198;Subst. Do componente eletrônico;3
01/06/2024;COT24;GVBUS;EQ33;POS MOVE 2500;;;DF41;Envio para manutenção central-CTG;9
01/06/2024;COT20;Rosa Turismo;EQ31;POS 250;OP66;ROSA TURISMO;DF41;Formatação da memória e subst. FW;1
01/06/2024;COT2;Transcard;EQ31;POS 250;;;DF46;Envio para manutenção central-CTG;2
01/06/2024;COT2;Transcard;EQ31;POS 250;;;DF46;Formatação da memória e subst. FW;1
01/06/2024;COT25;COOTRAPS - CE;EQ17;FONTE PM;OP129;COOTRAPS;DF41;Envio para manutenção central-CTG;1
01/07/2024;COT37;AC TRANSPORTES;EQ6;CCIT 4.0 FRONTAL H2.1;OP144;CT EXPRESSO;DF41;Envio para manutenção central-CTG;1
01/07/2024;COT7;Alagoinhas;EQ34;CCIT 4.0 FRONTAL H2.1 C SEM BATERIA;OP68;ALAGOINHAS;DF113;Restaura RAM via PC;1
01/07/2024;COT7;Alagoinhas;EQ34;CCIT 4.0 FRONTAL H2.1 C SEM BATERIA;OP68;ALAGOINHAS;DF41;Envio para manutenção central-CTG;2
01/07/2024;COT8;CBTU;EQ1;CCIT 3.0;OP47;CBTU - COMPANHIA BRASILEIRA DE TRENS URBANOS;DF21;Atualização de FW ;1
01/07/2024;COT8;CBTU;EQ1;CCIT 3.0;OP47;CBTU - COMPANHIA BRASILEIRA DE TRENS URBANOS;DF63;Lista restaurada;1
01/07/2024;COT8;CBTU;EQ1;CCIT 3.0;OP47;CBTU - COMPANHIA BRASILEIRA DE TRENS URBANOS;DF20;Atualização de data;1
01/07/2024;COT8;CBTU;EQ1;CCIT 3.0;OP47;CBTU - COMPANHIA BRASILEIRA DE TRENS URBANOS;DF97;Ressolda;1
01/07/2024;COT27;Cidade das Águas;EQ6;CCIT 4.0 FRONTAL H2.1;OP128;VIAÇÃO CIDADE DAS ÁGUAS;DF113;Restaura RAM via PC;3
01/07/2024;COT12;DIVPASS;EQ6;CCIT 4.0 FRONTAL H2.1;OP124;DIVPASS;DF136;Subst. Da Carcaça inferior;3
01/07/2024;COT12;DIVPASS;EQ6;CCIT 4.0 FRONTAL H2.1;OP124;DIVPASS;DF209;Subst. Do Display;1
01/07/2024;COT12;DIVPASS;EQ6;CCIT 4.0 FRONTAL H2.1;OP124;DIVPASS;DF51;Gravação BootLoader;20
01/07/2024;COT12;DIVPASS;EQ6;CCIT 4.0 FRONTAL H2.1;OP124;DIVPASS;DF63;Lista restaurada;20
01/07/2024;COT12;DIVPASS;EQ6;CCIT 4.0 FRONTAL H2.1;OP124;DIVPASS;DF322;Restore do módulo;20
01/07/2024;COT12;DIVPASS;EQ6;CCIT 4.0 FRONTAL H2.1;OP124;DIVPASS;DF271;Subst. Do Vidro;1
01/07/2024;COT12;DIVPASS;EQ6;CCIT 4.0 FRONTAL H2.1;OP124;DIVPASS;DF272;Subst. Do Touchscreen do módulo;1
01/07/2024;COT11;Gov. Valadares;EQ6;CCIT 4.0 FRONTAL H2.1;OP53;VIAÇÃO MOBI;DF272;Subst. Do Touchscreen do módulo;1
01/07/2024;COT11;Gov. Valadares;EQ6;CCIT 4.0 FRONTAL H2.1;OP53;VIAÇÃO MOBI;DF136;Subst. Da Carcaça inferior;1
01/07/2024;COT11;Gov. Valadares;EQ6;CCIT 4.0 FRONTAL H2.1;OP53;VIAÇÃO MOBI;DF51;Gravação BootLoader;12
01/07/2024;COT11;Gov. Valadares;EQ6;CCIT 4.0 FRONTAL H2.1;OP53;VIAÇÃO MOBI;DF63;Lista restaurada;12
01/07/2024;COT11;Gov. Valadares;EQ6;CCIT 4.0 FRONTAL H2.1;OP53;VIAÇÃO MOBI;DF238;Subst. Do Vidro CCIT V4.0;1
01/07/2024;COT11;Gov. Valadares;EQ6;CCIT 4.0 FRONTAL H2.1;OP53;VIAÇÃO MOBI;DF322;Restore do módulo;12
01/07/2024;COT24;GVBUS;EQ28;ATM;OP108;GVBUS - SIND. DAS EMP. DE TRANP. METROP. DA GRANDE VITÓRIA;DF296;ATM - sem conexão com internet;7
01/07/2024;COT24;GVBUS;EQ28;ATM;OP108;GVBUS - SIND. DAS EMP. DE TRANP. METROP. DA GRANDE VITÓRIA;DF284;Manutenção PC ATM;9
01/07/2024;COT24;GVBUS;EQ28;ATM;OP108;GVBUS - SIND. DAS EMP. DE TRANP. METROP. DA GRANDE VITÓRIA;DF208;Subst. Do Dispenser do cartão;7
01/07/2024;COT24;GVBUS;EQ28;ATM;OP108;GVBUS - SIND. DAS EMP. DE TRANP. METROP. DA GRANDE VITÓRIA;DF70;Manutenção PDV;3
01/07/2024;COT24;GVBUS;EQ28;ATM;OP108;GVBUS - SIND. DAS EMP. DE TRANP. METROP. DA GRANDE VITÓRIA;DF231;Subst. Do PINpad;1
01/07/2024;COT24;GVBUS;EQ28;ATM;OP108;GVBUS - SIND. DAS EMP. DE TRANP. METROP. DA GRANDE VITÓRIA;DF262;Retirada de nota ATM e testes;1
01/07/2024;COT13;Mariana;EQ5;CCIT 4.0 FRONTAL;OP54;TRANSCOTTA MARIANA MG;DF209;Subst. Do Display;1
01/07/2024;COT13;Mariana;EQ5;CCIT 4.0 FRONTAL;OP54;TRANSCOTTA MARIANA MG;DF51;Gravação BootLoader;2
01/07/2024;COT13;Mariana;EQ5;CCIT 4.0 FRONTAL;OP54;TRANSCOTTA MARIANA MG;DF63;Lista restaurada;2
01/07/2024;COT13;Mariana;EQ5;CCIT 4.0 FRONTAL;OP54;TRANSCOTTA MARIANA MG;DF322;Restore do módulo;2
01/07/2024;COT6;Metro-Bahia;EQ28;ATM;OP63;METRO-BAHIA;DF237;Subst. Do Validador de Notas;4
01/07/2024;COT6;Metro-Bahia;EQ28;ATM;OP63;METRO-BAHIA;DF143;Subst. da Impressora;2
01/07/2024;COT6;Metro-Bahia;EQ28;ATM;OP63;METRO-BAHIA;DF179;Subst. Do Cabo de Comunicação da Impressora;1
01/07/2024;COT6;Metro-Bahia;EQ28;ATM;OP63;METRO-BAHIA;DF284;Manutenção PC ATM;6
01/07/2024;COT6;Metro-Bahia;EQ28;ATM;OP63;METRO-BAHIA;DF142;Subst. Da Fonte Lambda ATM;2
01/07/2024;COT6;Metro-Bahia;EQ28;ATM;OP63;METRO-BAHIA;DF5;Ajuste da porta Externa;1
01/07/2024;COT6;METRO-BAHIA;EQ6;CCIT 4.0 FRONTAL H2.1;OP64;METROPOLITANO SSA;DF113;Restaura RAM via PC;7
01/07/2024;COT6;METRO-BAHIA;EQ6;CCIT 4.0 FRONTAL H2.1;OP64;METROPOLITANO SSA;DF41;Envio para manutenção central-CTG;1
01/07/2024;COT5;METROFOR/ VLT FORTALEZA;EQ38;CCIT 4.0 METROFOR;OP105;METROFOR LINHA SUL;DF41;Envio para manutenção central-CTG;5
01/07/2024;COT5;METROFOR/ VLT FORTALEZA;EQ38;CCIT 4.0 METROFOR;OP105;METROFOR LINHA SUL;DF113;Restaura RAM via PC;12
01/07/2024;COT10;Metropolitano-Bahia;EQ6;CCIT 4.0 FRONTAL H2.1;OP64;METROPOLITANO SSA;DF272;Subst. Do Touchscreen do módulo;11
01/07/2024;COT10;Metropolitano-Bahia;EQ6;CCIT 4.0 FRONTAL H2.1;OP64;METROPOLITANO SSA;DF113;Restaura RAM via PC;16
01/07/2024;COT10;Metropolitano-Bahia;EQ6;CCIT 4.0 FRONTAL H2.1;OP64;METROPOLITANO SSA;DF41;Envio para manutenção central-CTG;11
01/07/2024;COT20;ROSA TURISMO;EQ36;CCIT 4.0 FRONTAL H1 COM BATERIA;OP66;ROSA TURISMO;DF113;Restaura RAM via PC;2
01/07/2024;COT20;ROSA TURISMO;EQ36;CCIT 4.0 FRONTAL H1 COM BATERIA;OP66;ROSA TURISMO;DF41;Envio para manutenção central-CTG;1
01/07/2024;COT19;SÃO JOÃO;EQ36;CCIT 4.0 FRONTAL H1 COM BATERIA;OP67;SÃO JOÃO;DF41;Envio para manutenção central-CTG;1
01/07/2024;COT19;SÃO JOÃO;EQ36;CCIT 4.0 FRONTAL H1 COM BATERIA;OP67;SÃO JOÃO;DF113;Restaura RAM via PC;4
01/07/2024;COT17;São Jorge;EQ6;CCIT 4.0 FRONTAL H2.1;OP50;SÃO JORGE AUTO ONIBUS ;DF63;Lista restaurada;1
01/07/2024;COT17;São Jorge;EQ6;CCIT 4.0 FRONTAL H2.1;OP50;SÃO JORGE AUTO ONIBUS ;DF51;Gravação BootLoader;1
01/07/2024;COT17;São Jorge;EQ6;CCIT 4.0 FRONTAL H2.1;OP50;SÃO JORGE AUTO ONIBUS ;DF322;Restore do módulo;1
01/07/2024;COT18;Sindpautras;EQ6;CCIT 4.0 FRONTAL H2.1;OP48;SINDPAUTRAS-SIND. PERM. AUT. TRANSP. SU;DF136;Subst. Da Carcaça inferior;5
01/07/2024;COT18;Sindpautras;EQ6;CCIT 4.0 FRONTAL H2.1;OP48;SINDPAUTRAS-SIND. PERM. AUT. TRANSP. SU;DF209;Subst. Do Display;7
01/07/2024;COT18;Sindpautras;EQ6;CCIT 4.0 FRONTAL H2.1;OP48;SINDPAUTRAS-SIND. PERM. AUT. TRANSP. SU;DF51;Gravação BootLoader;38
01/07/2024;COT18;Sindpautras;EQ6;CCIT 4.0 FRONTAL H2.1;OP48;SINDPAUTRAS-SIND. PERM. AUT. TRANSP. SU;DF63;Lista restaurada;43
01/07/2024;COT18;Sindpautras;EQ6;CCIT 4.0 FRONTAL H2.1;OP48;SINDPAUTRAS-SIND. PERM. AUT. TRANSP. SU;DF93;Reparo no módulo;43
01/07/2024;COT18;Sindpautras;EQ6;CCIT 4.0 FRONTAL H2.1;OP48;SINDPAUTRAS-SIND. PERM. AUT. TRANSP. SU;DF21;Atualização de FW ;5
01/07/2024;COT18;Sindpautras;EQ6;CCIT 4.0 FRONTAL H2.1;OP48;SINDPAUTRAS-SIND. PERM. AUT. TRANSP. SU;DF169;Subst. De Componente eletrônico;1
01/07/2024;COT22;Taguatur;EQ35;CCIT 4.0 FRONTAL H2 COM BATERIA;OP82;TAGUATUR;DF41;Envio para manutenção central-CTG;19
01/07/2024;COT2;Transcard;EQ28;ATM;OP61;Setps (Transcard);DF237;Subst. Do Validador de Notas;5
01/07/2024;COT2;Transcard;EQ28;ATM;OP61;Setps (Transcard);DF143;Subst. da Impressora;1
01/07/2024;COT2;Transcard;EQ28;ATM;OP61;Setps (Transcard);DF218;Subst. Do Monitor;3
01/07/2024;COT2;Transcard;EQ28;ATM;OP61;Setps (Transcard);DF236;Subst. Do Teclado de Metal Frontal;1
01/07/2024;COT2;Transcard;EQ28;ATM;OP61;Setps (Transcard);DF142;Subst. Da Fonte Lambda ATM;1
01/07/2024;COT2;Transcard;EQ28;ATM;OP61;Setps (Transcard);DF314;Ajustes Cabo VGA;1
01/07/2024;COT2;Transcard;EQ28;ATM;OP61;Setps (Transcard);DF128;Subst. Da antena Cless;3
01/07/2024;COT2;Transcard;EQ28;ATM;OP61;Setps (Transcard);DF4;Ajuste da Porta do Cofre;1
01/07/2024;COT1;Transfacil;EQ28;ATM;OP27;TRANSFÁCIL;DF67;Manutenção na Impressora;1
01/07/2024;COT1;Transfacil;EQ28;ATM;OP27;TRANSFÁCIL;DF284;Manutenção PC ATM;1
01/07/2024;COT1;Transfacil;EQ28;ATM;OP27;TRANSFÁCIL;DF323;Subst. De cabo;1
01/07/2024;COT1;Transfacil;EQ28;ATM;OP27;TRANSFÁCIL;DF281;Subst. Fechadura Digital;1
01/07/2024;COT1;Transfacil;EQ28;ATM;OP27;TRANSFÁCIL;DF319;Subst. da Antena do PDV;1
01/07/2024;COT1;Transfacil;EQ28;ATM;OP27;TRANSFÁCIL;DF301;Reativação da chave do Windows;1
01/07/2024;COT1;Transfacil;EQ28;ATM;OP27;TRANSFÁCIL;DF140;Subst. Da Fechadura Tetra Chave;1
01/07/2024;COT1;Transfacil;EQ28;ATM;OP27;TRANSFÁCIL;DF218;Subst. Do Monitor;1
01/07/2024;COT1;Transfacil;EQ28;ATM;OP27;TRANSFÁCIL;DF64;Mal contato - Filtro de Linha com Defeito;1
01/07/2024;COT1;Transfacil;EQ28;ATM;OP27;TRANSFÁCIL;DF128;Subst. Da antena Cless;2
01/07/2024;COT1;Transfacil;EQ28;ATM;OP27;TRANSFÁCIL;DF258;Subst. Da Cabeça de Impressão;2
01/07/2024;COT1;Transfacil;EQ28;ATM;OP27;TRANSFÁCIL;DF143;Subst. da Impressora;2
01/07/2024;COT1;Transfacil;EQ28;ATM;OP27;TRANSFÁCIL;DF227;Subst. Do PC ATM;3
01/07/2024;COT1;Transfacil;EQ28;ATM;OP27;TRANSFÁCIL;DF228;Subst. Do PDV ATM;3
01/07/2024;COT1;Transfacil;EQ28;ATM;OP27;TRANSFÁCIL;DF69;Manutenção no Sensor de Porta;3
01/07/2024;COT1;Transfacil;EQ28;ATM;OP27;TRANSFÁCIL;DF19;ATM - defeito não confirmado;5
01/07/2024;COT1;Transfacil;EQ28;ATM;OP27;TRANSFÁCIL;DF280;Manutenção no Validador de Notas;6
01/07/2024;COT1;Transfacil;EQ28;ATM;OP27;TRANSFÁCIL;DF237;Subst. Do Validador de Notas;8
01/07/2024;COT1;Transfacil;EQ6;CCIT 4.0 FRONTAL H2.1;OP13;Estações BRT Move;DF238;Subst. Do Vidro CCIT V4.0;1
01/07/2024;COT1;Transfacil;EQ6;CCIT 4.0 FRONTAL H2.1;OP13;Estações BRT Move;DF135;Subst. Da Carcaça frontal;1
01/07/2024;COT1;Transfacil;EQ6;CCIT 4.0 FRONTAL H2.1;OP13;Estações BRT Move;DF26;Atualização do PIC;1
01/07/2024;COT1;Transfacil;EQ6;CCIT 4.0 FRONTAL H2.1;OP13;Estações BRT Move;DF272;Subst. Do Touchscreen do módulo;2
01/07/2024;COT1;Transfacil;EQ6;CCIT 4.0 FRONTAL H2.1;OP13;Estações BRT Move;DF276;Subst. Placa do Módulo;2
01/07/2024;COT1;Transfacil;EQ6;CCIT 4.0 FRONTAL H2.1;OP13;Estações BRT Move;DF242;Subst. Placa Mbccit;2
01/07/2024;COT1;Transfacil;EQ6;CCIT 4.0 FRONTAL H2.1;OP13;Estações BRT Move;DF136;Subst. Da Carcaça inferior;3
01/07/2024;COT1;Transfacil;EQ6;CCIT 4.0 FRONTAL H2.1;OP13;Estações BRT Move;DF210;Subst. Do Display CCIT;6
01/07/2024;COT1;Transfacil;EQ6;CCIT 4.0 FRONTAL H2.1;OP13;Estações BRT Move;DF21;Atualização de FW ;10
01/07/2024;COT1;Transfacil;EQ6;CCIT 4.0 FRONTAL H2.1;OP13;Estações BRT Move;DF20;Atualização de data;16
01/07/2024;COT1;Transfacil;EQ6;CCIT 4.0 FRONTAL H2.1;OP13;Estações BRT Move;DF51;Gravação BootLoader;21
01/07/2024;COT1;Transfacil;EQ6;CCIT 4.0 FRONTAL H2.1;OP13;Estações BRT Move;DF322;Restore do módulo;30
01/07/2024;COT1;Transfacil;EQ6;CCIT 4.0 FRONTAL H2.1;OP13;Estações BRT Move;DF63;Lista restaurada;31
01/07/2024;COT35;TURIN CONGONHAS;EQ5;CCIT 4.0 FRONTAL;OP138;VIAÇÃO TURIN CONGONHAS;DF51;Gravação BootLoader;2
01/07/2024;COT35;TURIN CONGONHAS;EQ5;CCIT 4.0 FRONTAL;OP138;VIAÇÃO TURIN CONGONHAS;DF63;Lista restaurada;2
01/07/2024;COT35;TURIN CONGONHAS;EQ5;CCIT 4.0 FRONTAL;OP138;VIAÇÃO TURIN CONGONHAS;DF322;Restore do módulo;2
01/07/2024;COT35;TURIN CONGONHAS;EQ5;CCIT 4.0 FRONTAL;OP138;VIAÇÃO TURIN CONGONHAS;DF136;Subst. Da Carcaça inferior;1
01/07/2024;COT14;TURIN OURO PRETO;EQ6;CCIT 4.0 FRONTAL H2.1;OP52;VIAÇÃO TURIN OURO PRETO;DF93;Reparo no módulo;8
01/07/2024;COT14;TURIN OURO PRETO;EQ6;CCIT 4.0 FRONTAL H2.1;OP52;VIAÇÃO TURIN OURO PRETO;DF51;Gravação BootLoader;8
01/07/2024;COT14;TURIN OURO PRETO;EQ6;CCIT 4.0 FRONTAL H2.1;OP52;VIAÇÃO TURIN OURO PRETO;DF136;Subst. Da Carcaça inferior;1
01/07/2024;COT14;TURIN OURO PRETO;EQ6;CCIT 4.0 FRONTAL H2.1;OP52;VIAÇÃO TURIN OURO PRETO;DF63;Lista restaurada;8
01/07/2024;COT23;UTB;EQ6;CCIT 4.0 FRONTAL H2.1;OP83;UTB;DF41;Envio para manutenção central-CTG;6
01/07/2024;COT16;Via Ouro;EQ6;CCIT 4.0 FRONTAL H2.1;OP49;VIA OURO COLETIVOS LTDA;DF271;Subst. Do Vidro;2
01/07/2024;COT16;Via Ouro;EQ6;CCIT 4.0 FRONTAL H2.1;OP49;VIA OURO COLETIVOS LTDA;DF51;Gravação BootLoader;5
01/07/2024;COT16;Via Ouro;EQ6;CCIT 4.0 FRONTAL H2.1;OP49;VIA OURO COLETIVOS LTDA;DF272;Subst. Do Touchscreen do módulo;2
01/07/2024;COT16;Via Ouro;EQ6;CCIT 4.0 FRONTAL H2.1;OP49;VIA OURO COLETIVOS LTDA;DF63;Lista restaurada;5
01/07/2024;COT16;Via Ouro;EQ6;CCIT 4.0 FRONTAL H2.1;OP49;VIA OURO COLETIVOS LTDA;DF322;Restore do módulo;5
01/07/2024;COT2;Transcard;EQ6;CCIT 4.0 FRONTAL H2.1;;;DF101;Ressolda Mbccit;1
01/07/2024;COT2;Transcard;EQ6;CCIT 4.0 FRONTAL H2.1;;;DF326;Subst. Bateria do Módulo;1
01/07/2024;COT2;Transcard;EQ6;CCIT 4.0 FRONTAL H2.1;;;DF198;Subst. Do componente eletrônico;3
01/07/2024;COT2;Transcard;EQ6;CCIT 4.0 FRONTAL H2.1;;;DF238;Subst. Do Vidro CCIT V4.0;4
01/07/2024;COT2;Transcard;EQ6;CCIT 4.0 FRONTAL H2.1;;;DF26;Atualização do PIC;8
01/07/2024;COT2;Transcard;EQ6;CCIT 4.0 FRONTAL H2.1;;;DF272;Subst. Do Touchscreen do módulo;9
01/07/2024;COT2;Transcard;EQ6;CCIT 4.0 FRONTAL H2.1;;;DF210;Subst. Do Display CCIT;11
01/07/2024;COT2;Transcard;EQ6;CCIT 4.0 FRONTAL H2.1;;;DF136;Subst. Da Carcaça inferior;11
01/07/2024;COT2;Transcard;EQ6;CCIT 4.0 FRONTAL H2.1;;;DF217;Subst. Do Módulo H2.1;21
01/07/2024;COT2;Transcard;EQ6;CCIT 4.0 FRONTAL H2.1;;;DF51;Gravação BootLoader;49
01/07/2024;COT2;Transcard;EQ6;CCIT 4.0 FRONTAL H2.1;;;DF20;Atualização de data;125
01/07/2024;COT2;Transcard;EQ6;CCIT 4.0 FRONTAL H2.1;;;DF21;Atualização de FW ;204
01/07/2024;COT2;Transcard;EQ6;CCIT 4.0 FRONTAL H2.1;;;DF63;Lista restaurada;213
01/07/2024;COT2;Transcard;EQ6;CCIT 4.0 FRONTAL H2.1;;;DF322;Restore do módulo;218
