DATA;DATA_COMPETENCIA;ID_CONTRATO;CONTRATO;ID_EQUIPAMENTO;EQUIPAMENTO;ID_OPERADORA;OPERADORA;ID_SERVICO_EXECUTADO;SERVIC_EXECUTADO;QTD_SERVICO;PRACA;NOME_PRACA;COORDENACAO
01/06/2026;01/06/2026;000059;TACOM- SALVADOR;008882;PDV V5.3 - CCL;000059;TACOM- SALVADOR;SE-69;TROCA EQUIPAMENTO;1;SSA;SALVADOR;NORDESTE
01/06/2026;01/06/2026;000059;TACOM- SALVADOR;010972;UNIDADE DE PROCESSAMENTO EXTERNA - UPEX V3000M - COM DVR  .;000059;TACOM- SALVADOR;SE-22;FORMATACAO DO SD CARD;1;SSA;SALVADOR;NORDESTE
01/06/2026;01/06/2026;000059;TACOM- SALVADOR;010972;UNIDADE DE PROCESSAMENTO EXTERNA - UPEX V3000M - COM DVR  .;000059;TACOM- SALVADOR;SE-27;GRAVACAO DO BOOTLOADER;1;SSA;SALVADOR;NORDESTE
01/06/2026;01/06/2026;000059;TACOM- SALVADOR;010972;UNIDADE DE PROCESSAMENTO EXTERNA - UPEX V3000M - COM DVR  .;000059;TACOM- SALVADOR;SE-47;RESSOLDA DA PLACA;1;SSA;SALVADOR;NORDESTE
01/06/2026;01/06/2026;000059;TACOM- SALVADOR;010972;UNIDADE DE PROCESSAMENTO EXTERNA - UPEX V3000M - COM DVR  .;000059;TACOM- SALVADOR;SE-81;TROCA DA PLACA;2;SSA;SALVADOR;NORDESTE
01/06/2026;01/06/2026;000059;TACOM- SALVADOR;010972;UNIDADE DE PROCESSAMENTO EXTERNA - UPEX V3000M - COM DVR  .;000059;TACOM- SALVADOR;SE-82;TROCA DO CARTAO;10;SSA;SALVADOR;NORDESTE
01/06/2026;01/06/2026;000059;TACOM- SALVADOR;010972;UNIDADE DE PROCESSAMENTO EXTERNA - UPEX V3000M - COM DVR  .;000059;TACOM- SALVADOR;SE-85;TROCA DE COMPONENTE;10;SSA;SALVADOR;NORDESTE
01/06/2026;01/06/2026;000059;TACOM- SALVADOR;011365;VALIDADOR DE PAPEL MOEDA - ATM TACOM;000059;TACOM- SALVADOR;SE-03;AJUSTE;1;SSA;SALVADOR;NORDESTE
01/06/2026;01/06/2026;000059;TACOM- SALVADOR;012212;MONITOR DELL;000059;TACOM- SALVADOR;SE-69;TROCA EQUIPAMENTO;1;SSA;SALVADOR;NORDESTE
01/06/2026;01/06/2026;000059;TACOM- SALVADOR;012806;BASE FIXA VALIDADOR CCIT 4.0 ENTRADA DE 24V;000059;TACOM- SALVADOR;SE-42;RESSOLDA COMPONENTE;6;SSA;SALVADOR;NORDESTE
01/06/2026;01/06/2026;000059;TACOM- SALVADOR;012806;BASE FIXA VALIDADOR CCIT 4.0 ENTRADA DE 24V;000059;TACOM- SALVADOR;SE-47;RESSOLDA DA PLACA;22;SSA;SALVADOR;NORDESTE
01/06/2026;01/06/2026;000059;TACOM- SALVADOR;012806;BASE FIXA VALIDADOR CCIT 4.0 ENTRADA DE 24V;000059;TACOM- SALVADOR;SE-48;RESSOLDA DO CIRCUITO;2;SSA;SALVADOR;NORDESTE
01/06/2026;01/06/2026;000059;TACOM- SALVADOR;012806;BASE FIXA VALIDADOR CCIT 4.0 ENTRADA DE 24V;000059;TACOM- SALVADOR;SE-73;TROCA CONECTOR;2;SSA;SALVADOR;NORDESTE
01/06/2026;01/06/2026;000059;TACOM- SALVADOR;012806;BASE FIXA VALIDADOR CCIT 4.0 ENTRADA DE 24V;000059;TACOM- SALVADOR;SE-76;TROCA DA CARCACA INFERIOR;22;SSA;SALVADOR;NORDESTE
01/06/2026;01/06/2026;000059;TACOM- SALVADOR;012806;BASE FIXA VALIDADOR CCIT 4.0 ENTRADA DE 24V;000059;TACOM- SALVADOR;SE-85;TROCA DE COMPONENTE;61;SSA;SALVADOR;NORDESTE
01/06/2026;01/06/2026;000059;TACOM- SALVADOR;012811;FRONTAL VALIDADOR CCIT 4.0 COM MODULO H2-1.;000059;TACOM- SALVADOR;;TELA QUEBRADA;0;SSA;SALVADOR;NORDESTE
01/06/2026;01/06/2026;000059;TACOM- SALVADOR;012811;FRONTAL VALIDADOR CCIT 4.0 COM MODULO H2-1.;000059;TACOM- SALVADOR;SE-27;GRAVACAO DO BOOTLOADER;23;SSA;SALVADOR;NORDESTE
01/06/2026;01/06/2026;000059;TACOM- SALVADOR;012811;FRONTAL VALIDADOR CCIT 4.0 COM MODULO H2-1.;000059;TACOM- SALVADOR;SE-37;MODULO REAPROVEITADO;24;SSA;SALVADOR;NORDESTE
01/06/2026;01/06/2026;000059;TACOM- SALVADOR;012811;FRONTAL VALIDADOR CCIT 4.0 COM MODULO H2-1.;000059;TACOM- SALVADOR;SE-76;TROCA DA CARCACA INFERIOR;16;SSA;SALVADOR;NORDESTE
01/06/2026;01/06/2026;000059;TACOM- SALVADOR;012811;FRONTAL VALIDADOR CCIT 4.0 COM MODULO H2-1.;000059;TACOM- SALVADOR;SE-81;TROCA DA PLACA;17;SSA;SALVADOR;NORDESTE
01/06/2026;01/06/2026;000059;TACOM- SALVADOR;012811;FRONTAL VALIDADOR CCIT 4.0 COM MODULO H2-1.;000059;TACOM- SALVADOR;SE-84;TROCA DO DISPLAY;3;SSA;SALVADOR;NORDESTE
01/06/2026;01/06/2026;000059;TACOM- SALVADOR;012811;FRONTAL VALIDADOR CCIT 4.0 COM MODULO H2-1.;000059;TACOM- SALVADOR;SE-85;TROCA DE COMPONENTE;4;SSA;SALVADOR;NORDESTE
01/06/2026;01/06/2026;000059;TACOM- SALVADOR;012811;FRONTAL VALIDADOR CCIT 4.0 COM MODULO H2-1.;000059;TACOM- SALVADOR;SE-99;ENVIADO PARA ANALISE;3;SSA;SALVADOR;NORDESTE
01/06/2026;01/06/2026;000059;TACOM- SALVADOR;013827;EQUIPAMENTO PDV 6.0 TACOM    .;000059;TACOM- SALVADOR;SE-85;TROCA DE COMPONENTE;1;SSA;SALVADOR;NORDESTE
01/06/2026;01/06/2026;000059;TACOM- SALVADOR;014950;FRONTAL VALIDADOR CCIT 4.0 COM MODULO HJI21;000059;TACOM- SALVADOR;SE-81;TROCA DA PLACA;5;SSA;SALVADOR;NORDESTE
01/06/2026;01/06/2026;000059;TACOM- SALVADOR;014950;FRONTAL VALIDADOR CCIT 4.0 COM MODULO HJI21;000059;TACOM- SALVADOR;SE-84;TROCA DO DISPLAY;1;SSA;SALVADOR;NORDESTE
01/06/2026;01/06/2026;000059;TACOM- SALVADOR;014950;FRONTAL VALIDADOR CCIT 4.0 COM MODULO HJI21;000059;TACOM- SALVADOR;SE-85;TROCA DE COMPONENTE;1;SSA;SALVADOR;NORDESTE
01/06/2026;01/06/2026;000059;TACOM- SALVADOR;014950;FRONTAL VALIDADOR CCIT 4.0 COM MODULO HJI21;000059;TACOM- SALVADOR;SE-95;TROCA TOUCHSCREEN;3;SSA;SALVADOR;NORDESTE
01/06/2026;01/06/2026;000060;TACOM CONTAGEM;009509;ARK-VH200A-D5A1E - INTEL ATOM D510 1.66 GHZ FANLESS COMPACT EMBEDDED;000060;TACOM CONTAGEM;SE-47;RESSOLDA DA PLACA;1;CTG;CONTAGEM;SUDESTE
01/06/2026;01/06/2026;000060;TACOM CONTAGEM;009509;ARK-VH200A-D5A1E - INTEL ATOM D510 1.66 GHZ FANLESS COMPACT EMBEDDED;000060;TACOM CONTAGEM;SE-63;TESTE GPRS OK;1;CTG;CONTAGEM;SUDESTE
01/06/2026;01/06/2026;000060;TACOM CONTAGEM;009509;ARK-VH200A-D5A1E - INTEL ATOM D510 1.66 GHZ FANLESS COMPACT EMBEDDED;000060;TACOM CONTAGEM;SE-64;TESTE GPS OK;1;CTG;CONTAGEM;SUDESTE
01/06/2026;01/06/2026;000060;TACOM CONTAGEM;010972;UNIDADE DE PROCESSAMENTO EXTERNA - UPEX V3000M - COM DVR  .;000060;TACOM CONTAGEM;SE-22;FORMATACAO DO SD CARD;1;CTG;CONTAGEM;SUDESTE
01/06/2026;01/06/2026;000060;TACOM CONTAGEM;012806;BASE FIXA VALIDADOR CCIT 4.0 ENTRADA DE 24V;000060;TACOM CONTAGEM;SE-06;ATUALIZACAO DO FW;1;CTG;CONTAGEM;SUDESTE
01/06/2026;01/06/2026;000060;TACOM CONTAGEM;012806;BASE FIXA VALIDADOR CCIT 4.0 ENTRADA DE 24V;000060;TACOM CONTAGEM;SE-36;MODIFICACAO CIRCUITO DE CATRAC;1;CTG;CONTAGEM;SUDESTE
01/06/2026;01/06/2026;000060;TACOM CONTAGEM;012806;BASE FIXA VALIDADOR CCIT 4.0 ENTRADA DE 24V;000060;TACOM CONTAGEM;SE-93;TROCA FUSIVEL;1;CTG;CONTAGEM;SUDESTE
01/06/2026;01/06/2026;000060;TACOM CONTAGEM;012811;FRONTAL VALIDADOR CCIT 4.0 COM MODULO H2-1.;000060;TACOM CONTAGEM;SE-04;ATUALIZACAO DA LISTA;5;CTG;CONTAGEM;SUDESTE
01/06/2026;01/06/2026;000060;TACOM CONTAGEM;012811;FRONTAL VALIDADOR CCIT 4.0 COM MODULO H2-1.;000060;TACOM CONTAGEM;SE-27;GRAVACAO DO BOOTLOADER;5;CTG;CONTAGEM;SUDESTE
01/06/2026;01/06/2026;000060;TACOM CONTAGEM;012811;FRONTAL VALIDADOR CCIT 4.0 COM MODULO H2-1.;000060;TACOM CONTAGEM;SE-55;RESTORE DO MODULO;5;CTG;CONTAGEM;SUDESTE
01/06/2026;01/06/2026;000060;TACOM CONTAGEM;012811;FRONTAL VALIDADOR CCIT 4.0 COM MODULO H2-1.;000060;TACOM CONTAGEM;SE-76;TROCA DA CARCACA INFERIOR;1;CTG;CONTAGEM;SUDESTE
01/06/2026;01/06/2026;000060;TACOM CONTAGEM;012811;FRONTAL VALIDADOR CCIT 4.0 COM MODULO H2-1.;000060;TACOM CONTAGEM;SE-95;TROCA TOUCHSCREEN;1;CTG;CONTAGEM;SUDESTE
01/06/2026;01/06/2026;000060;TACOM CONTAGEM;014950;FRONTAL VALIDADOR CCIT 4.0 COM MODULO HJI21;000060;TACOM CONTAGEM;SE-04;ATUALIZACAO DA LISTA;3;CTG;CONTAGEM;SUDESTE
01/06/2026;01/06/2026;000060;TACOM CONTAGEM;014950;FRONTAL VALIDADOR CCIT 4.0 COM MODULO HJI21;000060;TACOM CONTAGEM;SE-05;ATUALIZACAO DATA / HORA;1;CTG;CONTAGEM;SUDESTE
01/06/2026;01/06/2026;000060;TACOM CONTAGEM;014950;FRONTAL VALIDADOR CCIT 4.0 COM MODULO HJI21;000060;TACOM CONTAGEM;SE-06;ATUALIZACAO DO FW;1;CTG;CONTAGEM;SUDESTE
01/06/2026;01/06/2026;000060;TACOM CONTAGEM;014950;FRONTAL VALIDADOR CCIT 4.0 COM MODULO HJI21;000060;TACOM CONTAGEM;SE-100;TESTE CATRACA;1;CTG;CONTAGEM;SUDESTE
01/06/2026;01/06/2026;000060;TACOM CONTAGEM;014950;FRONTAL VALIDADOR CCIT 4.0 COM MODULO HJI21;000060;TACOM CONTAGEM;SE-27;GRAVACAO DO BOOTLOADER;2;CTG;CONTAGEM;SUDESTE
01/06/2026;01/06/2026;000060;TACOM CONTAGEM;014950;FRONTAL VALIDADOR CCIT 4.0 COM MODULO HJI21;000060;TACOM CONTAGEM;SE-32;LIMPEZA;1;CTG;CONTAGEM;SUDESTE
01/06/2026;01/06/2026;000060;TACOM CONTAGEM;014950;FRONTAL VALIDADOR CCIT 4.0 COM MODULO HJI21;000060;TACOM CONTAGEM;SE-55;RESTORE DO MODULO;3;CTG;CONTAGEM;SUDESTE
01/06/2026;01/06/2026;000060;TACOM CONTAGEM;017030;CAMERA 1MP CMOS 720P COLOR IR DOME PLAST BRANCA 2.8 MM VHD 1120 D G7;000060;TACOM CONTAGEM;SE-12;EQUIPAMENTO SEM REPARO;11;CTG;CONTAGEM;SUDESTE
01/06/2026;01/06/2026;000060;TACOM CONTAGEM;017046;CAMERA DOME BUSZOOM CVBS 12V CMOS 2.8MM COMUM;000060;TACOM CONTAGEM;SE-12;EQUIPAMENTO SEM REPARO;2;CTG;CONTAGEM;SUDESTE
01/06/2026;01/06/2026;000060;TACOM CONTAGEM;021353;PAINEL DE MOTORISTA DM X500L H5                .;000060;TACOM CONTAGEM;SE-06;ATUALIZACAO DO FW;24;CTG;CONTAGEM;SUDESTE
01/06/2026;01/06/2026;000060;TACOM CONTAGEM;021353;PAINEL DE MOTORISTA DM X500L H5                .;000060;TACOM CONTAGEM;SE-32;LIMPEZA;9;CTG;CONTAGEM;SUDESTE
01/06/2026;01/06/2026;000060;TACOM CONTAGEM;021353;PAINEL DE MOTORISTA DM X500L H5                .;000060;TACOM CONTAGEM;SE-42;RESSOLDA COMPONENTE;1;CTG;CONTAGEM;SUDESTE
01/06/2026;01/06/2026;000060;TACOM CONTAGEM;021353;PAINEL DE MOTORISTA DM X500L H5                .;000060;TACOM CONTAGEM;SE-43;RESSOLDA ANTENA;3;CTG;CONTAGEM;SUDESTE
01/06/2026;01/06/2026;000060;TACOM CONTAGEM;021353;PAINEL DE MOTORISTA DM X500L H5                .;000060;TACOM CONTAGEM;SE-85;TROCA DE COMPONENTE;1;CTG;CONTAGEM;SUDESTE
01/06/2026;01/06/2026;000060;TACOM CONTAGEM;021578;CAMERA DOME METAL CVBS BNC 2.1MM LENS HXT-B204;000060;TACOM CONTAGEM;SE-12;EQUIPAMENTO SEM REPARO;2;CTG;CONTAGEM;SUDESTE
01/06/2026;01/06/2026;000080;TRANSFACIL;008520;UNIDADE DE PROCESSAMENTO EXTERNO UPEX V2000 - REV4.0;000080;TRANSFACIL;SE-21;FORMATACAO DE MEMORIA;19;BHZ;BELO HORIZONTE;SUDESTE
01/06/2026;01/06/2026;000080;TRANSFACIL;008520;UNIDADE DE PROCESSAMENTO EXTERNO UPEX V2000 - REV4.0;000080;TRANSFACIL;SE-85;TROCA DE COMPONENTE;48;BHZ;BELO HORIZONTE;SUDESTE
01/06/2026;01/06/2026;000080;TRANSFACIL;008882;PDV V5.3 - CCL;000080;TRANSFACIL;SE-03;AJUSTE;2;BHZ;BELO HORIZONTE;SUDESTE
01/06/2026;01/06/2026;000080;TRANSFACIL;008882;PDV V5.3 - CCL;000080;TRANSFACIL;SE-06;ATUALIZACAO DO FW;1;BHZ;BELO HORIZONTE;SUDESTE
01/06/2026;01/06/2026;000080;TRANSFACIL;011133;GUIA DE COLETA DE CARTAO MONTADA - WOLPAC;000080;TRANSFACIL;SE-03;AJUSTE;1;BHZ;BELO HORIZONTE;SUDESTE
01/06/2026;01/06/2026;000080;TRANSFACIL;011133;GUIA DE COLETA DE CARTAO MONTADA - WOLPAC;000080;TRANSFACIL;SE-85;TROCA DE COMPONENTE;2;BHZ;BELO HORIZONTE;SUDESTE
01/06/2026;01/06/2026;000080;TRANSFACIL;011368;RECEPTACULO/COFRE DE PAPEL MOEDA - ATM TACOM VY1500;000080;TRANSFACIL;SE-11;DEFEITO NAO ENCONTRADO;1;BHZ;BELO HORIZONTE;SUDESTE
01/06/2026;01/06/2026;000080;TRANSFACIL;011368;RECEPTACULO/COFRE DE PAPEL MOEDA - ATM TACOM VY1500;000080;TRANSFACIL;SE-13;EQUIPAMENTO SUBSTITUIDO;3;BHZ;BELO HORIZONTE;SUDESTE
01/06/2026;01/06/2026;000080;TRANSFACIL;011701;POS ON LINE TACOM;000080;TRANSFACIL;SE-13;EQUIPAMENTO SUBSTITUIDO;2;BHZ;BELO HORIZONTE;SUDESTE
01/06/2026;01/06/2026;000080;TRANSFACIL;012212;MONITOR DELL;000080;TRANSFACIL;SE-00;MAO DE OBRA;1;BHZ;BELO HORIZONTE;SUDESTE
01/06/2026;01/06/2026;000080;TRANSFACIL;012212;MONITOR DELL;000080;TRANSFACIL;SE-84;TROCA DO DISPLAY;1;BHZ;BELO HORIZONTE;SUDESTE
01/06/2026;01/06/2026;000080;TRANSFACIL;012806;BASE FIXA VALIDADOR CCIT 4.0 ENTRADA DE 24V;000080;TRANSFACIL;SE-100;TESTE CATRACA;1;BHZ;BELO HORIZONTE;SUDESTE
01/06/2026;01/06/2026;000080;TRANSFACIL;012806;BASE FIXA VALIDADOR CCIT 4.0 ENTRADA DE 24V;000080;TRANSFACIL;SE-32;LIMPEZA;1;BHZ;BELO HORIZONTE;SUDESTE
01/06/2026;01/06/2026;000080;TRANSFACIL;012806;BASE FIXA VALIDADOR CCIT 4.0 ENTRADA DE 24V;000080;TRANSFACIL;SE-98;GRAVACAO FW;1;BHZ;BELO HORIZONTE;SUDESTE
01/06/2026;01/06/2026;000080;TRANSFACIL;012811;FRONTAL VALIDADOR CCIT 4.0 COM MODULO H2-1.;000080;TRANSFACIL;SE-00;MAO DE OBRA;1;BHZ;BELO HORIZONTE;SUDESTE
01/06/2026;01/06/2026;000080;TRANSFACIL;012811;FRONTAL VALIDADOR CCIT 4.0 COM MODULO H2-1.;000080;TRANSFACIL;SE-04;ATUALIZACAO DA LISTA;28;BHZ;BELO HORIZONTE;SUDESTE
01/06/2026;01/06/2026;000080;TRANSFACIL;012811;FRONTAL VALIDADOR CCIT 4.0 COM MODULO H2-1.;000080;TRANSFACIL;SE-05;ATUALIZACAO DATA / HORA;20;BHZ;BELO HORIZONTE;SUDESTE
01/06/2026;01/06/2026;000080;TRANSFACIL;012811;FRONTAL VALIDADOR CCIT 4.0 COM MODULO H2-1.;000080;TRANSFACIL;SE-06;ATUALIZACAO DO FW;9;BHZ;BELO HORIZONTE;SUDESTE
01/06/2026;01/06/2026;000080;TRANSFACIL;012811;FRONTAL VALIDADOR CCIT 4.0 COM MODULO H2-1.;000080;TRANSFACIL;SE-100;TESTE CATRACA;1;BHZ;BELO HORIZONTE;SUDESTE
01/06/2026;01/06/2026;000080;TRANSFACIL;012811;FRONTAL VALIDADOR CCIT 4.0 COM MODULO H2-1.;000080;TRANSFACIL;SE-32;LIMPEZA;10;BHZ;BELO HORIZONTE;SUDESTE
01/06/2026;01/06/2026;000080;TRANSFACIL;012811;FRONTAL VALIDADOR CCIT 4.0 COM MODULO H2-1.;000080;TRANSFACIL;SE-42;RESSOLDA COMPONENTE;1;BHZ;BELO HORIZONTE;SUDESTE
01/06/2026;01/06/2026;000080;TRANSFACIL;012811;FRONTAL VALIDADOR CCIT 4.0 COM MODULO H2-1.;000080;TRANSFACIL;SE-55;RESTORE DO MODULO;29;BHZ;BELO HORIZONTE;SUDESTE
01/06/2026;01/06/2026;000080;TRANSFACIL;012811;FRONTAL VALIDADOR CCIT 4.0 COM MODULO H2-1.;000080;TRANSFACIL;SE-56;RETIRADA A BATERIA;1;BHZ;BELO HORIZONTE;SUDESTE
01/06/2026;01/06/2026;000080;TRANSFACIL;012811;FRONTAL VALIDADOR CCIT 4.0 COM MODULO H2-1.;000080;TRANSFACIL;SE-82;TROCA DO CARTAO;1;BHZ;BELO HORIZONTE;SUDESTE
01/06/2026;01/06/2026;000080;TRANSFACIL;012811;FRONTAL VALIDADOR CCIT 4.0 COM MODULO H2-1.;000080;TRANSFACIL;SE-84;TROCA DO DISPLAY;2;BHZ;BELO HORIZONTE;SUDESTE
01/06/2026;01/06/2026;000080;TRANSFACIL;012811;FRONTAL VALIDADOR CCIT 4.0 COM MODULO H2-1.;000080;TRANSFACIL;SE-85;TROCA DE COMPONENTE;4;BHZ;BELO HORIZONTE;SUDESTE
01/06/2026;01/06/2026;000080;TRANSFACIL;012811;FRONTAL VALIDADOR CCIT 4.0 COM MODULO H2-1.;000080;TRANSFACIL;SE-87;TROCA DO MODULO;2;BHZ;BELO HORIZONTE;SUDESTE
01/06/2026;01/06/2026;000080;TRANSFACIL;012811;FRONTAL VALIDADOR CCIT 4.0 COM MODULO H2-1.;000080;TRANSFACIL;SE-95;TROCA TOUCHSCREEN;3;BHZ;BELO HORIZONTE;SUDESTE
01/06/2026;01/06/2026;000080;TRANSFACIL;012811;FRONTAL VALIDADOR CCIT 4.0 COM MODULO H2-1.;000080;TRANSFACIL;SE-96;TROCA DE VIDRO;1;BHZ;BELO HORIZONTE;SUDESTE
01/06/2026;01/06/2026;000080;TRANSFACIL;012811;FRONTAL VALIDADOR CCIT 4.0 COM MODULO H2-1.;000080;TRANSFACIL;SE-98;GRAVACAO FW;20;BHZ;BELO HORIZONTE;SUDESTE
01/06/2026;01/06/2026;000080;TRANSFACIL;013393;POS INGENICO IWL-285;000080;TRANSFACIL;SE-06;ATUALIZACAO DO FW;1;BHZ;BELO HORIZONTE;SUDESTE
01/06/2026;01/06/2026;000080;TRANSFACIL;013827;EQUIPAMENTO PDV 6.0 TACOM    .;000080;TRANSFACIL;SE-03;AJUSTE;1;BHZ;BELO HORIZONTE;SUDESTE
01/06/2026;01/06/2026;000080;TRANSFACIL;013827;EQUIPAMENTO PDV 6.0 TACOM    .;000080;TRANSFACIL;SE-06;ATUALIZACAO DO FW;1;BHZ;BELO HORIZONTE;SUDESTE
01/06/2026;01/06/2026;000080;TRANSFACIL;014866;GUIA RECOLHEDOR MONTADA BRT/BHZ CCIT4.0;000080;TRANSFACIL;SE-85;TROCA DE COMPONENTE;3;BHZ;BELO HORIZONTE;SUDESTE
01/06/2026;01/06/2026;000080;TRANSFACIL;017030;CAMERA 1MP CMOS 720P COLOR IR DOME PLAST BRANCA 2.8 MM VHD 1120 D G7;000080;TRANSFACIL;SE-12;EQUIPAMENTO SEM REPARO;2;BHZ;BELO HORIZONTE;SUDESTE
01/06/2026;01/06/2026;000080;TRANSFACIL;020932;POS TACOM GPOS700;000080;TRANSFACIL;SE-06;ATUALIZACAO DO FW;1;BHZ;BELO HORIZONTE;SUDESTE
01/06/2026;01/06/2026;000080;TRANSFACIL;020932;POS TACOM GPOS700;000080;TRANSFACIL;SE-13;EQUIPAMENTO SUBSTITUIDO;1;BHZ;BELO HORIZONTE;SUDESTE
01/06/2026;01/06/2026;000080;TRANSFACIL;020932;POS TACOM GPOS700;000080;TRANSFACIL;SE-83;TROCA DO CHIP;1;BHZ;BELO HORIZONTE;SUDESTE
01/06/2026;01/06/2026;000083;TACOM-TERESINA;012806;BASE FIXA VALIDADOR CCIT 4.0 ENTRADA DE 24V;000083;TACOM-TERESINA;SE-76;TROCA DA CARCACA INFERIOR;2;THE;TERESINA;NORDESTE
01/06/2026;01/06/2026;000083;TACOM-TERESINA;012806;BASE FIXA VALIDADOR CCIT 4.0 ENTRADA DE 24V;000083;TACOM-TERESINA;SE-85;TROCA DE COMPONENTE;6;THE;TERESINA;NORDESTE
01/06/2026;01/06/2026;000083;TACOM-TERESINA;012811;FRONTAL VALIDADOR CCIT 4.0 COM MODULO H2-1.;000083;TACOM-TERESINA;SE-81;TROCA DA PLACA;7;THE;TERESINA;NORDESTE
01/06/2026;01/06/2026;000083;TACOM-TERESINA;012811;FRONTAL VALIDADOR CCIT 4.0 COM MODULO H2-1.;000083;TACOM-TERESINA;SE-84;TROCA DO DISPLAY;1;THE;TERESINA;NORDESTE
01/06/2026;01/06/2026;000083;TACOM-TERESINA;012811;FRONTAL VALIDADOR CCIT 4.0 COM MODULO H2-1.;000083;TACOM-TERESINA;SE-95;TROCA TOUCHSCREEN;2;THE;TERESINA;NORDESTE
01/06/2026;01/06/2026;000083;TACOM-TERESINA;014950;FRONTAL VALIDADOR CCIT 4.0 COM MODULO HJI21;000083;TACOM-TERESINA;SE-81;TROCA DA PLACA;2;THE;TERESINA;NORDESTE
01/06/2026;01/06/2026;000083;TACOM-TERESINA;014950;FRONTAL VALIDADOR CCIT 4.0 COM MODULO HJI21;000083;TACOM-TERESINA;SE-84;TROCA DO DISPLAY;2;THE;TERESINA;NORDESTE
01/06/2026;01/06/2026;000083;TACOM-TERESINA;014950;FRONTAL VALIDADOR CCIT 4.0 COM MODULO HJI21;000083;TACOM-TERESINA;SE-85;TROCA DE COMPONENTE;3;THE;TERESINA;NORDESTE
01/06/2026;01/06/2026;000083;TACOM-TERESINA;014950;FRONTAL VALIDADOR CCIT 4.0 COM MODULO HJI21;000083;TACOM-TERESINA;SE-95;TROCA TOUCHSCREEN;6;THE;TERESINA;NORDESTE
01/06/2026;01/06/2026;000091;ANCHIETA;010972;UNIDADE DE PROCESSAMENTO EXTERNA - UPEX V3000M - COM DVR  .;000091;ANCHIETA;SE-22;FORMATACAO DO SD CARD;8;BHZ;BELO HORIZONTE;SUDESTE
01/06/2026;01/06/2026;000091;ANCHIETA;010972;UNIDADE DE PROCESSAMENTO EXTERNA - UPEX V3000M - COM DVR  .;000091;ANCHIETA;SE-81;TROCA DA PLACA;1;BHZ;BELO HORIZONTE;SUDESTE
01/06/2026;01/06/2026;000091;ANCHIETA;010972;UNIDADE DE PROCESSAMENTO EXTERNA - UPEX V3000M - COM DVR  .;000091;ANCHIETA;SE-82;TROCA DO CARTAO;2;BHZ;BELO HORIZONTE;SUDESTE
01/06/2026;01/06/2026;000091;ANCHIETA;010972;UNIDADE DE PROCESSAMENTO EXTERNA - UPEX V3000M - COM DVR  .;000091;ANCHIETA;SE-85;TROCA DE COMPONENTE;2;BHZ;BELO HORIZONTE;SUDESTE
01/06/2026;01/06/2026;000091;ANCHIETA;010972;UNIDADE DE PROCESSAMENTO EXTERNA - UPEX V3000M - COM DVR  .;000091;ANCHIETA;SE-99;ENVIADO PARA ANALISE;1;BHZ;BELO HORIZONTE;SUDESTE
01/06/2026;01/06/2026;000091;ANCHIETA;012806;BASE FIXA VALIDADOR CCIT 4.0 ENTRADA DE 24V;000091;ANCHIETA;SE-100;TESTE CATRACA;1;BHZ;BELO HORIZONTE;SUDESTE
01/06/2026;01/06/2026;000091;ANCHIETA;012806;BASE FIXA VALIDADOR CCIT 4.0 ENTRADA DE 24V;000091;ANCHIETA;SE-27;GRAVACAO DO BOOTLOADER;1;BHZ;BELO HORIZONTE;SUDESTE
01/06/2026;01/06/2026;000091;ANCHIETA;012806;BASE FIXA VALIDADOR CCIT 4.0 ENTRADA DE 24V;000091;ANCHIETA;SE-28;GRAVACAO DO PIC;2;BHZ;BELO HORIZONTE;SUDESTE
01/06/2026;01/06/2026;000091;ANCHIETA;012806;BASE FIXA VALIDADOR CCIT 4.0 ENTRADA DE 24V;000091;ANCHIETA;SE-32;LIMPEZA;2;BHZ;BELO HORIZONTE;SUDESTE
01/06/2026;01/06/2026;000091;ANCHIETA;012806;BASE FIXA VALIDADOR CCIT 4.0 ENTRADA DE 24V;000091;ANCHIETA;SE-36;MODIFICACAO CIRCUITO DE CATRAC;1;BHZ;BELO HORIZONTE;SUDESTE
01/06/2026;01/06/2026;000091;ANCHIETA;012806;BASE FIXA VALIDADOR CCIT 4.0 ENTRADA DE 24V;000091;ANCHIETA;SE-85;TROCA DE COMPONENTE;2;BHZ;BELO HORIZONTE;SUDESTE
01/06/2026;01/06/2026;000091;ANCHIETA;012806;BASE FIXA VALIDADOR CCIT 4.0 ENTRADA DE 24V;000091;ANCHIETA;SE-92;TROCA FONTE;1;BHZ;BELO HORIZONTE;SUDESTE
01/06/2026;01/06/2026;000091;ANCHIETA;012806;BASE FIXA VALIDADOR CCIT 4.0 ENTRADA DE 24V;000091;ANCHIETA;SE-98;GRAVACAO FW;1;BHZ;BELO HORIZONTE;SUDESTE
01/06/2026;01/06/2026;000091;ANCHIETA;012811;FRONTAL VALIDADOR CCIT 4.0 COM MODULO H2-1.;000091;ANCHIETA;SE-04;ATUALIZACAO DA LISTA;13;BHZ;BELO HORIZONTE;SUDESTE
01/06/2026;01/06/2026;000091;ANCHIETA;012811;FRONTAL VALIDADOR CCIT 4.0 COM MODULO H2-1.;000091;ANCHIETA;SE-05;ATUALIZACAO DATA / HORA;6;BHZ;BELO HORIZONTE;SUDESTE
01/06/2026;01/06/2026;000091;ANCHIETA;012811;FRONTAL VALIDADOR CCIT 4.0 COM MODULO H2-1.;000091;ANCHIETA;SE-06;ATUALIZACAO DO FW;2;BHZ;BELO HORIZONTE;SUDESTE
01/06/2026;01/06/2026;000091;ANCHIETA;012811;FRONTAL VALIDADOR CCIT 4.0 COM MODULO H2-1.;000091;ANCHIETA;SE-100;TESTE CATRACA;2;BHZ;BELO HORIZONTE;SUDESTE
01/06/2026;01/06/2026;000091;ANCHIETA;012811;FRONTAL VALIDADOR CCIT 4.0 COM MODULO H2-1.;000091;ANCHIETA;SE-32;LIMPEZA;7;BHZ;BELO HORIZONTE;SUDESTE
01/06/2026;01/06/2026;000091;ANCHIETA;012811;FRONTAL VALIDADOR CCIT 4.0 COM MODULO H2-1.;000091;ANCHIETA;SE-55;RESTORE DO MODULO;12;BHZ;BELO HORIZONTE;SUDESTE
01/06/2026;01/06/2026;000091;ANCHIETA;012811;FRONTAL VALIDADOR CCIT 4.0 COM MODULO H2-1.;000091;ANCHIETA;SE-75;TROCA DA BATERIA;1;BHZ;BELO HORIZONTE;SUDESTE
01/06/2026;01/06/2026;000091;ANCHIETA;012811;FRONTAL VALIDADOR CCIT 4.0 COM MODULO H2-1.;000091;ANCHIETA;SE-76;TROCA DA CARCACA INFERIOR;2;BHZ;BELO HORIZONTE;SUDESTE
01/06/2026;01/06/2026;000091;ANCHIETA;012811;FRONTAL VALIDADOR CCIT 4.0 COM MODULO H2-1.;000091;ANCHIETA;SE-82;TROCA DO CARTAO;1;BHZ;BELO HORIZONTE;SUDESTE
01/06/2026;01/06/2026;000091;ANCHIETA;012811;FRONTAL VALIDADOR CCIT 4.0 COM MODULO H2-1.;000091;ANCHIETA;SE-84;TROCA DO DISPLAY;1;BHZ;BELO HORIZONTE;SUDESTE
01/06/2026;01/06/2026;000091;ANCHIETA;012811;FRONTAL VALIDADOR CCIT 4.0 COM MODULO H2-1.;000091;ANCHIETA;SE-85;TROCA DE COMPONENTE;1;BHZ;BELO HORIZONTE;SUDESTE
01/06/2026;01/06/2026;000091;ANCHIETA;012811;FRONTAL VALIDADOR CCIT 4.0 COM MODULO H2-1.;000091;ANCHIETA;SE-87;TROCA DO MODULO;1;BHZ;BELO HORIZONTE;SUDESTE
01/06/2026;01/06/2026;000091;ANCHIETA;012811;FRONTAL VALIDADOR CCIT 4.0 COM MODULO H2-1.;000091;ANCHIETA;SE-95;TROCA TOUCHSCREEN;1;BHZ;BELO HORIZONTE;SUDESTE
01/06/2026;01/06/2026;000091;ANCHIETA;012811;FRONTAL VALIDADOR CCIT 4.0 COM MODULO H2-1.;000091;ANCHIETA;SE-98;GRAVACAO FW;11;BHZ;BELO HORIZONTE;SUDESTE
01/06/2026;01/06/2026;000091;ANCHIETA;012811;FRONTAL VALIDADOR CCIT 4.0 COM MODULO H2-1.;000091;ANCHIETA;SE-99;ENVIADO PARA ANALISE;1;BHZ;BELO HORIZONTE;SUDESTE
01/06/2026;01/06/2026;000091;ANCHIETA;014950;FRONTAL VALIDADOR CCIT 4.0 COM MODULO HJI21;000091;ANCHIETA;SE-04;ATUALIZACAO DA LISTA;4;BHZ;BELO HORIZONTE;SUDESTE
01/06/2026;01/06/2026;000091;ANCHIETA;014950;FRONTAL VALIDADOR CCIT 4.0 COM MODULO HJI21;000091;ANCHIETA;SE-05;ATUALIZACAO DATA / HORA;4;BHZ;BELO HORIZONTE;SUDESTE
01/06/2026;01/06/2026;000091;ANCHIETA;014950;FRONTAL VALIDADOR CCIT 4.0 COM MODULO HJI21;000091;ANCHIETA;SE-06;ATUALIZACAO DO FW;2;BHZ;BELO HORIZONTE;SUDESTE
01/06/2026;01/06/2026;000091;ANCHIETA;014950;FRONTAL VALIDADOR CCIT 4.0 COM MODULO HJI21;000091;ANCHIETA;SE-100;TESTE CATRACA;2;BHZ;BELO HORIZONTE;SUDESTE
01/06/2026;01/06/2026;000091;ANCHIETA;014950;FRONTAL VALIDADOR CCIT 4.0 COM MODULO HJI21;000091;ANCHIETA;SE-55;RESTORE DO MODULO;4;BHZ;BELO HORIZONTE;SUDESTE
01/06/2026;01/06/2026;000091;ANCHIETA;014950;FRONTAL VALIDADOR CCIT 4.0 COM MODULO HJI21;000091;ANCHIETA;SE-85;TROCA DE COMPONENTE;1;BHZ;BELO HORIZONTE;SUDESTE
01/06/2026;01/06/2026;000091;ANCHIETA;014950;FRONTAL VALIDADOR CCIT 4.0 COM MODULO HJI21;000091;ANCHIETA;SE-95;TROCA TOUCHSCREEN;2;BHZ;BELO HORIZONTE;SUDESTE
01/06/2026;01/06/2026;000091;ANCHIETA;014950;FRONTAL VALIDADOR CCIT 4.0 COM MODULO HJI21;000091;ANCHIETA;SE-98;GRAVACAO FW;2;BHZ;BELO HORIZONTE;SUDESTE
01/06/2026;01/06/2026;000091;ANCHIETA;017030;CAMERA 1MP CMOS 720P COLOR IR DOME PLAST BRANCA 2.8 MM VHD 1120 D G7;000091;ANCHIETA;SE-06;ATUALIZACAO DO FW;1;BHZ;BELO HORIZONTE;SUDESTE
01/06/2026;01/06/2026;000091;ANCHIETA;017030;CAMERA 1MP CMOS 720P COLOR IR DOME PLAST BRANCA 2.8 MM VHD 1120 D G7;000091;ANCHIETA;SE-12;EQUIPAMENTO SEM REPARO;15;BHZ;BELO HORIZONTE;SUDESTE
01/06/2026;01/06/2026;000091;ANCHIETA;017046;CAMERA DOME BUSZOOM CVBS 12V CMOS 2.8MM COMUM;000091;ANCHIETA;SE-12;EQUIPAMENTO SEM REPARO;7;BHZ;BELO HORIZONTE;SUDESTE
01/06/2026;01/06/2026;000091;ANCHIETA;021353;PAINEL DE MOTORISTA DM X500L H5                .;000091;ANCHIETA;SE-06;ATUALIZACAO DO FW;24;BHZ;BELO HORIZONTE;SUDESTE
01/06/2026;01/06/2026;000091;ANCHIETA;021353;PAINEL DE MOTORISTA DM X500L H5                .;000091;ANCHIETA;SE-09;COLAGEM DA TELA;1;BHZ;BELO HORIZONTE;SUDESTE
01/06/2026;01/06/2026;000091;ANCHIETA;021353;PAINEL DE MOTORISTA DM X500L H5                .;000091;ANCHIETA;SE-11;DEFEITO NAO ENCONTRADO;2;BHZ;BELO HORIZONTE;SUDESTE
01/06/2026;01/06/2026;000091;ANCHIETA;021353;PAINEL DE MOTORISTA DM X500L H5                .;000091;ANCHIETA;SE-12;EQUIPAMENTO SEM REPARO;1;BHZ;BELO HORIZONTE;SUDESTE
01/06/2026;01/06/2026;000091;ANCHIETA;021353;PAINEL DE MOTORISTA DM X500L H5                .;000091;ANCHIETA;SE-32;LIMPEZA;16;BHZ;BELO HORIZONTE;SUDESTE
01/06/2026;01/06/2026;000091;ANCHIETA;021353;PAINEL DE MOTORISTA DM X500L H5                .;000091;ANCHIETA;SE-64;TESTE GPS OK;2;BHZ;BELO HORIZONTE;SUDESTE
01/06/2026;01/06/2026;000095;BETANIA;009509;ARK-VH200A-D5A1E - INTEL ATOM D510 1.66 GHZ FANLESS COMPACT EMBEDDED;000095;BETANIA;SE-06;ATUALIZACAO DO FW;1;BHZ;BELO HORIZONTE;SUDESTE
01/06/2026;01/06/2026;000095;BETANIA;009509;ARK-VH200A-D5A1E - INTEL ATOM D510 1.66 GHZ FANLESS COMPACT EMBEDDED;000095;BETANIA;SE-07;ATUALIZACAO DO SW;26;BHZ;BELO HORIZONTE;SUDESTE
01/06/2026;01/06/2026;000095;BETANIA;009509;ARK-VH200A-D5A1E - INTEL ATOM D510 1.66 GHZ FANLESS COMPACT EMBEDDED;000095;BETANIA;SE-24;GRAVACAO DA EEPROM;1;BHZ;BELO HORIZONTE;SUDESTE
01/06/2026;01/06/2026;000095;BETANIA;009509;ARK-VH200A-D5A1E - INTEL ATOM D510 1.66 GHZ FANLESS COMPACT EMBEDDED;000095;BETANIA;SE-32;LIMPEZA;4;BHZ;BELO HORIZONTE;SUDESTE
01/06/2026;01/06/2026;000095;BETANIA;009509;ARK-VH200A-D5A1E - INTEL ATOM D510 1.66 GHZ FANLESS COMPACT EMBEDDED;000095;BETANIA;SE-42;RESSOLDA COMPONENTE;25;BHZ;BELO HORIZONTE;SUDESTE
01/06/2026;01/06/2026;000095;BETANIA;009509;ARK-VH200A-D5A1E - INTEL ATOM D510 1.66 GHZ FANLESS COMPACT EMBEDDED;000095;BETANIA;SE-47;RESSOLDA DA PLACA;27;BHZ;BELO HORIZONTE;SUDESTE
01/06/2026;01/06/2026;000095;BETANIA;009509;ARK-VH200A-D5A1E - INTEL ATOM D510 1.66 GHZ FANLESS COMPACT EMBEDDED;000095;BETANIA;SE-48;RESSOLDA DO CIRCUITO;1;BHZ;BELO HORIZONTE;SUDESTE
01/06/2026;01/06/2026;000095;BETANIA;009509;ARK-VH200A-D5A1E - INTEL ATOM D510 1.66 GHZ FANLESS COMPACT EMBEDDED;000095;BETANIA;SE-63;TESTE GPRS OK;31;BHZ;BELO HORIZONTE;SUDESTE
01/06/2026;01/06/2026;000095;BETANIA;009509;ARK-VH200A-D5A1E - INTEL ATOM D510 1.66 GHZ FANLESS COMPACT EMBEDDED;000095;BETANIA;SE-64;TESTE GPS OK;34;BHZ;BELO HORIZONTE;SUDESTE
01/06/2026;01/06/2026;000095;BETANIA;009509;ARK-VH200A-D5A1E - INTEL ATOM D510 1.66 GHZ FANLESS COMPACT EMBEDDED;000095;BETANIA;SE-70;TROCA ANTENA;9;BHZ;BELO HORIZONTE;SUDESTE
01/06/2026;01/06/2026;000095;BETANIA;009509;ARK-VH200A-D5A1E - INTEL ATOM D510 1.66 GHZ FANLESS COMPACT EMBEDDED;000095;BETANIA;SE-71;TROCA CABO;12;BHZ;BELO HORIZONTE;SUDESTE
01/06/2026;01/06/2026;000095;BETANIA;009509;ARK-VH200A-D5A1E - INTEL ATOM D510 1.66 GHZ FANLESS COMPACT EMBEDDED;000095;BETANIA;SE-73;TROCA CONECTOR;13;BHZ;BELO HORIZONTE;SUDESTE
01/06/2026;01/06/2026;000095;BETANIA;009509;ARK-VH200A-D5A1E - INTEL ATOM D510 1.66 GHZ FANLESS COMPACT EMBEDDED;000095;BETANIA;SE-80;TROCA DA MEMORIA;1;BHZ;BELO HORIZONTE;SUDESTE
01/06/2026;01/06/2026;000095;BETANIA;009509;ARK-VH200A-D5A1E - INTEL ATOM D510 1.66 GHZ FANLESS COMPACT EMBEDDED;000095;BETANIA;SE-85;TROCA DE COMPONENTE;9;BHZ;BELO HORIZONTE;SUDESTE
01/06/2026;01/06/2026;000095;BETANIA;009509;ARK-VH200A-D5A1E - INTEL ATOM D510 1.66 GHZ FANLESS COMPACT EMBEDDED;000095;BETANIA;SE-87;TROCA DO MODULO;2;BHZ;BELO HORIZONTE;SUDESTE
01/06/2026;01/06/2026;000095;BETANIA;009509;ARK-VH200A-D5A1E - INTEL ATOM D510 1.66 GHZ FANLESS COMPACT EMBEDDED;000095;BETANIA;SE-91;TROCA DO REGULADOR;11;BHZ;BELO HORIZONTE;SUDESTE
01/06/2026;01/06/2026;000095;BETANIA;009509;ARK-VH200A-D5A1E - INTEL ATOM D510 1.66 GHZ FANLESS COMPACT EMBEDDED;000095;BETANIA;SE-94;TROCA HD;3;BHZ;BELO HORIZONTE;SUDESTE
01/06/2026;01/06/2026;000095;BETANIA;012806;BASE FIXA VALIDADOR CCIT 4.0 ENTRADA DE 24V;000095;BETANIA;SE-100;TESTE CATRACA;1;BHZ;BELO HORIZONTE;SUDESTE
01/06/2026;01/06/2026;000095;BETANIA;012806;BASE FIXA VALIDADOR CCIT 4.0 ENTRADA DE 24V;000095;BETANIA;SE-27;GRAVACAO DO BOOTLOADER;1;BHZ;BELO HORIZONTE;SUDESTE
01/06/2026;01/06/2026;000095;BETANIA;012806;BASE FIXA VALIDADOR CCIT 4.0 ENTRADA DE 24V;000095;BETANIA;SE-28;GRAVACAO DO PIC;1;BHZ;BELO HORIZONTE;SUDESTE
01/06/2026;01/06/2026;000095;BETANIA;012806;BASE FIXA VALIDADOR CCIT 4.0 ENTRADA DE 24V;000095;BETANIA;SE-32;LIMPEZA;1;BHZ;BELO HORIZONTE;SUDESTE
01/06/2026;01/06/2026;000095;BETANIA;012811;FRONTAL VALIDADOR CCIT 4.0 COM MODULO H2-1.;000095;BETANIA;SE-04;ATUALIZACAO DA LISTA;10;BHZ;BELO HORIZONTE;SUDESTE
01/06/2026;01/06/2026;000095;BETANIA;012811;FRONTAL VALIDADOR CCIT 4.0 COM MODULO H2-1.;000095;BETANIA;SE-05;ATUALIZACAO DATA / HORA;7;BHZ;BELO HORIZONTE;SUDESTE
01/06/2026;01/06/2026;000095;BETANIA;012811;FRONTAL VALIDADOR CCIT 4.0 COM MODULO H2-1.;000095;BETANIA;SE-06;ATUALIZACAO DO FW;5;BHZ;BELO HORIZONTE;SUDESTE
01/06/2026;01/06/2026;000095;BETANIA;012811;FRONTAL VALIDADOR CCIT 4.0 COM MODULO H2-1.;000095;BETANIA;SE-100;TESTE CATRACA;6;BHZ;BELO HORIZONTE;SUDESTE
01/06/2026;01/06/2026;000095;BETANIA;012811;FRONTAL VALIDADOR CCIT 4.0 COM MODULO H2-1.;000095;BETANIA;SE-28;GRAVACAO DO PIC;2;BHZ;BELO HORIZONTE;SUDESTE
01/06/2026;01/06/2026;000095;BETANIA;012811;FRONTAL VALIDADOR CCIT 4.0 COM MODULO H2-1.;000095;BETANIA;SE-32;LIMPEZA;3;BHZ;BELO HORIZONTE;SUDESTE
01/06/2026;01/06/2026;000095;BETANIA;012811;FRONTAL VALIDADOR CCIT 4.0 COM MODULO H2-1.;000095;BETANIA;SE-55;RESTORE DO MODULO;10;BHZ;BELO HORIZONTE;SUDESTE
01/06/2026;01/06/2026;000095;BETANIA;012811;FRONTAL VALIDADOR CCIT 4.0 COM MODULO H2-1.;000095;BETANIA;SE-84;TROCA DO DISPLAY;1;BHZ;BELO HORIZONTE;SUDESTE
01/06/2026;01/06/2026;000095;BETANIA;012811;FRONTAL VALIDADOR CCIT 4.0 COM MODULO H2-1.;000095;BETANIA;SE-85;TROCA DE COMPONENTE;1;BHZ;BELO HORIZONTE;SUDESTE
01/06/2026;01/06/2026;000095;BETANIA;012811;FRONTAL VALIDADOR CCIT 4.0 COM MODULO H2-1.;000095;BETANIA;SE-95;TROCA TOUCHSCREEN;1;BHZ;BELO HORIZONTE;SUDESTE
01/06/2026;01/06/2026;000095;BETANIA;012811;FRONTAL VALIDADOR CCIT 4.0 COM MODULO H2-1.;000095;BETANIA;SE-98;GRAVACAO FW;5;BHZ;BELO HORIZONTE;SUDESTE
01/06/2026;01/06/2026;000095;BETANIA;014950;FRONTAL VALIDADOR CCIT 4.0 COM MODULO HJI21;000095;BETANIA;SE-04;ATUALIZACAO DA LISTA;7;BHZ;BELO HORIZONTE;SUDESTE
01/06/2026;01/06/2026;000095;BETANIA;014950;FRONTAL VALIDADOR CCIT 4.0 COM MODULO HJI21;000095;BETANIA;SE-05;ATUALIZACAO DATA / HORA;5;BHZ;BELO HORIZONTE;SUDESTE
01/06/2026;01/06/2026;000095;BETANIA;014950;FRONTAL VALIDADOR CCIT 4.0 COM MODULO HJI21;000095;BETANIA;SE-06;ATUALIZACAO DO FW;1;BHZ;BELO HORIZONTE;SUDESTE
01/06/2026;01/06/2026;000095;BETANIA;014950;FRONTAL VALIDADOR CCIT 4.0 COM MODULO HJI21;000095;BETANIA;SE-100;TESTE CATRACA;2;BHZ;BELO HORIZONTE;SUDESTE
01/06/2026;01/06/2026;000095;BETANIA;014950;FRONTAL VALIDADOR CCIT 4.0 COM MODULO HJI21;000095;BETANIA;SE-32;LIMPEZA;3;BHZ;BELO HORIZONTE;SUDESTE
01/06/2026;01/06/2026;000095;BETANIA;014950;FRONTAL VALIDADOR CCIT 4.0 COM MODULO HJI21;000095;BETANIA;SE-55;RESTORE DO MODULO;8;BHZ;BELO HORIZONTE;SUDESTE
01/06/2026;01/06/2026;000095;BETANIA;014950;FRONTAL VALIDADOR CCIT 4.0 COM MODULO HJI21;000095;BETANIA;SE-84;TROCA DO DISPLAY;1;BHZ;BELO HORIZONTE;SUDESTE
01/06/2026;01/06/2026;000095;BETANIA;014950;FRONTAL VALIDADOR CCIT 4.0 COM MODULO HJI21;000095;BETANIA;SE-87;TROCA DO MODULO;1;BHZ;BELO HORIZONTE;SUDESTE
01/06/2026;01/06/2026;000095;BETANIA;014950;FRONTAL VALIDADOR CCIT 4.0 COM MODULO HJI21;000095;BETANIA;SE-98;GRAVACAO FW;7;BHZ;BELO HORIZONTE;SUDESTE
01/06/2026;01/06/2026;000095;BETANIA;017030;CAMERA 1MP CMOS 720P COLOR IR DOME PLAST BRANCA 2.8 MM VHD 1120 D G7;000095;BETANIA;SE-12;EQUIPAMENTO SEM REPARO;4;BHZ;BELO HORIZONTE;SUDESTE
01/06/2026;01/06/2026;000095;BETANIA;021353;PAINEL DE MOTORISTA DM X500L H5                .;000095;BETANIA;SE-06;ATUALIZACAO DO FW;42;BHZ;BELO HORIZONTE;SUDESTE
01/06/2026;01/06/2026;000095;BETANIA;021353;PAINEL DE MOTORISTA DM X500L H5                .;000095;BETANIA;SE-32;LIMPEZA;16;BHZ;BELO HORIZONTE;SUDESTE
01/06/2026;01/06/2026;000095;BETANIA;021353;PAINEL DE MOTORISTA DM X500L H5                .;000095;BETANIA;SE-42;RESSOLDA COMPONENTE;1;BHZ;BELO HORIZONTE;SUDESTE
01/06/2026;01/06/2026;000095;BETANIA;021353;PAINEL DE MOTORISTA DM X500L H5                .;000095;BETANIA;SE-43;RESSOLDA ANTENA;7;BHZ;BELO HORIZONTE;SUDESTE
01/06/2026;01/06/2026;000095;BETANIA;021353;PAINEL DE MOTORISTA DM X500L H5                .;000095;BETANIA;SE-85;TROCA DE COMPONENTE;2;BHZ;BELO HORIZONTE;SUDESTE
01/06/2026;01/06/2026;000095;BETANIA;021379;FONTE FT-DM X500;000095;BETANIA;SE-85;TROCA DE COMPONENTE;8;BHZ;BELO HORIZONTE;SUDESTE
01/06/2026;01/06/2026;000099;COLETUR;009509;ARK-VH200A-D5A1E - INTEL ATOM D510 1.66 GHZ FANLESS COMPACT EMBEDDED;000099;COLETUR;SE-13;EQUIPAMENTO SUBSTITUIDO;1;BHZ;BELO HORIZONTE;SUDESTE
01/06/2026;01/06/2026;000099;COLETUR;009509;ARK-VH200A-D5A1E - INTEL ATOM D510 1.66 GHZ FANLESS COMPACT EMBEDDED;000099;COLETUR;SE-47;RESSOLDA DA PLACA;4;BHZ;BELO HORIZONTE;SUDESTE
01/06/2026;01/06/2026;000099;COLETUR;009509;ARK-VH200A-D5A1E - INTEL ATOM D510 1.66 GHZ FANLESS COMPACT EMBEDDED;000099;COLETUR;SE-48;RESSOLDA DO CIRCUITO;1;BHZ;BELO HORIZONTE;SUDESTE
01/06/2026;01/06/2026;000099;COLETUR;009509;ARK-VH200A-D5A1E - INTEL ATOM D510 1.66 GHZ FANLESS COMPACT EMBEDDED;000099;COLETUR;SE-63;TESTE GPRS OK;6;BHZ;BELO HORIZONTE;SUDESTE
01/06/2026;01/06/2026;000099;COLETUR;009509;ARK-VH200A-D5A1E - INTEL ATOM D510 1.66 GHZ FANLESS COMPACT EMBEDDED;000099;COLETUR;SE-64;TESTE GPS OK;6;BHZ;BELO HORIZONTE;SUDESTE
01/06/2026;01/06/2026;000099;COLETUR;009509;ARK-VH200A-D5A1E - INTEL ATOM D510 1.66 GHZ FANLESS COMPACT EMBEDDED;000099;COLETUR;SE-88;TROCA DO MOSFET;1;BHZ;BELO HORIZONTE;SUDESTE
01/06/2026;01/06/2026;000099;COLETUR;009509;ARK-VH200A-D5A1E - INTEL ATOM D510 1.66 GHZ FANLESS COMPACT EMBEDDED;000099;COLETUR;SE-94;TROCA HD;1;BHZ;BELO HORIZONTE;SUDESTE
01/06/2026;01/06/2026;000099;COLETUR;012811;FRONTAL VALIDADOR CCIT 4.0 COM MODULO H2-1.;000099;COLETUR;SE-04;ATUALIZACAO DA LISTA;1;BHZ;BELO HORIZONTE;SUDESTE
01/06/2026;01/06/2026;000099;COLETUR;012811;FRONTAL VALIDADOR CCIT 4.0 COM MODULO H2-1.;000099;COLETUR;SE-32;LIMPEZA;1;BHZ;BELO HORIZONTE;SUDESTE
01/06/2026;01/06/2026;000099;COLETUR;012811;FRONTAL VALIDADOR CCIT 4.0 COM MODULO H2-1.;000099;COLETUR;SE-55;RESTORE DO MODULO;1;BHZ;BELO HORIZONTE;SUDESTE
01/06/2026;01/06/2026;000099;COLETUR;012811;FRONTAL VALIDADOR CCIT 4.0 COM MODULO H2-1.;000099;COLETUR;SE-98;GRAVACAO FW;1;BHZ;BELO HORIZONTE;SUDESTE
01/06/2026;01/06/2026;000099;COLETUR;014950;FRONTAL VALIDADOR CCIT 4.0 COM MODULO HJI21;000099;COLETUR;SE-04;ATUALIZACAO DA LISTA;3;BHZ;BELO HORIZONTE;SUDESTE
01/06/2026;01/06/2026;000099;COLETUR;014950;FRONTAL VALIDADOR CCIT 4.0 COM MODULO HJI21;000099;COLETUR;SE-05;ATUALIZACAO DATA / HORA;2;BHZ;BELO HORIZONTE;SUDESTE
01/06/2026;01/06/2026;000099;COLETUR;014950;FRONTAL VALIDADOR CCIT 4.0 COM MODULO HJI21;000099;COLETUR;SE-06;ATUALIZACAO DO FW;1;BHZ;BELO HORIZONTE;SUDESTE
01/06/2026;01/06/2026;000099;COLETUR;014950;FRONTAL VALIDADOR CCIT 4.0 COM MODULO HJI21;000099;COLETUR;SE-100;TESTE CATRACA;1;BHZ;BELO HORIZONTE;SUDESTE
01/06/2026;01/06/2026;000099;COLETUR;014950;FRONTAL VALIDADOR CCIT 4.0 COM MODULO HJI21;000099;COLETUR;SE-32;LIMPEZA;1;BHZ;BELO HORIZONTE;SUDESTE
01/06/2026;01/06/2026;000099;COLETUR;014950;FRONTAL VALIDADOR CCIT 4.0 COM MODULO HJI21;000099;COLETUR;SE-55;RESTORE DO MODULO;3;BHZ;BELO HORIZONTE;SUDESTE
01/06/2026;01/06/2026;000099;COLETUR;014950;FRONTAL VALIDADOR CCIT 4.0 COM MODULO HJI21;000099;COLETUR;SE-81;TROCA DA PLACA;1;BHZ;BELO HORIZONTE;SUDESTE
01/06/2026;01/06/2026;000099;COLETUR;014950;FRONTAL VALIDADOR CCIT 4.0 COM MODULO HJI21;000099;COLETUR;SE-98;GRAVACAO FW;2;BHZ;BELO HORIZONTE;SUDESTE
01/06/2026;01/06/2026;000099;COLETUR;017030;CAMERA 1MP CMOS 720P COLOR IR DOME PLAST BRANCA 2.8 MM VHD 1120 D G7;000099;COLETUR;SE-12;EQUIPAMENTO SEM REPARO;11;BHZ;BELO HORIZONTE;SUDESTE
01/06/2026;01/06/2026;000099;COLETUR;017046;CAMERA DOME BUSZOOM CVBS 12V CMOS 2.8MM COMUM;000099;COLETUR;SE-12;EQUIPAMENTO SEM REPARO;6;BHZ;BELO HORIZONTE;SUDESTE
01/06/2026;01/06/2026;000099;COLETUR;021353;PAINEL DE MOTORISTA DM X500L H5                .;000099;COLETUR;SE-06;ATUALIZACAO DO FW;17;BHZ;BELO HORIZONTE;SUDESTE
01/06/2026;01/06/2026;000099;COLETUR;021353;PAINEL DE MOTORISTA DM X500L H5                .;000099;COLETUR;SE-11;DEFEITO NAO ENCONTRADO;1;BHZ;BELO HORIZONTE;SUDESTE
01/06/2026;01/06/2026;000099;COLETUR;021353;PAINEL DE MOTORISTA DM X500L H5                .;000099;COLETUR;SE-32;LIMPEZA;2;BHZ;BELO HORIZONTE;SUDESTE
01/06/2026;01/06/2026;000099;COLETUR;021353;PAINEL DE MOTORISTA DM X500L H5                .;000099;COLETUR;SE-43;RESSOLDA ANTENA;5;BHZ;BELO HORIZONTE;SUDESTE
01/06/2026;01/06/2026;000101;SIDON TIROL LTDA;009509;ARK-VH200A-D5A1E - INTEL ATOM D510 1.66 GHZ FANLESS COMPACT EMBEDDED;000101;SIDON TIROL LTDA;SE-06;ATUALIZACAO DO FW;10;BHZ;BELO HORIZONTE;SUDESTE
01/06/2026;01/06/2026;000101;SIDON TIROL LTDA;009509;ARK-VH200A-D5A1E - INTEL ATOM D510 1.66 GHZ FANLESS COMPACT EMBEDDED;000101;SIDON TIROL LTDA;SE-07;ATUALIZACAO DO SW;1;BHZ;BELO HORIZONTE;SUDESTE
01/06/2026;01/06/2026;000101;SIDON TIROL LTDA;009509;ARK-VH200A-D5A1E - INTEL ATOM D510 1.66 GHZ FANLESS COMPACT EMBEDDED;000101;SIDON TIROL LTDA;SE-13;EQUIPAMENTO SUBSTITUIDO;1;BHZ;BELO HORIZONTE;SUDESTE
01/06/2026;01/06/2026;000101;SIDON TIROL LTDA;009509;ARK-VH200A-D5A1E - INTEL ATOM D510 1.66 GHZ FANLESS COMPACT EMBEDDED;000101;SIDON TIROL LTDA;SE-32;LIMPEZA;1;BHZ;BELO HORIZONTE;SUDESTE
01/06/2026;01/06/2026;000101;SIDON TIROL LTDA;009509;ARK-VH200A-D5A1E - INTEL ATOM D510 1.66 GHZ FANLESS COMPACT EMBEDDED;000101;SIDON TIROL LTDA;SE-47;RESSOLDA DA PLACA;8;BHZ;BELO HORIZONTE;SUDESTE
01/06/2026;01/06/2026;000101;SIDON TIROL LTDA;009509;ARK-VH200A-D5A1E - INTEL ATOM D510 1.66 GHZ FANLESS COMPACT EMBEDDED;000101;SIDON TIROL LTDA;SE-63;TESTE GPRS OK;11;BHZ;BELO HORIZONTE;SUDESTE
01/06/2026;01/06/2026;000101;SIDON TIROL LTDA;009509;ARK-VH200A-D5A1E - INTEL ATOM D510 1.66 GHZ FANLESS COMPACT EMBEDDED;000101;SIDON TIROL LTDA;SE-64;TESTE GPS OK;12;BHZ;BELO HORIZONTE;SUDESTE
01/06/2026;01/06/2026;000101;SIDON TIROL LTDA;009509;ARK-VH200A-D5A1E - INTEL ATOM D510 1.66 GHZ FANLESS COMPACT EMBEDDED;000101;SIDON TIROL LTDA;SE-94;TROCA HD;1;BHZ;BELO HORIZONTE;SUDESTE
01/06/2026;01/06/2026;000101;SIDON TIROL LTDA;012811;FRONTAL VALIDADOR CCIT 4.0 COM MODULO H2-1.;000101;SIDON TIROL LTDA;SE-04;ATUALIZACAO DA LISTA;4;BHZ;BELO HORIZONTE;SUDESTE
01/06/2026;01/06/2026;000101;SIDON TIROL LTDA;012811;FRONTAL VALIDADOR CCIT 4.0 COM MODULO H2-1.;000101;SIDON TIROL LTDA;SE-05;ATUALIZACAO DATA / HORA;2;BHZ;BELO HORIZONTE;SUDESTE
01/06/2026;01/06/2026;000101;SIDON TIROL LTDA;012811;FRONTAL VALIDADOR CCIT 4.0 COM MODULO H2-1.;000101;SIDON TIROL LTDA;SE-06;ATUALIZACAO DO FW;2;BHZ;BELO HORIZONTE;SUDESTE
01/06/2026;01/06/2026;000101;SIDON TIROL LTDA;012811;FRONTAL VALIDADOR CCIT 4.0 COM MODULO H2-1.;000101;SIDON TIROL LTDA;SE-100;TESTE CATRACA;2;BHZ;BELO HORIZONTE;SUDESTE
01/06/2026;01/06/2026;000101;SIDON TIROL LTDA;012811;FRONTAL VALIDADOR CCIT 4.0 COM MODULO H2-1.;000101;SIDON TIROL LTDA;SE-28;GRAVACAO DO PIC;1;BHZ;BELO HORIZONTE;SUDESTE
01/06/2026;01/06/2026;000101;SIDON TIROL LTDA;012811;FRONTAL VALIDADOR CCIT 4.0 COM MODULO H2-1.;000101;SIDON TIROL LTDA;SE-32;LIMPEZA;2;BHZ;BELO HORIZONTE;SUDESTE
01/06/2026;01/06/2026;000101;SIDON TIROL LTDA;012811;FRONTAL VALIDADOR CCIT 4.0 COM MODULO H2-1.;000101;SIDON TIROL LTDA;SE-55;RESTORE DO MODULO;4;BHZ;BELO HORIZONTE;SUDESTE
01/06/2026;01/06/2026;000101;SIDON TIROL LTDA;012811;FRONTAL VALIDADOR CCIT 4.0 COM MODULO H2-1.;000101;SIDON TIROL LTDA;SE-76;TROCA DA CARCACA INFERIOR;1;BHZ;BELO HORIZONTE;SUDESTE
01/06/2026;01/06/2026;000101;SIDON TIROL LTDA;012811;FRONTAL VALIDADOR CCIT 4.0 COM MODULO H2-1.;000101;SIDON TIROL LTDA;SE-82;TROCA DO CARTAO;1;BHZ;BELO HORIZONTE;SUDESTE
01/06/2026;01/06/2026;000101;SIDON TIROL LTDA;012811;FRONTAL VALIDADOR CCIT 4.0 COM MODULO H2-1.;000101;SIDON TIROL LTDA;SE-84;TROCA DO DISPLAY;1;BHZ;BELO HORIZONTE;SUDESTE
01/06/2026;01/06/2026;000101;SIDON TIROL LTDA;012811;FRONTAL VALIDADOR CCIT 4.0 COM MODULO H2-1.;000101;SIDON TIROL LTDA;SE-85;TROCA DE COMPONENTE;1;BHZ;BELO HORIZONTE;SUDESTE
01/06/2026;01/06/2026;000101;SIDON TIROL LTDA;012811;FRONTAL VALIDADOR CCIT 4.0 COM MODULO H2-1.;000101;SIDON TIROL LTDA;SE-95;TROCA TOUCHSCREEN;1;BHZ;BELO HORIZONTE;SUDESTE
01/06/2026;01/06/2026;000101;SIDON TIROL LTDA;012811;FRONTAL VALIDADOR CCIT 4.0 COM MODULO H2-1.;000101;SIDON TIROL LTDA;SE-98;GRAVACAO FW;2;BHZ;BELO HORIZONTE;SUDESTE
01/06/2026;01/06/2026;000101;SIDON TIROL LTDA;017030;CAMERA 1MP CMOS 720P COLOR IR DOME PLAST BRANCA 2.8 MM VHD 1120 D G7;000101;SIDON TIROL LTDA;SE-12;EQUIPAMENTO SEM REPARO;2;BHZ;BELO HORIZONTE;SUDESTE
01/06/2026;01/06/2026;000101;SIDON TIROL LTDA;017046;CAMERA DOME BUSZOOM CVBS 12V CMOS 2.8MM COMUM;000101;SIDON TIROL LTDA;SE-12;EQUIPAMENTO SEM REPARO;1;BHZ;BELO HORIZONTE;SUDESTE
01/06/2026;01/06/2026;000101;SIDON TIROL LTDA;021353;PAINEL DE MOTORISTA DM X500L H5                .;000101;SIDON TIROL LTDA;SE-06;ATUALIZACAO DO FW;11;BHZ;BELO HORIZONTE;SUDESTE
01/06/2026;01/06/2026;000101;SIDON TIROL LTDA;021353;PAINEL DE MOTORISTA DM X500L H5                .;000101;SIDON TIROL LTDA;SE-11;DEFEITO NAO ENCONTRADO;2;BHZ;BELO HORIZONTE;SUDESTE
01/06/2026;01/06/2026;000101;SIDON TIROL LTDA;021353;PAINEL DE MOTORISTA DM X500L H5                .;000101;SIDON TIROL LTDA;SE-32;LIMPEZA;6;BHZ;BELO HORIZONTE;SUDESTE
01/06/2026;01/06/2026;000101;SIDON TIROL LTDA;021353;PAINEL DE MOTORISTA DM X500L H5                .;000101;SIDON TIROL LTDA;SE-43;RESSOLDA ANTENA;1;BHZ;BELO HORIZONTE;SUDESTE
01/06/2026;01/06/2026;000102;EUCLASIO;009509;ARK-VH200A-D5A1E - INTEL ATOM D510 1.66 GHZ FANLESS COMPACT EMBEDDED;000102;EUCLASIO;SE-07;ATUALIZACAO DO SW;1;BHZ;BELO HORIZONTE;SUDESTE
01/06/2026;01/06/2026;000102;EUCLASIO;009509;ARK-VH200A-D5A1E - INTEL ATOM D510 1.66 GHZ FANLESS COMPACT EMBEDDED;000102;EUCLASIO;SE-32;LIMPEZA;1;BHZ;BELO HORIZONTE;SUDESTE
01/06/2026;01/06/2026;000102;EUCLASIO;009509;ARK-VH200A-D5A1E - INTEL ATOM D510 1.66 GHZ FANLESS COMPACT EMBEDDED;000102;EUCLASIO;SE-47;RESSOLDA DA PLACA;1;BHZ;BELO HORIZONTE;SUDESTE
01/06/2026;01/06/2026;000102;EUCLASIO;009509;ARK-VH200A-D5A1E - INTEL ATOM D510 1.66 GHZ FANLESS COMPACT EMBEDDED;000102;EUCLASIO;SE-63;TESTE GPRS OK;1;BHZ;BELO HORIZONTE;SUDESTE
01/06/2026;01/06/2026;000102;EUCLASIO;009509;ARK-VH200A-D5A1E - INTEL ATOM D510 1.66 GHZ FANLESS COMPACT EMBEDDED;000102;EUCLASIO;SE-64;TESTE GPS OK;1;BHZ;BELO HORIZONTE;SUDESTE
01/06/2026;01/06/2026;000102;EUCLASIO;012806;BASE FIXA VALIDADOR CCIT 4.0 ENTRADA DE 24V;000102;EUCLASIO;SE-100;TESTE CATRACA;1;BHZ;BELO HORIZONTE;SUDESTE
01/06/2026;01/06/2026;000102;EUCLASIO;012806;BASE FIXA VALIDADOR CCIT 4.0 ENTRADA DE 24V;000102;EUCLASIO;SE-32;LIMPEZA;1;BHZ;BELO HORIZONTE;SUDESTE
01/06/2026;01/06/2026;000102;EUCLASIO;012806;BASE FIXA VALIDADOR CCIT 4.0 ENTRADA DE 24V;000102;EUCLASIO;SE-98;GRAVACAO FW;1;BHZ;BELO HORIZONTE;SUDESTE
01/06/2026;01/06/2026;000102;EUCLASIO;017030;CAMERA 1MP CMOS 720P COLOR IR DOME PLAST BRANCA 2.8 MM VHD 1120 D G7;000102;EUCLASIO;SE-12;EQUIPAMENTO SEM REPARO;4;BHZ;BELO HORIZONTE;SUDESTE
01/06/2026;01/06/2026;000102;EUCLASIO;017046;CAMERA DOME BUSZOOM CVBS 12V CMOS 2.8MM COMUM;000102;EUCLASIO;SE-12;EQUIPAMENTO SEM REPARO;2;BHZ;BELO HORIZONTE;SUDESTE
01/06/2026;01/06/2026;000102;EUCLASIO;021353;PAINEL DE MOTORISTA DM X500L H5                .;000102;EUCLASIO;SE-06;ATUALIZACAO DO FW;2;BHZ;BELO HORIZONTE;SUDESTE
01/06/2026;01/06/2026;000102;EUCLASIO;021353;PAINEL DE MOTORISTA DM X500L H5                .;000102;EUCLASIO;SE-11;DEFEITO NAO ENCONTRADO;1;BHZ;BELO HORIZONTE;SUDESTE
01/06/2026;01/06/2026;000104;GETULIO VARGAS;009509;ARK-VH200A-D5A1E - INTEL ATOM D510 1.66 GHZ FANLESS COMPACT EMBEDDED;000104;GETULIO VARGAS;SE-06;ATUALIZACAO DO FW;2;BHZ;BELO HORIZONTE;SUDESTE
01/06/2026;01/06/2026;000104;GETULIO VARGAS;009509;ARK-VH200A-D5A1E - INTEL ATOM D510 1.66 GHZ FANLESS COMPACT EMBEDDED;000104;GETULIO VARGAS;SE-07;ATUALIZACAO DO SW;8;BHZ;BELO HORIZONTE;SUDESTE
01/06/2026;01/06/2026;000104;GETULIO VARGAS;009509;ARK-VH200A-D5A1E - INTEL ATOM D510 1.66 GHZ FANLESS COMPACT EMBEDDED;000104;GETULIO VARGAS;SE-32;LIMPEZA;8;BHZ;BELO HORIZONTE;SUDESTE
01/06/2026;01/06/2026;000104;GETULIO VARGAS;009509;ARK-VH200A-D5A1E - INTEL ATOM D510 1.66 GHZ FANLESS COMPACT EMBEDDED;000104;GETULIO VARGAS;SE-42;RESSOLDA COMPONENTE;1;BHZ;BELO HORIZONTE;SUDESTE
01/06/2026;01/06/2026;000104;GETULIO VARGAS;009509;ARK-VH200A-D5A1E - INTEL ATOM D510 1.66 GHZ FANLESS COMPACT EMBEDDED;000104;GETULIO VARGAS;SE-47;RESSOLDA DA PLACA;12;BHZ;BELO HORIZONTE;SUDESTE
01/06/2026;01/06/2026;000104;GETULIO VARGAS;009509;ARK-VH200A-D5A1E - INTEL ATOM D510 1.66 GHZ FANLESS COMPACT EMBEDDED;000104;GETULIO VARGAS;SE-63;TESTE GPRS OK;9;BHZ;BELO HORIZONTE;SUDESTE
01/06/2026;01/06/2026;000104;GETULIO VARGAS;009509;ARK-VH200A-D5A1E - INTEL ATOM D510 1.66 GHZ FANLESS COMPACT EMBEDDED;000104;GETULIO VARGAS;SE-64;TESTE GPS OK;12;BHZ;BELO HORIZONTE;SUDESTE
01/06/2026;01/06/2026;000104;GETULIO VARGAS;009509;ARK-VH200A-D5A1E - INTEL ATOM D510 1.66 GHZ FANLESS COMPACT EMBEDDED;000104;GETULIO VARGAS;SE-94;TROCA HD;1;BHZ;BELO HORIZONTE;SUDESTE
01/06/2026;01/06/2026;000104;GETULIO VARGAS;012811;FRONTAL VALIDADOR CCIT 4.0 COM MODULO H2-1.;000104;GETULIO VARGAS;SE-04;ATUALIZACAO DA LISTA;7;BHZ;BELO HORIZONTE;SUDESTE
01/06/2026;01/06/2026;000104;GETULIO VARGAS;012811;FRONTAL VALIDADOR CCIT 4.0 COM MODULO H2-1.;000104;GETULIO VARGAS;SE-05;ATUALIZACAO DATA / HORA;4;BHZ;BELO HORIZONTE;SUDESTE
01/06/2026;01/06/2026;000104;GETULIO VARGAS;012811;FRONTAL VALIDADOR CCIT 4.0 COM MODULO H2-1.;000104;GETULIO VARGAS;SE-06;ATUALIZACAO DO FW;2;BHZ;BELO HORIZONTE;SUDESTE
01/06/2026;01/06/2026;000104;GETULIO VARGAS;012811;FRONTAL VALIDADOR CCIT 4.0 COM MODULO H2-1.;000104;GETULIO VARGAS;SE-100;TESTE CATRACA;3;BHZ;BELO HORIZONTE;SUDESTE
01/06/2026;01/06/2026;000104;GETULIO VARGAS;012811;FRONTAL VALIDADOR CCIT 4.0 COM MODULO H2-1.;000104;GETULIO VARGAS;SE-32;LIMPEZA;3;BHZ;BELO HORIZONTE;SUDESTE
01/06/2026;01/06/2026;000104;GETULIO VARGAS;012811;FRONTAL VALIDADOR CCIT 4.0 COM MODULO H2-1.;000104;GETULIO VARGAS;SE-55;RESTORE DO MODULO;7;BHZ;BELO HORIZONTE;SUDESTE
01/06/2026;01/06/2026;000104;GETULIO VARGAS;012811;FRONTAL VALIDADOR CCIT 4.0 COM MODULO H2-1.;000104;GETULIO VARGAS;SE-76;TROCA DA CARCACA INFERIOR;2;BHZ;BELO HORIZONTE;SUDESTE
01/06/2026;01/06/2026;000104;GETULIO VARGAS;012811;FRONTAL VALIDADOR CCIT 4.0 COM MODULO H2-1.;000104;GETULIO VARGAS;SE-82;TROCA DO CARTAO;1;BHZ;BELO HORIZONTE;SUDESTE
01/06/2026;01/06/2026;000104;GETULIO VARGAS;012811;FRONTAL VALIDADOR CCIT 4.0 COM MODULO H2-1.;000104;GETULIO VARGAS;SE-84;TROCA DO DISPLAY;1;BHZ;BELO HORIZONTE;SUDESTE
01/06/2026;01/06/2026;000104;GETULIO VARGAS;012811;FRONTAL VALIDADOR CCIT 4.0 COM MODULO H2-1.;000104;GETULIO VARGAS;SE-98;GRAVACAO FW;5;BHZ;BELO HORIZONTE;SUDESTE
01/06/2026;01/06/2026;000104;GETULIO VARGAS;012839;CONVERSOR DC-DC IN 8~50V, OUT 5V 3A 15W MALE MICROUSB CABLE 150CM DMX;000104;GETULIO VARGAS;SE-85;TROCA DE COMPONENTE;6;BHZ;BELO HORIZONTE;SUDESTE
01/06/2026;01/06/2026;000104;GETULIO VARGAS;014950;FRONTAL VALIDADOR CCIT 4.0 COM MODULO HJI21;000104;GETULIO VARGAS;SE-04;ATUALIZACAO DA LISTA;5;BHZ;BELO HORIZONTE;SUDESTE
01/06/2026;01/06/2026;000104;GETULIO VARGAS;014950;FRONTAL VALIDADOR CCIT 4.0 COM MODULO HJI21;000104;GETULIO VARGAS;SE-05;ATUALIZACAO DATA / HORA;3;BHZ;BELO HORIZONTE;SUDESTE
01/06/2026;01/06/2026;000104;GETULIO VARGAS;014950;FRONTAL VALIDADOR CCIT 4.0 COM MODULO HJI21;000104;GETULIO VARGAS;SE-06;ATUALIZACAO DO FW;2;BHZ;BELO HORIZONTE;SUDESTE
01/06/2026;01/06/2026;000104;GETULIO VARGAS;014950;FRONTAL VALIDADOR CCIT 4.0 COM MODULO HJI21;000104;GETULIO VARGAS;SE-100;TESTE CATRACA;2;BHZ;BELO HORIZONTE;SUDESTE
01/06/2026;01/06/2026;000104;GETULIO VARGAS;014950;FRONTAL VALIDADOR CCIT 4.0 COM MODULO HJI21;000104;GETULIO VARGAS;SE-31;JUMPER;2;BHZ;BELO HORIZONTE;SUDESTE
01/06/2026;01/06/2026;000104;GETULIO VARGAS;014950;FRONTAL VALIDADOR CCIT 4.0 COM MODULO HJI21;000104;GETULIO VARGAS;SE-32;LIMPEZA;1;BHZ;BELO HORIZONTE;SUDESTE
01/06/2026;01/06/2026;000104;GETULIO VARGAS;014950;FRONTAL VALIDADOR CCIT 4.0 COM MODULO HJI21;000104;GETULIO VARGAS;SE-55;RESTORE DO MODULO;5;BHZ;BELO HORIZONTE;SUDESTE
01/06/2026;01/06/2026;000104;GETULIO VARGAS;014950;FRONTAL VALIDADOR CCIT 4.0 COM MODULO HJI21;000104;GETULIO VARGAS;SE-76;TROCA DA CARCACA INFERIOR;1;BHZ;BELO HORIZONTE;SUDESTE
01/06/2026;01/06/2026;000104;GETULIO VARGAS;014950;FRONTAL VALIDADOR CCIT 4.0 COM MODULO HJI21;000104;GETULIO VARGAS;SE-84;TROCA DO DISPLAY;1;BHZ;BELO HORIZONTE;SUDESTE
01/06/2026;01/06/2026;000104;GETULIO VARGAS;014950;FRONTAL VALIDADOR CCIT 4.0 COM MODULO HJI21;000104;GETULIO VARGAS;SE-95;TROCA TOUCHSCREEN;3;BHZ;BELO HORIZONTE;SUDESTE
01/06/2026;01/06/2026;000104;GETULIO VARGAS;014950;FRONTAL VALIDADOR CCIT 4.0 COM MODULO HJI21;000104;GETULIO VARGAS;SE-98;GRAVACAO FW;3;BHZ;BELO HORIZONTE;SUDESTE
01/06/2026;01/06/2026;000104;GETULIO VARGAS;017030;CAMERA 1MP CMOS 720P COLOR IR DOME PLAST BRANCA 2.8 MM VHD 1120 D G7;000104;GETULIO VARGAS;SE-12;EQUIPAMENTO SEM REPARO;11;BHZ;BELO HORIZONTE;SUDESTE
01/06/2026;01/06/2026;000104;GETULIO VARGAS;017046;CAMERA DOME BUSZOOM CVBS 12V CMOS 2.8MM COMUM;000104;GETULIO VARGAS;SE-12;EQUIPAMENTO SEM REPARO;14;BHZ;BELO HORIZONTE;SUDESTE
01/06/2026;01/06/2026;000104;GETULIO VARGAS;021353;PAINEL DE MOTORISTA DM X500L H5                .;000104;GETULIO VARGAS;SE-06;ATUALIZACAO DO FW;12;BHZ;BELO HORIZONTE;SUDESTE
01/06/2026;01/06/2026;000104;GETULIO VARGAS;021353;PAINEL DE MOTORISTA DM X500L H5                .;000104;GETULIO VARGAS;SE-11;DEFEITO NAO ENCONTRADO;1;BHZ;BELO HORIZONTE;SUDESTE
01/06/2026;01/06/2026;000104;GETULIO VARGAS;021353;PAINEL DE MOTORISTA DM X500L H5                .;000104;GETULIO VARGAS;SE-32;LIMPEZA;3;BHZ;BELO HORIZONTE;SUDESTE
01/06/2026;01/06/2026;000104;GETULIO VARGAS;021353;PAINEL DE MOTORISTA DM X500L H5                .;000104;GETULIO VARGAS;SE-43;RESSOLDA ANTENA;6;BHZ;BELO HORIZONTE;SUDESTE
01/06/2026;01/06/2026;000104;GETULIO VARGAS;021353;PAINEL DE MOTORISTA DM X500L H5                .;000104;GETULIO VARGAS;SE-83;TROCA DO CHIP;1;BHZ;BELO HORIZONTE;SUDESTE
01/06/2026;01/06/2026;000105;GLOBO;009509;ARK-VH200A-D5A1E - INTEL ATOM D510 1.66 GHZ FANLESS COMPACT EMBEDDED;000105;GLOBO;SE-06;ATUALIZACAO DO FW;4;BHZ;BELO HORIZONTE;SUDESTE
01/06/2026;01/06/2026;000105;GLOBO;009509;ARK-VH200A-D5A1E - INTEL ATOM D510 1.66 GHZ FANLESS COMPACT EMBEDDED;000105;GLOBO;SE-47;RESSOLDA DA PLACA;5;BHZ;BELO HORIZONTE;SUDESTE
01/06/2026;01/06/2026;000105;GLOBO;009509;ARK-VH200A-D5A1E - INTEL ATOM D510 1.66 GHZ FANLESS COMPACT EMBEDDED;000105;GLOBO;SE-48;RESSOLDA DO CIRCUITO;1;BHZ;BELO HORIZONTE;SUDESTE
01/06/2026;01/06/2026;000105;GLOBO;009509;ARK-VH200A-D5A1E - INTEL ATOM D510 1.66 GHZ FANLESS COMPACT EMBEDDED;000105;GLOBO;SE-63;TESTE GPRS OK;8;BHZ;BELO HORIZONTE;SUDESTE
01/06/2026;01/06/2026;000105;GLOBO;009509;ARK-VH200A-D5A1E - INTEL ATOM D510 1.66 GHZ FANLESS COMPACT EMBEDDED;000105;GLOBO;SE-64;TESTE GPS OK;8;BHZ;BELO HORIZONTE;SUDESTE
01/06/2026;01/06/2026;000105;GLOBO;009509;ARK-VH200A-D5A1E - INTEL ATOM D510 1.66 GHZ FANLESS COMPACT EMBEDDED;000105;GLOBO;SE-87;TROCA DO MODULO;1;BHZ;BELO HORIZONTE;SUDESTE
01/06/2026;01/06/2026;000105;GLOBO;009509;ARK-VH200A-D5A1E - INTEL ATOM D510 1.66 GHZ FANLESS COMPACT EMBEDDED;000105;GLOBO;SE-94;TROCA HD;1;BHZ;BELO HORIZONTE;SUDESTE
01/06/2026;01/06/2026;000105;GLOBO;010219;CONVERSOR 24-12V FT-CAM.;000105;GLOBO;SE-73;TROCA CONECTOR;4;BHZ;BELO HORIZONTE;SUDESTE
01/06/2026;01/06/2026;000105;GLOBO;010972;UNIDADE DE PROCESSAMENTO EXTERNA - UPEX V3000M - COM DVR  .;000105;GLOBO;SE-22;FORMATACAO DO SD CARD;1;BHZ;BELO HORIZONTE;SUDESTE
01/06/2026;01/06/2026;000105;GLOBO;010972;UNIDADE DE PROCESSAMENTO EXTERNA - UPEX V3000M - COM DVR  .;000105;GLOBO;SE-82;TROCA DO CARTAO;1;BHZ;BELO HORIZONTE;SUDESTE
01/06/2026;01/06/2026;000105;GLOBO;012811;FRONTAL VALIDADOR CCIT 4.0 COM MODULO H2-1.;000105;GLOBO;SE-00;MAO DE OBRA;1;BHZ;BELO HORIZONTE;SUDESTE
01/06/2026;01/06/2026;000105;GLOBO;012811;FRONTAL VALIDADOR CCIT 4.0 COM MODULO H2-1.;000105;GLOBO;SE-04;ATUALIZACAO DA LISTA;1;BHZ;BELO HORIZONTE;SUDESTE
01/06/2026;01/06/2026;000105;GLOBO;012811;FRONTAL VALIDADOR CCIT 4.0 COM MODULO H2-1.;000105;GLOBO;SE-32;LIMPEZA;1;BHZ;BELO HORIZONTE;SUDESTE
01/06/2026;01/06/2026;000105;GLOBO;012811;FRONTAL VALIDADOR CCIT 4.0 COM MODULO H2-1.;000105;GLOBO;SE-55;RESTORE DO MODULO;1;BHZ;BELO HORIZONTE;SUDESTE
01/06/2026;01/06/2026;000105;GLOBO;012811;FRONTAL VALIDADOR CCIT 4.0 COM MODULO H2-1.;000105;GLOBO;SE-95;TROCA TOUCHSCREEN;1;BHZ;BELO HORIZONTE;SUDESTE
01/06/2026;01/06/2026;000105;GLOBO;012811;FRONTAL VALIDADOR CCIT 4.0 COM MODULO H2-1.;000105;GLOBO;SE-96;TROCA DE VIDRO;1;BHZ;BELO HORIZONTE;SUDESTE
01/06/2026;01/06/2026;000105;GLOBO;012811;FRONTAL VALIDADOR CCIT 4.0 COM MODULO H2-1.;000105;GLOBO;SE-98;GRAVACAO FW;1;BHZ;BELO HORIZONTE;SUDESTE
01/06/2026;01/06/2026;000105;GLOBO;014950;FRONTAL VALIDADOR CCIT 4.0 COM MODULO HJI21;000105;GLOBO;SE-04;ATUALIZACAO DA LISTA;2;BHZ;BELO HORIZONTE;SUDESTE
01/06/2026;01/06/2026;000105;GLOBO;014950;FRONTAL VALIDADOR CCIT 4.0 COM MODULO HJI21;000105;GLOBO;SE-05;ATUALIZACAO DATA / HORA;2;BHZ;BELO HORIZONTE;SUDESTE
01/06/2026;01/06/2026;000105;GLOBO;014950;FRONTAL VALIDADOR CCIT 4.0 COM MODULO HJI21;000105;GLOBO;SE-06;ATUALIZACAO DO FW;1;BHZ;BELO HORIZONTE;SUDESTE
01/06/2026;01/06/2026;000105;GLOBO;014950;FRONTAL VALIDADOR CCIT 4.0 COM MODULO HJI21;000105;GLOBO;SE-100;TESTE CATRACA;1;BHZ;BELO HORIZONTE;SUDESTE
01/06/2026;01/06/2026;000105;GLOBO;014950;FRONTAL VALIDADOR CCIT 4.0 COM MODULO HJI21;000105;GLOBO;SE-55;RESTORE DO MODULO;2;BHZ;BELO HORIZONTE;SUDESTE
01/06/2026;01/06/2026;000105;GLOBO;014950;FRONTAL VALIDADOR CCIT 4.0 COM MODULO HJI21;000105;GLOBO;SE-84;TROCA DO DISPLAY;1;BHZ;BELO HORIZONTE;SUDESTE
01/06/2026;01/06/2026;000105;GLOBO;014950;FRONTAL VALIDADOR CCIT 4.0 COM MODULO HJI21;000105;GLOBO;SE-98;GRAVACAO FW;1;BHZ;BELO HORIZONTE;SUDESTE
01/06/2026;01/06/2026;000105;GLOBO;017030;CAMERA 1MP CMOS 720P COLOR IR DOME PLAST BRANCA 2.8 MM VHD 1120 D G7;000105;GLOBO;SE-12;EQUIPAMENTO SEM REPARO;2;BHZ;BELO HORIZONTE;SUDESTE
01/06/2026;01/06/2026;000105;GLOBO;017046;CAMERA DOME BUSZOOM CVBS 12V CMOS 2.8MM COMUM;000105;GLOBO;SE-12;EQUIPAMENTO SEM REPARO;3;BHZ;BELO HORIZONTE;SUDESTE
01/06/2026;01/06/2026;000105;GLOBO;021353;PAINEL DE MOTORISTA DM X500L H5                .;000105;GLOBO;SE-06;ATUALIZACAO DO FW;19;BHZ;BELO HORIZONTE;SUDESTE
01/06/2026;01/06/2026;000105;GLOBO;021353;PAINEL DE MOTORISTA DM X500L H5                .;000105;GLOBO;SE-11;DEFEITO NAO ENCONTRADO;1;BHZ;BELO HORIZONTE;SUDESTE
01/06/2026;01/06/2026;000105;GLOBO;021353;PAINEL DE MOTORISTA DM X500L H5                .;000105;GLOBO;SE-32;LIMPEZA;7;BHZ;BELO HORIZONTE;SUDESTE
01/06/2026;01/06/2026;000105;GLOBO;021353;PAINEL DE MOTORISTA DM X500L H5                .;000105;GLOBO;SE-42;RESSOLDA COMPONENTE;1;BHZ;BELO HORIZONTE;SUDESTE
01/06/2026;01/06/2026;000105;GLOBO;021353;PAINEL DE MOTORISTA DM X500L H5                .;000105;GLOBO;SE-43;RESSOLDA ANTENA;5;BHZ;BELO HORIZONTE;SUDESTE
01/06/2026;01/06/2026;000105;GLOBO;021353;PAINEL DE MOTORISTA DM X500L H5                .;000105;GLOBO;SE-81;TROCA DA PLACA;1;BHZ;BELO HORIZONTE;SUDESTE
01/06/2026;01/06/2026;000105;GLOBO;021379;FONTE FT-DM X500;000105;GLOBO;SE-85;TROCA DE COMPONENTE;4;BHZ;BELO HORIZONTE;SUDESTE
01/06/2026;01/06/2026;000106;VIACAO FENIX LTDA;009509;ARK-VH200A-D5A1E - INTEL ATOM D510 1.66 GHZ FANLESS COMPACT EMBEDDED;000106;VIACAO FENIX LTDA;SE-06;ATUALIZACAO DO FW;1;BHZ;BELO HORIZONTE;SUDESTE
01/06/2026;01/06/2026;000106;VIACAO FENIX LTDA;009509;ARK-VH200A-D5A1E - INTEL ATOM D510 1.66 GHZ FANLESS COMPACT EMBEDDED;000106;VIACAO FENIX LTDA;SE-07;ATUALIZACAO DO SW;2;BHZ;BELO HORIZONTE;SUDESTE
01/06/2026;01/06/2026;000106;VIACAO FENIX LTDA;009509;ARK-VH200A-D5A1E - INTEL ATOM D510 1.66 GHZ FANLESS COMPACT EMBEDDED;000106;VIACAO FENIX LTDA;SE-32;LIMPEZA;2;BHZ;BELO HORIZONTE;SUDESTE
01/06/2026;01/06/2026;000106;VIACAO FENIX LTDA;009509;ARK-VH200A-D5A1E - INTEL ATOM D510 1.66 GHZ FANLESS COMPACT EMBEDDED;000106;VIACAO FENIX LTDA;SE-47;RESSOLDA DA PLACA;3;BHZ;BELO HORIZONTE;SUDESTE
01/06/2026;01/06/2026;000106;VIACAO FENIX LTDA;009509;ARK-VH200A-D5A1E - INTEL ATOM D510 1.66 GHZ FANLESS COMPACT EMBEDDED;000106;VIACAO FENIX LTDA;SE-63;TESTE GPRS OK;2;BHZ;BELO HORIZONTE;SUDESTE
01/06/2026;01/06/2026;000106;VIACAO FENIX LTDA;009509;ARK-VH200A-D5A1E - INTEL ATOM D510 1.66 GHZ FANLESS COMPACT EMBEDDED;000106;VIACAO FENIX LTDA;SE-64;TESTE GPS OK;3;BHZ;BELO HORIZONTE;SUDESTE
01/06/2026;01/06/2026;000106;VIACAO FENIX LTDA;012806;BASE FIXA VALIDADOR CCIT 4.0 ENTRADA DE 24V;000106;VIACAO FENIX LTDA;SE-100;TESTE CATRACA;1;BHZ;BELO HORIZONTE;SUDESTE
01/06/2026;01/06/2026;000106;VIACAO FENIX LTDA;012806;BASE FIXA VALIDADOR CCIT 4.0 ENTRADA DE 24V;000106;VIACAO FENIX LTDA;SE-28;GRAVACAO DO PIC;1;BHZ;BELO HORIZONTE;SUDESTE
01/06/2026;01/06/2026;000106;VIACAO FENIX LTDA;012806;BASE FIXA VALIDADOR CCIT 4.0 ENTRADA DE 24V;000106;VIACAO FENIX LTDA;SE-32;LIMPEZA;1;BHZ;BELO HORIZONTE;SUDESTE
01/06/2026;01/06/2026;000106;VIACAO FENIX LTDA;012806;BASE FIXA VALIDADOR CCIT 4.0 ENTRADA DE 24V;000106;VIACAO FENIX LTDA;SE-85;TROCA DE COMPONENTE;1;BHZ;BELO HORIZONTE;SUDESTE
01/06/2026;01/06/2026;000106;VIACAO FENIX LTDA;012806;BASE FIXA VALIDADOR CCIT 4.0 ENTRADA DE 24V;000106;VIACAO FENIX LTDA;SE-98;GRAVACAO FW;1;BHZ;BELO HORIZONTE;SUDESTE
01/06/2026;01/06/2026;000106;VIACAO FENIX LTDA;012811;FRONTAL VALIDADOR CCIT 4.0 COM MODULO H2-1.;000106;VIACAO FENIX LTDA;SE-04;ATUALIZACAO DA LISTA;1;BHZ;BELO HORIZONTE;SUDESTE
01/06/2026;01/06/2026;000106;VIACAO FENIX LTDA;012811;FRONTAL VALIDADOR CCIT 4.0 COM MODULO H2-1.;000106;VIACAO FENIX LTDA;SE-05;ATUALIZACAO DATA / HORA;1;BHZ;BELO HORIZONTE;SUDESTE
01/06/2026;01/06/2026;000106;VIACAO FENIX LTDA;012811;FRONTAL VALIDADOR CCIT 4.0 COM MODULO H2-1.;000106;VIACAO FENIX LTDA;SE-55;RESTORE DO MODULO;1;BHZ;BELO HORIZONTE;SUDESTE
01/06/2026;01/06/2026;000106;VIACAO FENIX LTDA;012811;FRONTAL VALIDADOR CCIT 4.0 COM MODULO H2-1.;000106;VIACAO FENIX LTDA;SE-98;GRAVACAO FW;1;BHZ;BELO HORIZONTE;SUDESTE
01/06/2026;01/06/2026;000106;VIACAO FENIX LTDA;021353;PAINEL DE MOTORISTA DM X500L H5                .;000106;VIACAO FENIX LTDA;SE-06;ATUALIZACAO DO FW;2;BHZ;BELO HORIZONTE;SUDESTE
01/06/2026;01/06/2026;000106;VIACAO FENIX LTDA;021353;PAINEL DE MOTORISTA DM X500L H5                .;000106;VIACAO FENIX LTDA;SE-32;LIMPEZA;1;BHZ;BELO HORIZONTE;SUDESTE
01/06/2026;01/06/2026;000106;VIACAO FENIX LTDA;021353;PAINEL DE MOTORISTA DM X500L H5                .;000106;VIACAO FENIX LTDA;SE-43;RESSOLDA ANTENA;1;BHZ;BELO HORIZONTE;SUDESTE
01/06/2026;01/06/2026;000108;JARDINS ANA LUCIA;009509;ARK-VH200A-D5A1E - INTEL ATOM D510 1.66 GHZ FANLESS COMPACT EMBEDDED;000108;JARDINS ANA LUCIA;SE-06;ATUALIZACAO DO FW;2;BHZ;BELO HORIZONTE;SUDESTE
01/06/2026;01/06/2026;000108;JARDINS ANA LUCIA;009509;ARK-VH200A-D5A1E - INTEL ATOM D510 1.66 GHZ FANLESS COMPACT EMBEDDED;000108;JARDINS ANA LUCIA;SE-07;ATUALIZACAO DO SW;3;BHZ;BELO HORIZONTE;SUDESTE
01/06/2026;01/06/2026;000108;JARDINS ANA LUCIA;009509;ARK-VH200A-D5A1E - INTEL ATOM D510 1.66 GHZ FANLESS COMPACT EMBEDDED;000108;JARDINS ANA LUCIA;SE-32;LIMPEZA;2;BHZ;BELO HORIZONTE;SUDESTE
01/06/2026;01/06/2026;000108;JARDINS ANA LUCIA;009509;ARK-VH200A-D5A1E - INTEL ATOM D510 1.66 GHZ FANLESS COMPACT EMBEDDED;000108;JARDINS ANA LUCIA;SE-47;RESSOLDA DA PLACA;5;BHZ;BELO HORIZONTE;SUDESTE
01/06/2026;01/06/2026;000108;JARDINS ANA LUCIA;009509;ARK-VH200A-D5A1E - INTEL ATOM D510 1.66 GHZ FANLESS COMPACT EMBEDDED;000108;JARDINS ANA LUCIA;SE-63;TESTE GPRS OK;5;BHZ;BELO HORIZONTE;SUDESTE
01/06/2026;01/06/2026;000108;JARDINS ANA LUCIA;009509;ARK-VH200A-D5A1E - INTEL ATOM D510 1.66 GHZ FANLESS COMPACT EMBEDDED;000108;JARDINS ANA LUCIA;SE-64;TESTE GPS OK;6;BHZ;BELO HORIZONTE;SUDESTE
01/06/2026;01/06/2026;000108;JARDINS ANA LUCIA;009509;ARK-VH200A-D5A1E - INTEL ATOM D510 1.66 GHZ FANLESS COMPACT EMBEDDED;000108;JARDINS ANA LUCIA;SE-81;TROCA DA PLACA;1;BHZ;BELO HORIZONTE;SUDESTE
01/06/2026;01/06/2026;000108;JARDINS ANA LUCIA;010972;UNIDADE DE PROCESSAMENTO EXTERNA - UPEX V3000M - COM DVR  .;000108;JARDINS ANA LUCIA;SE-22;FORMATACAO DO SD CARD;3;BHZ;BELO HORIZONTE;SUDESTE
01/06/2026;01/06/2026;000108;JARDINS ANA LUCIA;010972;UNIDADE DE PROCESSAMENTO EXTERNA - UPEX V3000M - COM DVR  .;000108;JARDINS ANA LUCIA;SE-81;TROCA DA PLACA;2;BHZ;BELO HORIZONTE;SUDESTE
01/06/2026;01/06/2026;000108;JARDINS ANA LUCIA;010972;UNIDADE DE PROCESSAMENTO EXTERNA - UPEX V3000M - COM DVR  .;000108;JARDINS ANA LUCIA;SE-85;TROCA DE COMPONENTE;1;BHZ;BELO HORIZONTE;SUDESTE
01/06/2026;01/06/2026;000108;JARDINS ANA LUCIA;012806;BASE FIXA VALIDADOR CCIT 4.0 ENTRADA DE 24V;000108;JARDINS ANA LUCIA;SE-100;TESTE CATRACA;1;BHZ;BELO HORIZONTE;SUDESTE
01/06/2026;01/06/2026;000108;JARDINS ANA LUCIA;012806;BASE FIXA VALIDADOR CCIT 4.0 ENTRADA DE 24V;000108;JARDINS ANA LUCIA;SE-32;LIMPEZA;1;BHZ;BELO HORIZONTE;SUDESTE
01/06/2026;01/06/2026;000108;JARDINS ANA LUCIA;012806;BASE FIXA VALIDADOR CCIT 4.0 ENTRADA DE 24V;000108;JARDINS ANA LUCIA;SE-98;GRAVACAO FW;1;BHZ;BELO HORIZONTE;SUDESTE
01/06/2026;01/06/2026;000108;JARDINS ANA LUCIA;012811;FRONTAL VALIDADOR CCIT 4.0 COM MODULO H2-1.;000108;JARDINS ANA LUCIA;SE-04;ATUALIZACAO DA LISTA;11;BHZ;BELO HORIZONTE;SUDESTE
01/06/2026;01/06/2026;000108;JARDINS ANA LUCIA;012811;FRONTAL VALIDADOR CCIT 4.0 COM MODULO H2-1.;000108;JARDINS ANA LUCIA;SE-05;ATUALIZACAO DATA / HORA;8;BHZ;BELO HORIZONTE;SUDESTE
01/06/2026;01/06/2026;000108;JARDINS ANA LUCIA;012811;FRONTAL VALIDADOR CCIT 4.0 COM MODULO H2-1.;000108;JARDINS ANA LUCIA;SE-100;TESTE CATRACA;1;BHZ;BELO HORIZONTE;SUDESTE
01/06/2026;01/06/2026;000108;JARDINS ANA LUCIA;012811;FRONTAL VALIDADOR CCIT 4.0 COM MODULO H2-1.;000108;JARDINS ANA LUCIA;SE-27;GRAVACAO DO BOOTLOADER;1;BHZ;BELO HORIZONTE;SUDESTE
01/06/2026;01/06/2026;000108;JARDINS ANA LUCIA;012811;FRONTAL VALIDADOR CCIT 4.0 COM MODULO H2-1.;000108;JARDINS ANA LUCIA;SE-32;LIMPEZA;2;BHZ;BELO HORIZONTE;SUDESTE
01/06/2026;01/06/2026;000108;JARDINS ANA LUCIA;012811;FRONTAL VALIDADOR CCIT 4.0 COM MODULO H2-1.;000108;JARDINS ANA LUCIA;SE-55;RESTORE DO MODULO;11;BHZ;BELO HORIZONTE;SUDESTE
01/06/2026;01/06/2026;000108;JARDINS ANA LUCIA;012811;FRONTAL VALIDADOR CCIT 4.0 COM MODULO H2-1.;000108;JARDINS ANA LUCIA;SE-56;RETIRADA A BATERIA;1;BHZ;BELO HORIZONTE;SUDESTE
01/06/2026;01/06/2026;000108;JARDINS ANA LUCIA;012811;FRONTAL VALIDADOR CCIT 4.0 COM MODULO H2-1.;000108;JARDINS ANA LUCIA;SE-81;TROCA DA PLACA;1;BHZ;BELO HORIZONTE;SUDESTE
01/06/2026;01/06/2026;000108;JARDINS ANA LUCIA;012811;FRONTAL VALIDADOR CCIT 4.0 COM MODULO H2-1.;000108;JARDINS ANA LUCIA;SE-84;TROCA DO DISPLAY;1;BHZ;BELO HORIZONTE;SUDESTE
01/06/2026;01/06/2026;000108;JARDINS ANA LUCIA;012811;FRONTAL VALIDADOR CCIT 4.0 COM MODULO H2-1.;000108;JARDINS ANA LUCIA;SE-85;TROCA DE COMPONENTE;1;BHZ;BELO HORIZONTE;SUDESTE
01/06/2026;01/06/2026;000108;JARDINS ANA LUCIA;012811;FRONTAL VALIDADOR CCIT 4.0 COM MODULO H2-1.;000108;JARDINS ANA LUCIA;SE-87;TROCA DO MODULO;1;BHZ;BELO HORIZONTE;SUDESTE
01/06/2026;01/06/2026;000108;JARDINS ANA LUCIA;012811;FRONTAL VALIDADOR CCIT 4.0 COM MODULO H2-1.;000108;JARDINS ANA LUCIA;SE-95;TROCA TOUCHSCREEN;1;BHZ;BELO HORIZONTE;SUDESTE
01/06/2026;01/06/2026;000108;JARDINS ANA LUCIA;012811;FRONTAL VALIDADOR CCIT 4.0 COM MODULO H2-1.;000108;JARDINS ANA LUCIA;SE-98;GRAVACAO FW;10;BHZ;BELO HORIZONTE;SUDESTE
01/06/2026;01/06/2026;000108;JARDINS ANA LUCIA;014950;FRONTAL VALIDADOR CCIT 4.0 COM MODULO HJI21;000108;JARDINS ANA LUCIA;SE-00;MAO DE OBRA;1;BHZ;BELO HORIZONTE;SUDESTE
01/06/2026;01/06/2026;000108;JARDINS ANA LUCIA;014950;FRONTAL VALIDADOR CCIT 4.0 COM MODULO HJI21;000108;JARDINS ANA LUCIA;SE-32;LIMPEZA;1;BHZ;BELO HORIZONTE;SUDESTE
01/06/2026;01/06/2026;000108;JARDINS ANA LUCIA;014950;FRONTAL VALIDADOR CCIT 4.0 COM MODULO HJI21;000108;JARDINS ANA LUCIA;SE-55;RESTORE DO MODULO;1;BHZ;BELO HORIZONTE;SUDESTE
01/06/2026;01/06/2026;000108;JARDINS ANA LUCIA;014950;FRONTAL VALIDADOR CCIT 4.0 COM MODULO HJI21;000108;JARDINS ANA LUCIA;SE-87;TROCA DO MODULO;1;BHZ;BELO HORIZONTE;SUDESTE
01/06/2026;01/06/2026;000108;JARDINS ANA LUCIA;014950;FRONTAL VALIDADOR CCIT 4.0 COM MODULO HJI21;000108;JARDINS ANA LUCIA;SE-96;TROCA DE VIDRO;1;BHZ;BELO HORIZONTE;SUDESTE
01/06/2026;01/06/2026;000108;JARDINS ANA LUCIA;014950;FRONTAL VALIDADOR CCIT 4.0 COM MODULO HJI21;000108;JARDINS ANA LUCIA;SE-98;GRAVACAO FW;1;BHZ;BELO HORIZONTE;SUDESTE
01/06/2026;01/06/2026;000108;JARDINS ANA LUCIA;021353;PAINEL DE MOTORISTA DM X500L H5                .;000108;JARDINS ANA LUCIA;SE-06;ATUALIZACAO DO FW;20;BHZ;BELO HORIZONTE;SUDESTE
01/06/2026;01/06/2026;000108;JARDINS ANA LUCIA;021353;PAINEL DE MOTORISTA DM X500L H5                .;000108;JARDINS ANA LUCIA;SE-11;DEFEITO NAO ENCONTRADO;1;BHZ;BELO HORIZONTE;SUDESTE
01/06/2026;01/06/2026;000108;JARDINS ANA LUCIA;021353;PAINEL DE MOTORISTA DM X500L H5                .;000108;JARDINS ANA LUCIA;SE-32;LIMPEZA;10;BHZ;BELO HORIZONTE;SUDESTE
01/06/2026;01/06/2026;000108;JARDINS ANA LUCIA;021379;FONTE FT-DM X500;000108;JARDINS ANA LUCIA;SE-85;TROCA DE COMPONENTE;4;BHZ;BELO HORIZONTE;SUDESTE
01/06/2026;01/06/2026;000109;MILENIO;009509;ARK-VH200A-D5A1E - INTEL ATOM D510 1.66 GHZ FANLESS COMPACT EMBEDDED;000109;MILENIO;SE-47;RESSOLDA DA PLACA;3;BHZ;BELO HORIZONTE;SUDESTE
01/06/2026;01/06/2026;000109;MILENIO;009509;ARK-VH200A-D5A1E - INTEL ATOM D510 1.66 GHZ FANLESS COMPACT EMBEDDED;000109;MILENIO;SE-63;TESTE GPRS OK;3;BHZ;BELO HORIZONTE;SUDESTE
01/06/2026;01/06/2026;000109;MILENIO;009509;ARK-VH200A-D5A1E - INTEL ATOM D510 1.66 GHZ FANLESS COMPACT EMBEDDED;000109;MILENIO;SE-64;TESTE GPS OK;3;BHZ;BELO HORIZONTE;SUDESTE
01/06/2026;01/06/2026;000109;MILENIO;010972;UNIDADE DE PROCESSAMENTO EXTERNA - UPEX V3000M - COM DVR  .;000109;MILENIO;SE-22;FORMATACAO DO SD CARD;2;BHZ;BELO HORIZONTE;SUDESTE
01/06/2026;01/06/2026;000109;MILENIO;010972;UNIDADE DE PROCESSAMENTO EXTERNA - UPEX V3000M - COM DVR  .;000109;MILENIO;SE-82;TROCA DO CARTAO;1;BHZ;BELO HORIZONTE;SUDESTE
01/06/2026;01/06/2026;000109;MILENIO;012745;PAINEL DO MOTORISTA MONTADO - DM X200 - COM H3.1 / JI01;000109;MILENIO;SE-06;ATUALIZACAO DO FW;2;BHZ;BELO HORIZONTE;SUDESTE
01/06/2026;01/06/2026;000109;MILENIO;012745;PAINEL DO MOTORISTA MONTADO - DM X200 - COM H3.1 / JI01;000109;MILENIO;SE-09;COLAGEM DA TELA;1;BHZ;BELO HORIZONTE;SUDESTE
01/06/2026;01/06/2026;000109;MILENIO;012745;PAINEL DO MOTORISTA MONTADO - DM X200 - COM H3.1 / JI01;000109;MILENIO;SE-32;LIMPEZA;1;BHZ;BELO HORIZONTE;SUDESTE
01/06/2026;01/06/2026;000109;MILENIO;012745;PAINEL DO MOTORISTA MONTADO - DM X200 - COM H3.1 / JI01;000109;MILENIO;SE-73;TROCA CONECTOR;1;BHZ;BELO HORIZONTE;SUDESTE
01/06/2026;01/06/2026;000109;MILENIO;012745;PAINEL DO MOTORISTA MONTADO - DM X200 - COM H3.1 / JI01;000109;MILENIO;SE-81;TROCA DA PLACA;2;BHZ;BELO HORIZONTE;SUDESTE
01/06/2026;01/06/2026;000109;MILENIO;012745;PAINEL DO MOTORISTA MONTADO - DM X200 - COM H3.1 / JI01;000109;MILENIO;SE-84;TROCA DO DISPLAY;1;BHZ;BELO HORIZONTE;SUDESTE
01/06/2026;01/06/2026;000109;MILENIO;012745;PAINEL DO MOTORISTA MONTADO - DM X200 - COM H3.1 / JI01;000109;MILENIO;SE-96;TROCA DE VIDRO;1;BHZ;BELO HORIZONTE;SUDESTE
01/06/2026;01/06/2026;000109;MILENIO;012806;BASE FIXA VALIDADOR CCIT 4.0 ENTRADA DE 24V;000109;MILENIO;SE-100;TESTE CATRACA;2;BHZ;BELO HORIZONTE;SUDESTE
01/06/2026;01/06/2026;000109;MILENIO;012806;BASE FIXA VALIDADOR CCIT 4.0 ENTRADA DE 24V;000109;MILENIO;SE-27;GRAVACAO DO BOOTLOADER;1;BHZ;BELO HORIZONTE;SUDESTE
01/06/2026;01/06/2026;000109;MILENIO;012806;BASE FIXA VALIDADOR CCIT 4.0 ENTRADA DE 24V;000109;MILENIO;SE-28;GRAVACAO DO PIC;2;BHZ;BELO HORIZONTE;SUDESTE
01/06/2026;01/06/2026;000109;MILENIO;012806;BASE FIXA VALIDADOR CCIT 4.0 ENTRADA DE 24V;000109;MILENIO;SE-32;LIMPEZA;2;BHZ;BELO HORIZONTE;SUDESTE
01/06/2026;01/06/2026;000109;MILENIO;012806;BASE FIXA VALIDADOR CCIT 4.0 ENTRADA DE 24V;000109;MILENIO;SE-47;RESSOLDA DA PLACA;1;BHZ;BELO HORIZONTE;SUDESTE
01/06/2026;01/06/2026;000109;MILENIO;012806;BASE FIXA VALIDADOR CCIT 4.0 ENTRADA DE 24V;000109;MILENIO;SE-77;TROCA DA CARCACA INTERMEDIARIA;1;BHZ;BELO HORIZONTE;SUDESTE
01/06/2026;01/06/2026;000109;MILENIO;012806;BASE FIXA VALIDADOR CCIT 4.0 ENTRADA DE 24V;000109;MILENIO;SE-85;TROCA DE COMPONENTE;5;BHZ;BELO HORIZONTE;SUDESTE
01/06/2026;01/06/2026;000109;MILENIO;012806;BASE FIXA VALIDADOR CCIT 4.0 ENTRADA DE 24V;000109;MILENIO;SE-98;GRAVACAO FW;1;BHZ;BELO HORIZONTE;SUDESTE
01/06/2026;01/06/2026;000109;MILENIO;012811;FRONTAL VALIDADOR CCIT 4.0 COM MODULO H2-1.;000109;MILENIO;SE-04;ATUALIZACAO DA LISTA;11;BHZ;BELO HORIZONTE;SUDESTE
01/06/2026;01/06/2026;000109;MILENIO;012811;FRONTAL VALIDADOR CCIT 4.0 COM MODULO H2-1.;000109;MILENIO;SE-05;ATUALIZACAO DATA / HORA;8;BHZ;BELO HORIZONTE;SUDESTE
01/06/2026;01/06/2026;000109;MILENIO;012811;FRONTAL VALIDADOR CCIT 4.0 COM MODULO H2-1.;000109;MILENIO;SE-06;ATUALIZACAO DO FW;5;BHZ;BELO HORIZONTE;SUDESTE
01/06/2026;01/06/2026;000109;MILENIO;012811;FRONTAL VALIDADOR CCIT 4.0 COM MODULO H2-1.;000109;MILENIO;SE-100;TESTE CATRACA;5;BHZ;BELO HORIZONTE;SUDESTE
01/06/2026;01/06/2026;000109;MILENIO;012811;FRONTAL VALIDADOR CCIT 4.0 COM MODULO H2-1.;000109;MILENIO;SE-31;JUMPER;2;BHZ;BELO HORIZONTE;SUDESTE
01/06/2026;01/06/2026;000109;MILENIO;012811;FRONTAL VALIDADOR CCIT 4.0 COM MODULO H2-1.;000109;MILENIO;SE-32;LIMPEZA;3;BHZ;BELO HORIZONTE;SUDESTE
01/06/2026;01/06/2026;000109;MILENIO;012811;FRONTAL VALIDADOR CCIT 4.0 COM MODULO H2-1.;000109;MILENIO;SE-55;RESTORE DO MODULO;11;BHZ;BELO HORIZONTE;SUDESTE
01/06/2026;01/06/2026;000109;MILENIO;012811;FRONTAL VALIDADOR CCIT 4.0 COM MODULO H2-1.;000109;MILENIO;SE-82;TROCA DO CARTAO;1;BHZ;BELO HORIZONTE;SUDESTE
01/06/2026;01/06/2026;000109;MILENIO;012811;FRONTAL VALIDADOR CCIT 4.0 COM MODULO H2-1.;000109;MILENIO;SE-84;TROCA DO DISPLAY;2;BHZ;BELO HORIZONTE;SUDESTE
01/06/2026;01/06/2026;000109;MILENIO;012811;FRONTAL VALIDADOR CCIT 4.0 COM MODULO H2-1.;000109;MILENIO;SE-85;TROCA DE COMPONENTE;2;BHZ;BELO HORIZONTE;SUDESTE
01/06/2026;01/06/2026;000109;MILENIO;012811;FRONTAL VALIDADOR CCIT 4.0 COM MODULO H2-1.;000109;MILENIO;SE-87;TROCA DO MODULO;1;BHZ;BELO HORIZONTE;SUDESTE
01/06/2026;01/06/2026;000109;MILENIO;012811;FRONTAL VALIDADOR CCIT 4.0 COM MODULO H2-1.;000109;MILENIO;SE-95;TROCA TOUCHSCREEN;2;BHZ;BELO HORIZONTE;SUDESTE
01/06/2026;01/06/2026;000109;MILENIO;012811;FRONTAL VALIDADOR CCIT 4.0 COM MODULO H2-1.;000109;MILENIO;SE-98;GRAVACAO FW;6;BHZ;BELO HORIZONTE;SUDESTE
01/06/2026;01/06/2026;000109;MILENIO;014950;FRONTAL VALIDADOR CCIT 4.0 COM MODULO HJI21;000109;MILENIO;SE-04;ATUALIZACAO DA LISTA;4;BHZ;BELO HORIZONTE;SUDESTE
01/06/2026;01/06/2026;000109;MILENIO;014950;FRONTAL VALIDADOR CCIT 4.0 COM MODULO HJI21;000109;MILENIO;SE-05;ATUALIZACAO DATA / HORA;1;BHZ;BELO HORIZONTE;SUDESTE
01/06/2026;01/06/2026;000109;MILENIO;014950;FRONTAL VALIDADOR CCIT 4.0 COM MODULO HJI21;000109;MILENIO;SE-32;LIMPEZA;3;BHZ;BELO HORIZONTE;SUDESTE
01/06/2026;01/06/2026;000109;MILENIO;014950;FRONTAL VALIDADOR CCIT 4.0 COM MODULO HJI21;000109;MILENIO;SE-55;RESTORE DO MODULO;4;BHZ;BELO HORIZONTE;SUDESTE
01/06/2026;01/06/2026;000109;MILENIO;014950;FRONTAL VALIDADOR CCIT 4.0 COM MODULO HJI21;000109;MILENIO;SE-76;TROCA DA CARCACA INFERIOR;1;BHZ;BELO HORIZONTE;SUDESTE
01/06/2026;01/06/2026;000109;MILENIO;014950;FRONTAL VALIDADOR CCIT 4.0 COM MODULO HJI21;000109;MILENIO;SE-98;GRAVACAO FW;4;BHZ;BELO HORIZONTE;SUDESTE
01/06/2026;01/06/2026;000109;MILENIO;017046;CAMERA DOME BUSZOOM CVBS 12V CMOS 2.8MM COMUM;000109;MILENIO;SE-12;EQUIPAMENTO SEM REPARO;1;BHZ;BELO HORIZONTE;SUDESTE
01/06/2026;01/06/2026;000109;MILENIO;021353;PAINEL DE MOTORISTA DM X500L H5                .;000109;MILENIO;SE-06;ATUALIZACAO DO FW;10;BHZ;BELO HORIZONTE;SUDESTE
01/06/2026;01/06/2026;000109;MILENIO;021353;PAINEL DE MOTORISTA DM X500L H5                .;000109;MILENIO;SE-32;LIMPEZA;4;BHZ;BELO HORIZONTE;SUDESTE
01/06/2026;01/06/2026;000109;MILENIO;021353;PAINEL DE MOTORISTA DM X500L H5                .;000109;MILENIO;SE-43;RESSOLDA ANTENA;1;BHZ;BELO HORIZONTE;SUDESTE
01/06/2026;01/06/2026;000109;MILENIO;021379;FONTE FT-DM X500;000109;MILENIO;SE-85;TROCA DE COMPONENTE;4;BHZ;BELO HORIZONTE;SUDESTE
01/06/2026;01/06/2026;000110;AUTO OMNIBUS NOVA SU;009509;ARK-VH200A-D5A1E - INTEL ATOM D510 1.66 GHZ FANLESS COMPACT EMBEDDED;000110;AUTO OMNIBUS NOVA SU;SE-07;ATUALIZACAO DO SW;6;BHZ;BELO HORIZONTE;SUDESTE
01/06/2026;01/06/2026;000110;AUTO OMNIBUS NOVA SU;009509;ARK-VH200A-D5A1E - INTEL ATOM D510 1.66 GHZ FANLESS COMPACT EMBEDDED;000110;AUTO OMNIBUS NOVA SU;SE-32;LIMPEZA;1;BHZ;BELO HORIZONTE;SUDESTE
01/06/2026;01/06/2026;000110;AUTO OMNIBUS NOVA SU;009509;ARK-VH200A-D5A1E - INTEL ATOM D510 1.66 GHZ FANLESS COMPACT EMBEDDED;000110;AUTO OMNIBUS NOVA SU;SE-42;RESSOLDA COMPONENTE;6;BHZ;BELO HORIZONTE;SUDESTE
01/06/2026;01/06/2026;000110;AUTO OMNIBUS NOVA SU;009509;ARK-VH200A-D5A1E - INTEL ATOM D510 1.66 GHZ FANLESS COMPACT EMBEDDED;000110;AUTO OMNIBUS NOVA SU;SE-47;RESSOLDA DA PLACA;6;BHZ;BELO HORIZONTE;SUDESTE
01/06/2026;01/06/2026;000110;AUTO OMNIBUS NOVA SU;009509;ARK-VH200A-D5A1E - INTEL ATOM D510 1.66 GHZ FANLESS COMPACT EMBEDDED;000110;AUTO OMNIBUS NOVA SU;SE-63;TESTE GPRS OK;7;BHZ;BELO HORIZONTE;SUDESTE
01/06/2026;01/06/2026;000110;AUTO OMNIBUS NOVA SU;009509;ARK-VH200A-D5A1E - INTEL ATOM D510 1.66 GHZ FANLESS COMPACT EMBEDDED;000110;AUTO OMNIBUS NOVA SU;SE-64;TESTE GPS OK;8;BHZ;BELO HORIZONTE;SUDESTE
01/06/2026;01/06/2026;000110;AUTO OMNIBUS NOVA SU;009509;ARK-VH200A-D5A1E - INTEL ATOM D510 1.66 GHZ FANLESS COMPACT EMBEDDED;000110;AUTO OMNIBUS NOVA SU;SE-71;TROCA CABO;3;BHZ;BELO HORIZONTE;SUDESTE
01/06/2026;01/06/2026;000110;AUTO OMNIBUS NOVA SU;009509;ARK-VH200A-D5A1E - INTEL ATOM D510 1.66 GHZ FANLESS COMPACT EMBEDDED;000110;AUTO OMNIBUS NOVA SU;SE-73;TROCA CONECTOR;1;BHZ;BELO HORIZONTE;SUDESTE
01/06/2026;01/06/2026;000110;AUTO OMNIBUS NOVA SU;009509;ARK-VH200A-D5A1E - INTEL ATOM D510 1.66 GHZ FANLESS COMPACT EMBEDDED;000110;AUTO OMNIBUS NOVA SU;SE-85;TROCA DE COMPONENTE;2;BHZ;BELO HORIZONTE;SUDESTE
01/06/2026;01/06/2026;000110;AUTO OMNIBUS NOVA SU;009509;ARK-VH200A-D5A1E - INTEL ATOM D510 1.66 GHZ FANLESS COMPACT EMBEDDED;000110;AUTO OMNIBUS NOVA SU;SE-91;TROCA DO REGULADOR;1;BHZ;BELO HORIZONTE;SUDESTE
01/06/2026;01/06/2026;000110;AUTO OMNIBUS NOVA SU;009509;ARK-VH200A-D5A1E - INTEL ATOM D510 1.66 GHZ FANLESS COMPACT EMBEDDED;000110;AUTO OMNIBUS NOVA SU;SE-94;TROCA HD;3;BHZ;BELO HORIZONTE;SUDESTE
01/06/2026;01/06/2026;000110;AUTO OMNIBUS NOVA SU;012811;FRONTAL VALIDADOR CCIT 4.0 COM MODULO H2-1.;000110;AUTO OMNIBUS NOVA SU;SE-00;MAO DE OBRA;1;BHZ;BELO HORIZONTE;SUDESTE
01/06/2026;01/06/2026;000110;AUTO OMNIBUS NOVA SU;012811;FRONTAL VALIDADOR CCIT 4.0 COM MODULO H2-1.;000110;AUTO OMNIBUS NOVA SU;SE-04;ATUALIZACAO DA LISTA;9;BHZ;BELO HORIZONTE;SUDESTE
01/06/2026;01/06/2026;000110;AUTO OMNIBUS NOVA SU;012811;FRONTAL VALIDADOR CCIT 4.0 COM MODULO H2-1.;000110;AUTO OMNIBUS NOVA SU;SE-05;ATUALIZACAO DATA / HORA;6;BHZ;BELO HORIZONTE;SUDESTE
01/06/2026;01/06/2026;000110;AUTO OMNIBUS NOVA SU;012811;FRONTAL VALIDADOR CCIT 4.0 COM MODULO H2-1.;000110;AUTO OMNIBUS NOVA SU;SE-27;GRAVACAO DO BOOTLOADER;2;BHZ;BELO HORIZONTE;SUDESTE
01/06/2026;01/06/2026;000110;AUTO OMNIBUS NOVA SU;012811;FRONTAL VALIDADOR CCIT 4.0 COM MODULO H2-1.;000110;AUTO OMNIBUS NOVA SU;SE-32;LIMPEZA;2;BHZ;BELO HORIZONTE;SUDESTE
01/06/2026;01/06/2026;000110;AUTO OMNIBUS NOVA SU;012811;FRONTAL VALIDADOR CCIT 4.0 COM MODULO H2-1.;000110;AUTO OMNIBUS NOVA SU;SE-55;RESTORE DO MODULO;9;BHZ;BELO HORIZONTE;SUDESTE
01/06/2026;01/06/2026;000110;AUTO OMNIBUS NOVA SU;012811;FRONTAL VALIDADOR CCIT 4.0 COM MODULO H2-1.;000110;AUTO OMNIBUS NOVA SU;SE-84;TROCA DO DISPLAY;1;BHZ;BELO HORIZONTE;SUDESTE
01/06/2026;01/06/2026;000110;AUTO OMNIBUS NOVA SU;012811;FRONTAL VALIDADOR CCIT 4.0 COM MODULO H2-1.;000110;AUTO OMNIBUS NOVA SU;SE-87;TROCA DO MODULO;1;BHZ;BELO HORIZONTE;SUDESTE
01/06/2026;01/06/2026;000110;AUTO OMNIBUS NOVA SU;012811;FRONTAL VALIDADOR CCIT 4.0 COM MODULO H2-1.;000110;AUTO OMNIBUS NOVA SU;SE-95;TROCA TOUCHSCREEN;1;BHZ;BELO HORIZONTE;SUDESTE
01/06/2026;01/06/2026;000110;AUTO OMNIBUS NOVA SU;012811;FRONTAL VALIDADOR CCIT 4.0 COM MODULO H2-1.;000110;AUTO OMNIBUS NOVA SU;SE-96;TROCA DE VIDRO;1;BHZ;BELO HORIZONTE;SUDESTE
01/06/2026;01/06/2026;000110;AUTO OMNIBUS NOVA SU;012811;FRONTAL VALIDADOR CCIT 4.0 COM MODULO H2-1.;000110;AUTO OMNIBUS NOVA SU;SE-98;GRAVACAO FW;7;BHZ;BELO HORIZONTE;SUDESTE
01/06/2026;01/06/2026;000110;AUTO OMNIBUS NOVA SU;017030;CAMERA 1MP CMOS 720P COLOR IR DOME PLAST BRANCA 2.8 MM VHD 1120 D G7;000110;AUTO OMNIBUS NOVA SU;SE-12;EQUIPAMENTO SEM REPARO;4;BHZ;BELO HORIZONTE;SUDESTE
01/06/2026;01/06/2026;000110;AUTO OMNIBUS NOVA SU;017046;CAMERA DOME BUSZOOM CVBS 12V CMOS 2.8MM COMUM;000110;AUTO OMNIBUS NOVA SU;SE-12;EQUIPAMENTO SEM REPARO;3;BHZ;BELO HORIZONTE;SUDESTE
01/06/2026;01/06/2026;000110;AUTO OMNIBUS NOVA SU;021353;PAINEL DE MOTORISTA DM X500L H5                .;000110;AUTO OMNIBUS NOVA SU;SE-06;ATUALIZACAO DO FW;12;BHZ;BELO HORIZONTE;SUDESTE
01/06/2026;01/06/2026;000110;AUTO OMNIBUS NOVA SU;021353;PAINEL DE MOTORISTA DM X500L H5                .;000110;AUTO OMNIBUS NOVA SU;SE-11;DEFEITO NAO ENCONTRADO;1;BHZ;BELO HORIZONTE;SUDESTE
01/06/2026;01/06/2026;000110;AUTO OMNIBUS NOVA SU;021353;PAINEL DE MOTORISTA DM X500L H5                .;000110;AUTO OMNIBUS NOVA SU;SE-32;LIMPEZA;3;BHZ;BELO HORIZONTE;SUDESTE
01/06/2026;01/06/2026;000110;AUTO OMNIBUS NOVA SU;021353;PAINEL DE MOTORISTA DM X500L H5                .;000110;AUTO OMNIBUS NOVA SU;SE-43;RESSOLDA ANTENA;1;BHZ;BELO HORIZONTE;SUDESTE
01/06/2026;01/06/2026;000113;CIDADE BH TRANSPORTE;009509;ARK-VH200A-D5A1E - INTEL ATOM D510 1.66 GHZ FANLESS COMPACT EMBEDDED;000113;CIDADE BH TRANSPORTE;SE-06;ATUALIZACAO DO FW;2;BHZ;BELO HORIZONTE;SUDESTE
01/06/2026;01/06/2026;000113;CIDADE BH TRANSPORTE;009509;ARK-VH200A-D5A1E - INTEL ATOM D510 1.66 GHZ FANLESS COMPACT EMBEDDED;000113;CIDADE BH TRANSPORTE;SE-47;RESSOLDA DA PLACA;2;BHZ;BELO HORIZONTE;SUDESTE
01/06/2026;01/06/2026;000113;CIDADE BH TRANSPORTE;009509;ARK-VH200A-D5A1E - INTEL ATOM D510 1.66 GHZ FANLESS COMPACT EMBEDDED;000113;CIDADE BH TRANSPORTE;SE-63;TESTE GPRS OK;2;BHZ;BELO HORIZONTE;SUDESTE
01/06/2026;01/06/2026;000113;CIDADE BH TRANSPORTE;009509;ARK-VH200A-D5A1E - INTEL ATOM D510 1.66 GHZ FANLESS COMPACT EMBEDDED;000113;CIDADE BH TRANSPORTE;SE-64;TESTE GPS OK;2;BHZ;BELO HORIZONTE;SUDESTE
01/06/2026;01/06/2026;000113;CIDADE BH TRANSPORTE;012806;BASE FIXA VALIDADOR CCIT 4.0 ENTRADA DE 24V;000113;CIDADE BH TRANSPORTE;SE-100;TESTE CATRACA;1;BHZ;BELO HORIZONTE;SUDESTE
01/06/2026;01/06/2026;000113;CIDADE BH TRANSPORTE;012806;BASE FIXA VALIDADOR CCIT 4.0 ENTRADA DE 24V;000113;CIDADE BH TRANSPORTE;SE-32;LIMPEZA;1;BHZ;BELO HORIZONTE;SUDESTE
01/06/2026;01/06/2026;000113;CIDADE BH TRANSPORTE;012806;BASE FIXA VALIDADOR CCIT 4.0 ENTRADA DE 24V;000113;CIDADE BH TRANSPORTE;SE-42;RESSOLDA COMPONENTE;1;BHZ;BELO HORIZONTE;SUDESTE
01/06/2026;01/06/2026;000113;CIDADE BH TRANSPORTE;012806;BASE FIXA VALIDADOR CCIT 4.0 ENTRADA DE 24V;000113;CIDADE BH TRANSPORTE;SE-98;GRAVACAO FW;1;BHZ;BELO HORIZONTE;SUDESTE
01/06/2026;01/06/2026;000113;CIDADE BH TRANSPORTE;012811;FRONTAL VALIDADOR CCIT 4.0 COM MODULO H2-1.;000113;CIDADE BH TRANSPORTE;SE-04;ATUALIZACAO DA LISTA;6;BHZ;BELO HORIZONTE;SUDESTE
01/06/2026;01/06/2026;000113;CIDADE BH TRANSPORTE;012811;FRONTAL VALIDADOR CCIT 4.0 COM MODULO H2-1.;000113;CIDADE BH TRANSPORTE;SE-05;ATUALIZACAO DATA / HORA;5;BHZ;BELO HORIZONTE;SUDESTE
01/06/2026;01/06/2026;000113;CIDADE BH TRANSPORTE;012811;FRONTAL VALIDADOR CCIT 4.0 COM MODULO H2-1.;000113;CIDADE BH TRANSPORTE;SE-06;ATUALIZACAO DO FW;3;BHZ;BELO HORIZONTE;SUDESTE
01/06/2026;01/06/2026;000113;CIDADE BH TRANSPORTE;012811;FRONTAL VALIDADOR CCIT 4.0 COM MODULO H2-1.;000113;CIDADE BH TRANSPORTE;SE-100;TESTE CATRACA;3;BHZ;BELO HORIZONTE;SUDESTE
01/06/2026;01/06/2026;000113;CIDADE BH TRANSPORTE;012811;FRONTAL VALIDADOR CCIT 4.0 COM MODULO H2-1.;000113;CIDADE BH TRANSPORTE;SE-31;JUMPER;2;BHZ;BELO HORIZONTE;SUDESTE
01/06/2026;01/06/2026;000113;CIDADE BH TRANSPORTE;012811;FRONTAL VALIDADOR CCIT 4.0 COM MODULO H2-1.;000113;CIDADE BH TRANSPORTE;SE-32;LIMPEZA;2;BHZ;BELO HORIZONTE;SUDESTE
01/06/2026;01/06/2026;000113;CIDADE BH TRANSPORTE;012811;FRONTAL VALIDADOR CCIT 4.0 COM MODULO H2-1.;000113;CIDADE BH TRANSPORTE;SE-42;RESSOLDA COMPONENTE;1;BHZ;BELO HORIZONTE;SUDESTE
01/06/2026;01/06/2026;000113;CIDADE BH TRANSPORTE;012811;FRONTAL VALIDADOR CCIT 4.0 COM MODULO H2-1.;000113;CIDADE BH TRANSPORTE;SE-55;RESTORE DO MODULO;6;BHZ;BELO HORIZONTE;SUDESTE
01/06/2026;01/06/2026;000113;CIDADE BH TRANSPORTE;012811;FRONTAL VALIDADOR CCIT 4.0 COM MODULO H2-1.;000113;CIDADE BH TRANSPORTE;SE-59;RETIRADO CURTO;1;BHZ;BELO HORIZONTE;SUDESTE
01/06/2026;01/06/2026;000113;CIDADE BH TRANSPORTE;012811;FRONTAL VALIDADOR CCIT 4.0 COM MODULO H2-1.;000113;CIDADE BH TRANSPORTE;SE-81;TROCA DA PLACA;1;BHZ;BELO HORIZONTE;SUDESTE
01/06/2026;01/06/2026;000113;CIDADE BH TRANSPORTE;012811;FRONTAL VALIDADOR CCIT 4.0 COM MODULO H2-1.;000113;CIDADE BH TRANSPORTE;SE-82;TROCA DO CARTAO;1;BHZ;BELO HORIZONTE;SUDESTE
01/06/2026;01/06/2026;000113;CIDADE BH TRANSPORTE;012811;FRONTAL VALIDADOR CCIT 4.0 COM MODULO H2-1.;000113;CIDADE BH TRANSPORTE;SE-84;TROCA DO DISPLAY;1;BHZ;BELO HORIZONTE;SUDESTE
01/06/2026;01/06/2026;000113;CIDADE BH TRANSPORTE;012811;FRONTAL VALIDADOR CCIT 4.0 COM MODULO H2-1.;000113;CIDADE BH TRANSPORTE;SE-95;TROCA TOUCHSCREEN;1;BHZ;BELO HORIZONTE;SUDESTE
01/06/2026;01/06/2026;000113;CIDADE BH TRANSPORTE;012811;FRONTAL VALIDADOR CCIT 4.0 COM MODULO H2-1.;000113;CIDADE BH TRANSPORTE;SE-98;GRAVACAO FW;2;BHZ;BELO HORIZONTE;SUDESTE
01/06/2026;01/06/2026;000113;CIDADE BH TRANSPORTE;017030;CAMERA 1MP CMOS 720P COLOR IR DOME PLAST BRANCA 2.8 MM VHD 1120 D G7;000113;CIDADE BH TRANSPORTE;SE-12;EQUIPAMENTO SEM REPARO;6;BHZ;BELO HORIZONTE;SUDESTE
01/06/2026;01/06/2026;000113;CIDADE BH TRANSPORTE;017046;CAMERA DOME BUSZOOM CVBS 12V CMOS 2.8MM COMUM;000113;CIDADE BH TRANSPORTE;SE-12;EQUIPAMENTO SEM REPARO;5;BHZ;BELO HORIZONTE;SUDESTE
01/06/2026;01/06/2026;000113;CIDADE BH TRANSPORTE;021353;PAINEL DE MOTORISTA DM X500L H5                .;000113;CIDADE BH TRANSPORTE;SE-06;ATUALIZACAO DO FW;11;BHZ;BELO HORIZONTE;SUDESTE
01/06/2026;01/06/2026;000113;CIDADE BH TRANSPORTE;021353;PAINEL DE MOTORISTA DM X500L H5                .;000113;CIDADE BH TRANSPORTE;SE-11;DEFEITO NAO ENCONTRADO;1;BHZ;BELO HORIZONTE;SUDESTE
01/06/2026;01/06/2026;000113;CIDADE BH TRANSPORTE;021353;PAINEL DE MOTORISTA DM X500L H5                .;000113;CIDADE BH TRANSPORTE;SE-32;LIMPEZA;6;BHZ;BELO HORIZONTE;SUDESTE
01/06/2026;01/06/2026;000114;SAO DIMAS;009509;ARK-VH200A-D5A1E - INTEL ATOM D510 1.66 GHZ FANLESS COMPACT EMBEDDED;000114;SAO DIMAS;SE-07;ATUALIZACAO DO SW;3;BHZ;BELO HORIZONTE;SUDESTE
01/06/2026;01/06/2026;000114;SAO DIMAS;009509;ARK-VH200A-D5A1E - INTEL ATOM D510 1.66 GHZ FANLESS COMPACT EMBEDDED;000114;SAO DIMAS;SE-13;EQUIPAMENTO SUBSTITUIDO;1;BHZ;BELO HORIZONTE;SUDESTE
01/06/2026;01/06/2026;000114;SAO DIMAS;009509;ARK-VH200A-D5A1E - INTEL ATOM D510 1.66 GHZ FANLESS COMPACT EMBEDDED;000114;SAO DIMAS;SE-42;RESSOLDA COMPONENTE;4;BHZ;BELO HORIZONTE;SUDESTE
01/06/2026;01/06/2026;000114;SAO DIMAS;009509;ARK-VH200A-D5A1E - INTEL ATOM D510 1.66 GHZ FANLESS COMPACT EMBEDDED;000114;SAO DIMAS;SE-47;RESSOLDA DA PLACA;4;BHZ;BELO HORIZONTE;SUDESTE
01/06/2026;01/06/2026;000114;SAO DIMAS;009509;ARK-VH200A-D5A1E - INTEL ATOM D510 1.66 GHZ FANLESS COMPACT EMBEDDED;000114;SAO DIMAS;SE-63;TESTE GPRS OK;5;BHZ;BELO HORIZONTE;SUDESTE
01/06/2026;01/06/2026;000114;SAO DIMAS;009509;ARK-VH200A-D5A1E - INTEL ATOM D510 1.66 GHZ FANLESS COMPACT EMBEDDED;000114;SAO DIMAS;SE-64;TESTE GPS OK;4;BHZ;BELO HORIZONTE;SUDESTE
01/06/2026;01/06/2026;000114;SAO DIMAS;009509;ARK-VH200A-D5A1E - INTEL ATOM D510 1.66 GHZ FANLESS COMPACT EMBEDDED;000114;SAO DIMAS;SE-71;TROCA CABO;2;BHZ;BELO HORIZONTE;SUDESTE
01/06/2026;01/06/2026;000114;SAO DIMAS;009509;ARK-VH200A-D5A1E - INTEL ATOM D510 1.66 GHZ FANLESS COMPACT EMBEDDED;000114;SAO DIMAS;SE-73;TROCA CONECTOR;2;BHZ;BELO HORIZONTE;SUDESTE
01/06/2026;01/06/2026;000114;SAO DIMAS;009509;ARK-VH200A-D5A1E - INTEL ATOM D510 1.66 GHZ FANLESS COMPACT EMBEDDED;000114;SAO DIMAS;SE-85;TROCA DE COMPONENTE;2;BHZ;BELO HORIZONTE;SUDESTE
01/06/2026;01/06/2026;000114;SAO DIMAS;009509;ARK-VH200A-D5A1E - INTEL ATOM D510 1.66 GHZ FANLESS COMPACT EMBEDDED;000114;SAO DIMAS;SE-91;TROCA DO REGULADOR;2;BHZ;BELO HORIZONTE;SUDESTE
01/06/2026;01/06/2026;000114;SAO DIMAS;009509;ARK-VH200A-D5A1E - INTEL ATOM D510 1.66 GHZ FANLESS COMPACT EMBEDDED;000114;SAO DIMAS;SE-94;TROCA HD;2;BHZ;BELO HORIZONTE;SUDESTE
01/06/2026;01/06/2026;000114;SAO DIMAS;010219;CONVERSOR 24-12V FT-CAM.;000114;SAO DIMAS;SE-46;RESSOLDA CONECTOR;1;BHZ;BELO HORIZONTE;SUDESTE
01/06/2026;01/06/2026;000114;SAO DIMAS;010219;CONVERSOR 24-12V FT-CAM.;000114;SAO DIMAS;SE-73;TROCA CONECTOR;2;BHZ;BELO HORIZONTE;SUDESTE
01/06/2026;01/06/2026;000114;SAO DIMAS;010972;UNIDADE DE PROCESSAMENTO EXTERNA - UPEX V3000M - COM DVR  .;000114;SAO DIMAS;SE-22;FORMATACAO DO SD CARD;3;BHZ;BELO HORIZONTE;SUDESTE
01/06/2026;01/06/2026;000114;SAO DIMAS;010972;UNIDADE DE PROCESSAMENTO EXTERNA - UPEX V3000M - COM DVR  .;000114;SAO DIMAS;SE-81;TROCA DA PLACA;4;BHZ;BELO HORIZONTE;SUDESTE
01/06/2026;01/06/2026;000114;SAO DIMAS;012811;FRONTAL VALIDADOR CCIT 4.0 COM MODULO H2-1.;000114;SAO DIMAS;SE-04;ATUALIZACAO DA LISTA;1;BHZ;BELO HORIZONTE;SUDESTE
01/06/2026;01/06/2026;000114;SAO DIMAS;012811;FRONTAL VALIDADOR CCIT 4.0 COM MODULO H2-1.;000114;SAO DIMAS;SE-05;ATUALIZACAO DATA / HORA;1;BHZ;BELO HORIZONTE;SUDESTE
01/06/2026;01/06/2026;000114;SAO DIMAS;012811;FRONTAL VALIDADOR CCIT 4.0 COM MODULO H2-1.;000114;SAO DIMAS;SE-55;RESTORE DO MODULO;1;BHZ;BELO HORIZONTE;SUDESTE
01/06/2026;01/06/2026;000114;SAO DIMAS;012811;FRONTAL VALIDADOR CCIT 4.0 COM MODULO H2-1.;000114;SAO DIMAS;SE-98;GRAVACAO FW;1;BHZ;BELO HORIZONTE;SUDESTE
01/06/2026;01/06/2026;000114;SAO DIMAS;014950;FRONTAL VALIDADOR CCIT 4.0 COM MODULO HJI21;000114;SAO DIMAS;SE-04;ATUALIZACAO DA LISTA;1;BHZ;BELO HORIZONTE;SUDESTE
01/06/2026;01/06/2026;000114;SAO DIMAS;014950;FRONTAL VALIDADOR CCIT 4.0 COM MODULO HJI21;000114;SAO DIMAS;SE-05;ATUALIZACAO DATA / HORA;1;BHZ;BELO HORIZONTE;SUDESTE
01/06/2026;01/06/2026;000114;SAO DIMAS;014950;FRONTAL VALIDADOR CCIT 4.0 COM MODULO HJI21;000114;SAO DIMAS;SE-06;ATUALIZACAO DO FW;1;BHZ;BELO HORIZONTE;SUDESTE
01/06/2026;01/06/2026;000114;SAO DIMAS;014950;FRONTAL VALIDADOR CCIT 4.0 COM MODULO HJI21;000114;SAO DIMAS;SE-100;TESTE CATRACA;1;BHZ;BELO HORIZONTE;SUDESTE
01/06/2026;01/06/2026;000114;SAO DIMAS;014950;FRONTAL VALIDADOR CCIT 4.0 COM MODULO HJI21;000114;SAO DIMAS;SE-55;RESTORE DO MODULO;1;BHZ;BELO HORIZONTE;SUDESTE
01/06/2026;01/06/2026;000114;SAO DIMAS;014950;FRONTAL VALIDADOR CCIT 4.0 COM MODULO HJI21;000114;SAO DIMAS;SE-85;TROCA DE COMPONENTE;1;BHZ;BELO HORIZONTE;SUDESTE
01/06/2026;01/06/2026;000114;SAO DIMAS;017030;CAMERA 1MP CMOS 720P COLOR IR DOME PLAST BRANCA 2.8 MM VHD 1120 D G7;000114;SAO DIMAS;SE-12;EQUIPAMENTO SEM REPARO;8;BHZ;BELO HORIZONTE;SUDESTE
01/06/2026;01/06/2026;000114;SAO DIMAS;017046;CAMERA DOME BUSZOOM CVBS 12V CMOS 2.8MM COMUM;000114;SAO DIMAS;SE-12;EQUIPAMENTO SEM REPARO;5;BHZ;BELO HORIZONTE;SUDESTE
01/06/2026;01/06/2026;000114;SAO DIMAS;021353;PAINEL DE MOTORISTA DM X500L H5                .;000114;SAO DIMAS;SE-06;ATUALIZACAO DO FW;3;BHZ;BELO HORIZONTE;SUDESTE
01/06/2026;01/06/2026;000114;SAO DIMAS;021353;PAINEL DE MOTORISTA DM X500L H5                .;000114;SAO DIMAS;SE-32;LIMPEZA;1;BHZ;BELO HORIZONTE;SUDESTE
01/06/2026;01/06/2026;000115;VIACAO PROGRESSO LTD;009509;ARK-VH200A-D5A1E - INTEL ATOM D510 1.66 GHZ FANLESS COMPACT EMBEDDED;000115;VIACAO PROGRESSO LTD;SE-06;ATUALIZACAO DO FW;1;BHZ;BELO HORIZONTE;SUDESTE
01/06/2026;01/06/2026;000115;VIACAO PROGRESSO LTD;009509;ARK-VH200A-D5A1E - INTEL ATOM D510 1.66 GHZ FANLESS COMPACT EMBEDDED;000115;VIACAO PROGRESSO LTD;SE-07;ATUALIZACAO DO SW;15;BHZ;BELO HORIZONTE;SUDESTE
01/06/2026;01/06/2026;000115;VIACAO PROGRESSO LTD;009509;ARK-VH200A-D5A1E - INTEL ATOM D510 1.66 GHZ FANLESS COMPACT EMBEDDED;000115;VIACAO PROGRESSO LTD;SE-13;EQUIPAMENTO SUBSTITUIDO;1;BHZ;BELO HORIZONTE;SUDESTE
01/06/2026;01/06/2026;000115;VIACAO PROGRESSO LTD;009509;ARK-VH200A-D5A1E - INTEL ATOM D510 1.66 GHZ FANLESS COMPACT EMBEDDED;000115;VIACAO PROGRESSO LTD;SE-32;LIMPEZA;15;BHZ;BELO HORIZONTE;SUDESTE
01/06/2026;01/06/2026;000115;VIACAO PROGRESSO LTD;009509;ARK-VH200A-D5A1E - INTEL ATOM D510 1.66 GHZ FANLESS COMPACT EMBEDDED;000115;VIACAO PROGRESSO LTD;SE-47;RESSOLDA DA PLACA;16;BHZ;BELO HORIZONTE;SUDESTE
01/06/2026;01/06/2026;000115;VIACAO PROGRESSO LTD;009509;ARK-VH200A-D5A1E - INTEL ATOM D510 1.66 GHZ FANLESS COMPACT EMBEDDED;000115;VIACAO PROGRESSO LTD;SE-63;TESTE GPRS OK;8;BHZ;BELO HORIZONTE;SUDESTE
01/06/2026;01/06/2026;000115;VIACAO PROGRESSO LTD;009509;ARK-VH200A-D5A1E - INTEL ATOM D510 1.66 GHZ FANLESS COMPACT EMBEDDED;000115;VIACAO PROGRESSO LTD;SE-64;TESTE GPS OK;19;BHZ;BELO HORIZONTE;SUDESTE
01/06/2026;01/06/2026;000115;VIACAO PROGRESSO LTD;009509;ARK-VH200A-D5A1E - INTEL ATOM D510 1.66 GHZ FANLESS COMPACT EMBEDDED;000115;VIACAO PROGRESSO LTD;SE-87;TROCA DO MODULO;1;BHZ;BELO HORIZONTE;SUDESTE
01/06/2026;01/06/2026;000115;VIACAO PROGRESSO LTD;010219;CONVERSOR 24-12V FT-CAM.;000115;VIACAO PROGRESSO LTD;SE-73;TROCA CONECTOR;6;BHZ;BELO HORIZONTE;SUDESTE
01/06/2026;01/06/2026;000115;VIACAO PROGRESSO LTD;010972;UNIDADE DE PROCESSAMENTO EXTERNA - UPEX V3000M - COM DVR  .;000115;VIACAO PROGRESSO LTD;SE-22;FORMATACAO DO SD CARD;1;BHZ;BELO HORIZONTE;SUDESTE
01/06/2026;01/06/2026;000115;VIACAO PROGRESSO LTD;010972;UNIDADE DE PROCESSAMENTO EXTERNA - UPEX V3000M - COM DVR  .;000115;VIACAO PROGRESSO LTD;SE-85;TROCA DE COMPONENTE;1;BHZ;BELO HORIZONTE;SUDESTE
01/06/2026;01/06/2026;000115;VIACAO PROGRESSO LTD;012745;PAINEL DO MOTORISTA MONTADO - DM X200 - COM H3.1 / JI01;000115;VIACAO PROGRESSO LTD;SE-06;ATUALIZACAO DO FW;1;BHZ;BELO HORIZONTE;SUDESTE
01/06/2026;01/06/2026;000115;VIACAO PROGRESSO LTD;012745;PAINEL DO MOTORISTA MONTADO - DM X200 - COM H3.1 / JI01;000115;VIACAO PROGRESSO LTD;SE-69;TROCA EQUIPAMENTO;1;BHZ;BELO HORIZONTE;SUDESTE
01/06/2026;01/06/2026;000115;VIACAO PROGRESSO LTD;012745;PAINEL DO MOTORISTA MONTADO - DM X200 - COM H3.1 / JI01;000115;VIACAO PROGRESSO LTD;SE-73;TROCA CONECTOR;1;BHZ;BELO HORIZONTE;SUDESTE
01/06/2026;01/06/2026;000115;VIACAO PROGRESSO LTD;012806;BASE FIXA VALIDADOR CCIT 4.0 ENTRADA DE 24V;000115;VIACAO PROGRESSO LTD;SE-100;TESTE CATRACA;2;BHZ;BELO HORIZONTE;SUDESTE
01/06/2026;01/06/2026;000115;VIACAO PROGRESSO LTD;012806;BASE FIXA VALIDADOR CCIT 4.0 ENTRADA DE 24V;000115;VIACAO PROGRESSO LTD;SE-27;GRAVACAO DO BOOTLOADER;1;BHZ;BELO HORIZONTE;SUDESTE
01/06/2026;01/06/2026;000115;VIACAO PROGRESSO LTD;012806;BASE FIXA VALIDADOR CCIT 4.0 ENTRADA DE 24V;000115;VIACAO PROGRESSO LTD;SE-28;GRAVACAO DO PIC;2;BHZ;BELO HORIZONTE;SUDESTE
01/06/2026;01/06/2026;000115;VIACAO PROGRESSO LTD;012806;BASE FIXA VALIDADOR CCIT 4.0 ENTRADA DE 24V;000115;VIACAO PROGRESSO LTD;SE-32;LIMPEZA;3;BHZ;BELO HORIZONTE;SUDESTE
01/06/2026;01/06/2026;000115;VIACAO PROGRESSO LTD;012806;BASE FIXA VALIDADOR CCIT 4.0 ENTRADA DE 24V;000115;VIACAO PROGRESSO LTD;SE-42;RESSOLDA COMPONENTE;1;BHZ;BELO HORIZONTE;SUDESTE
01/06/2026;01/06/2026;000115;VIACAO PROGRESSO LTD;012806;BASE FIXA VALIDADOR CCIT 4.0 ENTRADA DE 24V;000115;VIACAO PROGRESSO LTD;SE-47;RESSOLDA DA PLACA;1;BHZ;BELO HORIZONTE;SUDESTE
01/06/2026;01/06/2026;000115;VIACAO PROGRESSO LTD;012806;BASE FIXA VALIDADOR CCIT 4.0 ENTRADA DE 24V;000115;VIACAO PROGRESSO LTD;SE-85;TROCA DE COMPONENTE;6;BHZ;BELO HORIZONTE;SUDESTE
01/06/2026;01/06/2026;000115;VIACAO PROGRESSO LTD;012806;BASE FIXA VALIDADOR CCIT 4.0 ENTRADA DE 24V;000115;VIACAO PROGRESSO LTD;SE-98;GRAVACAO FW;2;BHZ;BELO HORIZONTE;SUDESTE
01/06/2026;01/06/2026;000115;VIACAO PROGRESSO LTD;012811;FRONTAL VALIDADOR CCIT 4.0 COM MODULO H2-1.;000115;VIACAO PROGRESSO LTD;SE-00;MAO DE OBRA;2;BHZ;BELO HORIZONTE;SUDESTE
01/06/2026;01/06/2026;000115;VIACAO PROGRESSO LTD;012811;FRONTAL VALIDADOR CCIT 4.0 COM MODULO H2-1.;000115;VIACAO PROGRESSO LTD;SE-04;ATUALIZACAO DA LISTA;9;BHZ;BELO HORIZONTE;SUDESTE
01/06/2026;01/06/2026;000115;VIACAO PROGRESSO LTD;012811;FRONTAL VALIDADOR CCIT 4.0 COM MODULO H2-1.;000115;VIACAO PROGRESSO LTD;SE-05;ATUALIZACAO DATA / HORA;5;BHZ;BELO HORIZONTE;SUDESTE
01/06/2026;01/06/2026;000115;VIACAO PROGRESSO LTD;012811;FRONTAL VALIDADOR CCIT 4.0 COM MODULO H2-1.;000115;VIACAO PROGRESSO LTD;SE-06;ATUALIZACAO DO FW;2;BHZ;BELO HORIZONTE;SUDESTE
01/06/2026;01/06/2026;000115;VIACAO PROGRESSO LTD;012811;FRONTAL VALIDADOR CCIT 4.0 COM MODULO H2-1.;000115;VIACAO PROGRESSO LTD;SE-100;TESTE CATRACA;2;BHZ;BELO HORIZONTE;SUDESTE
01/06/2026;01/06/2026;000115;VIACAO PROGRESSO LTD;012811;FRONTAL VALIDADOR CCIT 4.0 COM MODULO H2-1.;000115;VIACAO PROGRESSO LTD;SE-32;LIMPEZA;5;BHZ;BELO HORIZONTE;SUDESTE
01/06/2026;01/06/2026;000115;VIACAO PROGRESSO LTD;012811;FRONTAL VALIDADOR CCIT 4.0 COM MODULO H2-1.;000115;VIACAO PROGRESSO LTD;SE-55;RESTORE DO MODULO;9;BHZ;BELO HORIZONTE;SUDESTE
01/06/2026;01/06/2026;000115;VIACAO PROGRESSO LTD;012811;FRONTAL VALIDADOR CCIT 4.0 COM MODULO H2-1.;000115;VIACAO PROGRESSO LTD;SE-76;TROCA DA CARCACA INFERIOR;1;BHZ;BELO HORIZONTE;SUDESTE
01/06/2026;01/06/2026;000115;VIACAO PROGRESSO LTD;012811;FRONTAL VALIDADOR CCIT 4.0 COM MODULO H2-1.;000115;VIACAO PROGRESSO LTD;SE-78;TROCA DA CARCACA SUPERIOR;1;BHZ;BELO HORIZONTE;SUDESTE
01/06/2026;01/06/2026;000115;VIACAO PROGRESSO LTD;012811;FRONTAL VALIDADOR CCIT 4.0 COM MODULO H2-1.;000115;VIACAO PROGRESSO LTD;SE-81;TROCA DA PLACA;2;BHZ;BELO HORIZONTE;SUDESTE
01/06/2026;01/06/2026;000115;VIACAO PROGRESSO LTD;012811;FRONTAL VALIDADOR CCIT 4.0 COM MODULO H2-1.;000115;VIACAO PROGRESSO LTD;SE-82;TROCA DO CARTAO;1;BHZ;BELO HORIZONTE;SUDESTE
01/06/2026;01/06/2026;000115;VIACAO PROGRESSO LTD;012811;FRONTAL VALIDADOR CCIT 4.0 COM MODULO H2-1.;000115;VIACAO PROGRESSO LTD;SE-87;TROCA DO MODULO;1;BHZ;BELO HORIZONTE;SUDESTE
01/06/2026;01/06/2026;000115;VIACAO PROGRESSO LTD;012811;FRONTAL VALIDADOR CCIT 4.0 COM MODULO H2-1.;000115;VIACAO PROGRESSO LTD;SE-95;TROCA TOUCHSCREEN;2;BHZ;BELO HORIZONTE;SUDESTE
01/06/2026;01/06/2026;000115;VIACAO PROGRESSO LTD;012811;FRONTAL VALIDADOR CCIT 4.0 COM MODULO H2-1.;000115;VIACAO PROGRESSO LTD;SE-96;TROCA DE VIDRO;2;BHZ;BELO HORIZONTE;SUDESTE
01/06/2026;01/06/2026;000115;VIACAO PROGRESSO LTD;012811;FRONTAL VALIDADOR CCIT 4.0 COM MODULO H2-1.;000115;VIACAO PROGRESSO LTD;SE-98;GRAVACAO FW;6;BHZ;BELO HORIZONTE;SUDESTE
01/06/2026;01/06/2026;000115;VIACAO PROGRESSO LTD;012839;CONVERSOR DC-DC IN 8~50V, OUT 5V 3A 15W MALE MICROUSB CABLE 150CM DMX;000115;VIACAO PROGRESSO LTD;SE-85;TROCA DE COMPONENTE;6;BHZ;BELO HORIZONTE;SUDESTE
01/06/2026;01/06/2026;000115;VIACAO PROGRESSO LTD;014235;FONTE FT-DMX200 MONTADA USB 180 GRAUS;000115;VIACAO PROGRESSO LTD;SE-85;TROCA DE COMPONENTE;6;BHZ;BELO HORIZONTE;SUDESTE
01/06/2026;01/06/2026;000115;VIACAO PROGRESSO LTD;017030;CAMERA 1MP CMOS 720P COLOR IR DOME PLAST BRANCA 2.8 MM VHD 1120 D G7;000115;VIACAO PROGRESSO LTD;SE-12;EQUIPAMENTO SEM REPARO;4;BHZ;BELO HORIZONTE;SUDESTE
01/06/2026;01/06/2026;000115;VIACAO PROGRESSO LTD;017046;CAMERA DOME BUSZOOM CVBS 12V CMOS 2.8MM COMUM;000115;VIACAO PROGRESSO LTD;SE-12;EQUIPAMENTO SEM REPARO;4;BHZ;BELO HORIZONTE;SUDESTE
01/06/2026;01/06/2026;000115;VIACAO PROGRESSO LTD;021353;PAINEL DE MOTORISTA DM X500L H5                .;000115;VIACAO PROGRESSO LTD;SE-06;ATUALIZACAO DO FW;17;BHZ;BELO HORIZONTE;SUDESTE
01/06/2026;01/06/2026;000115;VIACAO PROGRESSO LTD;021353;PAINEL DE MOTORISTA DM X500L H5                .;000115;VIACAO PROGRESSO LTD;SE-32;LIMPEZA;3;BHZ;BELO HORIZONTE;SUDESTE
01/06/2026;01/06/2026;000115;VIACAO PROGRESSO LTD;021353;PAINEL DE MOTORISTA DM X500L H5                .;000115;VIACAO PROGRESSO LTD;SE-42;RESSOLDA COMPONENTE;1;BHZ;BELO HORIZONTE;SUDESTE
01/06/2026;01/06/2026;000115;VIACAO PROGRESSO LTD;021353;PAINEL DE MOTORISTA DM X500L H5                .;000115;VIACAO PROGRESSO LTD;SE-43;RESSOLDA ANTENA;8;BHZ;BELO HORIZONTE;SUDESTE
01/06/2026;01/06/2026;000116;RODOPASS;009509;ARK-VH200A-D5A1E - INTEL ATOM D510 1.66 GHZ FANLESS COMPACT EMBEDDED;000116;RODOPASS;SE-06;ATUALIZACAO DO FW;18;BHZ;BELO HORIZONTE;SUDESTE
01/06/2026;01/06/2026;000116;RODOPASS;009509;ARK-VH200A-D5A1E - INTEL ATOM D510 1.66 GHZ FANLESS COMPACT EMBEDDED;000116;RODOPASS;SE-07;ATUALIZACAO DO SW;5;BHZ;BELO HORIZONTE;SUDESTE
01/06/2026;01/06/2026;000116;RODOPASS;009509;ARK-VH200A-D5A1E - INTEL ATOM D510 1.66 GHZ FANLESS COMPACT EMBEDDED;000116;RODOPASS;SE-13;EQUIPAMENTO SUBSTITUIDO;1;BHZ;BELO HORIZONTE;SUDESTE
01/06/2026;01/06/2026;000116;RODOPASS;009509;ARK-VH200A-D5A1E - INTEL ATOM D510 1.66 GHZ FANLESS COMPACT EMBEDDED;000116;RODOPASS;SE-32;LIMPEZA;4;BHZ;BELO HORIZONTE;SUDESTE
01/06/2026;01/06/2026;000116;RODOPASS;009509;ARK-VH200A-D5A1E - INTEL ATOM D510 1.66 GHZ FANLESS COMPACT EMBEDDED;000116;RODOPASS;SE-42;RESSOLDA COMPONENTE;4;BHZ;BELO HORIZONTE;SUDESTE
01/06/2026;01/06/2026;000116;RODOPASS;009509;ARK-VH200A-D5A1E - INTEL ATOM D510 1.66 GHZ FANLESS COMPACT EMBEDDED;000116;RODOPASS;SE-47;RESSOLDA DA PLACA;21;BHZ;BELO HORIZONTE;SUDESTE
01/06/2026;01/06/2026;000116;RODOPASS;009509;ARK-VH200A-D5A1E - INTEL ATOM D510 1.66 GHZ FANLESS COMPACT EMBEDDED;000116;RODOPASS;SE-48;RESSOLDA DO CIRCUITO;1;BHZ;BELO HORIZONTE;SUDESTE
01/06/2026;01/06/2026;000116;RODOPASS;009509;ARK-VH200A-D5A1E - INTEL ATOM D510 1.66 GHZ FANLESS COMPACT EMBEDDED;000116;RODOPASS;SE-63;TESTE GPRS OK;46;BHZ;BELO HORIZONTE;SUDESTE
01/06/2026;01/06/2026;000116;RODOPASS;009509;ARK-VH200A-D5A1E - INTEL ATOM D510 1.66 GHZ FANLESS COMPACT EMBEDDED;000116;RODOPASS;SE-64;TESTE GPS OK;46;BHZ;BELO HORIZONTE;SUDESTE
01/06/2026;01/06/2026;000116;RODOPASS;009509;ARK-VH200A-D5A1E - INTEL ATOM D510 1.66 GHZ FANLESS COMPACT EMBEDDED;000116;RODOPASS;SE-71;TROCA CABO;1;BHZ;BELO HORIZONTE;SUDESTE
01/06/2026;01/06/2026;000116;RODOPASS;009509;ARK-VH200A-D5A1E - INTEL ATOM D510 1.66 GHZ FANLESS COMPACT EMBEDDED;000116;RODOPASS;SE-73;TROCA CONECTOR;2;BHZ;BELO HORIZONTE;SUDESTE
01/06/2026;01/06/2026;000116;RODOPASS;009509;ARK-VH200A-D5A1E - INTEL ATOM D510 1.66 GHZ FANLESS COMPACT EMBEDDED;000116;RODOPASS;SE-81;TROCA DA PLACA;3;BHZ;BELO HORIZONTE;SUDESTE
01/06/2026;01/06/2026;000116;RODOPASS;009509;ARK-VH200A-D5A1E - INTEL ATOM D510 1.66 GHZ FANLESS COMPACT EMBEDDED;000116;RODOPASS;SE-85;TROCA DE COMPONENTE;1;BHZ;BELO HORIZONTE;SUDESTE
01/06/2026;01/06/2026;000116;RODOPASS;009509;ARK-VH200A-D5A1E - INTEL ATOM D510 1.66 GHZ FANLESS COMPACT EMBEDDED;000116;RODOPASS;SE-87;TROCA DO MODULO;5;BHZ;BELO HORIZONTE;SUDESTE
01/06/2026;01/06/2026;000116;RODOPASS;009509;ARK-VH200A-D5A1E - INTEL ATOM D510 1.66 GHZ FANLESS COMPACT EMBEDDED;000116;RODOPASS;SE-88;TROCA DO MOSFET;2;BHZ;BELO HORIZONTE;SUDESTE
01/06/2026;01/06/2026;000116;RODOPASS;009509;ARK-VH200A-D5A1E - INTEL ATOM D510 1.66 GHZ FANLESS COMPACT EMBEDDED;000116;RODOPASS;SE-91;TROCA DO REGULADOR;3;BHZ;BELO HORIZONTE;SUDESTE
01/06/2026;01/06/2026;000116;RODOPASS;009509;ARK-VH200A-D5A1E - INTEL ATOM D510 1.66 GHZ FANLESS COMPACT EMBEDDED;000116;RODOPASS;SE-94;TROCA HD;2;BHZ;BELO HORIZONTE;SUDESTE
01/06/2026;01/06/2026;000116;RODOPASS;010219;CONVERSOR 24-12V FT-CAM.;000116;RODOPASS;SE-73;TROCA CONECTOR;2;BHZ;BELO HORIZONTE;SUDESTE
01/06/2026;01/06/2026;000116;RODOPASS;010219;CONVERSOR 24-12V FT-CAM.;000116;RODOPASS;SE-85;TROCA DE COMPONENTE;1;BHZ;BELO HORIZONTE;SUDESTE
01/06/2026;01/06/2026;000116;RODOPASS;010972;UNIDADE DE PROCESSAMENTO EXTERNA - UPEX V3000M - COM DVR  .;000116;RODOPASS;SE-22;FORMATACAO DO SD CARD;7;BHZ;BELO HORIZONTE;SUDESTE
01/06/2026;01/06/2026;000116;RODOPASS;010972;UNIDADE DE PROCESSAMENTO EXTERNA - UPEX V3000M - COM DVR  .;000116;RODOPASS;SE-29;GRAVACAO DO SUPERVISOR;1;BHZ;BELO HORIZONTE;SUDESTE
01/06/2026;01/06/2026;000116;RODOPASS;010972;UNIDADE DE PROCESSAMENTO EXTERNA - UPEX V3000M - COM DVR  .;000116;RODOPASS;SE-46;RESSOLDA CONECTOR;1;BHZ;BELO HORIZONTE;SUDESTE
01/06/2026;01/06/2026;000116;RODOPASS;010972;UNIDADE DE PROCESSAMENTO EXTERNA - UPEX V3000M - COM DVR  .;000116;RODOPASS;SE-81;TROCA DA PLACA;4;BHZ;BELO HORIZONTE;SUDESTE
01/06/2026;01/06/2026;000116;RODOPASS;010972;UNIDADE DE PROCESSAMENTO EXTERNA - UPEX V3000M - COM DVR  .;000116;RODOPASS;SE-82;TROCA DO CARTAO;6;BHZ;BELO HORIZONTE;SUDESTE
01/06/2026;01/06/2026;000116;RODOPASS;010972;UNIDADE DE PROCESSAMENTO EXTERNA - UPEX V3000M - COM DVR  .;000116;RODOPASS;SE-85;TROCA DE COMPONENTE;1;BHZ;BELO HORIZONTE;SUDESTE
01/06/2026;01/06/2026;000116;RODOPASS;012745;PAINEL DO MOTORISTA MONTADO - DM X200 - COM H3.1 / JI01;000116;RODOPASS;SE-06;ATUALIZACAO DO FW;4;BHZ;BELO HORIZONTE;SUDESTE
01/06/2026;01/06/2026;000116;RODOPASS;012745;PAINEL DO MOTORISTA MONTADO - DM X200 - COM H3.1 / JI01;000116;RODOPASS;SE-32;LIMPEZA;2;BHZ;BELO HORIZONTE;SUDESTE
01/06/2026;01/06/2026;000116;RODOPASS;012745;PAINEL DO MOTORISTA MONTADO - DM X200 - COM H3.1 / JI01;000116;RODOPASS;SE-73;TROCA CONECTOR;2;BHZ;BELO HORIZONTE;SUDESTE
01/06/2026;01/06/2026;000116;RODOPASS;012745;PAINEL DO MOTORISTA MONTADO - DM X200 - COM H3.1 / JI01;000116;RODOPASS;SE-81;TROCA DA PLACA;2;BHZ;BELO HORIZONTE;SUDESTE
01/06/2026;01/06/2026;000116;RODOPASS;012806;BASE FIXA VALIDADOR CCIT 4.0 ENTRADA DE 24V;000116;RODOPASS;SE-100;TESTE CATRACA;1;BHZ;BELO HORIZONTE;SUDESTE
01/06/2026;01/06/2026;000116;RODOPASS;012806;BASE FIXA VALIDADOR CCIT 4.0 ENTRADA DE 24V;000116;RODOPASS;SE-27;GRAVACAO DO BOOTLOADER;1;BHZ;BELO HORIZONTE;SUDESTE
01/06/2026;01/06/2026;000116;RODOPASS;012806;BASE FIXA VALIDADOR CCIT 4.0 ENTRADA DE 24V;000116;RODOPASS;SE-28;GRAVACAO DO PIC;1;BHZ;BELO HORIZONTE;SUDESTE
01/06/2026;01/06/2026;000116;RODOPASS;012806;BASE FIXA VALIDADOR CCIT 4.0 ENTRADA DE 24V;000116;RODOPASS;SE-32;LIMPEZA;1;BHZ;BELO HORIZONTE;SUDESTE
01/06/2026;01/06/2026;000116;RODOPASS;012806;BASE FIXA VALIDADOR CCIT 4.0 ENTRADA DE 24V;000116;RODOPASS;SE-59;RETIRADO CURTO;1;BHZ;BELO HORIZONTE;SUDESTE
01/06/2026;01/06/2026;000116;RODOPASS;012806;BASE FIXA VALIDADOR CCIT 4.0 ENTRADA DE 24V;000116;RODOPASS;SE-85;TROCA DE COMPONENTE;2;BHZ;BELO HORIZONTE;SUDESTE
01/06/2026;01/06/2026;000116;RODOPASS;012811;FRONTAL VALIDADOR CCIT 4.0 COM MODULO H2-1.;000116;RODOPASS;SE-00;MAO DE OBRA;2;BHZ;BELO HORIZONTE;SUDESTE
01/06/2026;01/06/2026;000116;RODOPASS;012811;FRONTAL VALIDADOR CCIT 4.0 COM MODULO H2-1.;000116;RODOPASS;SE-04;ATUALIZACAO DA LISTA;16;BHZ;BELO HORIZONTE;SUDESTE
01/06/2026;01/06/2026;000116;RODOPASS;012811;FRONTAL VALIDADOR CCIT 4.0 COM MODULO H2-1.;000116;RODOPASS;SE-05;ATUALIZACAO DATA / HORA;13;BHZ;BELO HORIZONTE;SUDESTE
01/06/2026;01/06/2026;000116;RODOPASS;012811;FRONTAL VALIDADOR CCIT 4.0 COM MODULO H2-1.;000116;RODOPASS;SE-06;ATUALIZACAO DO FW;4;BHZ;BELO HORIZONTE;SUDESTE
01/06/2026;01/06/2026;000116;RODOPASS;012811;FRONTAL VALIDADOR CCIT 4.0 COM MODULO H2-1.;000116;RODOPASS;SE-100;TESTE CATRACA;3;BHZ;BELO HORIZONTE;SUDESTE
01/06/2026;01/06/2026;000116;RODOPASS;012811;FRONTAL VALIDADOR CCIT 4.0 COM MODULO H2-1.;000116;RODOPASS;SE-32;LIMPEZA;4;BHZ;BELO HORIZONTE;SUDESTE
01/06/2026;01/06/2026;000116;RODOPASS;012811;FRONTAL VALIDADOR CCIT 4.0 COM MODULO H2-1.;000116;RODOPASS;SE-55;RESTORE DO MODULO;17;BHZ;BELO HORIZONTE;SUDESTE
01/06/2026;01/06/2026;000116;RODOPASS;012811;FRONTAL VALIDADOR CCIT 4.0 COM MODULO H2-1.;000116;RODOPASS;SE-76;TROCA DA CARCACA INFERIOR;1;BHZ;BELO HORIZONTE;SUDESTE
01/06/2026;01/06/2026;000116;RODOPASS;012811;FRONTAL VALIDADOR CCIT 4.0 COM MODULO H2-1.;000116;RODOPASS;SE-81;TROCA DA PLACA;1;BHZ;BELO HORIZONTE;SUDESTE
01/06/2026;01/06/2026;000116;RODOPASS;012811;FRONTAL VALIDADOR CCIT 4.0 COM MODULO H2-1.;000116;RODOPASS;SE-84;TROCA DO DISPLAY;1;BHZ;BELO HORIZONTE;SUDESTE
01/06/2026;01/06/2026;000116;RODOPASS;012811;FRONTAL VALIDADOR CCIT 4.0 COM MODULO H2-1.;000116;RODOPASS;SE-85;TROCA DE COMPONENTE;2;BHZ;BELO HORIZONTE;SUDESTE
01/06/2026;01/06/2026;000116;RODOPASS;012811;FRONTAL VALIDADOR CCIT 4.0 COM MODULO H2-1.;000116;RODOPASS;SE-87;TROCA DO MODULO;3;BHZ;BELO HORIZONTE;SUDESTE
01/06/2026;01/06/2026;000116;RODOPASS;012811;FRONTAL VALIDADOR CCIT 4.0 COM MODULO H2-1.;000116;RODOPASS;SE-95;TROCA TOUCHSCREEN;3;BHZ;BELO HORIZONTE;SUDESTE
01/06/2026;01/06/2026;000116;RODOPASS;012811;FRONTAL VALIDADOR CCIT 4.0 COM MODULO H2-1.;000116;RODOPASS;SE-96;TROCA DE VIDRO;2;BHZ;BELO HORIZONTE;SUDESTE
01/06/2026;01/06/2026;000116;RODOPASS;012811;FRONTAL VALIDADOR CCIT 4.0 COM MODULO H2-1.;000116;RODOPASS;SE-98;GRAVACAO FW;13;BHZ;BELO HORIZONTE;SUDESTE
01/06/2026;01/06/2026;000116;RODOPASS;014950;FRONTAL VALIDADOR CCIT 4.0 COM MODULO HJI21;000116;RODOPASS;SE-04;ATUALIZACAO DA LISTA;1;BHZ;BELO HORIZONTE;SUDESTE
01/06/2026;01/06/2026;000116;RODOPASS;014950;FRONTAL VALIDADOR CCIT 4.0 COM MODULO HJI21;000116;RODOPASS;SE-05;ATUALIZACAO DATA / HORA;1;BHZ;BELO HORIZONTE;SUDESTE
01/06/2026;01/06/2026;000116;RODOPASS;014950;FRONTAL VALIDADOR CCIT 4.0 COM MODULO HJI21;000116;RODOPASS;SE-55;RESTORE DO MODULO;1;BHZ;BELO HORIZONTE;SUDESTE
01/06/2026;01/06/2026;000116;RODOPASS;014950;FRONTAL VALIDADOR CCIT 4.0 COM MODULO HJI21;000116;RODOPASS;SE-98;GRAVACAO FW;1;BHZ;BELO HORIZONTE;SUDESTE
01/06/2026;01/06/2026;000116;RODOPASS;017030;CAMERA 1MP CMOS 720P COLOR IR DOME PLAST BRANCA 2.8 MM VHD 1120 D G7;000116;RODOPASS;SE-12;EQUIPAMENTO SEM REPARO;14;BHZ;BELO HORIZONTE;SUDESTE
01/06/2026;01/06/2026;000116;RODOPASS;017046;CAMERA DOME BUSZOOM CVBS 12V CMOS 2.8MM COMUM;000116;RODOPASS;SE-12;EQUIPAMENTO SEM REPARO;9;BHZ;BELO HORIZONTE;SUDESTE
01/06/2026;01/06/2026;000116;RODOPASS;021353;PAINEL DE MOTORISTA DM X500L H5                .;000116;RODOPASS;SE-06;ATUALIZACAO DO FW;21;BHZ;BELO HORIZONTE;SUDESTE
01/06/2026;01/06/2026;000116;RODOPASS;021353;PAINEL DE MOTORISTA DM X500L H5                .;000116;RODOPASS;SE-11;DEFEITO NAO ENCONTRADO;2;BHZ;BELO HORIZONTE;SUDESTE
01/06/2026;01/06/2026;000116;RODOPASS;021353;PAINEL DE MOTORISTA DM X500L H5                .;000116;RODOPASS;SE-32;LIMPEZA;10;BHZ;BELO HORIZONTE;SUDESTE
01/06/2026;01/06/2026;000116;RODOPASS;021353;PAINEL DE MOTORISTA DM X500L H5                .;000116;RODOPASS;SE-43;RESSOLDA ANTENA;1;BHZ;BELO HORIZONTE;SUDESTE
01/06/2026;01/06/2026;000116;RODOPASS;021379;FONTE FT-DM X500;000116;RODOPASS;SE-85;TROCA DE COMPONENTE;5;BHZ;BELO HORIZONTE;SUDESTE
01/06/2026;01/06/2026;000119;RODAP OPERADORA DE T;009509;ARK-VH200A-D5A1E - INTEL ATOM D510 1.66 GHZ FANLESS COMPACT EMBEDDED;000119;RODAP OPERADORA DE T;SE-06;ATUALIZACAO DO FW;1;BHZ;BELO HORIZONTE;SUDESTE
01/06/2026;01/06/2026;000119;RODAP OPERADORA DE T;009509;ARK-VH200A-D5A1E - INTEL ATOM D510 1.66 GHZ FANLESS COMPACT EMBEDDED;000119;RODAP OPERADORA DE T;SE-07;ATUALIZACAO DO SW;3;BHZ;BELO HORIZONTE;SUDESTE
01/06/2026;01/06/2026;000119;RODAP OPERADORA DE T;009509;ARK-VH200A-D5A1E - INTEL ATOM D510 1.66 GHZ FANLESS COMPACT EMBEDDED;000119;RODAP OPERADORA DE T;SE-13;EQUIPAMENTO SUBSTITUIDO;2;BHZ;BELO HORIZONTE;SUDESTE
01/06/2026;01/06/2026;000119;RODAP OPERADORA DE T;009509;ARK-VH200A-D5A1E - INTEL ATOM D510 1.66 GHZ FANLESS COMPACT EMBEDDED;000119;RODAP OPERADORA DE T;SE-22;FORMATACAO DO SD CARD;3;BHZ;BELO HORIZONTE;SUDESTE
01/06/2026;01/06/2026;000119;RODAP OPERADORA DE T;009509;ARK-VH200A-D5A1E - INTEL ATOM D510 1.66 GHZ FANLESS COMPACT EMBEDDED;000119;RODAP OPERADORA DE T;SE-32;LIMPEZA;3;BHZ;BELO HORIZONTE;SUDESTE
01/06/2026;01/06/2026;000119;RODAP OPERADORA DE T;009509;ARK-VH200A-D5A1E - INTEL ATOM D510 1.66 GHZ FANLESS COMPACT EMBEDDED;000119;RODAP OPERADORA DE T;SE-47;RESSOLDA DA PLACA;3;BHZ;BELO HORIZONTE;SUDESTE
01/06/2026;01/06/2026;000119;RODAP OPERADORA DE T;009509;ARK-VH200A-D5A1E - INTEL ATOM D510 1.66 GHZ FANLESS COMPACT EMBEDDED;000119;RODAP OPERADORA DE T;SE-63;TESTE GPRS OK;10;BHZ;BELO HORIZONTE;SUDESTE
01/06/2026;01/06/2026;000119;RODAP OPERADORA DE T;009509;ARK-VH200A-D5A1E - INTEL ATOM D510 1.66 GHZ FANLESS COMPACT EMBEDDED;000119;RODAP OPERADORA DE T;SE-64;TESTE GPS OK;12;BHZ;BELO HORIZONTE;SUDESTE
01/06/2026;01/06/2026;000119;RODAP OPERADORA DE T;009509;ARK-VH200A-D5A1E - INTEL ATOM D510 1.66 GHZ FANLESS COMPACT EMBEDDED;000119;RODAP OPERADORA DE T;SE-87;TROCA DO MODULO;1;BHZ;BELO HORIZONTE;SUDESTE
01/06/2026;01/06/2026;000119;RODAP OPERADORA DE T;009509;ARK-VH200A-D5A1E - INTEL ATOM D510 1.66 GHZ FANLESS COMPACT EMBEDDED;000119;RODAP OPERADORA DE T;SE-94;TROCA HD;1;BHZ;BELO HORIZONTE;SUDESTE
01/06/2026;01/06/2026;000119;RODAP OPERADORA DE T;012811;FRONTAL VALIDADOR CCIT 4.0 COM MODULO H2-1.;000119;RODAP OPERADORA DE T;SE-04;ATUALIZACAO DA LISTA;3;BHZ;BELO HORIZONTE;SUDESTE
01/06/2026;01/06/2026;000119;RODAP OPERADORA DE T;012811;FRONTAL VALIDADOR CCIT 4.0 COM MODULO H2-1.;000119;RODAP OPERADORA DE T;SE-05;ATUALIZACAO DATA / HORA;3;BHZ;BELO HORIZONTE;SUDESTE
01/06/2026;01/06/2026;000119;RODAP OPERADORA DE T;012811;FRONTAL VALIDADOR CCIT 4.0 COM MODULO H2-1.;000119;RODAP OPERADORA DE T;SE-06;ATUALIZACAO DO FW;1;BHZ;BELO HORIZONTE;SUDESTE
01/06/2026;01/06/2026;000119;RODAP OPERADORA DE T;012811;FRONTAL VALIDADOR CCIT 4.0 COM MODULO H2-1.;000119;RODAP OPERADORA DE T;SE-100;TESTE CATRACA;1;BHZ;BELO HORIZONTE;SUDESTE
01/06/2026;01/06/2026;000119;RODAP OPERADORA DE T;012811;FRONTAL VALIDADOR CCIT 4.0 COM MODULO H2-1.;000119;RODAP OPERADORA DE T;SE-31;JUMPER;2;BHZ;BELO HORIZONTE;SUDESTE
01/06/2026;01/06/2026;000119;RODAP OPERADORA DE T;012811;FRONTAL VALIDADOR CCIT 4.0 COM MODULO H2-1.;000119;RODAP OPERADORA DE T;SE-55;RESTORE DO MODULO;3;BHZ;BELO HORIZONTE;SUDESTE
01/06/2026;01/06/2026;000119;RODAP OPERADORA DE T;012811;FRONTAL VALIDADOR CCIT 4.0 COM MODULO H2-1.;000119;RODAP OPERADORA DE T;SE-76;TROCA DA CARCACA INFERIOR;1;BHZ;BELO HORIZONTE;SUDESTE
01/06/2026;01/06/2026;000119;RODAP OPERADORA DE T;012811;FRONTAL VALIDADOR CCIT 4.0 COM MODULO H2-1.;000119;RODAP OPERADORA DE T;SE-98;GRAVACAO FW;2;BHZ;BELO HORIZONTE;SUDESTE
01/06/2026;01/06/2026;000119;RODAP OPERADORA DE T;017030;CAMERA 1MP CMOS 720P COLOR IR DOME PLAST BRANCA 2.8 MM VHD 1120 D G7;000119;RODAP OPERADORA DE T;SE-12;EQUIPAMENTO SEM REPARO;1;BHZ;BELO HORIZONTE;SUDESTE
01/06/2026;01/06/2026;000119;RODAP OPERADORA DE T;017046;CAMERA DOME BUSZOOM CVBS 12V CMOS 2.8MM COMUM;000119;RODAP OPERADORA DE T;SE-12;EQUIPAMENTO SEM REPARO;1;BHZ;BELO HORIZONTE;SUDESTE
01/06/2026;01/06/2026;000119;RODAP OPERADORA DE T;021353;PAINEL DE MOTORISTA DM X500L H5                .;000119;RODAP OPERADORA DE T;SE-06;ATUALIZACAO DO FW;2;BHZ;BELO HORIZONTE;SUDESTE
01/06/2026;01/06/2026;000119;RODAP OPERADORA DE T;021353;PAINEL DE MOTORISTA DM X500L H5                .;000119;RODAP OPERADORA DE T;SE-32;LIMPEZA;1;BHZ;BELO HORIZONTE;SUDESTE
01/06/2026;01/06/2026;000121;SANDRA;012811;FRONTAL VALIDADOR CCIT 4.0 COM MODULO H2-1.;000121;SANDRA;SE-04;ATUALIZACAO DA LISTA;1;BHZ;BELO HORIZONTE;SUDESTE
01/06/2026;01/06/2026;000121;SANDRA;012811;FRONTAL VALIDADOR CCIT 4.0 COM MODULO H2-1.;000121;SANDRA;SE-05;ATUALIZACAO DATA / HORA;1;BHZ;BELO HORIZONTE;SUDESTE
01/06/2026;01/06/2026;000121;SANDRA;012811;FRONTAL VALIDADOR CCIT 4.0 COM MODULO H2-1.;000121;SANDRA;SE-06;ATUALIZACAO DO FW;1;BHZ;BELO HORIZONTE;SUDESTE
01/06/2026;01/06/2026;000121;SANDRA;012811;FRONTAL VALIDADOR CCIT 4.0 COM MODULO H2-1.;000121;SANDRA;SE-100;TESTE CATRACA;1;BHZ;BELO HORIZONTE;SUDESTE
01/06/2026;01/06/2026;000121;SANDRA;012811;FRONTAL VALIDADOR CCIT 4.0 COM MODULO H2-1.;000121;SANDRA;SE-55;RESTORE DO MODULO;1;BHZ;BELO HORIZONTE;SUDESTE
01/06/2026;01/06/2026;000121;SANDRA;014950;FRONTAL VALIDADOR CCIT 4.0 COM MODULO HJI21;000121;SANDRA;SE-04;ATUALIZACAO DA LISTA;2;BHZ;BELO HORIZONTE;SUDESTE
01/06/2026;01/06/2026;000121;SANDRA;014950;FRONTAL VALIDADOR CCIT 4.0 COM MODULO HJI21;000121;SANDRA;SE-05;ATUALIZACAO DATA / HORA;2;BHZ;BELO HORIZONTE;SUDESTE
01/06/2026;01/06/2026;000121;SANDRA;014950;FRONTAL VALIDADOR CCIT 4.0 COM MODULO HJI21;000121;SANDRA;SE-55;RESTORE DO MODULO;2;BHZ;BELO HORIZONTE;SUDESTE
01/06/2026;01/06/2026;000121;SANDRA;014950;FRONTAL VALIDADOR CCIT 4.0 COM MODULO HJI21;000121;SANDRA;SE-76;TROCA DA CARCACA INFERIOR;1;BHZ;BELO HORIZONTE;SUDESTE
01/06/2026;01/06/2026;000121;SANDRA;014950;FRONTAL VALIDADOR CCIT 4.0 COM MODULO HJI21;000121;SANDRA;SE-98;GRAVACAO FW;2;BHZ;BELO HORIZONTE;SUDESTE
01/06/2026;01/06/2026;000121;SANDRA;017030;CAMERA 1MP CMOS 720P COLOR IR DOME PLAST BRANCA 2.8 MM VHD 1120 D G7;000121;SANDRA;SE-12;EQUIPAMENTO SEM REPARO;3;BHZ;BELO HORIZONTE;SUDESTE
01/06/2026;01/06/2026;000121;SANDRA;017046;CAMERA DOME BUSZOOM CVBS 12V CMOS 2.8MM COMUM;000121;SANDRA;SE-12;EQUIPAMENTO SEM REPARO;5;BHZ;BELO HORIZONTE;SUDESTE
01/06/2026;01/06/2026;000128;SAO GERALDO;012811;FRONTAL VALIDADOR CCIT 4.0 COM MODULO H2-1.;000128;SAO GERALDO;SE-04;ATUALIZACAO DA LISTA;2;BHZ;BELO HORIZONTE;SUDESTE
01/06/2026;01/06/2026;000128;SAO GERALDO;012811;FRONTAL VALIDADOR CCIT 4.0 COM MODULO H2-1.;000128;SAO GERALDO;SE-05;ATUALIZACAO DATA / HORA;1;BHZ;BELO HORIZONTE;SUDESTE
01/06/2026;01/06/2026;000128;SAO GERALDO;012811;FRONTAL VALIDADOR CCIT 4.0 COM MODULO H2-1.;000128;SAO GERALDO;SE-06;ATUALIZACAO DO FW;1;BHZ;BELO HORIZONTE;SUDESTE
01/06/2026;01/06/2026;000128;SAO GERALDO;012811;FRONTAL VALIDADOR CCIT 4.0 COM MODULO H2-1.;000128;SAO GERALDO;SE-100;TESTE CATRACA;1;BHZ;BELO HORIZONTE;SUDESTE
01/06/2026;01/06/2026;000128;SAO GERALDO;012811;FRONTAL VALIDADOR CCIT 4.0 COM MODULO H2-1.;000128;SAO GERALDO;SE-27;GRAVACAO DO BOOTLOADER;1;BHZ;BELO HORIZONTE;SUDESTE
01/06/2026;01/06/2026;000128;SAO GERALDO;012811;FRONTAL VALIDADOR CCIT 4.0 COM MODULO H2-1.;000128;SAO GERALDO;SE-55;RESTORE DO MODULO;2;BHZ;BELO HORIZONTE;SUDESTE
01/06/2026;01/06/2026;000128;SAO GERALDO;012811;FRONTAL VALIDADOR CCIT 4.0 COM MODULO H2-1.;000128;SAO GERALDO;SE-85;TROCA DE COMPONENTE;1;BHZ;BELO HORIZONTE;SUDESTE
01/06/2026;01/06/2026;000128;SAO GERALDO;012811;FRONTAL VALIDADOR CCIT 4.0 COM MODULO H2-1.;000128;SAO GERALDO;SE-95;TROCA TOUCHSCREEN;1;BHZ;BELO HORIZONTE;SUDESTE
01/06/2026;01/06/2026;000128;SAO GERALDO;017030;CAMERA 1MP CMOS 720P COLOR IR DOME PLAST BRANCA 2.8 MM VHD 1120 D G7;000128;SAO GERALDO;SE-12;EQUIPAMENTO SEM REPARO;4;BHZ;BELO HORIZONTE;SUDESTE
01/06/2026;01/06/2026;000128;SAO GERALDO;017046;CAMERA DOME BUSZOOM CVBS 12V CMOS 2.8MM COMUM;000128;SAO GERALDO;SE-12;EQUIPAMENTO SEM REPARO;7;BHZ;BELO HORIZONTE;SUDESTE
01/06/2026;01/06/2026;000128;SAO GERALDO;021353;PAINEL DE MOTORISTA DM X500L H5                .;000128;SAO GERALDO;SE-06;ATUALIZACAO DO FW;9;BHZ;BELO HORIZONTE;SUDESTE
01/06/2026;01/06/2026;000128;SAO GERALDO;021353;PAINEL DE MOTORISTA DM X500L H5                .;000128;SAO GERALDO;SE-32;LIMPEZA;2;BHZ;BELO HORIZONTE;SUDESTE
01/06/2026;01/06/2026;000128;SAO GERALDO;021353;PAINEL DE MOTORISTA DM X500L H5                .;000128;SAO GERALDO;SE-43;RESSOLDA ANTENA;1;BHZ;BELO HORIZONTE;SUDESTE
01/06/2026;01/06/2026;000129;SAO LUCAS;009509;ARK-VH200A-D5A1E - INTEL ATOM D510 1.66 GHZ FANLESS COMPACT EMBEDDED;000129;SAO LUCAS;SE-06;ATUALIZACAO DO FW;1;BHZ;BELO HORIZONTE;SUDESTE
01/06/2026;01/06/2026;000129;SAO LUCAS;009509;ARK-VH200A-D5A1E - INTEL ATOM D510 1.66 GHZ FANLESS COMPACT EMBEDDED;000129;SAO LUCAS;SE-07;ATUALIZACAO DO SW;1;BHZ;BELO HORIZONTE;SUDESTE
01/06/2026;01/06/2026;000129;SAO LUCAS;009509;ARK-VH200A-D5A1E - INTEL ATOM D510 1.66 GHZ FANLESS COMPACT EMBEDDED;000129;SAO LUCAS;SE-32;LIMPEZA;1;BHZ;BELO HORIZONTE;SUDESTE
01/06/2026;01/06/2026;000129;SAO LUCAS;009509;ARK-VH200A-D5A1E - INTEL ATOM D510 1.66 GHZ FANLESS COMPACT EMBEDDED;000129;SAO LUCAS;SE-47;RESSOLDA DA PLACA;6;BHZ;BELO HORIZONTE;SUDESTE
01/06/2026;01/06/2026;000129;SAO LUCAS;009509;ARK-VH200A-D5A1E - INTEL ATOM D510 1.66 GHZ FANLESS COMPACT EMBEDDED;000129;SAO LUCAS;SE-63;TESTE GPRS OK;6;BHZ;BELO HORIZONTE;SUDESTE
01/06/2026;01/06/2026;000129;SAO LUCAS;009509;ARK-VH200A-D5A1E - INTEL ATOM D510 1.66 GHZ FANLESS COMPACT EMBEDDED;000129;SAO LUCAS;SE-64;TESTE GPS OK;6;BHZ;BELO HORIZONTE;SUDESTE
01/06/2026;01/06/2026;000129;SAO LUCAS;012811;FRONTAL VALIDADOR CCIT 4.0 COM MODULO H2-1.;000129;SAO LUCAS;SE-04;ATUALIZACAO DA LISTA;3;BHZ;BELO HORIZONTE;SUDESTE
01/06/2026;01/06/2026;000129;SAO LUCAS;012811;FRONTAL VALIDADOR CCIT 4.0 COM MODULO H2-1.;000129;SAO LUCAS;SE-05;ATUALIZACAO DATA / HORA;3;BHZ;BELO HORIZONTE;SUDESTE
01/06/2026;01/06/2026;000129;SAO LUCAS;012811;FRONTAL VALIDADOR CCIT 4.0 COM MODULO H2-1.;000129;SAO LUCAS;SE-28;GRAVACAO DO PIC;1;BHZ;BELO HORIZONTE;SUDESTE
01/06/2026;01/06/2026;000129;SAO LUCAS;012811;FRONTAL VALIDADOR CCIT 4.0 COM MODULO H2-1.;000129;SAO LUCAS;SE-32;LIMPEZA;1;BHZ;BELO HORIZONTE;SUDESTE
01/06/2026;01/06/2026;000129;SAO LUCAS;012811;FRONTAL VALIDADOR CCIT 4.0 COM MODULO H2-1.;000129;SAO LUCAS;SE-41;REGRAVACAO DE IMEI;1;BHZ;BELO HORIZONTE;SUDESTE
01/06/2026;01/06/2026;000129;SAO LUCAS;012811;FRONTAL VALIDADOR CCIT 4.0 COM MODULO H2-1.;000129;SAO LUCAS;SE-47;RESSOLDA DA PLACA;1;BHZ;BELO HORIZONTE;SUDESTE
01/06/2026;01/06/2026;000129;SAO LUCAS;012811;FRONTAL VALIDADOR CCIT 4.0 COM MODULO H2-1.;000129;SAO LUCAS;SE-55;RESTORE DO MODULO;3;BHZ;BELO HORIZONTE;SUDESTE
01/06/2026;01/06/2026;000129;SAO LUCAS;012811;FRONTAL VALIDADOR CCIT 4.0 COM MODULO H2-1.;000129;SAO LUCAS;SE-85;TROCA DE COMPONENTE;4;BHZ;BELO HORIZONTE;SUDESTE
01/06/2026;01/06/2026;000129;SAO LUCAS;012811;FRONTAL VALIDADOR CCIT 4.0 COM MODULO H2-1.;000129;SAO LUCAS;SE-87;TROCA DO MODULO;2;BHZ;BELO HORIZONTE;SUDESTE
01/06/2026;01/06/2026;000129;SAO LUCAS;012811;FRONTAL VALIDADOR CCIT 4.0 COM MODULO H2-1.;000129;SAO LUCAS;SE-98;GRAVACAO FW;4;BHZ;BELO HORIZONTE;SUDESTE
01/06/2026;01/06/2026;000129;SAO LUCAS;014950;FRONTAL VALIDADOR CCIT 4.0 COM MODULO HJI21;000129;SAO LUCAS;SE-04;ATUALIZACAO DA LISTA;1;BHZ;BELO HORIZONTE;SUDESTE
01/06/2026;01/06/2026;000129;SAO LUCAS;014950;FRONTAL VALIDADOR CCIT 4.0 COM MODULO HJI21;000129;SAO LUCAS;SE-05;ATUALIZACAO DATA / HORA;1;BHZ;BELO HORIZONTE;SUDESTE
01/06/2026;01/06/2026;000129;SAO LUCAS;014950;FRONTAL VALIDADOR CCIT 4.0 COM MODULO HJI21;000129;SAO LUCAS;SE-55;RESTORE DO MODULO;1;BHZ;BELO HORIZONTE;SUDESTE
01/06/2026;01/06/2026;000129;SAO LUCAS;014950;FRONTAL VALIDADOR CCIT 4.0 COM MODULO HJI21;000129;SAO LUCAS;SE-84;TROCA DO DISPLAY;1;BHZ;BELO HORIZONTE;SUDESTE
01/06/2026;01/06/2026;000129;SAO LUCAS;014950;FRONTAL VALIDADOR CCIT 4.0 COM MODULO HJI21;000129;SAO LUCAS;SE-98;GRAVACAO FW;1;BHZ;BELO HORIZONTE;SUDESTE
01/06/2026;01/06/2026;000129;SAO LUCAS;017030;CAMERA 1MP CMOS 720P COLOR IR DOME PLAST BRANCA 2.8 MM VHD 1120 D G7;000129;SAO LUCAS;SE-12;EQUIPAMENTO SEM REPARO;3;BHZ;BELO HORIZONTE;SUDESTE
01/06/2026;01/06/2026;000129;SAO LUCAS;017046;CAMERA DOME BUSZOOM CVBS 12V CMOS 2.8MM COMUM;000129;SAO LUCAS;SE-12;EQUIPAMENTO SEM REPARO;2;BHZ;BELO HORIZONTE;SUDESTE
01/06/2026;01/06/2026;000129;SAO LUCAS;021353;PAINEL DE MOTORISTA DM X500L H5                .;000129;SAO LUCAS;SE-06;ATUALIZACAO DO FW;8;BHZ;BELO HORIZONTE;SUDESTE
01/06/2026;01/06/2026;000129;SAO LUCAS;021353;PAINEL DE MOTORISTA DM X500L H5                .;000129;SAO LUCAS;SE-32;LIMPEZA;2;BHZ;BELO HORIZONTE;SUDESTE
01/06/2026;01/06/2026;000129;SAO LUCAS;021353;PAINEL DE MOTORISTA DM X500L H5                .;000129;SAO LUCAS;SE-43;RESSOLDA ANTENA;1;BHZ;BELO HORIZONTE;SUDESTE
01/06/2026;01/06/2026;000130;S&M TRANSPORTES SA;009509;ARK-VH200A-D5A1E - INTEL ATOM D510 1.66 GHZ FANLESS COMPACT EMBEDDED;000130;S&M TRANSPORTES SA;SE-03;AJUSTE;1;BHZ;BELO HORIZONTE;SUDESTE
01/06/2026;01/06/2026;000130;S&M TRANSPORTES SA;009509;ARK-VH200A-D5A1E - INTEL ATOM D510 1.66 GHZ FANLESS COMPACT EMBEDDED;000130;S&M TRANSPORTES SA;SE-07;ATUALIZACAO DO SW;3;BHZ;BELO HORIZONTE;SUDESTE
01/06/2026;01/06/2026;000130;S&M TRANSPORTES SA;009509;ARK-VH200A-D5A1E - INTEL ATOM D510 1.66 GHZ FANLESS COMPACT EMBEDDED;000130;S&M TRANSPORTES SA;SE-13;EQUIPAMENTO SUBSTITUIDO;1;BHZ;BELO HORIZONTE;SUDESTE
01/06/2026;01/06/2026;000130;S&M TRANSPORTES SA;009509;ARK-VH200A-D5A1E - INTEL ATOM D510 1.66 GHZ FANLESS COMPACT EMBEDDED;000130;S&M TRANSPORTES SA;SE-14;FIXACAO CABO;1;BHZ;BELO HORIZONTE;SUDESTE
01/06/2026;01/06/2026;000130;S&M TRANSPORTES SA;009509;ARK-VH200A-D5A1E - INTEL ATOM D510 1.66 GHZ FANLESS COMPACT EMBEDDED;000130;S&M TRANSPORTES SA;SE-22;FORMATACAO DO SD CARD;2;BHZ;BELO HORIZONTE;SUDESTE
01/06/2026;01/06/2026;000130;S&M TRANSPORTES SA;009509;ARK-VH200A-D5A1E - INTEL ATOM D510 1.66 GHZ FANLESS COMPACT EMBEDDED;000130;S&M TRANSPORTES SA;SE-32;LIMPEZA;3;BHZ;BELO HORIZONTE;SUDESTE
01/06/2026;01/06/2026;000130;S&M TRANSPORTES SA;009509;ARK-VH200A-D5A1E - INTEL ATOM D510 1.66 GHZ FANLESS COMPACT EMBEDDED;000130;S&M TRANSPORTES SA;SE-47;RESSOLDA DA PLACA;12;BHZ;BELO HORIZONTE;SUDESTE
01/06/2026;01/06/2026;000130;S&M TRANSPORTES SA;009509;ARK-VH200A-D5A1E - INTEL ATOM D510 1.66 GHZ FANLESS COMPACT EMBEDDED;000130;S&M TRANSPORTES SA;SE-48;RESSOLDA DO CIRCUITO;4;BHZ;BELO HORIZONTE;SUDESTE
01/06/2026;01/06/2026;000130;S&M TRANSPORTES SA;009509;ARK-VH200A-D5A1E - INTEL ATOM D510 1.66 GHZ FANLESS COMPACT EMBEDDED;000130;S&M TRANSPORTES SA;SE-63;TESTE GPRS OK;33;BHZ;BELO HORIZONTE;SUDESTE
01/06/2026;01/06/2026;000130;S&M TRANSPORTES SA;009509;ARK-VH200A-D5A1E - INTEL ATOM D510 1.66 GHZ FANLESS COMPACT EMBEDDED;000130;S&M TRANSPORTES SA;SE-64;TESTE GPS OK;33;BHZ;BELO HORIZONTE;SUDESTE
01/06/2026;01/06/2026;000130;S&M TRANSPORTES SA;009509;ARK-VH200A-D5A1E - INTEL ATOM D510 1.66 GHZ FANLESS COMPACT EMBEDDED;000130;S&M TRANSPORTES SA;SE-71;TROCA CABO;5;BHZ;BELO HORIZONTE;SUDESTE
01/06/2026;01/06/2026;000130;S&M TRANSPORTES SA;009509;ARK-VH200A-D5A1E - INTEL ATOM D510 1.66 GHZ FANLESS COMPACT EMBEDDED;000130;S&M TRANSPORTES SA;SE-73;TROCA CONECTOR;1;BHZ;BELO HORIZONTE;SUDESTE
01/06/2026;01/06/2026;000130;S&M TRANSPORTES SA;009509;ARK-VH200A-D5A1E - INTEL ATOM D510 1.66 GHZ FANLESS COMPACT EMBEDDED;000130;S&M TRANSPORTES SA;SE-87;TROCA DO MODULO;3;BHZ;BELO HORIZONTE;SUDESTE
01/06/2026;01/06/2026;000130;S&M TRANSPORTES SA;009509;ARK-VH200A-D5A1E - INTEL ATOM D510 1.66 GHZ FANLESS COMPACT EMBEDDED;000130;S&M TRANSPORTES SA;SE-94;TROCA HD;2;BHZ;BELO HORIZONTE;SUDESTE
01/06/2026;01/06/2026;000130;S&M TRANSPORTES SA;010972;UNIDADE DE PROCESSAMENTO EXTERNA - UPEX V3000M - COM DVR  .;000130;S&M TRANSPORTES SA;SE-22;FORMATACAO DO SD CARD;2;BHZ;BELO HORIZONTE;SUDESTE
01/06/2026;01/06/2026;000130;S&M TRANSPORTES SA;010972;UNIDADE DE PROCESSAMENTO EXTERNA - UPEX V3000M - COM DVR  .;000130;S&M TRANSPORTES SA;SE-82;TROCA DO CARTAO;1;BHZ;BELO HORIZONTE;SUDESTE
01/06/2026;01/06/2026;000130;S&M TRANSPORTES SA;012806;BASE FIXA VALIDADOR CCIT 4.0 ENTRADA DE 24V;000130;S&M TRANSPORTES SA;SE-100;TESTE CATRACA;1;BHZ;BELO HORIZONTE;SUDESTE
01/06/2026;01/06/2026;000130;S&M TRANSPORTES SA;012806;BASE FIXA VALIDADOR CCIT 4.0 ENTRADA DE 24V;000130;S&M TRANSPORTES SA;SE-32;LIMPEZA;1;BHZ;BELO HORIZONTE;SUDESTE
01/06/2026;01/06/2026;000130;S&M TRANSPORTES SA;012806;BASE FIXA VALIDADOR CCIT 4.0 ENTRADA DE 24V;000130;S&M TRANSPORTES SA;SE-47;RESSOLDA DA PLACA;1;BHZ;BELO HORIZONTE;SUDESTE
01/06/2026;01/06/2026;000130;S&M TRANSPORTES SA;012806;BASE FIXA VALIDADOR CCIT 4.0 ENTRADA DE 24V;000130;S&M TRANSPORTES SA;SE-85;TROCA DE COMPONENTE;1;BHZ;BELO HORIZONTE;SUDESTE
01/06/2026;01/06/2026;000130;S&M TRANSPORTES SA;012811;FRONTAL VALIDADOR CCIT 4.0 COM MODULO H2-1.;000130;S&M TRANSPORTES SA;SE-00;MAO DE OBRA;2;BHZ;BELO HORIZONTE;SUDESTE
01/06/2026;01/06/2026;000130;S&M TRANSPORTES SA;012811;FRONTAL VALIDADOR CCIT 4.0 COM MODULO H2-1.;000130;S&M TRANSPORTES SA;SE-04;ATUALIZACAO DA LISTA;10;BHZ;BELO HORIZONTE;SUDESTE
01/06/2026;01/06/2026;000130;S&M TRANSPORTES SA;012811;FRONTAL VALIDADOR CCIT 4.0 COM MODULO H2-1.;000130;S&M TRANSPORTES SA;SE-05;ATUALIZACAO DATA / HORA;8;BHZ;BELO HORIZONTE;SUDESTE
01/06/2026;01/06/2026;000130;S&M TRANSPORTES SA;012811;FRONTAL VALIDADOR CCIT 4.0 COM MODULO H2-1.;000130;S&M TRANSPORTES SA;SE-06;ATUALIZACAO DO FW;2;BHZ;BELO HORIZONTE;SUDESTE
01/06/2026;01/06/2026;000130;S&M TRANSPORTES SA;012811;FRONTAL VALIDADOR CCIT 4.0 COM MODULO H2-1.;000130;S&M TRANSPORTES SA;SE-100;TESTE CATRACA;3;BHZ;BELO HORIZONTE;SUDESTE
01/06/2026;01/06/2026;000130;S&M TRANSPORTES SA;012811;FRONTAL VALIDADOR CCIT 4.0 COM MODULO H2-1.;000130;S&M TRANSPORTES SA;SE-27;GRAVACAO DO BOOTLOADER;2;BHZ;BELO HORIZONTE;SUDESTE
01/06/2026;01/06/2026;000130;S&M TRANSPORTES SA;012811;FRONTAL VALIDADOR CCIT 4.0 COM MODULO H2-1.;000130;S&M TRANSPORTES SA;SE-32;LIMPEZA;1;BHZ;BELO HORIZONTE;SUDESTE
01/06/2026;01/06/2026;000130;S&M TRANSPORTES SA;012811;FRONTAL VALIDADOR CCIT 4.0 COM MODULO H2-1.;000130;S&M TRANSPORTES SA;SE-55;RESTORE DO MODULO;11;BHZ;BELO HORIZONTE;SUDESTE
01/06/2026;01/06/2026;000130;S&M TRANSPORTES SA;012811;FRONTAL VALIDADOR CCIT 4.0 COM MODULO H2-1.;000130;S&M TRANSPORTES SA;SE-81;TROCA DA PLACA;1;BHZ;BELO HORIZONTE;SUDESTE
01/06/2026;01/06/2026;000130;S&M TRANSPORTES SA;012811;FRONTAL VALIDADOR CCIT 4.0 COM MODULO H2-1.;000130;S&M TRANSPORTES SA;SE-82;TROCA DO CARTAO;1;BHZ;BELO HORIZONTE;SUDESTE
01/06/2026;01/06/2026;000130;S&M TRANSPORTES SA;012811;FRONTAL VALIDADOR CCIT 4.0 COM MODULO H2-1.;000130;S&M TRANSPORTES SA;SE-84;TROCA DO DISPLAY;1;BHZ;BELO HORIZONTE;SUDESTE
01/06/2026;01/06/2026;000130;S&M TRANSPORTES SA;012811;FRONTAL VALIDADOR CCIT 4.0 COM MODULO H2-1.;000130;S&M TRANSPORTES SA;SE-85;TROCA DE COMPONENTE;4;BHZ;BELO HORIZONTE;SUDESTE
01/06/2026;01/06/2026;000130;S&M TRANSPORTES SA;012811;FRONTAL VALIDADOR CCIT 4.0 COM MODULO H2-1.;000130;S&M TRANSPORTES SA;SE-87;TROCA DO MODULO;2;BHZ;BELO HORIZONTE;SUDESTE
01/06/2026;01/06/2026;000130;S&M TRANSPORTES SA;012811;FRONTAL VALIDADOR CCIT 4.0 COM MODULO H2-1.;000130;S&M TRANSPORTES SA;SE-95;TROCA TOUCHSCREEN;3;BHZ;BELO HORIZONTE;SUDESTE
01/06/2026;01/06/2026;000130;S&M TRANSPORTES SA;012811;FRONTAL VALIDADOR CCIT 4.0 COM MODULO H2-1.;000130;S&M TRANSPORTES SA;SE-96;TROCA DE VIDRO;2;BHZ;BELO HORIZONTE;SUDESTE
01/06/2026;01/06/2026;000130;S&M TRANSPORTES SA;012811;FRONTAL VALIDADOR CCIT 4.0 COM MODULO H2-1.;000130;S&M TRANSPORTES SA;SE-98;GRAVACAO FW;6;BHZ;BELO HORIZONTE;SUDESTE
01/06/2026;01/06/2026;000130;S&M TRANSPORTES SA;014950;FRONTAL VALIDADOR CCIT 4.0 COM MODULO HJI21;000130;S&M TRANSPORTES SA;SE-04;ATUALIZACAO DA LISTA;8;BHZ;BELO HORIZONTE;SUDESTE
01/06/2026;01/06/2026;000130;S&M TRANSPORTES SA;014950;FRONTAL VALIDADOR CCIT 4.0 COM MODULO HJI21;000130;S&M TRANSPORTES SA;SE-05;ATUALIZACAO DATA / HORA;6;BHZ;BELO HORIZONTE;SUDESTE
01/06/2026;01/06/2026;000130;S&M TRANSPORTES SA;014950;FRONTAL VALIDADOR CCIT 4.0 COM MODULO HJI21;000130;S&M TRANSPORTES SA;SE-06;ATUALIZACAO DO FW;4;BHZ;BELO HORIZONTE;SUDESTE
01/06/2026;01/06/2026;000130;S&M TRANSPORTES SA;014950;FRONTAL VALIDADOR CCIT 4.0 COM MODULO HJI21;000130;S&M TRANSPORTES SA;SE-100;TESTE CATRACA;4;BHZ;BELO HORIZONTE;SUDESTE
01/06/2026;01/06/2026;000130;S&M TRANSPORTES SA;014950;FRONTAL VALIDADOR CCIT 4.0 COM MODULO HJI21;000130;S&M TRANSPORTES SA;SE-27;GRAVACAO DO BOOTLOADER;1;BHZ;BELO HORIZONTE;SUDESTE
01/06/2026;01/06/2026;000130;S&M TRANSPORTES SA;014950;FRONTAL VALIDADOR CCIT 4.0 COM MODULO HJI21;000130;S&M TRANSPORTES SA;SE-31;JUMPER;4;BHZ;BELO HORIZONTE;SUDESTE
01/06/2026;01/06/2026;000130;S&M TRANSPORTES SA;014950;FRONTAL VALIDADOR CCIT 4.0 COM MODULO HJI21;000130;S&M TRANSPORTES SA;SE-32;LIMPEZA;1;BHZ;BELO HORIZONTE;SUDESTE
01/06/2026;01/06/2026;000130;S&M TRANSPORTES SA;014950;FRONTAL VALIDADOR CCIT 4.0 COM MODULO HJI21;000130;S&M TRANSPORTES SA;SE-42;RESSOLDA COMPONENTE;1;BHZ;BELO HORIZONTE;SUDESTE
01/06/2026;01/06/2026;000130;S&M TRANSPORTES SA;014950;FRONTAL VALIDADOR CCIT 4.0 COM MODULO HJI21;000130;S&M TRANSPORTES SA;SE-55;RESTORE DO MODULO;8;BHZ;BELO HORIZONTE;SUDESTE
01/06/2026;01/06/2026;000130;S&M TRANSPORTES SA;014950;FRONTAL VALIDADOR CCIT 4.0 COM MODULO HJI21;000130;S&M TRANSPORTES SA;SE-81;TROCA DA PLACA;3;BHZ;BELO HORIZONTE;SUDESTE
01/06/2026;01/06/2026;000130;S&M TRANSPORTES SA;014950;FRONTAL VALIDADOR CCIT 4.0 COM MODULO HJI21;000130;S&M TRANSPORTES SA;SE-84;TROCA DO DISPLAY;1;BHZ;BELO HORIZONTE;SUDESTE
01/06/2026;01/06/2026;000130;S&M TRANSPORTES SA;014950;FRONTAL VALIDADOR CCIT 4.0 COM MODULO HJI21;000130;S&M TRANSPORTES SA;SE-85;TROCA DE COMPONENTE;1;BHZ;BELO HORIZONTE;SUDESTE
01/06/2026;01/06/2026;000130;S&M TRANSPORTES SA;014950;FRONTAL VALIDADOR CCIT 4.0 COM MODULO HJI21;000130;S&M TRANSPORTES SA;SE-95;TROCA TOUCHSCREEN;2;BHZ;BELO HORIZONTE;SUDESTE
01/06/2026;01/06/2026;000130;S&M TRANSPORTES SA;014950;FRONTAL VALIDADOR CCIT 4.0 COM MODULO HJI21;000130;S&M TRANSPORTES SA;SE-98;GRAVACAO FW;4;BHZ;BELO HORIZONTE;SUDESTE
01/06/2026;01/06/2026;000130;S&M TRANSPORTES SA;017030;CAMERA 1MP CMOS 720P COLOR IR DOME PLAST BRANCA 2.8 MM VHD 1120 D G7;000130;S&M TRANSPORTES SA;SE-12;EQUIPAMENTO SEM REPARO;19;BHZ;BELO HORIZONTE;SUDESTE
01/06/2026;01/06/2026;000130;S&M TRANSPORTES SA;017046;CAMERA DOME BUSZOOM CVBS 12V CMOS 2.8MM COMUM;000130;S&M TRANSPORTES SA;SE-12;EQUIPAMENTO SEM REPARO;6;BHZ;BELO HORIZONTE;SUDESTE
01/06/2026;01/06/2026;000130;S&M TRANSPORTES SA;021353;PAINEL DE MOTORISTA DM X500L H5                .;000130;S&M TRANSPORTES SA;SE-06;ATUALIZACAO DO FW;69;BHZ;BELO HORIZONTE;SUDESTE
01/06/2026;01/06/2026;000130;S&M TRANSPORTES SA;021353;PAINEL DE MOTORISTA DM X500L H5                .;000130;S&M TRANSPORTES SA;SE-32;LIMPEZA;38;BHZ;BELO HORIZONTE;SUDESTE
01/06/2026;01/06/2026;000130;S&M TRANSPORTES SA;021353;PAINEL DE MOTORISTA DM X500L H5                .;000130;S&M TRANSPORTES SA;SE-42;RESSOLDA COMPONENTE;2;BHZ;BELO HORIZONTE;SUDESTE
01/06/2026;01/06/2026;000130;S&M TRANSPORTES SA;021353;PAINEL DE MOTORISTA DM X500L H5                .;000130;S&M TRANSPORTES SA;SE-43;RESSOLDA ANTENA;12;BHZ;BELO HORIZONTE;SUDESTE
01/06/2026;01/06/2026;000130;S&M TRANSPORTES SA;021353;PAINEL DE MOTORISTA DM X500L H5                .;000130;S&M TRANSPORTES SA;SE-64;TESTE GPS OK;1;BHZ;BELO HORIZONTE;SUDESTE
01/06/2026;01/06/2026;000130;S&M TRANSPORTES SA;021379;FONTE FT-DM X500;000130;S&M TRANSPORTES SA;SE-85;TROCA DE COMPONENTE;16;BHZ;BELO HORIZONTE;SUDESTE
01/06/2026;01/06/2026;000130;S&M TRANSPORTES SA;021589;CAMERA DOME METAL CVBS BNC 2.1MM LENS HXT-B204 SEM INFRAVERMELHO;000130;S&M TRANSPORTES SA;SE-12;EQUIPAMENTO SEM REPARO;1;BHZ;BELO HORIZONTE;SUDESTE
01/06/2026;01/06/2026;000131;VIACAO JARDINS SA;009509;ARK-VH200A-D5A1E - INTEL ATOM D510 1.66 GHZ FANLESS COMPACT EMBEDDED;000131;VIACAO JARDINS SA;SE-07;ATUALIZACAO DO SW;7;BHZ;BELO HORIZONTE;SUDESTE
01/06/2026;01/06/2026;000131;VIACAO JARDINS SA;009509;ARK-VH200A-D5A1E - INTEL ATOM D510 1.66 GHZ FANLESS COMPACT EMBEDDED;000131;VIACAO JARDINS SA;SE-32;LIMPEZA;7;BHZ;BELO HORIZONTE;SUDESTE
01/06/2026;01/06/2026;000131;VIACAO JARDINS SA;009509;ARK-VH200A-D5A1E - INTEL ATOM D510 1.66 GHZ FANLESS COMPACT EMBEDDED;000131;VIACAO JARDINS SA;SE-47;RESSOLDA DA PLACA;5;BHZ;BELO HORIZONTE;SUDESTE
01/06/2026;01/06/2026;000131;VIACAO JARDINS SA;009509;ARK-VH200A-D5A1E - INTEL ATOM D510 1.66 GHZ FANLESS COMPACT EMBEDDED;000131;VIACAO JARDINS SA;SE-63;TESTE GPRS OK;4;BHZ;BELO HORIZONTE;SUDESTE
01/06/2026;01/06/2026;000131;VIACAO JARDINS SA;009509;ARK-VH200A-D5A1E - INTEL ATOM D510 1.66 GHZ FANLESS COMPACT EMBEDDED;000131;VIACAO JARDINS SA;SE-64;TESTE GPS OK;7;BHZ;BELO HORIZONTE;SUDESTE
01/06/2026;01/06/2026;000131;VIACAO JARDINS SA;009509;ARK-VH200A-D5A1E - INTEL ATOM D510 1.66 GHZ FANLESS COMPACT EMBEDDED;000131;VIACAO JARDINS SA;SE-70;TROCA ANTENA;1;BHZ;BELO HORIZONTE;SUDESTE
01/06/2026;01/06/2026;000131;VIACAO JARDINS SA;012806;BASE FIXA VALIDADOR CCIT 4.0 ENTRADA DE 24V;000131;VIACAO JARDINS SA;SE-100;TESTE CATRACA;3;BHZ;BELO HORIZONTE;SUDESTE
01/06/2026;01/06/2026;000131;VIACAO JARDINS SA;012806;BASE FIXA VALIDADOR CCIT 4.0 ENTRADA DE 24V;000131;VIACAO JARDINS SA;SE-27;GRAVACAO DO BOOTLOADER;1;BHZ;BELO HORIZONTE;SUDESTE
01/06/2026;01/06/2026;000131;VIACAO JARDINS SA;012806;BASE FIXA VALIDADOR CCIT 4.0 ENTRADA DE 24V;000131;VIACAO JARDINS SA;SE-28;GRAVACAO DO PIC;2;BHZ;BELO HORIZONTE;SUDESTE
01/06/2026;01/06/2026;000131;VIACAO JARDINS SA;012806;BASE FIXA VALIDADOR CCIT 4.0 ENTRADA DE 24V;000131;VIACAO JARDINS SA;SE-32;LIMPEZA;3;BHZ;BELO HORIZONTE;SUDESTE
01/06/2026;01/06/2026;000131;VIACAO JARDINS SA;012806;BASE FIXA VALIDADOR CCIT 4.0 ENTRADA DE 24V;000131;VIACAO JARDINS SA;SE-36;MODIFICACAO CIRCUITO DE CATRAC;1;BHZ;BELO HORIZONTE;SUDESTE
01/06/2026;01/06/2026;000131;VIACAO JARDINS SA;012806;BASE FIXA VALIDADOR CCIT 4.0 ENTRADA DE 24V;000131;VIACAO JARDINS SA;SE-85;TROCA DE COMPONENTE;2;BHZ;BELO HORIZONTE;SUDESTE
01/06/2026;01/06/2026;000131;VIACAO JARDINS SA;012806;BASE FIXA VALIDADOR CCIT 4.0 ENTRADA DE 24V;000131;VIACAO JARDINS SA;SE-93;TROCA FUSIVEL;1;BHZ;BELO HORIZONTE;SUDESTE
01/06/2026;01/06/2026;000131;VIACAO JARDINS SA;012806;BASE FIXA VALIDADOR CCIT 4.0 ENTRADA DE 24V;000131;VIACAO JARDINS SA;SE-98;GRAVACAO FW;2;BHZ;BELO HORIZONTE;SUDESTE
01/06/2026;01/06/2026;000131;VIACAO JARDINS SA;012811;FRONTAL VALIDADOR CCIT 4.0 COM MODULO H2-1.;000131;VIACAO JARDINS SA;SE-04;ATUALIZACAO DA LISTA;6;BHZ;BELO HORIZONTE;SUDESTE
01/06/2026;01/06/2026;000131;VIACAO JARDINS SA;012811;FRONTAL VALIDADOR CCIT 4.0 COM MODULO H2-1.;000131;VIACAO JARDINS SA;SE-05;ATUALIZACAO DATA / HORA;3;BHZ;BELO HORIZONTE;SUDESTE
01/06/2026;01/06/2026;000131;VIACAO JARDINS SA;012811;FRONTAL VALIDADOR CCIT 4.0 COM MODULO H2-1.;000131;VIACAO JARDINS SA;SE-06;ATUALIZACAO DO FW;1;BHZ;BELO HORIZONTE;SUDESTE
01/06/2026;01/06/2026;000131;VIACAO JARDINS SA;012811;FRONTAL VALIDADOR CCIT 4.0 COM MODULO H2-1.;000131;VIACAO JARDINS SA;SE-100;TESTE CATRACA;1;BHZ;BELO HORIZONTE;SUDESTE
01/06/2026;01/06/2026;000131;VIACAO JARDINS SA;012811;FRONTAL VALIDADOR CCIT 4.0 COM MODULO H2-1.;000131;VIACAO JARDINS SA;SE-32;LIMPEZA;3;BHZ;BELO HORIZONTE;SUDESTE
01/06/2026;01/06/2026;000131;VIACAO JARDINS SA;012811;FRONTAL VALIDADOR CCIT 4.0 COM MODULO H2-1.;000131;VIACAO JARDINS SA;SE-55;RESTORE DO MODULO;6;BHZ;BELO HORIZONTE;SUDESTE
01/06/2026;01/06/2026;000131;VIACAO JARDINS SA;012811;FRONTAL VALIDADOR CCIT 4.0 COM MODULO H2-1.;000131;VIACAO JARDINS SA;SE-76;TROCA DA CARCACA INFERIOR;1;BHZ;BELO HORIZONTE;SUDESTE
01/06/2026;01/06/2026;000131;VIACAO JARDINS SA;012811;FRONTAL VALIDADOR CCIT 4.0 COM MODULO H2-1.;000131;VIACAO JARDINS SA;SE-81;TROCA DA PLACA;1;BHZ;BELO HORIZONTE;SUDESTE
01/06/2026;01/06/2026;000131;VIACAO JARDINS SA;012811;FRONTAL VALIDADOR CCIT 4.0 COM MODULO H2-1.;000131;VIACAO JARDINS SA;SE-85;TROCA DE COMPONENTE;1;BHZ;BELO HORIZONTE;SUDESTE
01/06/2026;01/06/2026;000131;VIACAO JARDINS SA;012811;FRONTAL VALIDADOR CCIT 4.0 COM MODULO H2-1.;000131;VIACAO JARDINS SA;SE-87;TROCA DO MODULO;1;BHZ;BELO HORIZONTE;SUDESTE
01/06/2026;01/06/2026;000131;VIACAO JARDINS SA;012811;FRONTAL VALIDADOR CCIT 4.0 COM MODULO H2-1.;000131;VIACAO JARDINS SA;SE-95;TROCA TOUCHSCREEN;1;BHZ;BELO HORIZONTE;SUDESTE
01/06/2026;01/06/2026;000131;VIACAO JARDINS SA;012811;FRONTAL VALIDADOR CCIT 4.0 COM MODULO H2-1.;000131;VIACAO JARDINS SA;SE-98;GRAVACAO FW;5;BHZ;BELO HORIZONTE;SUDESTE
01/06/2026;01/06/2026;000131;VIACAO JARDINS SA;012839;CONVERSOR DC-DC IN 8~50V, OUT 5V 3A 15W MALE MICROUSB CABLE 150CM DMX;000131;VIACAO JARDINS SA;SE-85;TROCA DE COMPONENTE;5;BHZ;BELO HORIZONTE;SUDESTE
01/06/2026;01/06/2026;000131;VIACAO JARDINS SA;014950;FRONTAL VALIDADOR CCIT 4.0 COM MODULO HJI21;000131;VIACAO JARDINS SA;SE-04;ATUALIZACAO DA LISTA;1;BHZ;BELO HORIZONTE;SUDESTE
01/06/2026;01/06/2026;000131;VIACAO JARDINS SA;014950;FRONTAL VALIDADOR CCIT 4.0 COM MODULO HJI21;000131;VIACAO JARDINS SA;SE-05;ATUALIZACAO DATA / HORA;1;BHZ;BELO HORIZONTE;SUDESTE
01/06/2026;01/06/2026;000131;VIACAO JARDINS SA;014950;FRONTAL VALIDADOR CCIT 4.0 COM MODULO HJI21;000131;VIACAO JARDINS SA;SE-47;RESSOLDA DA PLACA;1;BHZ;BELO HORIZONTE;SUDESTE
01/06/2026;01/06/2026;000131;VIACAO JARDINS SA;014950;FRONTAL VALIDADOR CCIT 4.0 COM MODULO HJI21;000131;VIACAO JARDINS SA;SE-55;RESTORE DO MODULO;1;BHZ;BELO HORIZONTE;SUDESTE
01/06/2026;01/06/2026;000131;VIACAO JARDINS SA;014950;FRONTAL VALIDADOR CCIT 4.0 COM MODULO HJI21;000131;VIACAO JARDINS SA;SE-81;TROCA DA PLACA;1;BHZ;BELO HORIZONTE;SUDESTE
01/06/2026;01/06/2026;000131;VIACAO JARDINS SA;014950;FRONTAL VALIDADOR CCIT 4.0 COM MODULO HJI21;000131;VIACAO JARDINS SA;SE-98;GRAVACAO FW;1;BHZ;BELO HORIZONTE;SUDESTE
01/06/2026;01/06/2026;000131;VIACAO JARDINS SA;017030;CAMERA 1MP CMOS 720P COLOR IR DOME PLAST BRANCA 2.8 MM VHD 1120 D G7;000131;VIACAO JARDINS SA;SE-12;EQUIPAMENTO SEM REPARO;5;BHZ;BELO HORIZONTE;SUDESTE
01/06/2026;01/06/2026;000131;VIACAO JARDINS SA;017046;CAMERA DOME BUSZOOM CVBS 12V CMOS 2.8MM COMUM;000131;VIACAO JARDINS SA;SE-12;EQUIPAMENTO SEM REPARO;7;BHZ;BELO HORIZONTE;SUDESTE
01/06/2026;01/06/2026;000131;VIACAO JARDINS SA;021353;PAINEL DE MOTORISTA DM X500L H5                .;000131;VIACAO JARDINS SA;SE-06;ATUALIZACAO DO FW;22;BHZ;BELO HORIZONTE;SUDESTE
01/06/2026;01/06/2026;000131;VIACAO JARDINS SA;021353;PAINEL DE MOTORISTA DM X500L H5                .;000131;VIACAO JARDINS SA;SE-32;LIMPEZA;5;BHZ;BELO HORIZONTE;SUDESTE
01/06/2026;01/06/2026;000131;VIACAO JARDINS SA;021379;FONTE FT-DM X500;000131;VIACAO JARDINS SA;SE-85;TROCA DE COMPONENTE;19;BHZ;BELO HORIZONTE;SUDESTE
01/06/2026;01/06/2026;000135;TRANSCBEL;010972;UNIDADE DE PROCESSAMENTO EXTERNA - UPEX V3000M - COM DVR  .;000135;TRANSCBEL;SE-22;FORMATACAO DO SD CARD;1;BHZ;BELO HORIZONTE;SUDESTE
01/06/2026;01/06/2026;000135;TRANSCBEL;017030;CAMERA 1MP CMOS 720P COLOR IR DOME PLAST BRANCA 2.8 MM VHD 1120 D G7;000135;TRANSCBEL;SE-12;EQUIPAMENTO SEM REPARO;3;BHZ;BELO HORIZONTE;SUDESTE
01/06/2026;01/06/2026;000135;TRANSCBEL;021353;PAINEL DE MOTORISTA DM X500L H5                .;000135;TRANSCBEL;SE-06;ATUALIZACAO DO FW;6;BHZ;BELO HORIZONTE;SUDESTE
01/06/2026;01/06/2026;000135;TRANSCBEL;021353;PAINEL DE MOTORISTA DM X500L H5                .;000135;TRANSCBEL;SE-32;LIMPEZA;1;BHZ;BELO HORIZONTE;SUDESTE
01/06/2026;01/06/2026;000135;TRANSCBEL;021353;PAINEL DE MOTORISTA DM X500L H5                .;000135;TRANSCBEL;SE-83;TROCA DO CHIP;1;BHZ;BELO HORIZONTE;SUDESTE
01/06/2026;01/06/2026;000142;VIACAO ZURICK LTDA;009509;ARK-VH200A-D5A1E - INTEL ATOM D510 1.66 GHZ FANLESS COMPACT EMBEDDED;000142;VIACAO ZURICK LTDA;SE-07;ATUALIZACAO DO SW;6;BHZ;BELO HORIZONTE;SUDESTE
01/06/2026;01/06/2026;000142;VIACAO ZURICK LTDA;009509;ARK-VH200A-D5A1E - INTEL ATOM D510 1.66 GHZ FANLESS COMPACT EMBEDDED;000142;VIACAO ZURICK LTDA;SE-32;LIMPEZA;2;BHZ;BELO HORIZONTE;SUDESTE
01/06/2026;01/06/2026;000142;VIACAO ZURICK LTDA;009509;ARK-VH200A-D5A1E - INTEL ATOM D510 1.66 GHZ FANLESS COMPACT EMBEDDED;000142;VIACAO ZURICK LTDA;SE-42;RESSOLDA COMPONENTE;3;BHZ;BELO HORIZONTE;SUDESTE
01/06/2026;01/06/2026;000142;VIACAO ZURICK LTDA;009509;ARK-VH200A-D5A1E - INTEL ATOM D510 1.66 GHZ FANLESS COMPACT EMBEDDED;000142;VIACAO ZURICK LTDA;SE-47;RESSOLDA DA PLACA;6;BHZ;BELO HORIZONTE;SUDESTE
01/06/2026;01/06/2026;000142;VIACAO ZURICK LTDA;009509;ARK-VH200A-D5A1E - INTEL ATOM D510 1.66 GHZ FANLESS COMPACT EMBEDDED;000142;VIACAO ZURICK LTDA;SE-63;TESTE GPRS OK;6;BHZ;BELO HORIZONTE;SUDESTE
01/06/2026;01/06/2026;000142;VIACAO ZURICK LTDA;009509;ARK-VH200A-D5A1E - INTEL ATOM D510 1.66 GHZ FANLESS COMPACT EMBEDDED;000142;VIACAO ZURICK LTDA;SE-64;TESTE GPS OK;7;BHZ;BELO HORIZONTE;SUDESTE
01/06/2026;01/06/2026;000142;VIACAO ZURICK LTDA;009509;ARK-VH200A-D5A1E - INTEL ATOM D510 1.66 GHZ FANLESS COMPACT EMBEDDED;000142;VIACAO ZURICK LTDA;SE-70;TROCA ANTENA;1;BHZ;BELO HORIZONTE;SUDESTE
01/06/2026;01/06/2026;000142;VIACAO ZURICK LTDA;009509;ARK-VH200A-D5A1E - INTEL ATOM D510 1.66 GHZ FANLESS COMPACT EMBEDDED;000142;VIACAO ZURICK LTDA;SE-71;TROCA CABO;2;BHZ;BELO HORIZONTE;SUDESTE
01/06/2026;01/06/2026;000142;VIACAO ZURICK LTDA;009509;ARK-VH200A-D5A1E - INTEL ATOM D510 1.66 GHZ FANLESS COMPACT EMBEDDED;000142;VIACAO ZURICK LTDA;SE-73;TROCA CONECTOR;1;BHZ;BELO HORIZONTE;SUDESTE
01/06/2026;01/06/2026;000142;VIACAO ZURICK LTDA;009509;ARK-VH200A-D5A1E - INTEL ATOM D510 1.66 GHZ FANLESS COMPACT EMBEDDED;000142;VIACAO ZURICK LTDA;SE-75;TROCA DA BATERIA;1;BHZ;BELO HORIZONTE;SUDESTE
01/06/2026;01/06/2026;000142;VIACAO ZURICK LTDA;009509;ARK-VH200A-D5A1E - INTEL ATOM D510 1.66 GHZ FANLESS COMPACT EMBEDDED;000142;VIACAO ZURICK LTDA;SE-85;TROCA DE COMPONENTE;1;BHZ;BELO HORIZONTE;SUDESTE
01/06/2026;01/06/2026;000142;VIACAO ZURICK LTDA;009509;ARK-VH200A-D5A1E - INTEL ATOM D510 1.66 GHZ FANLESS COMPACT EMBEDDED;000142;VIACAO ZURICK LTDA;SE-94;TROCA HD;1;BHZ;BELO HORIZONTE;SUDESTE
01/06/2026;01/06/2026;000142;VIACAO ZURICK LTDA;012811;FRONTAL VALIDADOR CCIT 4.0 COM MODULO H2-1.;000142;VIACAO ZURICK LTDA;SE-04;ATUALIZACAO DA LISTA;7;BHZ;BELO HORIZONTE;SUDESTE
01/06/2026;01/06/2026;000142;VIACAO ZURICK LTDA;012811;FRONTAL VALIDADOR CCIT 4.0 COM MODULO H2-1.;000142;VIACAO ZURICK LTDA;SE-05;ATUALIZACAO DATA / HORA;4;BHZ;BELO HORIZONTE;SUDESTE
01/06/2026;01/06/2026;000142;VIACAO ZURICK LTDA;012811;FRONTAL VALIDADOR CCIT 4.0 COM MODULO H2-1.;000142;VIACAO ZURICK LTDA;SE-06;ATUALIZACAO DO FW;1;BHZ;BELO HORIZONTE;SUDESTE
01/06/2026;01/06/2026;000142;VIACAO ZURICK LTDA;012811;FRONTAL VALIDADOR CCIT 4.0 COM MODULO H2-1.;000142;VIACAO ZURICK LTDA;SE-100;TESTE CATRACA;2;BHZ;BELO HORIZONTE;SUDESTE
01/06/2026;01/06/2026;000142;VIACAO ZURICK LTDA;012811;FRONTAL VALIDADOR CCIT 4.0 COM MODULO H2-1.;000142;VIACAO ZURICK LTDA;SE-28;GRAVACAO DO PIC;1;BHZ;BELO HORIZONTE;SUDESTE
01/06/2026;01/06/2026;000142;VIACAO ZURICK LTDA;012811;FRONTAL VALIDADOR CCIT 4.0 COM MODULO H2-1.;000142;VIACAO ZURICK LTDA;SE-32;LIMPEZA;2;BHZ;BELO HORIZONTE;SUDESTE
01/06/2026;01/06/2026;000142;VIACAO ZURICK LTDA;012811;FRONTAL VALIDADOR CCIT 4.0 COM MODULO H2-1.;000142;VIACAO ZURICK LTDA;SE-47;RESSOLDA DA PLACA;1;BHZ;BELO HORIZONTE;SUDESTE
01/06/2026;01/06/2026;000142;VIACAO ZURICK LTDA;012811;FRONTAL VALIDADOR CCIT 4.0 COM MODULO H2-1.;000142;VIACAO ZURICK LTDA;SE-55;RESTORE DO MODULO;7;BHZ;BELO HORIZONTE;SUDESTE
01/06/2026;01/06/2026;000142;VIACAO ZURICK LTDA;012811;FRONTAL VALIDADOR CCIT 4.0 COM MODULO H2-1.;000142;VIACAO ZURICK LTDA;SE-76;TROCA DA CARCACA INFERIOR;2;BHZ;BELO HORIZONTE;SUDESTE
01/06/2026;01/06/2026;000142;VIACAO ZURICK LTDA;012811;FRONTAL VALIDADOR CCIT 4.0 COM MODULO H2-1.;000142;VIACAO ZURICK LTDA;SE-82;TROCA DO CARTAO;1;BHZ;BELO HORIZONTE;SUDESTE
01/06/2026;01/06/2026;000142;VIACAO ZURICK LTDA;012811;FRONTAL VALIDADOR CCIT 4.0 COM MODULO H2-1.;000142;VIACAO ZURICK LTDA;SE-84;TROCA DO DISPLAY;1;BHZ;BELO HORIZONTE;SUDESTE
01/06/2026;01/06/2026;000142;VIACAO ZURICK LTDA;012811;FRONTAL VALIDADOR CCIT 4.0 COM MODULO H2-1.;000142;VIACAO ZURICK LTDA;SE-98;GRAVACAO FW;6;BHZ;BELO HORIZONTE;SUDESTE
01/06/2026;01/06/2026;000142;VIACAO ZURICK LTDA;014950;FRONTAL VALIDADOR CCIT 4.0 COM MODULO HJI21;000142;VIACAO ZURICK LTDA;SE-04;ATUALIZACAO DA LISTA;1;BHZ;BELO HORIZONTE;SUDESTE
01/06/2026;01/06/2026;000142;VIACAO ZURICK LTDA;017030;CAMERA 1MP CMOS 720P COLOR IR DOME PLAST BRANCA 2.8 MM VHD 1120 D G7;000142;VIACAO ZURICK LTDA;SE-12;EQUIPAMENTO SEM REPARO;3;BHZ;BELO HORIZONTE;SUDESTE
01/06/2026;01/06/2026;000142;VIACAO ZURICK LTDA;017046;CAMERA DOME BUSZOOM CVBS 12V CMOS 2.8MM COMUM;000142;VIACAO ZURICK LTDA;SE-12;EQUIPAMENTO SEM REPARO;2;BHZ;BELO HORIZONTE;SUDESTE
01/06/2026;01/06/2026;000142;VIACAO ZURICK LTDA;021353;PAINEL DE MOTORISTA DM X500L H5                .;000142;VIACAO ZURICK LTDA;SE-06;ATUALIZACAO DO FW;9;BHZ;BELO HORIZONTE;SUDESTE
01/06/2026;01/06/2026;000142;VIACAO ZURICK LTDA;021353;PAINEL DE MOTORISTA DM X500L H5                .;000142;VIACAO ZURICK LTDA;SE-43;RESSOLDA ANTENA;1;BHZ;BELO HORIZONTE;SUDESTE
01/06/2026;01/06/2026;000143;URCA;009509;ARK-VH200A-D5A1E - INTEL ATOM D510 1.66 GHZ FANLESS COMPACT EMBEDDED;000143;URCA;SE-06;ATUALIZACAO DO FW;6;BHZ;BELO HORIZONTE;SUDESTE
01/06/2026;01/06/2026;000143;URCA;009509;ARK-VH200A-D5A1E - INTEL ATOM D510 1.66 GHZ FANLESS COMPACT EMBEDDED;000143;URCA;SE-07;ATUALIZACAO DO SW;3;BHZ;BELO HORIZONTE;SUDESTE
01/06/2026;01/06/2026;000143;URCA;009509;ARK-VH200A-D5A1E - INTEL ATOM D510 1.66 GHZ FANLESS COMPACT EMBEDDED;000143;URCA;SE-32;LIMPEZA;3;BHZ;BELO HORIZONTE;SUDESTE
01/06/2026;01/06/2026;000143;URCA;009509;ARK-VH200A-D5A1E - INTEL ATOM D510 1.66 GHZ FANLESS COMPACT EMBEDDED;000143;URCA;SE-42;RESSOLDA COMPONENTE;2;BHZ;BELO HORIZONTE;SUDESTE
01/06/2026;01/06/2026;000143;URCA;009509;ARK-VH200A-D5A1E - INTEL ATOM D510 1.66 GHZ FANLESS COMPACT EMBEDDED;000143;URCA;SE-47;RESSOLDA DA PLACA;6;BHZ;BELO HORIZONTE;SUDESTE
01/06/2026;01/06/2026;000143;URCA;009509;ARK-VH200A-D5A1E - INTEL ATOM D510 1.66 GHZ FANLESS COMPACT EMBEDDED;000143;URCA;SE-63;TESTE GPRS OK;13;BHZ;BELO HORIZONTE;SUDESTE
01/06/2026;01/06/2026;000143;URCA;009509;ARK-VH200A-D5A1E - INTEL ATOM D510 1.66 GHZ FANLESS COMPACT EMBEDDED;000143;URCA;SE-64;TESTE GPS OK;13;BHZ;BELO HORIZONTE;SUDESTE
01/06/2026;01/06/2026;000143;URCA;009509;ARK-VH200A-D5A1E - INTEL ATOM D510 1.66 GHZ FANLESS COMPACT EMBEDDED;000143;URCA;SE-81;TROCA DA PLACA;1;BHZ;BELO HORIZONTE;SUDESTE
01/06/2026;01/06/2026;000143;URCA;009509;ARK-VH200A-D5A1E - INTEL ATOM D510 1.66 GHZ FANLESS COMPACT EMBEDDED;000143;URCA;SE-83;TROCA DO CHIP;1;BHZ;BELO HORIZONTE;SUDESTE
01/06/2026;01/06/2026;000143;URCA;009509;ARK-VH200A-D5A1E - INTEL ATOM D510 1.66 GHZ FANLESS COMPACT EMBEDDED;000143;URCA;SE-87;TROCA DO MODULO;2;BHZ;BELO HORIZONTE;SUDESTE
01/06/2026;01/06/2026;000143;URCA;009509;ARK-VH200A-D5A1E - INTEL ATOM D510 1.66 GHZ FANLESS COMPACT EMBEDDED;000143;URCA;SE-94;TROCA HD;1;BHZ;BELO HORIZONTE;SUDESTE
01/06/2026;01/06/2026;000143;URCA;010972;UNIDADE DE PROCESSAMENTO EXTERNA - UPEX V3000M - COM DVR  .;000143;URCA;SE-82;TROCA DO CARTAO;1;BHZ;BELO HORIZONTE;SUDESTE
01/06/2026;01/06/2026;000143;URCA;012811;FRONTAL VALIDADOR CCIT 4.0 COM MODULO H2-1.;000143;URCA;SE-04;ATUALIZACAO DA LISTA;6;BHZ;BELO HORIZONTE;SUDESTE
01/06/2026;01/06/2026;000143;URCA;012811;FRONTAL VALIDADOR CCIT 4.0 COM MODULO H2-1.;000143;URCA;SE-05;ATUALIZACAO DATA / HORA;3;BHZ;BELO HORIZONTE;SUDESTE
01/06/2026;01/06/2026;000143;URCA;012811;FRONTAL VALIDADOR CCIT 4.0 COM MODULO H2-1.;000143;URCA;SE-100;TESTE CATRACA;1;BHZ;BELO HORIZONTE;SUDESTE
01/06/2026;01/06/2026;000143;URCA;012811;FRONTAL VALIDADOR CCIT 4.0 COM MODULO H2-1.;000143;URCA;SE-32;LIMPEZA;4;BHZ;BELO HORIZONTE;SUDESTE
01/06/2026;01/06/2026;000143;URCA;012811;FRONTAL VALIDADOR CCIT 4.0 COM MODULO H2-1.;000143;URCA;SE-55;RESTORE DO MODULO;6;BHZ;BELO HORIZONTE;SUDESTE
01/06/2026;01/06/2026;000143;URCA;012811;FRONTAL VALIDADOR CCIT 4.0 COM MODULO H2-1.;000143;URCA;SE-82;TROCA DO CARTAO;1;BHZ;BELO HORIZONTE;SUDESTE
01/06/2026;01/06/2026;000143;URCA;012811;FRONTAL VALIDADOR CCIT 4.0 COM MODULO H2-1.;000143;URCA;SE-98;GRAVACAO FW;6;BHZ;BELO HORIZONTE;SUDESTE
01/06/2026;01/06/2026;000143;URCA;014950;FRONTAL VALIDADOR CCIT 4.0 COM MODULO HJI21;000143;URCA;SE-04;ATUALIZACAO DA LISTA;4;BHZ;BELO HORIZONTE;SUDESTE
01/06/2026;01/06/2026;000143;URCA;014950;FRONTAL VALIDADOR CCIT 4.0 COM MODULO HJI21;000143;URCA;SE-05;ATUALIZACAO DATA / HORA;2;BHZ;BELO HORIZONTE;SUDESTE
01/06/2026;01/06/2026;000143;URCA;014950;FRONTAL VALIDADOR CCIT 4.0 COM MODULO HJI21;000143;URCA;SE-27;GRAVACAO DO BOOTLOADER;1;BHZ;BELO HORIZONTE;SUDESTE
01/06/2026;01/06/2026;000143;URCA;014950;FRONTAL VALIDADOR CCIT 4.0 COM MODULO HJI21;000143;URCA;SE-32;LIMPEZA;1;BHZ;BELO HORIZONTE;SUDESTE
01/06/2026;01/06/2026;000143;URCA;014950;FRONTAL VALIDADOR CCIT 4.0 COM MODULO HJI21;000143;URCA;SE-55;RESTORE DO MODULO;4;BHZ;BELO HORIZONTE;SUDESTE
01/06/2026;01/06/2026;000143;URCA;014950;FRONTAL VALIDADOR CCIT 4.0 COM MODULO HJI21;000143;URCA;SE-76;TROCA DA CARCACA INFERIOR;1;BHZ;BELO HORIZONTE;SUDESTE
01/06/2026;01/06/2026;000143;URCA;014950;FRONTAL VALIDADOR CCIT 4.0 COM MODULO HJI21;000143;URCA;SE-85;TROCA DE COMPONENTE;1;BHZ;BELO HORIZONTE;SUDESTE
01/06/2026;01/06/2026;000143;URCA;014950;FRONTAL VALIDADOR CCIT 4.0 COM MODULO HJI21;000143;URCA;SE-98;GRAVACAO FW;3;BHZ;BELO HORIZONTE;SUDESTE
01/06/2026;01/06/2026;000143;URCA;017030;CAMERA 1MP CMOS 720P COLOR IR DOME PLAST BRANCA 2.8 MM VHD 1120 D G7;000143;URCA;SE-12;EQUIPAMENTO SEM REPARO;2;BHZ;BELO HORIZONTE;SUDESTE
01/06/2026;01/06/2026;000143;URCA;017046;CAMERA DOME BUSZOOM CVBS 12V CMOS 2.8MM COMUM;000143;URCA;SE-12;EQUIPAMENTO SEM REPARO;1;BHZ;BELO HORIZONTE;SUDESTE
01/06/2026;01/06/2026;000143;URCA;021353;PAINEL DE MOTORISTA DM X500L H5                .;000143;URCA;SE-06;ATUALIZACAO DO FW;22;BHZ;BELO HORIZONTE;SUDESTE
01/06/2026;01/06/2026;000143;URCA;021353;PAINEL DE MOTORISTA DM X500L H5                .;000143;URCA;SE-08;BASE TRASEIRA - DM X200;1;BHZ;BELO HORIZONTE;SUDESTE
01/06/2026;01/06/2026;000143;URCA;021353;PAINEL DE MOTORISTA DM X500L H5                .;000143;URCA;SE-32;LIMPEZA;4;BHZ;BELO HORIZONTE;SUDESTE
01/06/2026;01/06/2026;000143;URCA;021353;PAINEL DE MOTORISTA DM X500L H5                .;000143;URCA;SE-42;RESSOLDA COMPONENTE;2;BHZ;BELO HORIZONTE;SUDESTE
01/06/2026;01/06/2026;000143;URCA;021353;PAINEL DE MOTORISTA DM X500L H5                .;000143;URCA;SE-43;RESSOLDA ANTENA;3;BHZ;BELO HORIZONTE;SUDESTE
01/06/2026;01/06/2026;001430;CONSORCIO - POA;010972;UNIDADE DE PROCESSAMENTO EXTERNA - UPEX V3000M - COM DVR  .;001430;CONSORCIO - POA;SE-22;FORMATACAO DO SD CARD;2;POA;PORTO ALEGRE;SUL
01/06/2026;01/06/2026;001430;CONSORCIO - POA;010972;UNIDADE DE PROCESSAMENTO EXTERNA - UPEX V3000M - COM DVR  .;001430;CONSORCIO - POA;SE-81;TROCA DA PLACA;1;POA;PORTO ALEGRE;SUL
01/06/2026;01/06/2026;001430;CONSORCIO - POA;010972;UNIDADE DE PROCESSAMENTO EXTERNA - UPEX V3000M - COM DVR  .;001430;CONSORCIO - POA;SE-82;TROCA DO CARTAO;3;POA;PORTO ALEGRE;SUL
01/06/2026;01/06/2026;001430;CONSORCIO - POA;012811;FRONTAL VALIDADOR CCIT 4.0 COM MODULO H2-1.;001430;CONSORCIO - POA;SE-37;MODULO REAPROVEITADO;1;POA;PORTO ALEGRE;SUL
01/06/2026;01/06/2026;001430;CONSORCIO - POA;012811;FRONTAL VALIDADOR CCIT 4.0 COM MODULO H2-1.;001430;CONSORCIO - POA;SE-81;TROCA DA PLACA;3;POA;PORTO ALEGRE;SUL
01/06/2026;01/06/2026;001430;CONSORCIO - POA;012812;BASE FIXA VALIDADOR CCIT 4.0 ENTRADA DE 12V     .;001430;CONSORCIO - POA;SE-47;RESSOLDA DA PLACA;1;POA;PORTO ALEGRE;SUL
01/06/2026;01/06/2026;001430;CONSORCIO - POA;012812;BASE FIXA VALIDADOR CCIT 4.0 ENTRADA DE 12V     .;001430;CONSORCIO - POA;SE-79;TROCA DA FONTE;1;POA;PORTO ALEGRE;SUL
01/06/2026;01/06/2026;001430;CONSORCIO - POA;012812;BASE FIXA VALIDADOR CCIT 4.0 ENTRADA DE 12V     .;001430;CONSORCIO - POA;SE-85;TROCA DE COMPONENTE;2;POA;PORTO ALEGRE;SUL
01/06/2026;01/06/2026;001430;CONSORCIO - POA;014950;FRONTAL VALIDADOR CCIT 4.0 COM MODULO HJI21;001430;CONSORCIO - POA;SE-27;GRAVACAO DO BOOTLOADER;1;POA;PORTO ALEGRE;SUL
01/06/2026;01/06/2026;001430;CONSORCIO - POA;014950;FRONTAL VALIDADOR CCIT 4.0 COM MODULO HJI21;001430;CONSORCIO - POA;SE-37;MODULO REAPROVEITADO;5;POA;PORTO ALEGRE;SUL
01/06/2026;01/06/2026;001430;CONSORCIO - POA;014950;FRONTAL VALIDADOR CCIT 4.0 COM MODULO HJI21;001430;CONSORCIO - POA;SE-42;RESSOLDA COMPONENTE;1;POA;PORTO ALEGRE;SUL
01/06/2026;01/06/2026;001430;CONSORCIO - POA;014950;FRONTAL VALIDADOR CCIT 4.0 COM MODULO HJI21;001430;CONSORCIO - POA;SE-81;TROCA DA PLACA;3;POA;PORTO ALEGRE;SUL
01/06/2026;01/06/2026;001430;CONSORCIO - POA;014950;FRONTAL VALIDADOR CCIT 4.0 COM MODULO HJI21;001430;CONSORCIO - POA;SE-84;TROCA DO DISPLAY;5;POA;PORTO ALEGRE;SUL
01/06/2026;01/06/2026;001430;CONSORCIO - POA;014950;FRONTAL VALIDADOR CCIT 4.0 COM MODULO HJI21;001430;CONSORCIO - POA;SE-95;TROCA TOUCHSCREEN;6;POA;PORTO ALEGRE;SUL
01/06/2026;01/06/2026;001430;CONSORCIO - POA;020932;POS TACOM GPOS700;001430;CONSORCIO - POA;;REINICIANDO;0;POA;PORTO ALEGRE;SUL
01/06/2026;01/06/2026;001430;CONSORCIO - POA;020932;POS TACOM GPOS700;001430;CONSORCIO - POA;SE-75;TROCA DA BATERIA;1;POA;PORTO ALEGRE;SUL
01/06/2026;01/06/2026;001430;CONSORCIO - POA;021618;BASE FIXA VALIDADOR CCIT;001430;CONSORCIO - POA;SE-27;GRAVACAO DO BOOTLOADER;15;POA;PORTO ALEGRE;SUL
01/06/2026;01/06/2026;001430;CONSORCIO - POA;021618;BASE FIXA VALIDADOR CCIT;001430;CONSORCIO - POA;SE-36;MODIFICACAO CIRCUITO DE CATRAC;2;POA;PORTO ALEGRE;SUL
01/06/2026;01/06/2026;001430;CONSORCIO - POA;021618;BASE FIXA VALIDADOR CCIT;001430;CONSORCIO - POA;SE-47;RESSOLDA DA PLACA;14;POA;PORTO ALEGRE;SUL
01/06/2026;01/06/2026;001430;CONSORCIO - POA;021618;BASE FIXA VALIDADOR CCIT;001430;CONSORCIO - POA;SE-73;TROCA CONECTOR;1;POA;PORTO ALEGRE;SUL
01/06/2026;01/06/2026;001430;CONSORCIO - POA;021618;BASE FIXA VALIDADOR CCIT;001430;CONSORCIO - POA;SE-85;TROCA DE COMPONENTE;12;POA;PORTO ALEGRE;SUL
01/06/2026;01/06/2026;003229;VIA OURO;012811;FRONTAL VALIDADOR CCIT 4.0 COM MODULO H2-1.;003229;VIA OURO;SE-04;ATUALIZACAO DA LISTA;1;NLA;NOVA LIMA;SUDESTE
01/06/2026;01/06/2026;003229;VIA OURO;012811;FRONTAL VALIDADOR CCIT 4.0 COM MODULO H2-1.;003229;VIA OURO;SE-27;GRAVACAO DO BOOTLOADER;1;NLA;NOVA LIMA;SUDESTE
01/06/2026;01/06/2026;003229;VIA OURO;012811;FRONTAL VALIDADOR CCIT 4.0 COM MODULO H2-1.;003229;VIA OURO;SE-55;RESTORE DO MODULO;1;NLA;NOVA LIMA;SUDESTE
01/06/2026;01/06/2026;003229;VIA OURO;012811;FRONTAL VALIDADOR CCIT 4.0 COM MODULO H2-1.;003229;VIA OURO;SE-95;TROCA TOUCHSCREEN;1;NLA;NOVA LIMA;SUDESTE
01/06/2026;01/06/2026;003229;VIA OURO;014115;PAINEL DO MOTORISTA MONTADO - DM X200L - COM HJI21;003229;VIA OURO;SE-06;ATUALIZACAO DO FW;9;NLA;NOVA LIMA;SUDESTE
01/06/2026;01/06/2026;003229;VIA OURO;014115;PAINEL DO MOTORISTA MONTADO - DM X200L - COM HJI21;003229;VIA OURO;SE-95;TROCA TOUCHSCREEN;1;NLA;NOVA LIMA;SUDESTE
01/06/2026;01/06/2026;003229;VIA OURO;014235;FONTE FT-DMX200 MONTADA USB 180 GRAUS;003229;VIA OURO;SE-85;TROCA DE COMPONENTE;5;NLA;NOVA LIMA;SUDESTE
01/06/2026;01/06/2026;003229;VIA OURO;014950;FRONTAL VALIDADOR CCIT 4.0 COM MODULO HJI21;003229;VIA OURO;SE-04;ATUALIZACAO DA LISTA;2;NLA;NOVA LIMA;SUDESTE
01/06/2026;01/06/2026;003229;VIA OURO;014950;FRONTAL VALIDADOR CCIT 4.0 COM MODULO HJI21;003229;VIA OURO;SE-27;GRAVACAO DO BOOTLOADER;2;NLA;NOVA LIMA;SUDESTE
01/06/2026;01/06/2026;003229;VIA OURO;014950;FRONTAL VALIDADOR CCIT 4.0 COM MODULO HJI21;003229;VIA OURO;SE-55;RESTORE DO MODULO;2;NLA;NOVA LIMA;SUDESTE
01/06/2026;01/06/2026;003229;VIA OURO;014950;FRONTAL VALIDADOR CCIT 4.0 COM MODULO HJI21;003229;VIA OURO;SE-76;TROCA DA CARCACA INFERIOR;1;NLA;NOVA LIMA;SUDESTE
01/06/2026;01/06/2026;003229;VIA OURO;014950;FRONTAL VALIDADOR CCIT 4.0 COM MODULO HJI21;003229;VIA OURO;SE-84;TROCA DO DISPLAY;1;NLA;NOVA LIMA;SUDESTE
01/06/2026;01/06/2026;003229;VIA OURO;014950;FRONTAL VALIDADOR CCIT 4.0 COM MODULO HJI21;003229;VIA OURO;SE-95;TROCA TOUCHSCREEN;1;NLA;NOVA LIMA;SUDESTE
01/06/2026;01/06/2026;003355;FEIRA DE SANTANA;012805;FRONTAL VALIDADOR CCIT 4.0 COM MODULO H1;003355;FEIRA DE SANTANA;;TELA QUEBRADA;0;FRA;FEIRA DE SANTANA;NORDESTE
01/06/2026;01/06/2026;003355;FEIRA DE SANTANA;012805;FRONTAL VALIDADOR CCIT 4.0 COM MODULO H1;003355;FEIRA DE SANTANA;SE-81;TROCA DA PLACA;17;FRA;FEIRA DE SANTANA;NORDESTE
01/06/2026;01/06/2026;003355;FEIRA DE SANTANA;012805;FRONTAL VALIDADOR CCIT 4.0 COM MODULO H1;003355;FEIRA DE SANTANA;SE-84;TROCA DO DISPLAY;1;FRA;FEIRA DE SANTANA;NORDESTE
01/06/2026;01/06/2026;003355;FEIRA DE SANTANA;012806;BASE FIXA VALIDADOR CCIT 4.0 ENTRADA DE 24V;003355;FEIRA DE SANTANA;SE-42;RESSOLDA COMPONENTE;2;FRA;FEIRA DE SANTANA;NORDESTE
01/06/2026;01/06/2026;003355;FEIRA DE SANTANA;012806;BASE FIXA VALIDADOR CCIT 4.0 ENTRADA DE 24V;003355;FEIRA DE SANTANA;SE-76;TROCA DA CARCACA INFERIOR;2;FRA;FEIRA DE SANTANA;NORDESTE
01/06/2026;01/06/2026;003355;FEIRA DE SANTANA;012806;BASE FIXA VALIDADOR CCIT 4.0 ENTRADA DE 24V;003355;FEIRA DE SANTANA;SE-85;TROCA DE COMPONENTE;3;FRA;FEIRA DE SANTANA;NORDESTE
01/06/2026;01/06/2026;003355;FEIRA DE SANTANA;012806;BASE FIXA VALIDADOR CCIT 4.0 ENTRADA DE 24V;003355;FEIRA DE SANTANA;SE-98;GRAVACAO FW;1;FRA;FEIRA DE SANTANA;NORDESTE
01/06/2026;01/06/2026;003355;FEIRA DE SANTANA;012811;FRONTAL VALIDADOR CCIT 4.0 COM MODULO H2-1.;003355;FEIRA DE SANTANA;;TELA QUEBRADA;0;FRA;FEIRA DE SANTANA;NORDESTE
01/06/2026;01/06/2026;003355;FEIRA DE SANTANA;012811;FRONTAL VALIDADOR CCIT 4.0 COM MODULO H2-1.;003355;FEIRA DE SANTANA;SE-81;TROCA DA PLACA;1;FRA;FEIRA DE SANTANA;NORDESTE
01/06/2026;01/06/2026;003355;FEIRA DE SANTANA;012811;FRONTAL VALIDADOR CCIT 4.0 COM MODULO H2-1.;003355;FEIRA DE SANTANA;SE-84;TROCA DO DISPLAY;2;FRA;FEIRA DE SANTANA;NORDESTE
01/06/2026;01/06/2026;003355;FEIRA DE SANTANA;014950;FRONTAL VALIDADOR CCIT 4.0 COM MODULO HJI21;003355;FEIRA DE SANTANA;SE-99;ENVIADO PARA ANALISE;1;FRA;FEIRA DE SANTANA;NORDESTE
01/06/2026;01/06/2026;004492;AUTO OMNIBUS FLORAMA;009509;ARK-VH200A-D5A1E - INTEL ATOM D510 1.66 GHZ FANLESS COMPACT EMBEDDED;004492;AUTO OMNIBUS FLORAMA;SE-03;AJUSTE;1;BHZ;BELO HORIZONTE;SUDESTE
01/06/2026;01/06/2026;004492;AUTO OMNIBUS FLORAMA;009509;ARK-VH200A-D5A1E - INTEL ATOM D510 1.66 GHZ FANLESS COMPACT EMBEDDED;004492;AUTO OMNIBUS FLORAMA;SE-06;ATUALIZACAO DO FW;2;BHZ;BELO HORIZONTE;SUDESTE
01/06/2026;01/06/2026;004492;AUTO OMNIBUS FLORAMA;009509;ARK-VH200A-D5A1E - INTEL ATOM D510 1.66 GHZ FANLESS COMPACT EMBEDDED;004492;AUTO OMNIBUS FLORAMA;SE-07;ATUALIZACAO DO SW;1;BHZ;BELO HORIZONTE;SUDESTE
01/06/2026;01/06/2026;004492;AUTO OMNIBUS FLORAMA;009509;ARK-VH200A-D5A1E - INTEL ATOM D510 1.66 GHZ FANLESS COMPACT EMBEDDED;004492;AUTO OMNIBUS FLORAMA;SE-13;EQUIPAMENTO SUBSTITUIDO;1;BHZ;BELO HORIZONTE;SUDESTE
01/06/2026;01/06/2026;004492;AUTO OMNIBUS FLORAMA;009509;ARK-VH200A-D5A1E - INTEL ATOM D510 1.66 GHZ FANLESS COMPACT EMBEDDED;004492;AUTO OMNIBUS FLORAMA;SE-22;FORMATACAO DO SD CARD;2;BHZ;BELO HORIZONTE;SUDESTE
01/06/2026;01/06/2026;004492;AUTO OMNIBUS FLORAMA;009509;ARK-VH200A-D5A1E - INTEL ATOM D510 1.66 GHZ FANLESS COMPACT EMBEDDED;004492;AUTO OMNIBUS FLORAMA;SE-32;LIMPEZA;1;BHZ;BELO HORIZONTE;SUDESTE
01/06/2026;01/06/2026;004492;AUTO OMNIBUS FLORAMA;009509;ARK-VH200A-D5A1E - INTEL ATOM D510 1.66 GHZ FANLESS COMPACT EMBEDDED;004492;AUTO OMNIBUS FLORAMA;SE-47;RESSOLDA DA PLACA;11;BHZ;BELO HORIZONTE;SUDESTE
01/06/2026;01/06/2026;004492;AUTO OMNIBUS FLORAMA;009509;ARK-VH200A-D5A1E - INTEL ATOM D510 1.66 GHZ FANLESS COMPACT EMBEDDED;004492;AUTO OMNIBUS FLORAMA;SE-48;RESSOLDA DO CIRCUITO;2;BHZ;BELO HORIZONTE;SUDESTE
01/06/2026;01/06/2026;004492;AUTO OMNIBUS FLORAMA;009509;ARK-VH200A-D5A1E - INTEL ATOM D510 1.66 GHZ FANLESS COMPACT EMBEDDED;004492;AUTO OMNIBUS FLORAMA;SE-63;TESTE GPRS OK;18;BHZ;BELO HORIZONTE;SUDESTE
01/06/2026;01/06/2026;004492;AUTO OMNIBUS FLORAMA;009509;ARK-VH200A-D5A1E - INTEL ATOM D510 1.66 GHZ FANLESS COMPACT EMBEDDED;004492;AUTO OMNIBUS FLORAMA;SE-64;TESTE GPS OK;21;BHZ;BELO HORIZONTE;SUDESTE
01/06/2026;01/06/2026;004492;AUTO OMNIBUS FLORAMA;009509;ARK-VH200A-D5A1E - INTEL ATOM D510 1.66 GHZ FANLESS COMPACT EMBEDDED;004492;AUTO OMNIBUS FLORAMA;SE-71;TROCA CABO;3;BHZ;BELO HORIZONTE;SUDESTE
01/06/2026;01/06/2026;004492;AUTO OMNIBUS FLORAMA;009509;ARK-VH200A-D5A1E - INTEL ATOM D510 1.66 GHZ FANLESS COMPACT EMBEDDED;004492;AUTO OMNIBUS FLORAMA;SE-88;TROCA DO MOSFET;1;BHZ;BELO HORIZONTE;SUDESTE
01/06/2026;01/06/2026;004492;AUTO OMNIBUS FLORAMA;009509;ARK-VH200A-D5A1E - INTEL ATOM D510 1.66 GHZ FANLESS COMPACT EMBEDDED;004492;AUTO OMNIBUS FLORAMA;SE-91;TROCA DO REGULADOR;1;BHZ;BELO HORIZONTE;SUDESTE
01/06/2026;01/06/2026;004492;AUTO OMNIBUS FLORAMA;012745;PAINEL DO MOTORISTA MONTADO - DM X200 - COM H3.1 / JI01;004492;AUTO OMNIBUS FLORAMA;SE-06;ATUALIZACAO DO FW;2;BHZ;BELO HORIZONTE;SUDESTE
01/06/2026;01/06/2026;004492;AUTO OMNIBUS FLORAMA;012745;PAINEL DO MOTORISTA MONTADO - DM X200 - COM H3.1 / JI01;004492;AUTO OMNIBUS FLORAMA;SE-73;TROCA CONECTOR;1;BHZ;BELO HORIZONTE;SUDESTE
01/06/2026;01/06/2026;004492;AUTO OMNIBUS FLORAMA;012811;FRONTAL VALIDADOR CCIT 4.0 COM MODULO H2-1.;004492;AUTO OMNIBUS FLORAMA;SE-04;ATUALIZACAO DA LISTA;6;BHZ;BELO HORIZONTE;SUDESTE
01/06/2026;01/06/2026;004492;AUTO OMNIBUS FLORAMA;012811;FRONTAL VALIDADOR CCIT 4.0 COM MODULO H2-1.;004492;AUTO OMNIBUS FLORAMA;SE-05;ATUALIZACAO DATA / HORA;5;BHZ;BELO HORIZONTE;SUDESTE
01/06/2026;01/06/2026;004492;AUTO OMNIBUS FLORAMA;012811;FRONTAL VALIDADOR CCIT 4.0 COM MODULO H2-1.;004492;AUTO OMNIBUS FLORAMA;SE-06;ATUALIZACAO DO FW;1;BHZ;BELO HORIZONTE;SUDESTE
01/06/2026;01/06/2026;004492;AUTO OMNIBUS FLORAMA;012811;FRONTAL VALIDADOR CCIT 4.0 COM MODULO H2-1.;004492;AUTO OMNIBUS FLORAMA;SE-100;TESTE CATRACA;1;BHZ;BELO HORIZONTE;SUDESTE
01/06/2026;01/06/2026;004492;AUTO OMNIBUS FLORAMA;012811;FRONTAL VALIDADOR CCIT 4.0 COM MODULO H2-1.;004492;AUTO OMNIBUS FLORAMA;SE-28;GRAVACAO DO PIC;1;BHZ;BELO HORIZONTE;SUDESTE
01/06/2026;01/06/2026;004492;AUTO OMNIBUS FLORAMA;012811;FRONTAL VALIDADOR CCIT 4.0 COM MODULO H2-1.;004492;AUTO OMNIBUS FLORAMA;SE-32;LIMPEZA;1;BHZ;BELO HORIZONTE;SUDESTE
01/06/2026;01/06/2026;004492;AUTO OMNIBUS FLORAMA;012811;FRONTAL VALIDADOR CCIT 4.0 COM MODULO H2-1.;004492;AUTO OMNIBUS FLORAMA;SE-42;RESSOLDA COMPONENTE;1;BHZ;BELO HORIZONTE;SUDESTE
01/06/2026;01/06/2026;004492;AUTO OMNIBUS FLORAMA;012811;FRONTAL VALIDADOR CCIT 4.0 COM MODULO H2-1.;004492;AUTO OMNIBUS FLORAMA;SE-55;RESTORE DO MODULO;6;BHZ;BELO HORIZONTE;SUDESTE
01/06/2026;01/06/2026;004492;AUTO OMNIBUS FLORAMA;012811;FRONTAL VALIDADOR CCIT 4.0 COM MODULO H2-1.;004492;AUTO OMNIBUS FLORAMA;SE-81;TROCA DA PLACA;1;BHZ;BELO HORIZONTE;SUDESTE
01/06/2026;01/06/2026;004492;AUTO OMNIBUS FLORAMA;012811;FRONTAL VALIDADOR CCIT 4.0 COM MODULO H2-1.;004492;AUTO OMNIBUS FLORAMA;SE-82;TROCA DO CARTAO;1;BHZ;BELO HORIZONTE;SUDESTE
01/06/2026;01/06/2026;004492;AUTO OMNIBUS FLORAMA;012811;FRONTAL VALIDADOR CCIT 4.0 COM MODULO H2-1.;004492;AUTO OMNIBUS FLORAMA;SE-98;GRAVACAO FW;5;BHZ;BELO HORIZONTE;SUDESTE
01/06/2026;01/06/2026;004492;AUTO OMNIBUS FLORAMA;014950;FRONTAL VALIDADOR CCIT 4.0 COM MODULO HJI21;004492;AUTO OMNIBUS FLORAMA;SE-04;ATUALIZACAO DA LISTA;4;BHZ;BELO HORIZONTE;SUDESTE
01/06/2026;01/06/2026;004492;AUTO OMNIBUS FLORAMA;014950;FRONTAL VALIDADOR CCIT 4.0 COM MODULO HJI21;004492;AUTO OMNIBUS FLORAMA;SE-05;ATUALIZACAO DATA / HORA;4;BHZ;BELO HORIZONTE;SUDESTE
01/06/2026;01/06/2026;004492;AUTO OMNIBUS FLORAMA;014950;FRONTAL VALIDADOR CCIT 4.0 COM MODULO HJI21;004492;AUTO OMNIBUS FLORAMA;SE-06;ATUALIZACAO DO FW;1;BHZ;BELO HORIZONTE;SUDESTE
01/06/2026;01/06/2026;004492;AUTO OMNIBUS FLORAMA;014950;FRONTAL VALIDADOR CCIT 4.0 COM MODULO HJI21;004492;AUTO OMNIBUS FLORAMA;SE-100;TESTE CATRACA;2;BHZ;BELO HORIZONTE;SUDESTE
01/06/2026;01/06/2026;004492;AUTO OMNIBUS FLORAMA;014950;FRONTAL VALIDADOR CCIT 4.0 COM MODULO HJI21;004492;AUTO OMNIBUS FLORAMA;SE-42;RESSOLDA COMPONENTE;1;BHZ;BELO HORIZONTE;SUDESTE
01/06/2026;01/06/2026;004492;AUTO OMNIBUS FLORAMA;014950;FRONTAL VALIDADOR CCIT 4.0 COM MODULO HJI21;004492;AUTO OMNIBUS FLORAMA;SE-55;RESTORE DO MODULO;4;BHZ;BELO HORIZONTE;SUDESTE
01/06/2026;01/06/2026;004492;AUTO OMNIBUS FLORAMA;014950;FRONTAL VALIDADOR CCIT 4.0 COM MODULO HJI21;004492;AUTO OMNIBUS FLORAMA;SE-85;TROCA DE COMPONENTE;1;BHZ;BELO HORIZONTE;SUDESTE
01/06/2026;01/06/2026;004492;AUTO OMNIBUS FLORAMA;014950;FRONTAL VALIDADOR CCIT 4.0 COM MODULO HJI21;004492;AUTO OMNIBUS FLORAMA;SE-98;GRAVACAO FW;3;BHZ;BELO HORIZONTE;SUDESTE
01/06/2026;01/06/2026;004492;AUTO OMNIBUS FLORAMA;017030;CAMERA 1MP CMOS 720P COLOR IR DOME PLAST BRANCA 2.8 MM VHD 1120 D G7;004492;AUTO OMNIBUS FLORAMA;SE-12;EQUIPAMENTO SEM REPARO;42;BHZ;BELO HORIZONTE;SUDESTE
01/06/2026;01/06/2026;004492;AUTO OMNIBUS FLORAMA;017046;CAMERA DOME BUSZOOM CVBS 12V CMOS 2.8MM COMUM;004492;AUTO OMNIBUS FLORAMA;SE-12;EQUIPAMENTO SEM REPARO;19;BHZ;BELO HORIZONTE;SUDESTE
01/06/2026;01/06/2026;004492;AUTO OMNIBUS FLORAMA;021353;PAINEL DE MOTORISTA DM X500L H5                .;004492;AUTO OMNIBUS FLORAMA;SE-06;ATUALIZACAO DO FW;25;BHZ;BELO HORIZONTE;SUDESTE
01/06/2026;01/06/2026;004492;AUTO OMNIBUS FLORAMA;021353;PAINEL DE MOTORISTA DM X500L H5                .;004492;AUTO OMNIBUS FLORAMA;SE-11;DEFEITO NAO ENCONTRADO;3;BHZ;BELO HORIZONTE;SUDESTE
01/06/2026;01/06/2026;004492;AUTO OMNIBUS FLORAMA;021353;PAINEL DE MOTORISTA DM X500L H5                .;004492;AUTO OMNIBUS FLORAMA;SE-12;EQUIPAMENTO SEM REPARO;2;BHZ;BELO HORIZONTE;SUDESTE
01/06/2026;01/06/2026;004492;AUTO OMNIBUS FLORAMA;021353;PAINEL DE MOTORISTA DM X500L H5                .;004492;AUTO OMNIBUS FLORAMA;SE-32;LIMPEZA;5;BHZ;BELO HORIZONTE;SUDESTE
01/06/2026;01/06/2026;004492;AUTO OMNIBUS FLORAMA;021353;PAINEL DE MOTORISTA DM X500L H5                .;004492;AUTO OMNIBUS FLORAMA;SE-42;RESSOLDA COMPONENTE;1;BHZ;BELO HORIZONTE;SUDESTE
01/06/2026;01/06/2026;004492;AUTO OMNIBUS FLORAMA;021353;PAINEL DE MOTORISTA DM X500L H5                .;004492;AUTO OMNIBUS FLORAMA;SE-43;RESSOLDA ANTENA;8;BHZ;BELO HORIZONTE;SUDESTE
01/06/2026;01/06/2026;004492;AUTO OMNIBUS FLORAMA;021353;PAINEL DE MOTORISTA DM X500L H5                .;004492;AUTO OMNIBUS FLORAMA;SE-64;TESTE GPS OK;1;BHZ;BELO HORIZONTE;SUDESTE
01/06/2026;01/06/2026;004492;AUTO OMNIBUS FLORAMA;021353;PAINEL DE MOTORISTA DM X500L H5                .;004492;AUTO OMNIBUS FLORAMA;SE-69;TROCA EQUIPAMENTO;1;BHZ;BELO HORIZONTE;SUDESTE
01/06/2026;01/06/2026;004492;AUTO OMNIBUS FLORAMA;021427;CAMERA DOME PLAST FULLCOLOR 1080P 2.8MM 20;004492;AUTO OMNIBUS FLORAMA;SE-12;EQUIPAMENTO SEM REPARO;3;BHZ;BELO HORIZONTE;SUDESTE
01/06/2026;01/06/2026;004492;AUTO OMNIBUS FLORAMA;021578;CAMERA DOME METAL CVBS BNC 2.1MM LENS HXT-B204;004492;AUTO OMNIBUS FLORAMA;SE-12;EQUIPAMENTO SEM REPARO;2;BHZ;BELO HORIZONTE;SUDESTE
01/06/2026;01/06/2026;011431;SINDPAUTRAS;012806;BASE FIXA VALIDADOR CCIT 4.0 ENTRADA DE 24V;011431;SINDPAUTRAS;SE-06;ATUALIZACAO DO FW;6;SUP;SINDIPAUTRAS;SUDESTE
01/06/2026;01/06/2026;011431;SINDPAUTRAS;012806;BASE FIXA VALIDADOR CCIT 4.0 ENTRADA DE 24V;011431;SINDPAUTRAS;SE-36;MODIFICACAO CIRCUITO DE CATRAC;1;SUP;SINDIPAUTRAS;SUDESTE
01/06/2026;01/06/2026;011431;SINDPAUTRAS;012806;BASE FIXA VALIDADOR CCIT 4.0 ENTRADA DE 24V;011431;SINDPAUTRAS;SE-47;RESSOLDA DA PLACA;1;SUP;SINDIPAUTRAS;SUDESTE
01/06/2026;01/06/2026;011431;SINDPAUTRAS;012811;FRONTAL VALIDADOR CCIT 4.0 COM MODULO H2-1.;011431;SINDPAUTRAS;SE-04;ATUALIZACAO DA LISTA;93;SUP;SINDIPAUTRAS;SUDESTE
01/06/2026;01/06/2026;011431;SINDPAUTRAS;012811;FRONTAL VALIDADOR CCIT 4.0 COM MODULO H2-1.;011431;SINDPAUTRAS;SE-27;GRAVACAO DO BOOTLOADER;92;SUP;SINDIPAUTRAS;SUDESTE
01/06/2026;01/06/2026;011431;SINDPAUTRAS;012811;FRONTAL VALIDADOR CCIT 4.0 COM MODULO H2-1.;011431;SINDPAUTRAS;SE-32;LIMPEZA;1;SUP;SINDIPAUTRAS;SUDESTE
01/06/2026;01/06/2026;011431;SINDPAUTRAS;012811;FRONTAL VALIDADOR CCIT 4.0 COM MODULO H2-1.;011431;SINDPAUTRAS;SE-55;RESTORE DO MODULO;93;SUP;SINDIPAUTRAS;SUDESTE
01/06/2026;01/06/2026;011431;SINDPAUTRAS;012811;FRONTAL VALIDADOR CCIT 4.0 COM MODULO H2-1.;011431;SINDPAUTRAS;SE-76;TROCA DA CARCACA INFERIOR;4;SUP;SINDIPAUTRAS;SUDESTE
01/06/2026;01/06/2026;011431;SINDPAUTRAS;012811;FRONTAL VALIDADOR CCIT 4.0 COM MODULO H2-1.;011431;SINDPAUTRAS;SE-84;TROCA DO DISPLAY;4;SUP;SINDIPAUTRAS;SUDESTE
01/06/2026;01/06/2026;011431;SINDPAUTRAS;012811;FRONTAL VALIDADOR CCIT 4.0 COM MODULO H2-1.;011431;SINDPAUTRAS;SE-85;TROCA DE COMPONENTE;1;SUP;SINDIPAUTRAS;SUDESTE
01/06/2026;01/06/2026;011431;SINDPAUTRAS;012811;FRONTAL VALIDADOR CCIT 4.0 COM MODULO H2-1.;011431;SINDPAUTRAS;SE-95;TROCA TOUCHSCREEN;4;SUP;SINDIPAUTRAS;SUDESTE
01/06/2026;01/06/2026;011431;SINDPAUTRAS;012811;FRONTAL VALIDADOR CCIT 4.0 COM MODULO H2-1.;011431;SINDPAUTRAS;SE-98;GRAVACAO FW;1;SUP;SINDIPAUTRAS;SUDESTE
01/06/2026;01/06/2026;011431;SINDPAUTRAS;014950;FRONTAL VALIDADOR CCIT 4.0 COM MODULO HJI21;011431;SINDPAUTRAS;SE-04;ATUALIZACAO DA LISTA;23;SUP;SINDIPAUTRAS;SUDESTE
01/06/2026;01/06/2026;011431;SINDPAUTRAS;014950;FRONTAL VALIDADOR CCIT 4.0 COM MODULO HJI21;011431;SINDPAUTRAS;SE-05;ATUALIZACAO DATA / HORA;1;SUP;SINDIPAUTRAS;SUDESTE
01/06/2026;01/06/2026;011431;SINDPAUTRAS;014950;FRONTAL VALIDADOR CCIT 4.0 COM MODULO HJI21;011431;SINDPAUTRAS;SE-06;ATUALIZACAO DO FW;2;SUP;SINDIPAUTRAS;SUDESTE
01/06/2026;01/06/2026;011431;SINDPAUTRAS;014950;FRONTAL VALIDADOR CCIT 4.0 COM MODULO HJI21;011431;SINDPAUTRAS;SE-100;TESTE CATRACA;1;SUP;SINDIPAUTRAS;SUDESTE
01/06/2026;01/06/2026;011431;SINDPAUTRAS;014950;FRONTAL VALIDADOR CCIT 4.0 COM MODULO HJI21;011431;SINDPAUTRAS;SE-27;GRAVACAO DO BOOTLOADER;22;SUP;SINDIPAUTRAS;SUDESTE
01/06/2026;01/06/2026;011431;SINDPAUTRAS;014950;FRONTAL VALIDADOR CCIT 4.0 COM MODULO HJI21;011431;SINDPAUTRAS;SE-55;RESTORE DO MODULO;23;SUP;SINDIPAUTRAS;SUDESTE
01/06/2026;01/06/2026;011431;SINDPAUTRAS;014950;FRONTAL VALIDADOR CCIT 4.0 COM MODULO HJI21;011431;SINDPAUTRAS;SE-84;TROCA DO DISPLAY;1;SUP;SINDIPAUTRAS;SUDESTE
01/06/2026;01/06/2026;012305;PLENA TRANSPORTES E;009509;ARK-VH200A-D5A1E - INTEL ATOM D510 1.66 GHZ FANLESS COMPACT EMBEDDED;012305;PLENA TRANSPORTES E;SE-07;ATUALIZACAO DO SW;5;BHZ;BELO HORIZONTE;SUDESTE
01/06/2026;01/06/2026;012305;PLENA TRANSPORTES E;009509;ARK-VH200A-D5A1E - INTEL ATOM D510 1.66 GHZ FANLESS COMPACT EMBEDDED;012305;PLENA TRANSPORTES E;SE-32;LIMPEZA;5;BHZ;BELO HORIZONTE;SUDESTE
01/06/2026;01/06/2026;012305;PLENA TRANSPORTES E;009509;ARK-VH200A-D5A1E - INTEL ATOM D510 1.66 GHZ FANLESS COMPACT EMBEDDED;012305;PLENA TRANSPORTES E;SE-47;RESSOLDA DA PLACA;5;BHZ;BELO HORIZONTE;SUDESTE
01/06/2026;01/06/2026;012305;PLENA TRANSPORTES E;009509;ARK-VH200A-D5A1E - INTEL ATOM D510 1.66 GHZ FANLESS COMPACT EMBEDDED;012305;PLENA TRANSPORTES E;SE-63;TESTE GPRS OK;3;BHZ;BELO HORIZONTE;SUDESTE
01/06/2026;01/06/2026;012305;PLENA TRANSPORTES E;009509;ARK-VH200A-D5A1E - INTEL ATOM D510 1.66 GHZ FANLESS COMPACT EMBEDDED;012305;PLENA TRANSPORTES E;SE-64;TESTE GPS OK;5;BHZ;BELO HORIZONTE;SUDESTE
01/06/2026;01/06/2026;012305;PLENA TRANSPORTES E;010219;CONVERSOR 24-12V FT-CAM.;012305;PLENA TRANSPORTES E;SE-73;TROCA CONECTOR;2;BHZ;BELO HORIZONTE;SUDESTE
01/06/2026;01/06/2026;012305;PLENA TRANSPORTES E;010972;UNIDADE DE PROCESSAMENTO EXTERNA - UPEX V3000M - COM DVR  .;012305;PLENA TRANSPORTES E;SE-22;FORMATACAO DO SD CARD;1;BHZ;BELO HORIZONTE;SUDESTE
01/06/2026;01/06/2026;012305;PLENA TRANSPORTES E;010972;UNIDADE DE PROCESSAMENTO EXTERNA - UPEX V3000M - COM DVR  .;012305;PLENA TRANSPORTES E;SE-82;TROCA DO CARTAO;2;BHZ;BELO HORIZONTE;SUDESTE
01/06/2026;01/06/2026;012305;PLENA TRANSPORTES E;010972;UNIDADE DE PROCESSAMENTO EXTERNA - UPEX V3000M - COM DVR  .;012305;PLENA TRANSPORTES E;SE-85;TROCA DE COMPONENTE;2;BHZ;BELO HORIZONTE;SUDESTE
01/06/2026;01/06/2026;012305;PLENA TRANSPORTES E;012811;FRONTAL VALIDADOR CCIT 4.0 COM MODULO H2-1.;012305;PLENA TRANSPORTES E;SE-04;ATUALIZACAO DA LISTA;6;BHZ;BELO HORIZONTE;SUDESTE
01/06/2026;01/06/2026;012305;PLENA TRANSPORTES E;012811;FRONTAL VALIDADOR CCIT 4.0 COM MODULO H2-1.;012305;PLENA TRANSPORTES E;SE-05;ATUALIZACAO DATA / HORA;3;BHZ;BELO HORIZONTE;SUDESTE
01/06/2026;01/06/2026;012305;PLENA TRANSPORTES E;012811;FRONTAL VALIDADOR CCIT 4.0 COM MODULO H2-1.;012305;PLENA TRANSPORTES E;SE-06;ATUALIZACAO DO FW;2;BHZ;BELO HORIZONTE;SUDESTE
01/06/2026;01/06/2026;012305;PLENA TRANSPORTES E;012811;FRONTAL VALIDADOR CCIT 4.0 COM MODULO H2-1.;012305;PLENA TRANSPORTES E;SE-100;TESTE CATRACA;2;BHZ;BELO HORIZONTE;SUDESTE
01/06/2026;01/06/2026;012305;PLENA TRANSPORTES E;012811;FRONTAL VALIDADOR CCIT 4.0 COM MODULO H2-1.;012305;PLENA TRANSPORTES E;SE-32;LIMPEZA;3;BHZ;BELO HORIZONTE;SUDESTE
01/06/2026;01/06/2026;012305;PLENA TRANSPORTES E;012811;FRONTAL VALIDADOR CCIT 4.0 COM MODULO H2-1.;012305;PLENA TRANSPORTES E;SE-55;RESTORE DO MODULO;6;BHZ;BELO HORIZONTE;SUDESTE
01/06/2026;01/06/2026;012305;PLENA TRANSPORTES E;012811;FRONTAL VALIDADOR CCIT 4.0 COM MODULO H2-1.;012305;PLENA TRANSPORTES E;SE-84;TROCA DO DISPLAY;1;BHZ;BELO HORIZONTE;SUDESTE
01/06/2026;01/06/2026;012305;PLENA TRANSPORTES E;012811;FRONTAL VALIDADOR CCIT 4.0 COM MODULO H2-1.;012305;PLENA TRANSPORTES E;SE-85;TROCA DE COMPONENTE;2;BHZ;BELO HORIZONTE;SUDESTE
01/06/2026;01/06/2026;012305;PLENA TRANSPORTES E;012811;FRONTAL VALIDADOR CCIT 4.0 COM MODULO H2-1.;012305;PLENA TRANSPORTES E;SE-87;TROCA DO MODULO;1;BHZ;BELO HORIZONTE;SUDESTE
01/06/2026;01/06/2026;012305;PLENA TRANSPORTES E;012811;FRONTAL VALIDADOR CCIT 4.0 COM MODULO H2-1.;012305;PLENA TRANSPORTES E;SE-98;GRAVACAO FW;4;BHZ;BELO HORIZONTE;SUDESTE
01/06/2026;01/06/2026;012305;PLENA TRANSPORTES E;014950;FRONTAL VALIDADOR CCIT 4.0 COM MODULO HJI21;012305;PLENA TRANSPORTES E;SE-04;ATUALIZACAO DA LISTA;1;BHZ;BELO HORIZONTE;SUDESTE
01/06/2026;01/06/2026;012305;PLENA TRANSPORTES E;014950;FRONTAL VALIDADOR CCIT 4.0 COM MODULO HJI21;012305;PLENA TRANSPORTES E;SE-05;ATUALIZACAO DATA / HORA;1;BHZ;BELO HORIZONTE;SUDESTE
01/06/2026;01/06/2026;012305;PLENA TRANSPORTES E;014950;FRONTAL VALIDADOR CCIT 4.0 COM MODULO HJI21;012305;PLENA TRANSPORTES E;SE-06;ATUALIZACAO DO FW;1;BHZ;BELO HORIZONTE;SUDESTE
01/06/2026;01/06/2026;012305;PLENA TRANSPORTES E;014950;FRONTAL VALIDADOR CCIT 4.0 COM MODULO HJI21;012305;PLENA TRANSPORTES E;SE-100;TESTE CATRACA;1;BHZ;BELO HORIZONTE;SUDESTE
01/06/2026;01/06/2026;012305;PLENA TRANSPORTES E;014950;FRONTAL VALIDADOR CCIT 4.0 COM MODULO HJI21;012305;PLENA TRANSPORTES E;SE-31;JUMPER;1;BHZ;BELO HORIZONTE;SUDESTE
01/06/2026;01/06/2026;012305;PLENA TRANSPORTES E;014950;FRONTAL VALIDADOR CCIT 4.0 COM MODULO HJI21;012305;PLENA TRANSPORTES E;SE-55;RESTORE DO MODULO;1;BHZ;BELO HORIZONTE;SUDESTE
01/06/2026;01/06/2026;012305;PLENA TRANSPORTES E;017030;CAMERA 1MP CMOS 720P COLOR IR DOME PLAST BRANCA 2.8 MM VHD 1120 D G7;012305;PLENA TRANSPORTES E;SE-12;EQUIPAMENTO SEM REPARO;11;BHZ;BELO HORIZONTE;SUDESTE
01/06/2026;01/06/2026;012305;PLENA TRANSPORTES E;017046;CAMERA DOME BUSZOOM CVBS 12V CMOS 2.8MM COMUM;012305;PLENA TRANSPORTES E;SE-12;EQUIPAMENTO SEM REPARO;9;BHZ;BELO HORIZONTE;SUDESTE
01/06/2026;01/06/2026;012305;PLENA TRANSPORTES E;021353;PAINEL DE MOTORISTA DM X500L H5                .;012305;PLENA TRANSPORTES E;SE-00;MAO DE OBRA;1;BHZ;BELO HORIZONTE;SUDESTE
01/06/2026;01/06/2026;012305;PLENA TRANSPORTES E;021353;PAINEL DE MOTORISTA DM X500L H5                .;012305;PLENA TRANSPORTES E;SE-06;ATUALIZACAO DO FW;16;BHZ;BELO HORIZONTE;SUDESTE
01/06/2026;01/06/2026;012305;PLENA TRANSPORTES E;021353;PAINEL DE MOTORISTA DM X500L H5                .;012305;PLENA TRANSPORTES E;SE-11;DEFEITO NAO ENCONTRADO;1;BHZ;BELO HORIZONTE;SUDESTE
01/06/2026;01/06/2026;012305;PLENA TRANSPORTES E;021353;PAINEL DE MOTORISTA DM X500L H5                .;012305;PLENA TRANSPORTES E;SE-32;LIMPEZA;5;BHZ;BELO HORIZONTE;SUDESTE
01/06/2026;01/06/2026;012305;PLENA TRANSPORTES E;021353;PAINEL DE MOTORISTA DM X500L H5                .;012305;PLENA TRANSPORTES E;SE-43;RESSOLDA ANTENA;1;BHZ;BELO HORIZONTE;SUDESTE
01/06/2026;01/06/2026;012305;PLENA TRANSPORTES E;021353;PAINEL DE MOTORISTA DM X500L H5                .;012305;PLENA TRANSPORTES E;SE-96;TROCA DE VIDRO;1;BHZ;BELO HORIZONTE;SUDESTE
01/06/2026;01/06/2026;012575;TRANS OESTE;009509;ARK-VH200A-D5A1E - INTEL ATOM D510 1.66 GHZ FANLESS COMPACT EMBEDDED;012575;TRANS OESTE;SE-06;ATUALIZACAO DO FW;14;BHZ;BELO HORIZONTE;SUDESTE
01/06/2026;01/06/2026;012575;TRANS OESTE;009509;ARK-VH200A-D5A1E - INTEL ATOM D510 1.66 GHZ FANLESS COMPACT EMBEDDED;012575;TRANS OESTE;SE-07;ATUALIZACAO DO SW;4;BHZ;BELO HORIZONTE;SUDESTE
01/06/2026;01/06/2026;012575;TRANS OESTE;009509;ARK-VH200A-D5A1E - INTEL ATOM D510 1.66 GHZ FANLESS COMPACT EMBEDDED;012575;TRANS OESTE;SE-32;LIMPEZA;3;BHZ;BELO HORIZONTE;SUDESTE
01/06/2026;01/06/2026;012575;TRANS OESTE;009509;ARK-VH200A-D5A1E - INTEL ATOM D510 1.66 GHZ FANLESS COMPACT EMBEDDED;012575;TRANS OESTE;SE-42;RESSOLDA COMPONENTE;2;BHZ;BELO HORIZONTE;SUDESTE
01/06/2026;01/06/2026;012575;TRANS OESTE;009509;ARK-VH200A-D5A1E - INTEL ATOM D510 1.66 GHZ FANLESS COMPACT EMBEDDED;012575;TRANS OESTE;SE-47;RESSOLDA DA PLACA;15;BHZ;BELO HORIZONTE;SUDESTE
01/06/2026;01/06/2026;012575;TRANS OESTE;009509;ARK-VH200A-D5A1E - INTEL ATOM D510 1.66 GHZ FANLESS COMPACT EMBEDDED;012575;TRANS OESTE;SE-48;RESSOLDA DO CIRCUITO;1;BHZ;BELO HORIZONTE;SUDESTE
01/06/2026;01/06/2026;012575;TRANS OESTE;009509;ARK-VH200A-D5A1E - INTEL ATOM D510 1.66 GHZ FANLESS COMPACT EMBEDDED;012575;TRANS OESTE;SE-63;TESTE GPRS OK;18;BHZ;BELO HORIZONTE;SUDESTE
01/06/2026;01/06/2026;012575;TRANS OESTE;009509;ARK-VH200A-D5A1E - INTEL ATOM D510 1.66 GHZ FANLESS COMPACT EMBEDDED;012575;TRANS OESTE;SE-64;TESTE GPS OK;20;BHZ;BELO HORIZONTE;SUDESTE
01/06/2026;01/06/2026;012575;TRANS OESTE;009509;ARK-VH200A-D5A1E - INTEL ATOM D510 1.66 GHZ FANLESS COMPACT EMBEDDED;012575;TRANS OESTE;SE-71;TROCA CABO;1;BHZ;BELO HORIZONTE;SUDESTE
01/06/2026;01/06/2026;012575;TRANS OESTE;009509;ARK-VH200A-D5A1E - INTEL ATOM D510 1.66 GHZ FANLESS COMPACT EMBEDDED;012575;TRANS OESTE;SE-73;TROCA CONECTOR;2;BHZ;BELO HORIZONTE;SUDESTE
01/06/2026;01/06/2026;012575;TRANS OESTE;009509;ARK-VH200A-D5A1E - INTEL ATOM D510 1.66 GHZ FANLESS COMPACT EMBEDDED;012575;TRANS OESTE;SE-81;TROCA DA PLACA;2;BHZ;BELO HORIZONTE;SUDESTE
01/06/2026;01/06/2026;012575;TRANS OESTE;009509;ARK-VH200A-D5A1E - INTEL ATOM D510 1.66 GHZ FANLESS COMPACT EMBEDDED;012575;TRANS OESTE;SE-85;TROCA DE COMPONENTE;2;BHZ;BELO HORIZONTE;SUDESTE
01/06/2026;01/06/2026;012575;TRANS OESTE;009509;ARK-VH200A-D5A1E - INTEL ATOM D510 1.66 GHZ FANLESS COMPACT EMBEDDED;012575;TRANS OESTE;SE-91;TROCA DO REGULADOR;1;BHZ;BELO HORIZONTE;SUDESTE
01/06/2026;01/06/2026;012575;TRANS OESTE;012811;FRONTAL VALIDADOR CCIT 4.0 COM MODULO H2-1.;012575;TRANS OESTE;SE-00;MAO DE OBRA;1;BHZ;BELO HORIZONTE;SUDESTE
01/06/2026;01/06/2026;012575;TRANS OESTE;012811;FRONTAL VALIDADOR CCIT 4.0 COM MODULO H2-1.;012575;TRANS OESTE;SE-04;ATUALIZACAO DA LISTA;3;BHZ;BELO HORIZONTE;SUDESTE
01/06/2026;01/06/2026;012575;TRANS OESTE;012811;FRONTAL VALIDADOR CCIT 4.0 COM MODULO H2-1.;012575;TRANS OESTE;SE-05;ATUALIZACAO DATA / HORA;2;BHZ;BELO HORIZONTE;SUDESTE
01/06/2026;01/06/2026;012575;TRANS OESTE;012811;FRONTAL VALIDADOR CCIT 4.0 COM MODULO H2-1.;012575;TRANS OESTE;SE-06;ATUALIZACAO DO FW;1;BHZ;BELO HORIZONTE;SUDESTE
01/06/2026;01/06/2026;012575;TRANS OESTE;012811;FRONTAL VALIDADOR CCIT 4.0 COM MODULO H2-1.;012575;TRANS OESTE;SE-100;TESTE CATRACA;1;BHZ;BELO HORIZONTE;SUDESTE
01/06/2026;01/06/2026;012575;TRANS OESTE;012811;FRONTAL VALIDADOR CCIT 4.0 COM MODULO H2-1.;012575;TRANS OESTE;SE-27;GRAVACAO DO BOOTLOADER;1;BHZ;BELO HORIZONTE;SUDESTE
01/06/2026;01/06/2026;012575;TRANS OESTE;012811;FRONTAL VALIDADOR CCIT 4.0 COM MODULO H2-1.;012575;TRANS OESTE;SE-32;LIMPEZA;1;BHZ;BELO HORIZONTE;SUDESTE
01/06/2026;01/06/2026;012575;TRANS OESTE;012811;FRONTAL VALIDADOR CCIT 4.0 COM MODULO H2-1.;012575;TRANS OESTE;SE-55;RESTORE DO MODULO;3;BHZ;BELO HORIZONTE;SUDESTE
01/06/2026;01/06/2026;012575;TRANS OESTE;012811;FRONTAL VALIDADOR CCIT 4.0 COM MODULO H2-1.;012575;TRANS OESTE;SE-85;TROCA DE COMPONENTE;1;BHZ;BELO HORIZONTE;SUDESTE
01/06/2026;01/06/2026;012575;TRANS OESTE;012811;FRONTAL VALIDADOR CCIT 4.0 COM MODULO H2-1.;012575;TRANS OESTE;SE-87;TROCA DO MODULO;1;BHZ;BELO HORIZONTE;SUDESTE
01/06/2026;01/06/2026;012575;TRANS OESTE;012811;FRONTAL VALIDADOR CCIT 4.0 COM MODULO H2-1.;012575;TRANS OESTE;SE-95;TROCA TOUCHSCREEN;1;BHZ;BELO HORIZONTE;SUDESTE
01/06/2026;01/06/2026;012575;TRANS OESTE;012811;FRONTAL VALIDADOR CCIT 4.0 COM MODULO H2-1.;012575;TRANS OESTE;SE-96;TROCA DE VIDRO;1;BHZ;BELO HORIZONTE;SUDESTE
01/06/2026;01/06/2026;012575;TRANS OESTE;012811;FRONTAL VALIDADOR CCIT 4.0 COM MODULO H2-1.;012575;TRANS OESTE;SE-98;GRAVACAO FW;1;BHZ;BELO HORIZONTE;SUDESTE
01/06/2026;01/06/2026;012575;TRANS OESTE;017046;CAMERA DOME BUSZOOM CVBS 12V CMOS 2.8MM COMUM;012575;TRANS OESTE;SE-12;EQUIPAMENTO SEM REPARO;1;BHZ;BELO HORIZONTE;SUDESTE
01/06/2026;01/06/2026;012575;TRANS OESTE;021353;PAINEL DE MOTORISTA DM X500L H5                .;012575;TRANS OESTE;SE-06;ATUALIZACAO DO FW;16;BHZ;BELO HORIZONTE;SUDESTE
01/06/2026;01/06/2026;012575;TRANS OESTE;021353;PAINEL DE MOTORISTA DM X500L H5                .;012575;TRANS OESTE;SE-32;LIMPEZA;7;BHZ;BELO HORIZONTE;SUDESTE
01/06/2026;01/06/2026;012575;TRANS OESTE;021353;PAINEL DE MOTORISTA DM X500L H5                .;012575;TRANS OESTE;SE-43;RESSOLDA ANTENA;2;BHZ;BELO HORIZONTE;SUDESTE
01/06/2026;01/06/2026;012575;TRANS OESTE;021353;PAINEL DE MOTORISTA DM X500L H5                .;012575;TRANS OESTE;SE-64;TESTE GPS OK;1;BHZ;BELO HORIZONTE;SUDESTE
01/06/2026;01/06/2026;012956;METROFOR;011774;PLACA DE CI  MONTADA CONTROL GATE REV1 GATE TACOM;012956;METROFOR;SE-85;TROCA DE COMPONENTE;1;CE;CEARA;NORDESTE
01/06/2026;01/06/2026;012956;METROFOR;012059;CCIT PARA GATE TACOM                    .;012956;METROFOR;SE-55;RESTORE DO MODULO;1;CE;CEARA;NORDESTE
01/06/2026;01/06/2026;012956;METROFOR;012059;CCIT PARA GATE TACOM                    .;012956;METROFOR;SE-75;TROCA DA BATERIA;15;CE;CEARA;NORDESTE
01/06/2026;01/06/2026;012956;METROFOR;012059;CCIT PARA GATE TACOM                    .;012956;METROFOR;SE-95;TROCA TOUCHSCREEN;1;CE;CEARA;NORDESTE
01/06/2026;01/06/2026;012956;METROFOR;013827;EQUIPAMENTO PDV 6.0 TACOM    .;012956;METROFOR;SE-85;TROCA DE COMPONENTE;1;CE;CEARA;NORDESTE
01/06/2026;01/06/2026;013089;VIANEL TRANSPORTES L;010972;UNIDADE DE PROCESSAMENTO EXTERNA - UPEX V3000M - COM DVR  .;013089;VIANEL TRANSPORTES L;SE-22;FORMATACAO DO SD CARD;3;BHZ;BELO HORIZONTE;SUDESTE
01/06/2026;01/06/2026;013089;VIANEL TRANSPORTES L;010972;UNIDADE DE PROCESSAMENTO EXTERNA - UPEX V3000M - COM DVR  .;013089;VIANEL TRANSPORTES L;SE-85;TROCA DE COMPONENTE;2;BHZ;BELO HORIZONTE;SUDESTE
01/06/2026;01/06/2026;013089;VIANEL TRANSPORTES L;014115;PAINEL DO MOTORISTA MONTADO - DM X200L - COM HJI21;013089;VIANEL TRANSPORTES L;SE-06;ATUALIZACAO DO FW;4;BHZ;BELO HORIZONTE;SUDESTE
01/06/2026;01/06/2026;013089;VIANEL TRANSPORTES L;014115;PAINEL DO MOTORISTA MONTADO - DM X200L - COM HJI21;013089;VIANEL TRANSPORTES L;SE-81;TROCA DA PLACA;1;BHZ;BELO HORIZONTE;SUDESTE
01/06/2026;01/06/2026;013089;VIANEL TRANSPORTES L;014115;PAINEL DO MOTORISTA MONTADO - DM X200L - COM HJI21;013089;VIANEL TRANSPORTES L;SE-95;TROCA TOUCHSCREEN;1;BHZ;BELO HORIZONTE;SUDESTE
01/06/2026;01/06/2026;013221;TAGUATUR - TAG;012811;FRONTAL VALIDADOR CCIT 4.0 COM MODULO H2-1.;013221;TAGUATUR - TAG;SE-27;GRAVACAO DO BOOTLOADER;5;BSB;BRASILIA;BRASILIA
01/06/2026;01/06/2026;013221;TAGUATUR - TAG;012811;FRONTAL VALIDADOR CCIT 4.0 COM MODULO H2-1.;013221;TAGUATUR - TAG;SE-37;MODULO REAPROVEITADO;2;BSB;BRASILIA;BRASILIA
01/06/2026;01/06/2026;013221;TAGUATUR - TAG;012812;BASE FIXA VALIDADOR CCIT 4.0 ENTRADA DE 12V     .;013221;TAGUATUR - TAG;SE-27;GRAVACAO DO BOOTLOADER;5;BSB;BRASILIA;BRASILIA
01/06/2026;01/06/2026;013221;TAGUATUR - TAG;012812;BASE FIXA VALIDADOR CCIT 4.0 ENTRADA DE 12V     .;013221;TAGUATUR - TAG;SE-36;MODIFICACAO CIRCUITO DE CATRAC;1;BSB;BRASILIA;BRASILIA
01/06/2026;01/06/2026;013221;TAGUATUR - TAG;014115;PAINEL DO MOTORISTA MONTADO - DM X200L - COM HJI21;013221;TAGUATUR - TAG;SE-06;ATUALIZACAO DO FW;14;BSB;BRASILIA;BRASILIA
01/06/2026;01/06/2026;013221;TAGUATUR - TAG;014115;PAINEL DO MOTORISTA MONTADO - DM X200L - COM HJI21;013221;TAGUATUR - TAG;SE-42;RESSOLDA COMPONENTE;3;BSB;BRASILIA;BRASILIA
01/06/2026;01/06/2026;013221;TAGUATUR - TAG;014235;FONTE FT-DMX200 MONTADA USB 180 GRAUS;013221;TAGUATUR - TAG;SE-85;TROCA DE COMPONENTE;16;BSB;BRASILIA;BRASILIA
01/06/2026;01/06/2026;013221;TAGUATUR - TAG;014950;FRONTAL VALIDADOR CCIT 4.0 COM MODULO HJI21;013221;TAGUATUR - TAG;SE-27;GRAVACAO DO BOOTLOADER;4;BSB;BRASILIA;BRASILIA
01/06/2026;01/06/2026;013221;TAGUATUR - TAG;014950;FRONTAL VALIDADOR CCIT 4.0 COM MODULO HJI21;013221;TAGUATUR - TAG;SE-84;TROCA DO DISPLAY;2;BSB;BRASILIA;BRASILIA
01/06/2026;01/06/2026;013222;UTB UNIAO TRANSPORTE;012811;FRONTAL VALIDADOR CCIT 4.0 COM MODULO H2-1.;013222;UTB UNIAO TRANSPORTE;SE-27;GRAVACAO DO BOOTLOADER;19;UTB;UTB;BRASILIA
01/06/2026;01/06/2026;013222;UTB UNIAO TRANSPORTE;012811;FRONTAL VALIDADOR CCIT 4.0 COM MODULO H2-1.;013222;UTB UNIAO TRANSPORTE;SE-84;TROCA DO DISPLAY;6;UTB;UTB;BRASILIA
01/06/2026;01/06/2026;013222;UTB UNIAO TRANSPORTE;012812;BASE FIXA VALIDADOR CCIT 4.0 ENTRADA DE 12V     .;013222;UTB UNIAO TRANSPORTE;SE-27;GRAVACAO DO BOOTLOADER;3;UTB;UTB;BRASILIA
01/06/2026;01/06/2026;013222;UTB UNIAO TRANSPORTE;012812;BASE FIXA VALIDADOR CCIT 4.0 ENTRADA DE 12V     .;013222;UTB UNIAO TRANSPORTE;SE-36;MODIFICACAO CIRCUITO DE CATRAC;2;UTB;UTB;BRASILIA
01/06/2026;01/06/2026;013222;UTB UNIAO TRANSPORTE;012812;BASE FIXA VALIDADOR CCIT 4.0 ENTRADA DE 12V     .;013222;UTB UNIAO TRANSPORTE;SE-47;RESSOLDA DA PLACA;3;UTB;UTB;BRASILIA
01/06/2026;01/06/2026;013222;UTB UNIAO TRANSPORTE;012812;BASE FIXA VALIDADOR CCIT 4.0 ENTRADA DE 12V     .;013222;UTB UNIAO TRANSPORTE;SE-85;TROCA DE COMPONENTE;1;UTB;UTB;BRASILIA
01/06/2026;01/06/2026;013222;UTB UNIAO TRANSPORTE;014115;PAINEL DO MOTORISTA MONTADO - DM X200L - COM HJI21;013222;UTB UNIAO TRANSPORTE;SE-06;ATUALIZACAO DO FW;18;UTB;UTB;BRASILIA
01/06/2026;01/06/2026;013222;UTB UNIAO TRANSPORTE;014115;PAINEL DO MOTORISTA MONTADO - DM X200L - COM HJI21;013222;UTB UNIAO TRANSPORTE;SE-11;DEFEITO NAO ENCONTRADO;1;UTB;UTB;BRASILIA
01/06/2026;01/06/2026;013222;UTB UNIAO TRANSPORTE;014950;FRONTAL VALIDADOR CCIT 4.0 COM MODULO HJI21;013222;UTB UNIAO TRANSPORTE;SE-27;GRAVACAO DO BOOTLOADER;1;UTB;UTB;BRASILIA
01/06/2026;01/06/2026;013363;SAO JORGE AUTO ONIBU;012806;BASE FIXA VALIDADOR CCIT 4.0 ENTRADA DE 24V;013363;SAO JORGE AUTO ONIBU;SE-06;ATUALIZACAO DO FW;1;PNV;PONTE NOVA;SUDESTE
01/06/2026;01/06/2026;013363;SAO JORGE AUTO ONIBU;014115;PAINEL DO MOTORISTA MONTADO - DM X200L - COM HJI21;013363;SAO JORGE AUTO ONIBU;SE-06;ATUALIZACAO DO FW;7;PNV;PONTE NOVA;SUDESTE
01/06/2026;01/06/2026;013363;SAO JORGE AUTO ONIBU;014115;PAINEL DO MOTORISTA MONTADO - DM X200L - COM HJI21;013363;SAO JORGE AUTO ONIBU;SE-71;TROCA CABO;1;PNV;PONTE NOVA;SUDESTE
01/06/2026;01/06/2026;013363;SAO JORGE AUTO ONIBU;014115;PAINEL DO MOTORISTA MONTADO - DM X200L - COM HJI21;013363;SAO JORGE AUTO ONIBU;SE-73;TROCA CONECTOR;1;PNV;PONTE NOVA;SUDESTE
01/06/2026;01/06/2026;013363;SAO JORGE AUTO ONIBU;014115;PAINEL DO MOTORISTA MONTADO - DM X200L - COM HJI21;013363;SAO JORGE AUTO ONIBU;SE-84;TROCA DO DISPLAY;1;PNV;PONTE NOVA;SUDESTE
01/06/2026;01/06/2026;013363;SAO JORGE AUTO ONIBU;014950;FRONTAL VALIDADOR CCIT 4.0 COM MODULO HJI21;013363;SAO JORGE AUTO ONIBU;SE-04;ATUALIZACAO DA LISTA;3;PNV;PONTE NOVA;SUDESTE
01/06/2026;01/06/2026;013363;SAO JORGE AUTO ONIBU;014950;FRONTAL VALIDADOR CCIT 4.0 COM MODULO HJI21;013363;SAO JORGE AUTO ONIBU;SE-27;GRAVACAO DO BOOTLOADER;3;PNV;PONTE NOVA;SUDESTE
01/06/2026;01/06/2026;013363;SAO JORGE AUTO ONIBU;014950;FRONTAL VALIDADOR CCIT 4.0 COM MODULO HJI21;013363;SAO JORGE AUTO ONIBU;SE-55;RESTORE DO MODULO;3;PNV;PONTE NOVA;SUDESTE
01/06/2026;01/06/2026;013363;SAO JORGE AUTO ONIBU;014950;FRONTAL VALIDADOR CCIT 4.0 COM MODULO HJI21;013363;SAO JORGE AUTO ONIBU;SE-84;TROCA DO DISPLAY;1;PNV;PONTE NOVA;SUDESTE
01/06/2026;01/06/2026;013363;SAO JORGE AUTO ONIBU;014950;FRONTAL VALIDADOR CCIT 4.0 COM MODULO HJI21;013363;SAO JORGE AUTO ONIBU;SE-95;TROCA TOUCHSCREEN;2;PNV;PONTE NOVA;SUDESTE
01/06/2026;01/06/2026;013432;GV-BUS;010972;UNIDADE DE PROCESSAMENTO EXTERNA - UPEX V3000M - COM DVR  .;013432;GV-BUS;SE-22;FORMATACAO DO SD CARD;5;VIX;VITORIA;ESPIRITO SANTO
01/06/2026;01/06/2026;013432;GV-BUS;010972;UNIDADE DE PROCESSAMENTO EXTERNA - UPEX V3000M - COM DVR  .;013432;GV-BUS;SE-28;GRAVACAO DO PIC;1;VIX;VITORIA;ESPIRITO SANTO
01/06/2026;01/06/2026;013432;GV-BUS;010972;UNIDADE DE PROCESSAMENTO EXTERNA - UPEX V3000M - COM DVR  .;013432;GV-BUS;SE-47;RESSOLDA DA PLACA;1;VIX;VITORIA;ESPIRITO SANTO
01/06/2026;01/06/2026;013432;GV-BUS;010972;UNIDADE DE PROCESSAMENTO EXTERNA - UPEX V3000M - COM DVR  .;013432;GV-BUS;SE-81;TROCA DA PLACA;4;VIX;VITORIA;ESPIRITO SANTO
01/06/2026;01/06/2026;013432;GV-BUS;010972;UNIDADE DE PROCESSAMENTO EXTERNA - UPEX V3000M - COM DVR  .;013432;GV-BUS;SE-82;TROCA DO CARTAO;8;VIX;VITORIA;ESPIRITO SANTO
01/06/2026;01/06/2026;013432;GV-BUS;010972;UNIDADE DE PROCESSAMENTO EXTERNA - UPEX V3000M - COM DVR  .;013432;GV-BUS;SE-85;TROCA DE COMPONENTE;12;VIX;VITORIA;ESPIRITO SANTO
01/06/2026;01/06/2026;013432;GV-BUS;011878;PISTAO AMORTECEDOR TAMPA SUPERIOR - ATM TACOM;013432;GV-BUS;SE-13;EQUIPAMENTO SUBSTITUIDO;1;VIX;VITORIA;ESPIRITO SANTO
01/06/2026;01/06/2026;013432;GV-BUS;012212;MONITOR DELL;013432;GV-BUS;SE-69;TROCA EQUIPAMENTO;1;VIX;VITORIA;ESPIRITO SANTO
01/06/2026;01/06/2026;013432;GV-BUS;012811;FRONTAL VALIDADOR CCIT 4.0 COM MODULO H2-1.;013432;GV-BUS;;TELA QUEBRADA;0;VIX;VITORIA;ESPIRITO SANTO
01/06/2026;01/06/2026;013432;GV-BUS;012811;FRONTAL VALIDADOR CCIT 4.0 COM MODULO H2-1.;013432;GV-BUS;;TOUCHSCREEN NÃO ACEITA COMANDO;0;VIX;VITORIA;ESPIRITO SANTO
01/06/2026;01/06/2026;013432;GV-BUS;012811;FRONTAL VALIDADOR CCIT 4.0 COM MODULO H2-1.;013432;GV-BUS;SE-06;ATUALIZACAO DO FW;1;VIX;VITORIA;ESPIRITO SANTO
01/06/2026;01/06/2026;013432;GV-BUS;012811;FRONTAL VALIDADOR CCIT 4.0 COM MODULO H2-1.;013432;GV-BUS;SE-27;GRAVACAO DO BOOTLOADER;5;VIX;VITORIA;ESPIRITO SANTO
01/06/2026;01/06/2026;013432;GV-BUS;012811;FRONTAL VALIDADOR CCIT 4.0 COM MODULO H2-1.;013432;GV-BUS;SE-37;MODULO REAPROVEITADO;1;VIX;VITORIA;ESPIRITO SANTO
01/06/2026;01/06/2026;013432;GV-BUS;012811;FRONTAL VALIDADOR CCIT 4.0 COM MODULO H2-1.;013432;GV-BUS;SE-55;RESTORE DO MODULO;4;VIX;VITORIA;ESPIRITO SANTO
01/06/2026;01/06/2026;013432;GV-BUS;012811;FRONTAL VALIDADOR CCIT 4.0 COM MODULO H2-1.;013432;GV-BUS;SE-76;TROCA DA CARCACA INFERIOR;4;VIX;VITORIA;ESPIRITO SANTO
01/06/2026;01/06/2026;013432;GV-BUS;012811;FRONTAL VALIDADOR CCIT 4.0 COM MODULO H2-1.;013432;GV-BUS;SE-81;TROCA DA PLACA;17;VIX;VITORIA;ESPIRITO SANTO
01/06/2026;01/06/2026;013432;GV-BUS;012811;FRONTAL VALIDADOR CCIT 4.0 COM MODULO H2-1.;013432;GV-BUS;SE-84;TROCA DO DISPLAY;6;VIX;VITORIA;ESPIRITO SANTO
01/06/2026;01/06/2026;013432;GV-BUS;012811;FRONTAL VALIDADOR CCIT 4.0 COM MODULO H2-1.;013432;GV-BUS;SE-85;TROCA DE COMPONENTE;4;VIX;VITORIA;ESPIRITO SANTO
01/06/2026;01/06/2026;013432;GV-BUS;012811;FRONTAL VALIDADOR CCIT 4.0 COM MODULO H2-1.;013432;GV-BUS;SE-95;TROCA TOUCHSCREEN;11;VIX;VITORIA;ESPIRITO SANTO
01/06/2026;01/06/2026;013432;GV-BUS;012811;FRONTAL VALIDADOR CCIT 4.0 COM MODULO H2-1.;013432;GV-BUS;SE-99;ENVIADO PARA ANALISE;6;VIX;VITORIA;ESPIRITO SANTO
01/06/2026;01/06/2026;013432;GV-BUS;012812;BASE FIXA VALIDADOR CCIT 4.0 ENTRADA DE 12V     .;013432;GV-BUS;SE-42;RESSOLDA COMPONENTE;1;VIX;VITORIA;ESPIRITO SANTO
01/06/2026;01/06/2026;013432;GV-BUS;012850;FONTE CHAVEADA 100-240V - 50/60HZ SAIDA  5V 1A INGENICO;013432;GV-BUS;SE-11;DEFEITO NAO ENCONTRADO;11;VIX;VITORIA;ESPIRITO SANTO
01/06/2026;01/06/2026;013432;GV-BUS;012850;FONTE CHAVEADA 100-240V - 50/60HZ SAIDA  5V 1A INGENICO;013432;GV-BUS;SE-13;EQUIPAMENTO SUBSTITUIDO;11;VIX;VITORIA;ESPIRITO SANTO
01/06/2026;01/06/2026;013432;GV-BUS;013923;POS INGENICO MOVE 2500;013432;GV-BUS;;CONECTOR JACK P4 DANIFICADO;0;VIX;VITORIA;ESPIRITO SANTO
01/06/2026;01/06/2026;013432;GV-BUS;013923;POS INGENICO MOVE 2500;013432;GV-BUS;;EQUIPAMENTO QUEBRADO;0;VIX;VITORIA;ESPIRITO SANTO
01/06/2026;01/06/2026;013432;GV-BUS;013923;POS INGENICO MOVE 2500;013432;GV-BUS;;NÃO COMUNICA WI-FI;0;VIX;VITORIA;ESPIRITO SANTO
01/06/2026;01/06/2026;013432;GV-BUS;013923;POS INGENICO MOVE 2500;013432;GV-BUS;;NÃO IMPRIME;0;VIX;VITORIA;ESPIRITO SANTO
01/06/2026;01/06/2026;013432;GV-BUS;013923;POS INGENICO MOVE 2500;013432;GV-BUS;;NÃO LIGA;0;VIX;VITORIA;ESPIRITO SANTO
01/06/2026;01/06/2026;013432;GV-BUS;013923;POS INGENICO MOVE 2500;013432;GV-BUS;;TELA COM DEFEITO;0;VIX;VITORIA;ESPIRITO SANTO
01/06/2026;01/06/2026;013432;GV-BUS;013923;POS INGENICO MOVE 2500;013432;GV-BUS;SE-06;ATUALIZACAO DO FW;7;VIX;VITORIA;ESPIRITO SANTO
01/06/2026;01/06/2026;013432;GV-BUS;014235;FONTE FT-DMX200 MONTADA USB 180 GRAUS;013432;GV-BUS;SE-85;TROCA DE COMPONENTE;5;VIX;VITORIA;ESPIRITO SANTO
01/06/2026;01/06/2026;013432;GV-BUS;014950;FRONTAL VALIDADOR CCIT 4.0 COM MODULO HJI21;013432;GV-BUS;SE-12;EQUIPAMENTO SEM REPARO;1;VIX;VITORIA;ESPIRITO SANTO
01/06/2026;01/06/2026;013432;GV-BUS;014950;FRONTAL VALIDADOR CCIT 4.0 COM MODULO HJI21;013432;GV-BUS;SE-27;GRAVACAO DO BOOTLOADER;1;VIX;VITORIA;ESPIRITO SANTO
01/06/2026;01/06/2026;013432;GV-BUS;014950;FRONTAL VALIDADOR CCIT 4.0 COM MODULO HJI21;013432;GV-BUS;SE-42;RESSOLDA COMPONENTE;1;VIX;VITORIA;ESPIRITO SANTO
01/06/2026;01/06/2026;013432;GV-BUS;014950;FRONTAL VALIDADOR CCIT 4.0 COM MODULO HJI21;013432;GV-BUS;SE-55;RESTORE DO MODULO;1;VIX;VITORIA;ESPIRITO SANTO
01/06/2026;01/06/2026;013432;GV-BUS;014950;FRONTAL VALIDADOR CCIT 4.0 COM MODULO HJI21;013432;GV-BUS;SE-76;TROCA DA CARCACA INFERIOR;1;VIX;VITORIA;ESPIRITO SANTO
01/06/2026;01/06/2026;013432;GV-BUS;014950;FRONTAL VALIDADOR CCIT 4.0 COM MODULO HJI21;013432;GV-BUS;SE-78;TROCA DA CARCACA SUPERIOR;1;VIX;VITORIA;ESPIRITO SANTO
01/06/2026;01/06/2026;013432;GV-BUS;014950;FRONTAL VALIDADOR CCIT 4.0 COM MODULO HJI21;013432;GV-BUS;SE-81;TROCA DA PLACA;1;VIX;VITORIA;ESPIRITO SANTO
01/06/2026;01/06/2026;013432;GV-BUS;014950;FRONTAL VALIDADOR CCIT 4.0 COM MODULO HJI21;013432;GV-BUS;SE-84;TROCA DO DISPLAY;2;VIX;VITORIA;ESPIRITO SANTO
01/06/2026;01/06/2026;013432;GV-BUS;014950;FRONTAL VALIDADOR CCIT 4.0 COM MODULO HJI21;013432;GV-BUS;SE-85;TROCA DE COMPONENTE;3;VIX;VITORIA;ESPIRITO SANTO
01/06/2026;01/06/2026;013432;GV-BUS;014950;FRONTAL VALIDADOR CCIT 4.0 COM MODULO HJI21;013432;GV-BUS;SE-95;TROCA TOUCHSCREEN;4;VIX;VITORIA;ESPIRITO SANTO
01/06/2026;01/06/2026;013519;MOBI TRANSPORTE URBA;012806;BASE FIXA VALIDADOR CCIT 4.0 ENTRADA DE 24V;013519;MOBI TRANSPORTE URBA;SE-06;ATUALIZACAO DO FW;1;GOV;GOVERNADOR VALADARES;SUDESTE
01/06/2026;01/06/2026;013519;MOBI TRANSPORTE URBA;012806;BASE FIXA VALIDADOR CCIT 4.0 ENTRADA DE 24V;013519;MOBI TRANSPORTE URBA;SE-77;TROCA DA CARCACA INTERMEDIARIA;1;GOV;GOVERNADOR VALADARES;SUDESTE
01/06/2026;01/06/2026;013519;MOBI TRANSPORTE URBA;012811;FRONTAL VALIDADOR CCIT 4.0 COM MODULO H2-1.;013519;MOBI TRANSPORTE URBA;SE-04;ATUALIZACAO DA LISTA;5;GOV;GOVERNADOR VALADARES;SUDESTE
01/06/2026;01/06/2026;013519;MOBI TRANSPORTE URBA;012811;FRONTAL VALIDADOR CCIT 4.0 COM MODULO H2-1.;013519;MOBI TRANSPORTE URBA;SE-27;GRAVACAO DO BOOTLOADER;5;GOV;GOVERNADOR VALADARES;SUDESTE
01/06/2026;01/06/2026;013519;MOBI TRANSPORTE URBA;012811;FRONTAL VALIDADOR CCIT 4.0 COM MODULO H2-1.;013519;MOBI TRANSPORTE URBA;SE-55;RESTORE DO MODULO;5;GOV;GOVERNADOR VALADARES;SUDESTE
01/06/2026;01/06/2026;013519;MOBI TRANSPORTE URBA;012811;FRONTAL VALIDADOR CCIT 4.0 COM MODULO H2-1.;013519;MOBI TRANSPORTE URBA;SE-84;TROCA DO DISPLAY;1;GOV;GOVERNADOR VALADARES;SUDESTE
01/06/2026;01/06/2026;013519;MOBI TRANSPORTE URBA;012811;FRONTAL VALIDADOR CCIT 4.0 COM MODULO H2-1.;013519;MOBI TRANSPORTE URBA;SE-95;TROCA TOUCHSCREEN;1;GOV;GOVERNADOR VALADARES;SUDESTE
01/06/2026;01/06/2026;013519;MOBI TRANSPORTE URBA;013923;POS INGENICO MOVE 2500;013519;MOBI TRANSPORTE URBA;;TELA COM DEFEITO;0;GOV;GOVERNADOR VALADARES;SUDESTE
01/06/2026;01/06/2026;013519;MOBI TRANSPORTE URBA;014115;PAINEL DO MOTORISTA MONTADO - DM X200L - COM HJI21;013519;MOBI TRANSPORTE URBA;SE-06;ATUALIZACAO DO FW;4;GOV;GOVERNADOR VALADARES;SUDESTE
01/06/2026;01/06/2026;013519;MOBI TRANSPORTE URBA;014115;PAINEL DO MOTORISTA MONTADO - DM X200L - COM HJI21;013519;MOBI TRANSPORTE URBA;SE-32;LIMPEZA;2;GOV;GOVERNADOR VALADARES;SUDESTE
01/06/2026;01/06/2026;013519;MOBI TRANSPORTE URBA;014950;FRONTAL VALIDADOR CCIT 4.0 COM MODULO HJI21;013519;MOBI TRANSPORTE URBA;SE-04;ATUALIZACAO DA LISTA;1;GOV;GOVERNADOR VALADARES;SUDESTE
01/06/2026;01/06/2026;013519;MOBI TRANSPORTE URBA;014950;FRONTAL VALIDADOR CCIT 4.0 COM MODULO HJI21;013519;MOBI TRANSPORTE URBA;SE-27;GRAVACAO DO BOOTLOADER;1;GOV;GOVERNADOR VALADARES;SUDESTE
01/06/2026;01/06/2026;013519;MOBI TRANSPORTE URBA;014950;FRONTAL VALIDADOR CCIT 4.0 COM MODULO HJI21;013519;MOBI TRANSPORTE URBA;SE-55;RESTORE DO MODULO;1;GOV;GOVERNADOR VALADARES;SUDESTE
01/06/2026;01/06/2026;013519;MOBI TRANSPORTE URBA;014950;FRONTAL VALIDADOR CCIT 4.0 COM MODULO HJI21;013519;MOBI TRANSPORTE URBA;SE-84;TROCA DO DISPLAY;1;GOV;GOVERNADOR VALADARES;SUDESTE
01/06/2026;01/06/2026;014367;TAGUATUR  - ALI;012812;BASE FIXA VALIDADOR CCIT 4.0 ENTRADA DE 12V     .;014367;TAGUATUR  - ALI;SE-27;GRAVACAO DO BOOTLOADER;4;ALI;SANTO ANTONIO DO DESCOBERTO;BRASILIA
01/06/2026;01/06/2026;014367;TAGUATUR  - ALI;012812;BASE FIXA VALIDADOR CCIT 4.0 ENTRADA DE 12V     .;014367;TAGUATUR  - ALI;SE-36;MODIFICACAO CIRCUITO DE CATRAC;2;ALI;SANTO ANTONIO DO DESCOBERTO;BRASILIA
01/06/2026;01/06/2026;014367;TAGUATUR  - ALI;012812;BASE FIXA VALIDADOR CCIT 4.0 ENTRADA DE 12V     .;014367;TAGUATUR  - ALI;SE-85;TROCA DE COMPONENTE;1;ALI;SANTO ANTONIO DO DESCOBERTO;BRASILIA
01/06/2026;01/06/2026;014367;TAGUATUR  - ALI;014115;PAINEL DO MOTORISTA MONTADO - DM X200L - COM HJI21;014367;TAGUATUR  - ALI;SE-06;ATUALIZACAO DO FW;11;ALI;SANTO ANTONIO DO DESCOBERTO;BRASILIA
01/06/2026;01/06/2026;014367;TAGUATUR  - ALI;014235;FONTE FT-DMX200 MONTADA USB 180 GRAUS;014367;TAGUATUR  - ALI;SE-85;TROCA DE COMPONENTE;12;ALI;SANTO ANTONIO DO DESCOBERTO;BRASILIA
01/06/2026;01/06/2026;014367;TAGUATUR  - ALI;014950;FRONTAL VALIDADOR CCIT 4.0 COM MODULO HJI21;014367;TAGUATUR  - ALI;SE-27;GRAVACAO DO BOOTLOADER;1;ALI;SANTO ANTONIO DO DESCOBERTO;BRASILIA
01/06/2026;01/06/2026;014367;TAGUATUR  - ALI;014950;FRONTAL VALIDADOR CCIT 4.0 COM MODULO HJI21;014367;TAGUATUR  - ALI;SE-84;TROCA DO DISPLAY;1;ALI;SANTO ANTONIO DO DESCOBERTO;BRASILIA
01/06/2026;01/06/2026;014367;TAGUATUR  - ALI;014950;FRONTAL VALIDADOR CCIT 4.0 COM MODULO HJI21;014367;TAGUATUR  - ALI;SE-95;TROCA TOUCHSCREEN;2;ALI;SANTO ANTONIO DO DESCOBERTO;BRASILIA
01/06/2026;01/06/2026;014540;TRANCID-TRANSPORTE C;012806;BASE FIXA VALIDADOR CCIT 4.0 ENTRADA DE 24V;014540;TRANCID-TRANSPORTE C;SE-06;ATUALIZACAO DO FW;2;BHZ;BELO HORIZONTE;SUDESTE
01/06/2026;01/06/2026;014540;TRANCID-TRANSPORTE C;012806;BASE FIXA VALIDADOR CCIT 4.0 ENTRADA DE 24V;014540;TRANCID-TRANSPORTE C;SE-85;TROCA DE COMPONENTE;1;BHZ;BELO HORIZONTE;SUDESTE
01/06/2026;01/06/2026;014540;TRANCID-TRANSPORTE C;012811;FRONTAL VALIDADOR CCIT 4.0 COM MODULO H2-1.;014540;TRANCID-TRANSPORTE C;SE-04;ATUALIZACAO DA LISTA;4;BHZ;BELO HORIZONTE;SUDESTE
01/06/2026;01/06/2026;014540;TRANCID-TRANSPORTE C;012811;FRONTAL VALIDADOR CCIT 4.0 COM MODULO H2-1.;014540;TRANCID-TRANSPORTE C;SE-27;GRAVACAO DO BOOTLOADER;4;BHZ;BELO HORIZONTE;SUDESTE
01/06/2026;01/06/2026;014540;TRANCID-TRANSPORTE C;012811;FRONTAL VALIDADOR CCIT 4.0 COM MODULO H2-1.;014540;TRANCID-TRANSPORTE C;SE-55;RESTORE DO MODULO;4;BHZ;BELO HORIZONTE;SUDESTE
01/06/2026;01/06/2026;014540;TRANCID-TRANSPORTE C;012811;FRONTAL VALIDADOR CCIT 4.0 COM MODULO H2-1.;014540;TRANCID-TRANSPORTE C;SE-85;TROCA DE COMPONENTE;1;BHZ;BELO HORIZONTE;SUDESTE
01/06/2026;01/06/2026;014540;TRANCID-TRANSPORTE C;014115;PAINEL DO MOTORISTA MONTADO - DM X200L - COM HJI21;014540;TRANCID-TRANSPORTE C;SE-06;ATUALIZACAO DO FW;17;BHZ;BELO HORIZONTE;SUDESTE
01/06/2026;01/06/2026;014540;TRANCID-TRANSPORTE C;014115;PAINEL DO MOTORISTA MONTADO - DM X200L - COM HJI21;014540;TRANCID-TRANSPORTE C;SE-09;COLAGEM DA TELA;1;BHZ;BELO HORIZONTE;SUDESTE
01/06/2026;01/06/2026;014540;TRANCID-TRANSPORTE C;014115;PAINEL DO MOTORISTA MONTADO - DM X200L - COM HJI21;014540;TRANCID-TRANSPORTE C;SE-32;LIMPEZA;4;BHZ;BELO HORIZONTE;SUDESTE
01/06/2026;01/06/2026;014540;TRANCID-TRANSPORTE C;014115;PAINEL DO MOTORISTA MONTADO - DM X200L - COM HJI21;014540;TRANCID-TRANSPORTE C;SE-71;TROCA CABO;1;BHZ;BELO HORIZONTE;SUDESTE
01/06/2026;01/06/2026;014540;TRANCID-TRANSPORTE C;014115;PAINEL DO MOTORISTA MONTADO - DM X200L - COM HJI21;014540;TRANCID-TRANSPORTE C;SE-73;TROCA CONECTOR;1;BHZ;BELO HORIZONTE;SUDESTE
01/06/2026;01/06/2026;014540;TRANCID-TRANSPORTE C;014115;PAINEL DO MOTORISTA MONTADO - DM X200L - COM HJI21;014540;TRANCID-TRANSPORTE C;SE-84;TROCA DO DISPLAY;1;BHZ;BELO HORIZONTE;SUDESTE
01/06/2026;01/06/2026;014540;TRANCID-TRANSPORTE C;014235;FONTE FT-DMX200 MONTADA USB 180 GRAUS;014540;TRANCID-TRANSPORTE C;SE-85;TROCA DE COMPONENTE;4;BHZ;BELO HORIZONTE;SUDESTE
01/06/2026;01/06/2026;014558;TRANSPRATUR TRANSPOR;012811;FRONTAL VALIDADOR CCIT 4.0 COM MODULO H2-1.;014558;TRANSPRATUR TRANSPOR;SE-04;ATUALIZACAO DA LISTA;2;BHZ;BELO HORIZONTE;SUDESTE
01/06/2026;01/06/2026;014558;TRANSPRATUR TRANSPOR;012811;FRONTAL VALIDADOR CCIT 4.0 COM MODULO H2-1.;014558;TRANSPRATUR TRANSPOR;SE-27;GRAVACAO DO BOOTLOADER;2;BHZ;BELO HORIZONTE;SUDESTE
01/06/2026;01/06/2026;014558;TRANSPRATUR TRANSPOR;012811;FRONTAL VALIDADOR CCIT 4.0 COM MODULO H2-1.;014558;TRANSPRATUR TRANSPOR;SE-55;RESTORE DO MODULO;2;BHZ;BELO HORIZONTE;SUDESTE
01/06/2026;01/06/2026;014558;TRANSPRATUR TRANSPOR;012811;FRONTAL VALIDADOR CCIT 4.0 COM MODULO H2-1.;014558;TRANSPRATUR TRANSPOR;SE-84;TROCA DO DISPLAY;1;BHZ;BELO HORIZONTE;SUDESTE
01/06/2026;01/06/2026;014558;TRANSPRATUR TRANSPOR;012811;FRONTAL VALIDADOR CCIT 4.0 COM MODULO H2-1.;014558;TRANSPRATUR TRANSPOR;SE-95;TROCA TOUCHSCREEN;1;BHZ;BELO HORIZONTE;SUDESTE
01/06/2026;01/06/2026;014831;TURIN CONGONHAS;012811;FRONTAL VALIDADOR CCIT 4.0 COM MODULO H2-1.;014831;TURIN CONGONHAS;SE-04;ATUALIZACAO DA LISTA;1;CGN;CONGONHAS;SUDESTE
01/06/2026;01/06/2026;014831;TURIN CONGONHAS;012811;FRONTAL VALIDADOR CCIT 4.0 COM MODULO H2-1.;014831;TURIN CONGONHAS;SE-27;GRAVACAO DO BOOTLOADER;1;CGN;CONGONHAS;SUDESTE
01/06/2026;01/06/2026;014831;TURIN CONGONHAS;012811;FRONTAL VALIDADOR CCIT 4.0 COM MODULO H2-1.;014831;TURIN CONGONHAS;SE-55;RESTORE DO MODULO;1;CGN;CONGONHAS;SUDESTE
01/06/2026;01/06/2026;015621;BH LESTE TRANSPORTES;009509;ARK-VH200A-D5A1E - INTEL ATOM D510 1.66 GHZ FANLESS COMPACT EMBEDDED;015621;BH LESTE TRANSPORTES;SE-06;ATUALIZACAO DO FW;21;BHZ;BELO HORIZONTE;SUDESTE
01/06/2026;01/06/2026;015621;BH LESTE TRANSPORTES;009509;ARK-VH200A-D5A1E - INTEL ATOM D510 1.66 GHZ FANLESS COMPACT EMBEDDED;015621;BH LESTE TRANSPORTES;SE-07;ATUALIZACAO DO SW;4;BHZ;BELO HORIZONTE;SUDESTE
01/06/2026;01/06/2026;015621;BH LESTE TRANSPORTES;009509;ARK-VH200A-D5A1E - INTEL ATOM D510 1.66 GHZ FANLESS COMPACT EMBEDDED;015621;BH LESTE TRANSPORTES;SE-32;LIMPEZA;4;BHZ;BELO HORIZONTE;SUDESTE
01/06/2026;01/06/2026;015621;BH LESTE TRANSPORTES;009509;ARK-VH200A-D5A1E - INTEL ATOM D510 1.66 GHZ FANLESS COMPACT EMBEDDED;015621;BH LESTE TRANSPORTES;SE-47;RESSOLDA DA PLACA;19;BHZ;BELO HORIZONTE;SUDESTE
01/06/2026;01/06/2026;015621;BH LESTE TRANSPORTES;009509;ARK-VH200A-D5A1E - INTEL ATOM D510 1.66 GHZ FANLESS COMPACT EMBEDDED;015621;BH LESTE TRANSPORTES;SE-63;TESTE GPRS OK;25;BHZ;BELO HORIZONTE;SUDESTE
01/06/2026;01/06/2026;015621;BH LESTE TRANSPORTES;009509;ARK-VH200A-D5A1E - INTEL ATOM D510 1.66 GHZ FANLESS COMPACT EMBEDDED;015621;BH LESTE TRANSPORTES;SE-64;TESTE GPS OK;26;BHZ;BELO HORIZONTE;SUDESTE
01/06/2026;01/06/2026;015621;BH LESTE TRANSPORTES;009509;ARK-VH200A-D5A1E - INTEL ATOM D510 1.66 GHZ FANLESS COMPACT EMBEDDED;015621;BH LESTE TRANSPORTES;SE-68;TROCA  CI;1;BHZ;BELO HORIZONTE;SUDESTE
01/06/2026;01/06/2026;015621;BH LESTE TRANSPORTES;009509;ARK-VH200A-D5A1E - INTEL ATOM D510 1.66 GHZ FANLESS COMPACT EMBEDDED;015621;BH LESTE TRANSPORTES;SE-71;TROCA CABO;1;BHZ;BELO HORIZONTE;SUDESTE
01/06/2026;01/06/2026;015621;BH LESTE TRANSPORTES;009509;ARK-VH200A-D5A1E - INTEL ATOM D510 1.66 GHZ FANLESS COMPACT EMBEDDED;015621;BH LESTE TRANSPORTES;SE-73;TROCA CONECTOR;1;BHZ;BELO HORIZONTE;SUDESTE
01/06/2026;01/06/2026;015621;BH LESTE TRANSPORTES;009509;ARK-VH200A-D5A1E - INTEL ATOM D510 1.66 GHZ FANLESS COMPACT EMBEDDED;015621;BH LESTE TRANSPORTES;SE-81;TROCA DA PLACA;1;BHZ;BELO HORIZONTE;SUDESTE
01/06/2026;01/06/2026;015621;BH LESTE TRANSPORTES;009509;ARK-VH200A-D5A1E - INTEL ATOM D510 1.66 GHZ FANLESS COMPACT EMBEDDED;015621;BH LESTE TRANSPORTES;SE-91;TROCA DO REGULADOR;2;BHZ;BELO HORIZONTE;SUDESTE
01/06/2026;01/06/2026;015621;BH LESTE TRANSPORTES;012806;BASE FIXA VALIDADOR CCIT 4.0 ENTRADA DE 24V;015621;BH LESTE TRANSPORTES;SE-100;TESTE CATRACA;1;BHZ;BELO HORIZONTE;SUDESTE
01/06/2026;01/06/2026;015621;BH LESTE TRANSPORTES;012806;BASE FIXA VALIDADOR CCIT 4.0 ENTRADA DE 24V;015621;BH LESTE TRANSPORTES;SE-32;LIMPEZA;1;BHZ;BELO HORIZONTE;SUDESTE
01/06/2026;01/06/2026;015621;BH LESTE TRANSPORTES;012806;BASE FIXA VALIDADOR CCIT 4.0 ENTRADA DE 24V;015621;BH LESTE TRANSPORTES;SE-85;TROCA DE COMPONENTE;2;BHZ;BELO HORIZONTE;SUDESTE
01/06/2026;01/06/2026;015621;BH LESTE TRANSPORTES;012806;BASE FIXA VALIDADOR CCIT 4.0 ENTRADA DE 24V;015621;BH LESTE TRANSPORTES;SE-98;GRAVACAO FW;1;BHZ;BELO HORIZONTE;SUDESTE
01/06/2026;01/06/2026;015621;BH LESTE TRANSPORTES;012811;FRONTAL VALIDADOR CCIT 4.0 COM MODULO H2-1.;015621;BH LESTE TRANSPORTES;SE-04;ATUALIZACAO DA LISTA;3;BHZ;BELO HORIZONTE;SUDESTE
01/06/2026;01/06/2026;015621;BH LESTE TRANSPORTES;012811;FRONTAL VALIDADOR CCIT 4.0 COM MODULO H2-1.;015621;BH LESTE TRANSPORTES;SE-05;ATUALIZACAO DATA / HORA;2;BHZ;BELO HORIZONTE;SUDESTE
01/06/2026;01/06/2026;015621;BH LESTE TRANSPORTES;012811;FRONTAL VALIDADOR CCIT 4.0 COM MODULO H2-1.;015621;BH LESTE TRANSPORTES;SE-32;LIMPEZA;1;BHZ;BELO HORIZONTE;SUDESTE
01/06/2026;01/06/2026;015621;BH LESTE TRANSPORTES;012811;FRONTAL VALIDADOR CCIT 4.0 COM MODULO H2-1.;015621;BH LESTE TRANSPORTES;SE-55;RESTORE DO MODULO;3;BHZ;BELO HORIZONTE;SUDESTE
01/06/2026;01/06/2026;015621;BH LESTE TRANSPORTES;012811;FRONTAL VALIDADOR CCIT 4.0 COM MODULO H2-1.;015621;BH LESTE TRANSPORTES;SE-76;TROCA DA CARCACA INFERIOR;1;BHZ;BELO HORIZONTE;SUDESTE
01/06/2026;01/06/2026;015621;BH LESTE TRANSPORTES;012811;FRONTAL VALIDADOR CCIT 4.0 COM MODULO H2-1.;015621;BH LESTE TRANSPORTES;SE-95;TROCA TOUCHSCREEN;1;BHZ;BELO HORIZONTE;SUDESTE
01/06/2026;01/06/2026;015621;BH LESTE TRANSPORTES;012811;FRONTAL VALIDADOR CCIT 4.0 COM MODULO H2-1.;015621;BH LESTE TRANSPORTES;SE-98;GRAVACAO FW;3;BHZ;BELO HORIZONTE;SUDESTE
01/06/2026;01/06/2026;015621;BH LESTE TRANSPORTES;014950;FRONTAL VALIDADOR CCIT 4.0 COM MODULO HJI21;015621;BH LESTE TRANSPORTES;SE-04;ATUALIZACAO DA LISTA;2;BHZ;BELO HORIZONTE;SUDESTE
01/06/2026;01/06/2026;015621;BH LESTE TRANSPORTES;014950;FRONTAL VALIDADOR CCIT 4.0 COM MODULO HJI21;015621;BH LESTE TRANSPORTES;SE-05;ATUALIZACAO DATA / HORA;2;BHZ;BELO HORIZONTE;SUDESTE
01/06/2026;01/06/2026;015621;BH LESTE TRANSPORTES;014950;FRONTAL VALIDADOR CCIT 4.0 COM MODULO HJI21;015621;BH LESTE TRANSPORTES;SE-06;ATUALIZACAO DO FW;1;BHZ;BELO HORIZONTE;SUDESTE
01/06/2026;01/06/2026;015621;BH LESTE TRANSPORTES;014950;FRONTAL VALIDADOR CCIT 4.0 COM MODULO HJI21;015621;BH LESTE TRANSPORTES;SE-100;TESTE CATRACA;1;BHZ;BELO HORIZONTE;SUDESTE
01/06/2026;01/06/2026;015621;BH LESTE TRANSPORTES;014950;FRONTAL VALIDADOR CCIT 4.0 COM MODULO HJI21;015621;BH LESTE TRANSPORTES;SE-55;RESTORE DO MODULO;2;BHZ;BELO HORIZONTE;SUDESTE
01/06/2026;01/06/2026;015621;BH LESTE TRANSPORTES;014950;FRONTAL VALIDADOR CCIT 4.0 COM MODULO HJI21;015621;BH LESTE TRANSPORTES;SE-95;TROCA TOUCHSCREEN;2;BHZ;BELO HORIZONTE;SUDESTE
01/06/2026;01/06/2026;015621;BH LESTE TRANSPORTES;014950;FRONTAL VALIDADOR CCIT 4.0 COM MODULO HJI21;015621;BH LESTE TRANSPORTES;SE-98;GRAVACAO FW;1;BHZ;BELO HORIZONTE;SUDESTE
01/06/2026;01/06/2026;015621;BH LESTE TRANSPORTES;021353;PAINEL DE MOTORISTA DM X500L H5                .;015621;BH LESTE TRANSPORTES;SE-06;ATUALIZACAO DO FW;18;BHZ;BELO HORIZONTE;SUDESTE
01/06/2026;01/06/2026;015621;BH LESTE TRANSPORTES;021353;PAINEL DE MOTORISTA DM X500L H5                .;015621;BH LESTE TRANSPORTES;SE-32;LIMPEZA;5;BHZ;BELO HORIZONTE;SUDESTE
01/06/2026;01/06/2026;015621;BH LESTE TRANSPORTES;021353;PAINEL DE MOTORISTA DM X500L H5                .;015621;BH LESTE TRANSPORTES;SE-43;RESSOLDA ANTENA;2;BHZ;BELO HORIZONTE;SUDESTE
01/06/2026;01/06/2026;015626;VIACAO VALE DO MUCUR;012806;BASE FIXA VALIDADOR CCIT 4.0 ENTRADA DE 24V;015626;VIACAO VALE DO MUCUR;SE-06;ATUALIZACAO DO FW;3;TFL;TEOFILO OTONI;SUDESTE
01/06/2026;01/06/2026;015626;VIACAO VALE DO MUCUR;012806;BASE FIXA VALIDADOR CCIT 4.0 ENTRADA DE 24V;015626;VIACAO VALE DO MUCUR;SE-47;RESSOLDA DA PLACA;1;TFL;TEOFILO OTONI;SUDESTE
01/06/2026;01/06/2026;015626;VIACAO VALE DO MUCUR;012806;BASE FIXA VALIDADOR CCIT 4.0 ENTRADA DE 24V;015626;VIACAO VALE DO MUCUR;SE-73;TROCA CONECTOR;2;TFL;TEOFILO OTONI;SUDESTE
01/06/2026;01/06/2026;015626;VIACAO VALE DO MUCUR;014115;PAINEL DO MOTORISTA MONTADO - DM X200L - COM HJI21;015626;VIACAO VALE DO MUCUR;SE-06;ATUALIZACAO DO FW;6;TFL;TEOFILO OTONI;SUDESTE
01/06/2026;01/06/2026;015626;VIACAO VALE DO MUCUR;014950;FRONTAL VALIDADOR CCIT 4.0 COM MODULO HJI21;015626;VIACAO VALE DO MUCUR;SE-04;ATUALIZACAO DA LISTA;2;TFL;TEOFILO OTONI;SUDESTE
01/06/2026;01/06/2026;015626;VIACAO VALE DO MUCUR;014950;FRONTAL VALIDADOR CCIT 4.0 COM MODULO HJI21;015626;VIACAO VALE DO MUCUR;SE-27;GRAVACAO DO BOOTLOADER;2;TFL;TEOFILO OTONI;SUDESTE
01/06/2026;01/06/2026;015626;VIACAO VALE DO MUCUR;014950;FRONTAL VALIDADOR CCIT 4.0 COM MODULO HJI21;015626;VIACAO VALE DO MUCUR;SE-55;RESTORE DO MODULO;2;TFL;TEOFILO OTONI;SUDESTE
01/06/2026;01/06/2026;015626;VIACAO VALE DO MUCUR;014950;FRONTAL VALIDADOR CCIT 4.0 COM MODULO HJI21;015626;VIACAO VALE DO MUCUR;SE-85;TROCA DE COMPONENTE;1;TFL;TEOFILO OTONI;SUDESTE
01/06/2026;01/06/2026;015986;VIACAO PRESIDENTE LT;014115;PAINEL DO MOTORISTA MONTADO - DM X200L - COM HJI21;015986;VIACAO PRESIDENTE LT;SE-00;MAO DE OBRA;2;JDR;SAO JOAO DEU REY;SUDESTE
01/06/2026;01/06/2026;015986;VIACAO PRESIDENTE LT;014115;PAINEL DO MOTORISTA MONTADO - DM X200L - COM HJI21;015986;VIACAO PRESIDENTE LT;SE-06;ATUALIZACAO DO FW;2;JDR;SAO JOAO DEU REY;SUDESTE
01/06/2026;01/06/2026;015986;VIACAO PRESIDENTE LT;014115;PAINEL DO MOTORISTA MONTADO - DM X200L - COM HJI21;015986;VIACAO PRESIDENTE LT;SE-32;LIMPEZA;2;JDR;SAO JOAO DEU REY;SUDESTE
01/06/2026;01/06/2026;015986;VIACAO PRESIDENTE LT;014115;PAINEL DO MOTORISTA MONTADO - DM X200L - COM HJI21;015986;VIACAO PRESIDENTE LT;SE-96;TROCA DE VIDRO;2;JDR;SAO JOAO DEU REY;SUDESTE
01/06/2026;01/06/2026;016450;TRANSA TRANSPORTES;012806;BASE FIXA VALIDADOR CCIT 4.0 ENTRADA DE 24V;016450;TRANSA TRANSPORTES;SE-100;TESTE CATRACA;3;TRR;TRANSA TRANSPORTES;SUDESTE
01/06/2026;01/06/2026;016450;TRANSA TRANSPORTES;012806;BASE FIXA VALIDADOR CCIT 4.0 ENTRADA DE 24V;016450;TRANSA TRANSPORTES;SE-14;FIXACAO CABO;1;TRR;TRANSA TRANSPORTES;SUDESTE
01/06/2026;01/06/2026;016450;TRANSA TRANSPORTES;012806;BASE FIXA VALIDADOR CCIT 4.0 ENTRADA DE 24V;016450;TRANSA TRANSPORTES;SE-32;LIMPEZA;3;TRR;TRANSA TRANSPORTES;SUDESTE
01/06/2026;01/06/2026;016450;TRANSA TRANSPORTES;012806;BASE FIXA VALIDADOR CCIT 4.0 ENTRADA DE 24V;016450;TRANSA TRANSPORTES;SE-42;RESSOLDA COMPONENTE;1;TRR;TRANSA TRANSPORTES;SUDESTE
01/06/2026;01/06/2026;016450;TRANSA TRANSPORTES;012806;BASE FIXA VALIDADOR CCIT 4.0 ENTRADA DE 24V;016450;TRANSA TRANSPORTES;SE-85;TROCA DE COMPONENTE;1;TRR;TRANSA TRANSPORTES;SUDESTE
01/06/2026;01/06/2026;016450;TRANSA TRANSPORTES;012806;BASE FIXA VALIDADOR CCIT 4.0 ENTRADA DE 24V;016450;TRANSA TRANSPORTES;SE-98;GRAVACAO FW;3;TRR;TRANSA TRANSPORTES;SUDESTE
01/06/2026;01/06/2026;016450;TRANSA TRANSPORTES;018768;CCIT5.0 COM MODULO H5;016450;TRANSA TRANSPORTES;SE-04;ATUALIZACAO DA LISTA;3;TRR;TRANSA TRANSPORTES;SUDESTE
01/06/2026;01/06/2026;016450;TRANSA TRANSPORTES;018768;CCIT5.0 COM MODULO H5;016450;TRANSA TRANSPORTES;SE-05;ATUALIZACAO DATA / HORA;3;TRR;TRANSA TRANSPORTES;SUDESTE
01/06/2026;01/06/2026;016450;TRANSA TRANSPORTES;018768;CCIT5.0 COM MODULO H5;016450;TRANSA TRANSPORTES;SE-06;ATUALIZACAO DO FW;3;TRR;TRANSA TRANSPORTES;SUDESTE
01/06/2026;01/06/2026;016450;TRANSA TRANSPORTES;018768;CCIT5.0 COM MODULO H5;016450;TRANSA TRANSPORTES;SE-100;TESTE CATRACA;3;TRR;TRANSA TRANSPORTES;SUDESTE
01/06/2026;01/06/2026;016450;TRANSA TRANSPORTES;018768;CCIT5.0 COM MODULO H5;016450;TRANSA TRANSPORTES;SE-55;RESTORE DO MODULO;3;TRR;TRANSA TRANSPORTES;SUDESTE
